 FEAP *** inflated fiber reinforced soft ring - circum. b.c. top surf. linked in

     Solution date: Wed Aug 12 14:21:09 2026

              Release 8.7.1b      
              03 July 2026        

     Input Data Filename: IsweepR                                                                                                                         

     Number of Nodal Points  - - - - - - :      447
     Number of Elements  - - - - - - - - :      264

     Spatial Dimension of Mesh - - - - - :        3
     Degrees-of-Freedom/Node (Maximum) - :        3
     Equations/Element       (Maximum) - :        0
     Number Element Nodes    (Maximum) - :        8

     Number of Material Sets - - - - - - :        3
     Number Parameters/Set   (Program) - :      350
     Number Parameters/Set   (Users  ) - :      150

     Number Added Element Equations  - - :        0

  C o n s t a n t    V a l u e s

     Constant pi =  3.14159265E+00
     Constant pr =  1.00000000E+05
     Constant ri =  1.00000000E-02
     Constant ro =  1.50000000E-02
     Constant ht =  5.00000000E-03
     Constant nl =  6.00000000E+00
     Constant lt =  8.33333333E-04
     Constant to =  1.00000000E-04
     Constant em =  1.00000000E+06
     Constant nu =  4.20000000E-01
     Constant rh =  1.06000000E+03
     Constant dt =  1.00000000E-01
     Constant ta =  1.00000000E+00
     Constant ln =  5.00000000E+01
     Constant la =  3.00000000E+00
     Constant rs =  5.00000000E-04

 FEAP *** inflated fiber reinforced soft ring - circum. b.c. top surf. linked i

   M a t e r i a l    P r o p e r t i e s

     Material Set Number   1: Element Type: SOLID:                           
     Degree of Freedom Assignments    Local    Global
                                     Number    Number
                                        1         1
                                        2         2
                                        3         3

     T h r e e   D i m e n s i o n a l   S o l i d   E l e m e n t

     M e c h a n i c a l   P r o p e r t i e s

     NeoHookean Stored Energy Function 

          3-Dimensional Analysis

          Modulus E        1.00000E+06
          Poisson ratio    0.42000
          Bulk Modulus     2.08333E+06
          Shear Modulus    3.52113E+05

          Volume Model     2
               1: U(J) = 0.25*(J**2 - 1 - 2 * ln J)
               2: U(J) = 0.50*(J - 1)**2
               3: U(J) = 0.50*(ln J)**2
               4: U(J) = 2.00*(J - 1 - ln J)
               5: None: Incompressible

          Density          1.06000E+03

          1-Gravity Load   0.00000E+00
          2-Gravity Load   0.00000E+00
          3-Gravity Load   0.00000E+00
          Wave speed - c_o 4.90746E+01
          Implicit time integration: theta =:, 0.00000

     C o n s t i t u t i v e    S t a r t

          Start state  : Elastic

     E l e m e n t    M o d e l

          Formulation  : Finite Deformation Mixed       
          Element type : Mixed
          Plot Output  : On
          Augmenting   : Off
          Interpolation: Lagrangian Polynomials
          Mass type    : Consistent.
          History terms/pt  =     0

 FEAP *** inflated fiber reinforced soft ring - circum. b.c. top surf. linked i

   M a t e r i a l    P r o p e r t i e s

     Material Set Number   2: Element Type: PRESs:                           
     Degree of Freedom Assignments    Local    Global
                                     Number    Number
                                        1         1
                                        2         2
                                        3         3

     P r e s s u r e   L o a d i n g

          Loading Intensity      1.0000E+05
          Proportional Load No.           1
          Gradient Intensity     0.0000E+00
          Proportional Load No.           0
          Follower Loading
          Three dimensional analysis
          Gauss quadrature
          Surface plot on 

 FEAP *** inflated fiber reinforced soft ring - circum. b.c. top surf. linked i

   M a t e r i a l    P r o p e r t i e s

     Material Set Number   3: Element Type: TRUSS:                           
     Degree of Freedom Assignments    Local    Global
                                     Number    Number
                                        1         1
                                        2         2
                                        3         3

         T r u s s    E l e m e n t

     M e c h a n i c a l   P r o p e r t i e s

          Truss & Frame Analysis

          Modulus E        2.10000E+11
          Poisson ratio    0.30000

          Density          0.00000E+00

          1-Gravity Load   0.00000E+00
          2-Gravity Load   0.00000E+00
          3-Gravity Load   0.00000E+00

     C r o s s   S e c t i o n   P a r a m e t e r s

          Area          7.85398E-07

     C o n s t i t u t i v e    S t a r t

          Start state  : Elastic

     E l e m e n t    M o d e l

          Formulation  : Small Deformation.
          Plot Output  : On
          Interpolation: Lagrangian Polynomials
          History terms/pt  =     0

     W a r n i n g s   &   E r r o r s
          Material density is zero.

 FEAP *** inflated fiber reinforced soft ring - circum. b.c. top surf. linked in 

   3-D   M e s h   f r o m   2-D   M e s h

           2-d File Name: IsectR.rev     

  C o n s t a n t    V a l u e s

     Constant pr =  1.00000000E+10
     Constant ri =  1.00000000E-02
     Constant ro =  1.50000000E-02
     Constant ht =  5.00000000E-03
     Constant em =  1.00000000E+06
     Constant nu =  4.20000000E-01
     Constant rh =  1.06000000E+03

           Spline Definition for 3-d mesh

            Cylindrical sweep
           Generate   24 segments

           Rotate on   4 axis

           Center at:  0.0000E+00  0.0000E+00  0.0000E+00

           Node     1-Coord     2-Coord     3-Coord
              1  0.0000E+00  0.0000E+00  0.0000E+00
              2 -3.6000E+02  0.0000E+00  0.0000E+00

 FEAP *** inflated fiber reinforced soft ring - circum. b.c. top surf. linked in 

   N o d a l   C o o r d i n a t e s

      Node     1-Coord     2-Coord     3-Coord
         1  1.0000E-02  0.0000E+00  1.0000E-03
         2  1.0833E-02  0.0000E+00  1.0000E-03
         3  1.1667E-02  0.0000E+00  1.0000E-03
         4  1.2500E-02  0.0000E+00  1.0000E-03
         5  1.3333E-02  0.0000E+00  1.0000E-03
         6  1.4167E-02  0.0000E+00  1.0000E-03
         7  1.5000E-02  0.0000E+00  1.0000E-03
         8  1.0000E-02  0.0000E+00  0.0000E+00
         9  1.0833E-02  0.0000E+00  0.0000E+00
        10  1.1667E-02  0.0000E+00  0.0000E+00
        11  1.2500E-02  0.0000E+00  0.0000E+00
        12  1.3333E-02  0.0000E+00  0.0000E+00
        13  1.4167E-02  0.0000E+00  0.0000E+00
        14  1.5000E-02  0.0000E+00  0.0000E+00
        15  9.6593E-03 -2.5882E-03  1.0000E-03
        16  1.0464E-02 -2.8039E-03  1.0000E-03
        17  1.1269E-02 -3.0196E-03  1.0000E-03
        18  1.2074E-02 -3.2352E-03  1.0000E-03
        19  1.2879E-02 -3.4509E-03  1.0000E-03
        20  1.3684E-02 -3.6666E-03  1.0000E-03
        21  1.4489E-02 -3.8823E-03  1.0000E-03
        22  9.6593E-03 -2.5882E-03  0.0000E+00
        23  1.0464E-02 -2.8039E-03  0.0000E+00
        24  1.1269E-02 -3.0196E-03  0.0000E+00
        25  1.2074E-02 -3.2352E-03  0.0000E+00
        26  1.2879E-02 -3.4509E-03  0.0000E+00
        27  1.3684E-02 -3.6666E-03  0.0000E+00
        28  1.4489E-02 -3.8823E-03  0.0000E+00
        29  8.6603E-03 -5.0000E-03  1.0000E-03
        30  9.3819E-03 -5.4167E-03  1.0000E-03
        31  1.0104E-02 -5.8333E-03  1.0000E-03
        32  1.0825E-02 -6.2500E-03  1.0000E-03
        33  1.1547E-02 -6.6667E-03  1.0000E-03
        34  1.2269E-02 -7.0833E-03  1.0000E-03
        35  1.2990E-02 -7.5000E-03  1.0000E-03
        36  8.6603E-03 -5.0000E-03  0.0000E+00
        37  9.3819E-03 -5.4167E-03  0.0000E+00
        38  1.0104E-02 -5.8333E-03  0.0000E+00
        39  1.0825E-02 -6.2500E-03  0.0000E+00
        40  1.1547E-02 -6.6667E-03  0.0000E+00
        41  1.2269E-02 -7.0833E-03  0.0000E+00
        42  1.2990E-02 -7.5000E-03  0.0000E+00
        43  7.0711E-03 -7.0711E-03  1.0000E-03
        44  7.6603E-03 -7.6603E-03  1.0000E-03
        45  8.2496E-03 -8.2496E-03  1.0000E-03
        46  8.8388E-03 -8.8388E-03  1.0000E-03
        47  9.4281E-03 -9.4281E-03  1.0000E-03
        48  1.0017E-02 -1.0017E-02  1.0000E-03
        49  1.0607E-02 -1.0607E-02  1.0000E-03
        50  7.0711E-03 -7.0711E-03  0.0000E+00
        51  7.6603E-03 -7.6603E-03  0.0000E+00
        52  8.2496E-03 -8.2496E-03  0.0000E+00
        53  8.8388E-03 -8.8388E-03  0.0000E+00
        54  9.4281E-03 -9.4281E-03  0.0000E+00
        55  1.0017E-02 -1.0017E-02  0.0000E+00
        56  1.0607E-02 -1.0607E-02  0.0000E+00
        57  5.0000E-03 -8.6603E-03  1.0000E-03
        58  5.4167E-03 -9.3819E-03  1.0000E-03
        59  5.8333E-03 -1.0104E-02  1.0000E-03
        60  6.2500E-03 -1.0825E-02  1.0000E-03
        61  6.6667E-03 -1.1547E-02  1.0000E-03
        62  7.0833E-03 -1.2269E-02  1.0000E-03
        63  7.5000E-03 -1.2990E-02  1.0000E-03
        64  5.0000E-03 -8.6603E-03  0.0000E+00
        65  5.4167E-03 -9.3819E-03  0.0000E+00
        66  5.8333E-03 -1.0104E-02  0.0000E+00
        67  6.2500E-03 -1.0825E-02  0.0000E+00
        68  6.6667E-03 -1.1547E-02  0.0000E+00
        69  7.0833E-03 -1.2269E-02  0.0000E+00
        70  7.5000E-03 -1.2990E-02  0.0000E+00
        71  2.5882E-03 -9.6593E-03  1.0000E-03
        72  2.8039E-03 -1.0464E-02  1.0000E-03
        73  3.0196E-03 -1.1269E-02  1.0000E-03
        74  3.2352E-03 -1.2074E-02  1.0000E-03
        75  3.4509E-03 -1.2879E-02  1.0000E-03
        76  3.6666E-03 -1.3684E-02  1.0000E-03
        77  3.8823E-03 -1.4489E-02  1.0000E-03
        78  2.5882E-03 -9.6593E-03  0.0000E+00
        79  2.8039E-03 -1.0464E-02  0.0000E+00
        80  3.0196E-03 -1.1269E-02  0.0000E+00
        81  3.2352E-03 -1.2074E-02  0.0000E+00
        82  3.4509E-03 -1.2879E-02  0.0000E+00
        83  3.6666E-03 -1.3684E-02  0.0000E+00
        84  3.8823E-03 -1.4489E-02  0.0000E+00
        85  6.1232E-19 -1.0000E-02  1.0000E-03
        86  6.6335E-19 -1.0833E-02  1.0000E-03
        87  7.1438E-19 -1.1667E-02  1.0000E-03
        88  7.6540E-19 -1.2500E-02  1.0000E-03
        89  8.1643E-19 -1.3333E-02  1.0000E-03
        90  8.6746E-19 -1.4167E-02  1.0000E-03
        91  9.1849E-19 -1.5000E-02  1.0000E-03
        92  6.1232E-19 -1.0000E-02  0.0000E+00
        93  6.6335E-19 -1.0833E-02  0.0000E+00
        94  7.1438E-19 -1.1667E-02  0.0000E+00
        95  7.6540E-19 -1.2500E-02  0.0000E+00
        96  8.1643E-19 -1.3333E-02  0.0000E+00
        97  8.6746E-19 -1.4167E-02  0.0000E+00
        98  9.1849E-19 -1.5000E-02  0.0000E+00
        99 -2.5882E-03 -9.6593E-03  1.0000E-03
       100 -2.8039E-03 -1.0464E-02  1.0000E-03
       101 -3.0196E-03 -1.1269E-02  1.0000E-03
       102 -3.2352E-03 -1.2074E-02  1.0000E-03
       103 -3.4509E-03 -1.2879E-02  1.0000E-03
       104 -3.6666E-03 -1.3684E-02  1.0000E-03
       105 -3.8823E-03 -1.4489E-02  1.0000E-03
       106 -2.5882E-03 -9.6593E-03  0.0000E+00
       107 -2.8039E-03 -1.0464E-02  0.0000E+00
       108 -3.0196E-03 -1.1269E-02  0.0000E+00
       109 -3.2352E-03 -1.2074E-02  0.0000E+00
       110 -3.4509E-03 -1.2879E-02  0.0000E+00
       111 -3.6666E-03 -1.3684E-02  0.0000E+00
       112 -3.8823E-03 -1.4489E-02  0.0000E+00
       113 -5.0000E-03 -8.6603E-03  1.0000E-03
       114 -5.4167E-03 -9.3819E-03  1.0000E-03
       115 -5.8333E-03 -1.0104E-02  1.0000E-03
       116 -6.2500E-03 -1.0825E-02  1.0000E-03
       117 -6.6667E-03 -1.1547E-02  1.0000E-03
       118 -7.0833E-03 -1.2269E-02  1.0000E-03
       119 -7.5000E-03 -1.2990E-02  1.0000E-03
       120 -5.0000E-03 -8.6603E-03  0.0000E+00
       121 -5.4167E-03 -9.3819E-03  0.0000E+00
       122 -5.8333E-03 -1.0104E-02  0.0000E+00
       123 -6.2500E-03 -1.0825E-02  0.0000E+00
       124 -6.6667E-03 -1.1547E-02  0.0000E+00
       125 -7.0833E-03 -1.2269E-02  0.0000E+00
       126 -7.5000E-03 -1.2990E-02  0.0000E+00
       127 -7.0711E-03 -7.0711E-03  1.0000E-03
       128 -7.6603E-03 -7.6603E-03  1.0000E-03
       129 -8.2496E-03 -8.2496E-03  1.0000E-03
       130 -8.8388E-03 -8.8388E-03  1.0000E-03
       131 -9.4281E-03 -9.4281E-03  1.0000E-03
       132 -1.0017E-02 -1.0017E-02  1.0000E-03
       133 -1.0607E-02 -1.0607E-02  1.0000E-03
       134 -7.0711E-03 -7.0711E-03  0.0000E+00
       135 -7.6603E-03 -7.6603E-03  0.0000E+00
       136 -8.2496E-03 -8.2496E-03  0.0000E+00
       137 -8.8388E-03 -8.8388E-03  0.0000E+00
       138 -9.4281E-03 -9.4281E-03  0.0000E+00
       139 -1.0017E-02 -1.0017E-02  0.0000E+00
       140 -1.0607E-02 -1.0607E-02  0.0000E+00
       141 -8.6603E-03 -5.0000E-03  1.0000E-03
       142 -9.3819E-03 -5.4167E-03  1.0000E-03
       143 -1.0104E-02 -5.8333E-03  1.0000E-03
       144 -1.0825E-02 -6.2500E-03  1.0000E-03
       145 -1.1547E-02 -6.6667E-03  1.0000E-03
       146 -1.2269E-02 -7.0833E-03  1.0000E-03
       147 -1.2990E-02 -7.5000E-03  1.0000E-03
       148 -8.6603E-03 -5.0000E-03  0.0000E+00
       149 -9.3819E-03 -5.4167E-03  0.0000E+00
       150 -1.0104E-02 -5.8333E-03  0.0000E+00
       151 -1.0825E-02 -6.2500E-03  0.0000E+00
       152 -1.1547E-02 -6.6667E-03  0.0000E+00
       153 -1.2269E-02 -7.0833E-03  0.0000E+00
       154 -1.2990E-02 -7.5000E-03  0.0000E+00
       155 -9.6593E-03 -2.5882E-03  1.0000E-03
       156 -1.0464E-02 -2.8039E-03  1.0000E-03
       157 -1.1269E-02 -3.0196E-03  1.0000E-03
       158 -1.2074E-02 -3.2352E-03  1.0000E-03
       159 -1.2879E-02 -3.4509E-03  1.0000E-03
       160 -1.3684E-02 -3.6666E-03  1.0000E-03
       161 -1.4489E-02 -3.8823E-03  1.0000E-03
       162 -9.6593E-03 -2.5882E-03  0.0000E+00
       163 -1.0464E-02 -2.8039E-03  0.0000E+00
       164 -1.1269E-02 -3.0196E-03  0.0000E+00
       165 -1.2074E-02 -3.2352E-03  0.0000E+00
       166 -1.2879E-02 -3.4509E-03  0.0000E+00
       167 -1.3684E-02 -3.6666E-03  0.0000E+00
       168 -1.4489E-02 -3.8823E-03  0.0000E+00
       169 -1.0000E-02 -1.2246E-18  1.0000E-03
       170 -1.0833E-02 -1.3267E-18  1.0000E-03
       171 -1.1667E-02 -1.4288E-18  1.0000E-03
       172 -1.2500E-02 -1.5308E-18  1.0000E-03
       173 -1.3333E-02 -1.6329E-18  1.0000E-03
       174 -1.4167E-02 -1.7349E-18  1.0000E-03
       175 -1.5000E-02 -1.8370E-18  1.0000E-03
       176 -1.0000E-02 -1.2246E-18  0.0000E+00
       177 -1.0833E-02 -1.3267E-18  0.0000E+00
       178 -1.1667E-02 -1.4288E-18  0.0000E+00
       179 -1.2500E-02 -1.5308E-18  0.0000E+00
       180 -1.3333E-02 -1.6329E-18  0.0000E+00
       181 -1.4167E-02 -1.7349E-18  0.0000E+00
       182 -1.5000E-02 -1.8370E-18  0.0000E+00
       183 -9.6593E-03  2.5882E-03  1.0000E-03
       184 -1.0464E-02  2.8039E-03  1.0000E-03
       185 -1.1269E-02  3.0196E-03  1.0000E-03
       186 -1.2074E-02  3.2352E-03  1.0000E-03
       187 -1.2879E-02  3.4509E-03  1.0000E-03
       188 -1.3684E-02  3.6666E-03  1.0000E-03
       189 -1.4489E-02  3.8823E-03  1.0000E-03
       190 -9.6593E-03  2.5882E-03  0.0000E+00
       191 -1.0464E-02  2.8039E-03  0.0000E+00
       192 -1.1269E-02  3.0196E-03  0.0000E+00
       193 -1.2074E-02  3.2352E-03  0.0000E+00
       194 -1.2879E-02  3.4509E-03  0.0000E+00
       195 -1.3684E-02  3.6666E-03  0.0000E+00
       196 -1.4489E-02  3.8823E-03  0.0000E+00
       197 -8.6603E-03  5.0000E-03  1.0000E-03
       198 -9.3819E-03  5.4167E-03  1.0000E-03
       199 -1.0104E-02  5.8333E-03  1.0000E-03
       200 -1.0825E-02  6.2500E-03  1.0000E-03
       201 -1.1547E-02  6.6667E-03  1.0000E-03
       202 -1.2269E-02  7.0833E-03  1.0000E-03
       203 -1.2990E-02  7.5000E-03  1.0000E-03
       204 -8.6603E-03  5.0000E-03  0.0000E+00
       205 -9.3819E-03  5.4167E-03  0.0000E+00
       206 -1.0104E-02  5.8333E-03  0.0000E+00
       207 -1.0825E-02  6.2500E-03  0.0000E+00
       208 -1.1547E-02  6.6667E-03  0.0000E+00
       209 -1.2269E-02  7.0833E-03  0.0000E+00
       210 -1.2990E-02  7.5000E-03  0.0000E+00
       211 -7.0711E-03  7.0711E-03  1.0000E-03
       212 -7.6603E-03  7.6603E-03  1.0000E-03
       213 -8.2496E-03  8.2496E-03  1.0000E-03
       214 -8.8388E-03  8.8388E-03  1.0000E-03
       215 -9.4281E-03  9.4281E-03  1.0000E-03
       216 -1.0017E-02  1.0017E-02  1.0000E-03
       217 -1.0607E-02  1.0607E-02  1.0000E-03
       218 -7.0711E-03  7.0711E-03  0.0000E+00
       219 -7.6603E-03  7.6603E-03  0.0000E+00
       220 -8.2496E-03  8.2496E-03  0.0000E+00
       221 -8.8388E-03  8.8388E-03  0.0000E+00
       222 -9.4281E-03  9.4281E-03  0.0000E+00
       223 -1.0017E-02  1.0017E-02  0.0000E+00
       224 -1.0607E-02  1.0607E-02  0.0000E+00
       225 -5.0000E-03  8.6603E-03  1.0000E-03
       226 -5.4167E-03  9.3819E-03  1.0000E-03
       227 -5.8333E-03  1.0104E-02  1.0000E-03
       228 -6.2500E-03  1.0825E-02  1.0000E-03
       229 -6.6667E-03  1.1547E-02  1.0000E-03
       230 -7.0833E-03  1.2269E-02  1.0000E-03
       231 -7.5000E-03  1.2990E-02  1.0000E-03
       232 -5.0000E-03  8.6603E-03  0.0000E+00
       233 -5.4167E-03  9.3819E-03  0.0000E+00
       234 -5.8333E-03  1.0104E-02  0.0000E+00
       235 -6.2500E-03  1.0825E-02  0.0000E+00
       236 -6.6667E-03  1.1547E-02  0.0000E+00
       237 -7.0833E-03  1.2269E-02  0.0000E+00
       238 -7.5000E-03  1.2990E-02  0.0000E+00
       239 -2.5882E-03  9.6593E-03  1.0000E-03
       240 -2.8039E-03  1.0464E-02  1.0000E-03
       241 -3.0196E-03  1.1269E-02  1.0000E-03
       242 -3.2352E-03  1.2074E-02  1.0000E-03
       243 -3.4509E-03  1.2879E-02  1.0000E-03
       244 -3.6666E-03  1.3684E-02  1.0000E-03
       245 -3.8823E-03  1.4489E-02  1.0000E-03
       246 -2.5882E-03  9.6593E-03  0.0000E+00
       247 -2.8039E-03  1.0464E-02  0.0000E+00
       248 -3.0196E-03  1.1269E-02  0.0000E+00
       249 -3.2352E-03  1.2074E-02  0.0000E+00
       250 -3.4509E-03  1.2879E-02  0.0000E+00
       251 -3.6666E-03  1.3684E-02  0.0000E+00
       252 -3.8823E-03  1.4489E-02  0.0000E+00
       253 -1.8370E-18  1.0000E-02  1.0000E-03
       254 -1.9901E-18  1.0833E-02  1.0000E-03
       255 -2.1431E-18  1.1667E-02  1.0000E-03
       256 -2.2962E-18  1.2500E-02  1.0000E-03
       257 -2.4493E-18  1.3333E-02  1.0000E-03
       258 -2.6024E-18  1.4167E-02  1.0000E-03
       259 -2.7555E-18  1.5000E-02  1.0000E-03
       260 -1.8370E-18  1.0000E-02  0.0000E+00
       261 -1.9901E-18  1.0833E-02  0.0000E+00
       262 -2.1431E-18  1.1667E-02  0.0000E+00
       263 -2.2962E-18  1.2500E-02  0.0000E+00
       264 -2.4493E-18  1.3333E-02  0.0000E+00
       265 -2.6024E-18  1.4167E-02  0.0000E+00
       266 -2.7555E-18  1.5000E-02  0.0000E+00
       267  2.5882E-03  9.6593E-03  1.0000E-03
       268  2.8039E-03  1.0464E-02  1.0000E-03
       269  3.0196E-03  1.1269E-02  1.0000E-03
       270  3.2352E-03  1.2074E-02  1.0000E-03
       271  3.4509E-03  1.2879E-02  1.0000E-03
       272  3.6666E-03  1.3684E-02  1.0000E-03
       273  3.8823E-03  1.4489E-02  1.0000E-03
       274  2.5882E-03  9.6593E-03  0.0000E+00
       275  2.8039E-03  1.0464E-02  0.0000E+00
       276  3.0196E-03  1.1269E-02  0.0000E+00
       277  3.2352E-03  1.2074E-02  0.0000E+00
       278  3.4509E-03  1.2879E-02  0.0000E+00
       279  3.6666E-03  1.3684E-02  0.0000E+00
       280  3.8823E-03  1.4489E-02  0.0000E+00
       281  5.0000E-03  8.6603E-03  1.0000E-03
       282  5.4167E-03  9.3819E-03  1.0000E-03
       283  5.8333E-03  1.0104E-02  1.0000E-03
       284  6.2500E-03  1.0825E-02  1.0000E-03
       285  6.6667E-03  1.1547E-02  1.0000E-03
       286  7.0833E-03  1.2269E-02  1.0000E-03
       287  7.5000E-03  1.2990E-02  1.0000E-03
       288  5.0000E-03  8.6603E-03  0.0000E+00
       289  5.4167E-03  9.3819E-03  0.0000E+00
       290  5.8333E-03  1.0104E-02  0.0000E+00
       291  6.2500E-03  1.0825E-02  0.0000E+00
       292  6.6667E-03  1.1547E-02  0.0000E+00
       293  7.0833E-03  1.2269E-02  0.0000E+00
       294  7.5000E-03  1.2990E-02  0.0000E+00
       295  7.0711E-03  7.0711E-03  1.0000E-03
       296  7.6603E-03  7.6603E-03  1.0000E-03
       297  8.2496E-03  8.2496E-03  1.0000E-03
       298  8.8388E-03  8.8388E-03  1.0000E-03
       299  9.4281E-03  9.4281E-03  1.0000E-03
       300  1.0017E-02  1.0017E-02  1.0000E-03
       301  1.0607E-02  1.0607E-02  1.0000E-03
       302  7.0711E-03  7.0711E-03  0.0000E+00
       303  7.6603E-03  7.6603E-03  0.0000E+00
       304  8.2496E-03  8.2496E-03  0.0000E+00
       305  8.8388E-03  8.8388E-03  0.0000E+00
       306  9.4281E-03  9.4281E-03  0.0000E+00
       307  1.0017E-02  1.0017E-02  0.0000E+00
       308  1.0607E-02  1.0607E-02  0.0000E+00
       309  8.6603E-03  5.0000E-03  1.0000E-03
       310  9.3819E-03  5.4167E-03  1.0000E-03
       311  1.0104E-02  5.8333E-03  1.0000E-03
       312  1.0825E-02  6.2500E-03  1.0000E-03
       313  1.1547E-02  6.6667E-03  1.0000E-03
       314  1.2269E-02  7.0833E-03  1.0000E-03
       315  1.2990E-02  7.5000E-03  1.0000E-03
       316  8.6603E-03  5.0000E-03  0.0000E+00
       317  9.3819E-03  5.4167E-03  0.0000E+00
       318  1.0104E-02  5.8333E-03  0.0000E+00
       319  1.0825E-02  6.2500E-03  0.0000E+00
       320  1.1547E-02  6.6667E-03  0.0000E+00
       321  1.2269E-02  7.0833E-03  0.0000E+00
       322  1.2990E-02  7.5000E-03  0.0000E+00
       323  9.6593E-03  2.5882E-03  1.0000E-03
       324  1.0464E-02  2.8039E-03  1.0000E-03
       325  1.1269E-02  3.0196E-03  1.0000E-03
       326  1.2074E-02  3.2352E-03  1.0000E-03
       327  1.2879E-02  3.4509E-03  1.0000E-03
       328  1.3684E-02  3.6666E-03  1.0000E-03
       329  1.4489E-02  3.8823E-03  1.0000E-03
       330  9.6593E-03  2.5882E-03  0.0000E+00
       331  1.0464E-02  2.8039E-03  0.0000E+00
       332  1.1269E-02  3.0196E-03  0.0000E+00
       333  1.2074E-02  3.2352E-03  0.0000E+00
       334  1.2879E-02  3.4509E-03  0.0000E+00
       335  1.3684E-02  3.6666E-03  0.0000E+00
       336  1.4489E-02  3.8823E-03  0.0000E+00
       337  1.0000E-02  2.4493E-18  1.0000E-03
       338  1.0833E-02  2.6534E-18  1.0000E-03
       339  1.1667E-02  2.8575E-18  1.0000E-03
       340  1.2500E-02  3.0616E-18  1.0000E-03
       341  1.3333E-02  3.2657E-18  1.0000E-03
       342  1.4167E-02  3.4698E-18  1.0000E-03
       343  1.5000E-02  3.6739E-18  1.0000E-03
       344  1.0000E-02  2.4493E-18  0.0000E+00
       345  1.0833E-02  2.6534E-18  0.0000E+00
       346  1.1667E-02  2.8575E-18  0.0000E+00
       347  1.2500E-02  3.0616E-18  0.0000E+00
       348  1.3333E-02  3.2657E-18  0.0000E+00
       349  1.4167E-02  3.4698E-18  0.0000E+00
       350  1.5000E-02  3.6739E-18  0.0000E+00

 FEAP *** inflated fiber reinforced soft ring - circum. b.c. top surf. linked in 

   E l e m e n t   C o n n e c t i o n s

    Elem Mat Reg  1-Node  2-Node  3-Node  4-Node  5-Node  6-Node  7-Node  8-Node
       1   1   0      15      16      23      22       1       2       9       8
       2   1   0      16      17      24      23       2       3      10       9
       3   1   0      17      18      25      24       3       4      11      10
       4   1   0      18      19      26      25       4       5      12      11
       5   1   0      19      20      27      26       5       6      13      12
       6   1   0      20      21      28      27       6       7      14      13
       7   2   0       7      14      28      21
       8   1   0      29      30      37      36      15      16      23      22
       9   1   0      30      31      38      37      16      17      24      23
      10   1   0      31      32      39      38      17      18      25      24
      11   1   0      32      33      40      39      18      19      26      25
      12   1   0      33      34      41      40      19      20      27      26
      13   1   0      34      35      42      41      20      21      28      27
      14   2   0      21      28      42      35
      15   1   0      43      44      51      50      29      30      37      36
      16   1   0      44      45      52      51      30      31      38      37
      17   1   0      45      46      53      52      31      32      39      38
      18   1   0      46      47      54      53      32      33      40      39
      19   1   0      47      48      55      54      33      34      41      40
      20   1   0      48      49      56      55      34      35      42      41
      21   2   0      35      42      56      49
      22   1   0      57      58      65      64      43      44      51      50
      23   1   0      58      59      66      65      44      45      52      51
      24   1   0      59      60      67      66      45      46      53      52
      25   1   0      60      61      68      67      46      47      54      53
      26   1   0      61      62      69      68      47      48      55      54
      27   1   0      62      63      70      69      48      49      56      55
      28   2   0      49      56      70      63
      29   1   0      71      72      79      78      57      58      65      64
      30   1   0      72      73      80      79      58      59      66      65
      31   1   0      73      74      81      80      59      60      67      66
      32   1   0      74      75      82      81      60      61      68      67
      33   1   0      75      76      83      82      61      62      69      68
      34   1   0      76      77      84      83      62      63      70      69
      35   2   0      63      70      84      77
      36   1   0      85      86      93      92      71      72      79      78
      37   1   0      86      87      94      93      72      73      80      79
      38   1   0      87      88      95      94      73      74      81      80
      39   1   0      88      89      96      95      74      75      82      81
      40   1   0      89      90      97      96      75      76      83      82
      41   1   0      90      91      98      97      76      77      84      83
      42   2   0      77      84      98      91
      43   1   0      99     100     107     106      85      86      93      92
      44   1   0     100     101     108     107      86      87      94      93
      45   1   0     101     102     109     108      87      88      95      94
      46   1   0     102     103     110     109      88      89      96      95
      47   1   0     103     104     111     110      89      90      97      96
      48   1   0     104     105     112     111      90      91      98      97
      49   2   0      91      98     112     105
      50   1   0     113     114     121     120      99     100     107     106
      51   1   0     114     115     122     121     100     101     108     107
      52   1   0     115     116     123     122     101     102     109     108
      53   1   0     116     117     124     123     102     103     110     109
      54   1   0     117     118     125     124     103     104     111     110
      55   1   0     118     119     126     125     104     105     112     111
      56   2   0     105     112     126     119
      57   1   0     127     128     135     134     113     114     121     120
      58   1   0     128     129     136     135     114     115     122     121
      59   1   0     129     130     137     136     115     116     123     122
      60   1   0     130     131     138     137     116     117     124     123
      61   1   0     131     132     139     138     117     118     125     124
      62   1   0     132     133     140     139     118     119     126     125
      63   2   0     119     126     140     133
      64   1   0     141     142     149     148     127     128     135     134
      65   1   0     142     143     150     149     128     129     136     135
      66   1   0     143     144     151     150     129     130     137     136
      67   1   0     144     145     152     151     130     131     138     137
      68   1   0     145     146     153     152     131     132     139     138
      69   1   0     146     147     154     153     132     133     140     139
      70   2   0     133     140     154     147
      71   1   0     155     156     163     162     141     142     149     148
      72   1   0     156     157     164     163     142     143     150     149
      73   1   0     157     158     165     164     143     144     151     150
      74   1   0     158     159     166     165     144     145     152     151
      75   1   0     159     160     167     166     145     146     153     152
      76   1   0     160     161     168     167     146     147     154     153
      77   2   0     147     154     168     161
      78   1   0     169     170     177     176     155     156     163     162
      79   1   0     170     171     178     177     156     157     164     163
      80   1   0     171     172     179     178     157     158     165     164
      81   1   0     172     173     180     179     158     159     166     165
      82   1   0     173     174     181     180     159     160     167     166
      83   1   0     174     175     182     181     160     161     168     167
      84   2   0     161     168     182     175
      85   1   0     183     184     191     190     169     170     177     176
      86   1   0     184     185     192     191     170     171     178     177
      87   1   0     185     186     193     192     171     172     179     178
      88   1   0     186     187     194     193     172     173     180     179
      89   1   0     187     188     195     194     173     174     181     180
      90   1   0     188     189     196     195     174     175     182     181
      91   2   0     175     182     196     189
      92   1   0     197     198     205     204     183     184     191     190
      93   1   0     198     199     206     205     184     185     192     191
      94   1   0     199     200     207     206     185     186     193     192
      95   1   0     200     201     208     207     186     187     194     193
      96   1   0     201     202     209     208     187     188     195     194
      97   1   0     202     203     210     209     188     189     196     195
      98   2   0     189     196     210     203
      99   1   0     211     212     219     218     197     198     205     204
     100   1   0     212     213     220     219     198     199     206     205
     101   1   0     213     214     221     220     199     200     207     206
     102   1   0     214     215     222     221     200     201     208     207
     103   1   0     215     216     223     222     201     202     209     208
     104   1   0     216     217     224     223     202     203     210     209
     105   2   0     203     210     224     217
     106   1   0     225     226     233     232     211     212     219     218
     107   1   0     226     227     234     233     212     213     220     219
     108   1   0     227     228     235     234     213     214     221     220
     109   1   0     228     229     236     235     214     215     222     221
     110   1   0     229     230     237     236     215     216     223     222
     111   1   0     230     231     238     237     216     217     224     223
     112   2   0     217     224     238     231
     113   1   0     239     240     247     246     225     226     233     232
     114   1   0     240     241     248     247     226     227     234     233
     115   1   0     241     242     249     248     227     228     235     234
     116   1   0     242     243     250     249     228     229     236     235
     117   1   0     243     244     251     250     229     230     237     236
     118   1   0     244     245     252     251     230     231     238     237
     119   2   0     231     238     252     245
     120   1   0     253     254     261     260     239     240     247     246
     121   1   0     254     255     262     261     240     241     248     247
     122   1   0     255     256     263     262     241     242     249     248
     123   1   0     256     257     264     263     242     243     250     249
     124   1   0     257     258     265     264     243     244     251     250
     125   1   0     258     259     266     265     244     245     252     251
     126   2   0     245     252     266     259
     127   1   0     267     268     275     274     253     254     261     260
     128   1   0     268     269     276     275     254     255     262     261
     129   1   0     269     270     277     276     255     256     263     262
     130   1   0     270     271     278     277     256     257     264     263
     131   1   0     271     272     279     278     257     258     265     264
     132   1   0     272     273     280     279     258     259     266     265
     133   2   0     259     266     280     273
     134   1   0     281     282     289     288     267     268     275     274
     135   1   0     282     283     290     289     268     269     276     275
     136   1   0     283     284     291     290     269     270     277     276
     137   1   0     284     285     292     291     270     271     278     277
     138   1   0     285     286     293     292     271     272     279     278
     139   1   0     286     287     294     293     272     273     280     279
     140   2   0     273     280     294     287
     141   1   0     295     296     303     302     281     282     289     288
     142   1   0     296     297     304     303     282     283     290     289
     143   1   0     297     298     305     304     283     284     291     290
     144   1   0     298     299     306     305     284     285     292     291
     145   1   0     299     300     307     306     285     286     293     292
     146   1   0     300     301     308     307     286     287     294     293
     147   2   0     287     294     308     301
     148   1   0     309     310     317     316     295     296     303     302
     149   1   0     310     311     318     317     296     297     304     303
     150   1   0     311     312     319     318     297     298     305     304
     151   1   0     312     313     320     319     298     299     306     305
     152   1   0     313     314     321     320     299     300     307     306
     153   1   0     314     315     322     321     300     301     308     307
     154   2   0     301     308     322     315
     155   1   0     323     324     331     330     309     310     317     316
     156   1   0     324     325     332     331     310     311     318     317
     157   1   0     325     326     333     332     311     312     319     318
     158   1   0     326     327     334     333     312     313     320     319
     159   1   0     327     328     335     334     313     314     321     320
     160   1   0     328     329     336     335     314     315     322     321
     161   2   0     315     322     336     329
     162   1   0     337     338     345     344     323     324     331     330
     163   1   0     338     339     346     345     324     325     332     331
     164   1   0     339     340     347     346     325     326     333     332
     165   1   0     340     341     348     347     326     327     334     333
     166   1   0     341     342     349     348     327     328     335     334
     167   1   0     342     343     350     349     328     329     336     335
     168   2   0     329     336     350     343

          Part(   1) = PART0001       

 FEAP *** inflated fiber reinforced soft ring - circum. b.c. top surf. linked i

   N o d e   G e n e r a t i o n s

          Number of xi_1-increments       96
          Number of xi_2-increments        1
          Number of xi_3-increments        1
          First node number              351
          First element number           169
          Element material number          3
          Node line increment              0
          Block type (0-40)                0


     Block coordinates specified as: CYLI           

     node     1 coord     2 coord     3 coord
        1   9.500E-03   0.000E+00   5.000E-04
        2   9.500E-03  -3.600E+02   5.000E-04

 FEAP *** inflated fiber reinforced soft ring - circum. b.c. top surf. linked i


  N o d a l   C o o r d i n a t e s

      Node      1 coord      2 coord      3 coord
       351   9.5000E-03   0.0000E+00   5.0000E-04
       352   9.4797E-03  -6.2133E-04   5.0000E-04
       353   9.4187E-03  -1.2400E-03   5.0000E-04
       354   9.3175E-03  -1.8534E-03   5.0000E-04
       355   9.1763E-03  -2.4588E-03   5.0000E-04
       356   8.9958E-03  -3.0537E-03   5.0000E-04
       357   8.7769E-03  -3.6355E-03   5.0000E-04
       358   8.5203E-03  -4.2017E-03   5.0000E-04
       359   8.2272E-03  -4.7500E-03   5.0000E-04
       360   7.8990E-03  -5.2779E-03   5.0000E-04
       361   7.5369E-03  -5.7832E-03   5.0000E-04
       362   7.1425E-03  -6.2638E-03   5.0000E-04
       363   6.7175E-03  -6.7175E-03   5.0000E-04
       364   6.2638E-03  -7.1425E-03   5.0000E-04
       365   5.7832E-03  -7.5369E-03   5.0000E-04
       366   5.2779E-03  -7.8990E-03   5.0000E-04
       367   4.7500E-03  -8.2272E-03   5.0000E-04
       368   4.2017E-03  -8.5203E-03   5.0000E-04
       369   3.6355E-03  -8.7769E-03   5.0000E-04
       370   3.0537E-03  -8.9958E-03   5.0000E-04
       371   2.4588E-03  -9.1763E-03   5.0000E-04
       372   1.8534E-03  -9.3175E-03   5.0000E-04
       373   1.2400E-03  -9.4187E-03   5.0000E-04
       374   6.2133E-04  -9.4797E-03   5.0000E-04
       375  -2.4731E-17  -9.5000E-03   5.0000E-04
       376  -6.2133E-04  -9.4797E-03   5.0000E-04
       377  -1.2400E-03  -9.4187E-03   5.0000E-04
       378  -1.8534E-03  -9.3175E-03   5.0000E-04
       379  -2.4588E-03  -9.1763E-03   5.0000E-04
       380  -3.0537E-03  -8.9958E-03   5.0000E-04
       381  -3.6355E-03  -8.7769E-03   5.0000E-04
       382  -4.2017E-03  -8.5203E-03   5.0000E-04
       383  -4.7500E-03  -8.2272E-03   5.0000E-04
       384  -5.2779E-03  -7.8990E-03   5.0000E-04
       385  -5.7832E-03  -7.5369E-03   5.0000E-04
       386  -6.2638E-03  -7.1425E-03   5.0000E-04
       387  -6.7175E-03  -6.7175E-03   5.0000E-04
       388  -7.1425E-03  -6.2638E-03   5.0000E-04
       389  -7.5369E-03  -5.7832E-03   5.0000E-04
       390  -7.8990E-03  -5.2779E-03   5.0000E-04
       391  -8.2272E-03  -4.7500E-03   5.0000E-04
       392  -8.5203E-03  -4.2017E-03   5.0000E-04
       393  -8.7769E-03  -3.6355E-03   5.0000E-04
       394  -8.9958E-03  -3.0537E-03   5.0000E-04
       395  -9.1763E-03  -2.4588E-03   5.0000E-04
       396  -9.3175E-03  -1.8534E-03   5.0000E-04
       397  -9.4187E-03  -1.2400E-03   5.0000E-04
       398  -9.4797E-03  -6.2133E-04   5.0000E-04
       399  -9.5000E-03   1.9931E-17   5.0000E-04
       400  -9.4797E-03   6.2133E-04   5.0000E-04

 FEAP *** inflated fiber reinforced soft ring - circum. b.c. top surf. linked i


  N o d a l   C o o r d i n a t e s

      Node      1 coord      2 coord      3 coord
       401  -9.4187E-03   1.2400E-03   5.0000E-04
       402  -9.3175E-03   1.8534E-03   5.0000E-04
       403  -9.1763E-03   2.4588E-03   5.0000E-04
       404  -8.9958E-03   3.0537E-03   5.0000E-04
       405  -8.7769E-03   3.6355E-03   5.0000E-04
       406  -8.5203E-03   4.2017E-03   5.0000E-04
       407  -8.2272E-03   4.7500E-03   5.0000E-04
       408  -7.8990E-03   5.2779E-03   5.0000E-04
       409  -7.5369E-03   5.7832E-03   5.0000E-04
       410  -7.1425E-03   6.2638E-03   5.0000E-04
       411  -6.7175E-03   6.7175E-03   5.0000E-04
       412  -6.2638E-03   7.1425E-03   5.0000E-04
       413  -5.7832E-03   7.5369E-03   5.0000E-04
       414  -5.2779E-03   7.8990E-03   5.0000E-04
       415  -4.7500E-03   8.2272E-03   5.0000E-04
       416  -4.2017E-03   8.5203E-03   5.0000E-04
       417  -3.6355E-03   8.7769E-03   5.0000E-04
       418  -3.0537E-03   8.9958E-03   5.0000E-04
       419  -2.4588E-03   9.1763E-03   5.0000E-04
       420  -1.8534E-03   9.3175E-03   5.0000E-04
       421  -1.2400E-03   9.4187E-03   5.0000E-04
       422  -6.2133E-04   9.4797E-03   5.0000E-04
       423   6.6926E-18   9.5000E-03   5.0000E-04
       424   6.2133E-04   9.4797E-03   5.0000E-04
       425   1.2400E-03   9.4187E-03   5.0000E-04
       426   1.8534E-03   9.3175E-03   5.0000E-04
       427   2.4588E-03   9.1763E-03   5.0000E-04
       428   3.0537E-03   8.9958E-03   5.0000E-04
       429   3.6355E-03   8.7769E-03   5.0000E-04
       430   4.2017E-03   8.5203E-03   5.0000E-04
       431   4.7500E-03   8.2272E-03   5.0000E-04
       432   5.2779E-03   7.8990E-03   5.0000E-04
       433   5.7832E-03   7.5369E-03   5.0000E-04
       434   6.2638E-03   7.1425E-03   5.0000E-04
       435   6.7175E-03   6.7175E-03   5.0000E-04
       436   7.1425E-03   6.2638E-03   5.0000E-04
       437   7.5369E-03   5.7832E-03   5.0000E-04
       438   7.8990E-03   5.2779E-03   5.0000E-04
       439   8.2272E-03   4.7500E-03   5.0000E-04
       440   8.5203E-03   4.2017E-03   5.0000E-04
       441   8.7769E-03   3.6355E-03   5.0000E-04
       442   8.9958E-03   3.0537E-03   5.0000E-04
       443   9.1763E-03   2.4588E-03   5.0000E-04
       444   9.3175E-03   1.8534E-03   5.0000E-04
       445   9.4187E-03   1.2400E-03   5.0000E-04
       446   9.4797E-03   6.2133E-04   5.0000E-04
       447   9.5000E-03  -3.9862E-17   5.0000E-04

 FEAP *** inflated fiber reinforced soft ring - circum. b.c. top surf. linked i

   E l e m e n t   C o n n e c t i o n s

    Elmt Mat Reg  Type  1-node  2-node  3-node  4-node  5-node  6-node  7-node
                        8-node
     169   3   0 Lines     351     352
     170   3   0 Lines     352     353
     171   3   0 Lines     353     354
     172   3   0 Lines     354     355
     173   3   0 Lines     355     356
     174   3   0 Lines     356     357
     175   3   0 Lines     357     358
     176   3   0 Lines     358     359
     177   3   0 Lines     359     360
     178   3   0 Lines     360     361
     179   3   0 Lines     361     362
     180   3   0 Lines     362     363
     181   3   0 Lines     363     364
     182   3   0 Lines     364     365
     183   3   0 Lines     365     366
     184   3   0 Lines     366     367
     185   3   0 Lines     367     368
     186   3   0 Lines     368     369
     187   3   0 Lines     369     370
     188   3   0 Lines     370     371
     189   3   0 Lines     371     372
     190   3   0 Lines     372     373
     191   3   0 Lines     373     374
     192   3   0 Lines     374     375
     193   3   0 Lines     375     376
     194   3   0 Lines     376     377
     195   3   0 Lines     377     378
     196   3   0 Lines     378     379
     197   3   0 Lines     379     380
     198   3   0 Lines     380     381
     199   3   0 Lines     381     382
     200   3   0 Lines     382     383
     201   3   0 Lines     383     384
     202   3   0 Lines     384     385
     203   3   0 Lines     385     386
     204   3   0 Lines     386     387
     205   3   0 Lines     387     388
     206   3   0 Lines     388     389
     207   3   0 Lines     389     390
     208   3   0 Lines     390     391
     209   3   0 Lines     391     392
     210   3   0 Lines     392     393
     211   3   0 Lines     393     394
     212   3   0 Lines     394     395
     213   3   0 Lines     395     396
     214   3   0 Lines     396     397
     215   3   0 Lines     397     398
     216   3   0 Lines     398     399
     217   3   0 Lines     399     400
     218   3   0 Lines     400     401

 FEAP *** inflated fiber reinforced soft ring - circum. b.c. top surf. linked i

   E l e m e n t   C o n n e c t i o n s

    Elmt Mat Reg  Type  1-node  2-node  3-node  4-node  5-node  6-node  7-node
                        8-node
     219   3   0 Lines     401     402
     220   3   0 Lines     402     403
     221   3   0 Lines     403     404
     222   3   0 Lines     404     405
     223   3   0 Lines     405     406
     224   3   0 Lines     406     407
     225   3   0 Lines     407     408
     226   3   0 Lines     408     409
     227   3   0 Lines     409     410
     228   3   0 Lines     410     411
     229   3   0 Lines     411     412
     230   3   0 Lines     412     413
     231   3   0 Lines     413     414
     232   3   0 Lines     414     415
     233   3   0 Lines     415     416
     234   3   0 Lines     416     417
     235   3   0 Lines     417     418
     236   3   0 Lines     418     419
     237   3   0 Lines     419     420
     238   3   0 Lines     420     421
     239   3   0 Lines     421     422
     240   3   0 Lines     422     423
     241   3   0 Lines     423     424
     242   3   0 Lines     424     425
     243   3   0 Lines     425     426
     244   3   0 Lines     426     427
     245   3   0 Lines     427     428
     246   3   0 Lines     428     429
     247   3   0 Lines     429     430
     248   3   0 Lines     430     431
     249   3   0 Lines     431     432
     250   3   0 Lines     432     433
     251   3   0 Lines     433     434
     252   3   0 Lines     434     435
     253   3   0 Lines     435     436
     254   3   0 Lines     436     437
     255   3   0 Lines     437     438
     256   3   0 Lines     438     439
     257   3   0 Lines     439     440
     258   3   0 Lines     440     441
     259   3   0 Lines     441     442
     260   3   0 Lines     442     443
     261   3   0 Lines     443     444
     262   3   0 Lines     444     445
     263   3   0 Lines     445     446
     264   3   0 Lines     446     447

          Part(   1): Elm start =       1
                      Elm last  =     264
                      Nodes/el. =       2

     E l e m e n t   S i z e   V a l u e s
          h-minimum =  6.2166E-04
          h-maximum =  4.0415E-03

     Tie all nodes with common coordinates


      Gap Tolerance =  4.7298E-05



       T i e  - - -  N o d a l   C o o r d i n a t e s

          The following nodes have been deleted:

          337    338    339    340    341    342    343    344    345    346
          347    348    349    350    351

         15 nodes merged by the tie command


 FEAP *** inflated fiber reinforced soft ring - circum. b.c. top surf. linked i

  E d g e    N o d a l    B.C.

    node  1-B.C.  2-B.C.  3-B.C.
       8       0       0       1
       9       0       0       1
      10       0       0       1
      11       0       0       1
      12       0       0       1
      13       0       0       1
      14       0       0       1
      22       0       0       1
      23       0       0       1
      24       0       0       1
      25       0       0       1
      26       0       0       1
      27       0       0       1
      28       0       0       1
      36       0       0       1
      37       0       0       1
      38       0       0       1
      39       0       0       1
      40       0       0       1
      41       0       0       1
      42       0       0       1
      50       0       0       1
      51       0       0       1
      52       0       0       1
      53       0       0       1
      54       0       0       1
      55       0       0       1
      56       0       0       1
      64       0       0       1
      65       0       0       1
      66       0       0       1
      67       0       0       1
      68       0       0       1
      69       0       0       1
      70       0       0       1
      78       0       0       1
      79       0       0       1
      80       0       0       1
      81       0       0       1
      82       0       0       1
      83       0       0       1
      84       0       0       1
      92       0       0       1
      93       0       0       1
      94       0       0       1
      95       0       0       1
      96       0       0       1
      97       0       0       1
      98       0       0       1
     106       0       0       1
     107       0       0       1
     108       0       0       1
     109       0       0       1
     110       0       0       1
     111       0       0       1
     112       0       0       1
     120       0       0       1
     121       0       0       1
     122       0       0       1
     123       0       0       1
     124       0       0       1
     125       0       0       1
     126       0       0       1
     134       0       0       1
     135       0       0       1
     136       0       0       1
     137       0       0       1
     138       0       0       1
     139       0       0       1
     140       0       0       1
     148       0       0       1
     149       0       0       1
     150       0       0       1
     151       0       0       1
     152       0       0       1
     153       0       0       1
     154       0       0       1
     162       0       0       1
     163       0       0       1
     164       0       0       1
     165       0       0       1
     166       0       0       1
     167       0       0       1
     168       0       0       1
     176       0       0       1
     177       0       0       1
     178       0       0       1
     179       0       0       1
     180       0       0       1
     181       0       0       1
     182       0       0       1
     190       0       0       1
     191       0       0       1
     192       0       0       1
     193       0       0       1
     194       0       0       1
     195       0       0       1
     196       0       0       1
     204       0       0       1
     205       0       0       1
     206       0       0       1
     207       0       0       1
     208       0       0       1
     209       0       0       1
     210       0       0       1
     218       0       0       1
     219       0       0       1
     220       0       0       1
     221       0       0       1
     222       0       0       1
     223       0       0       1
     224       0       0       1
     232       0       0       1
     233       0       0       1
     234       0       0       1
     235       0       0       1
     236       0       0       1
     237       0       0       1
     238       0       0       1
     246       0       0       1
     247       0       0       1
     248       0       0       1
     249       0       0       1
     250       0       0       1
     251       0       0       1
     252       0       0       1
     260       0       0       1
     261       0       0       1
     262       0       0       1
     263       0       0       1
     264       0       0       1
     265       0       0       1
     266       0       0       1
     274       0       0       1
     275       0       0       1
     276       0       0       1
     277       0       0       1
     278       0       0       1
     279       0       0       1
     280       0       0       1
     288       0       0       1
     289       0       0       1
     290       0       0       1
     291       0       0       1
     292       0       0       1
     293       0       0       1
     294       0       0       1
     302       0       0       1
     303       0       0       1
     304       0       0       1
     305       0       0       1
     306       0       0       1
     307       0       0       1
     308       0       0       1
     316       0       0       1
     317       0       0       1
     318       0       0       1
     319       0       0       1
     320       0       0       1
     321       0       0       1
     322       0       0       1
     330       0       0       1
     331       0       0       1
     332       0       0       1
     333       0       0       1
     334       0       0       1
     335       0       0       1
     336       0       0       1

       P o l a r    S u r f a c e

     x_Coord.     y_Coord.     z_Coord.
   0.0000E+00   0.0000E+00   0.0000E+00

 FEAP *** inflated fiber reinforced soft ring - circum. b.c. top surf. linked i

   C o o r d i n a t e    S u r f a c e   A n g l e s

      Node    1 Coord    2 Coord    3 Coord      Angle
         1  1.000E-02 -1.800E+02  0.000E+00 -1.800E+02
         2  1.000E-02 -1.800E+02  5.000E-03 -1.800E+02
         3  1.000E-02 -9.000E+01  5.000E-03 -9.000E+01
         4  1.000E-02 -9.000E+01  0.000E+00 -9.000E+01
         5  1.000E-02 -1.800E+02  2.500E-03 -1.800E+02
         6  1.000E-02 -1.350E+02  5.000E-03 -1.350E+02
         7  1.000E-02 -9.000E+01  2.500E-03 -9.000E+01
         8  1.000E-02 -1.350E+02  0.000E+00 -1.350E+02
         9  1.000E-02 -1.350E+02  2.500E-03 -1.350E+02

       N o d a l    A n g l e s

          Global Node    Angle

                  85 -9.000E+01
                  92 -9.000E+01
                  99 -1.050E+02
                 106 -1.050E+02
                 113 -1.200E+02
                 120 -1.200E+02
                 127 -1.350E+02
                 134 -1.350E+02
                 141 -1.500E+02
                 148 -1.500E+02
                 155 -1.650E+02
                 162 -1.650E+02
                 169 -1.800E+02
                 176 -1.800E+02

 FEAP *** inflated fiber reinforced soft ring - circum. b.c. top surf. linked i

   C o o r d i n a t e    S u r f a c e   A n g l e s

      Node    1 Coord    2 Coord    3 Coord      Angle
         1  1.000E-02 -9.000E+01  0.000E+00 -9.000E+01
         2  1.000E-02 -9.000E+01  5.000E-03 -9.000E+01
         3  1.000E-02  0.000E+00  5.000E-03  0.000E+00
         4  1.000E-02  0.000E+00  0.000E+00  0.000E+00
         5  1.000E-02 -9.000E+01  2.500E-03 -9.000E+01
         6  1.000E-02 -4.500E+01  5.000E-03 -4.500E+01
         7  1.000E-02  0.000E+00  2.500E-03  0.000E+00
         8  1.000E-02 -4.500E+01  0.000E+00 -4.500E+01
         9  1.000E-02 -4.500E+01  2.500E-03 -4.500E+01

       N o d a l    A n g l e s

          Global Node    Angle

                   1 -4.996E-15
                   8 -4.996E-15
                  15 -1.500E+01
                  22 -1.500E+01
                  29 -3.000E+01
                  36 -3.000E+01
                  43 -4.500E+01
                  50 -4.500E+01
                  57 -6.000E+01
                  64 -6.000E+01
                  71 -7.500E+01
                  78 -7.500E+01
                  85 -9.000E+01
                  92 -9.000E+01
                 337  9.992E-15
                 344  9.992E-15

 FEAP *** inflated fiber reinforced soft ring - circum. b.c. top surf. linked i

   C o o r d i n a t e    S u r f a c e   A n g l e s

      Node    1 Coord    2 Coord    3 Coord      Angle
         1  1.000E-02  0.000E+00  0.000E+00  0.000E+00
         2  1.000E-02  0.000E+00  5.000E-03  0.000E+00
         3  1.000E-02  9.000E+01  5.000E-03  9.000E+01
         4  1.000E-02  9.000E+01  0.000E+00  9.000E+01
         5  1.000E-02  0.000E+00  2.500E-03  0.000E+00
         6  1.000E-02  4.500E+01  5.000E-03  4.500E+01
         7  1.000E-02  9.000E+01  2.500E-03  9.000E+01
         8  1.000E-02  4.500E+01  0.000E+00  4.500E+01
         9  1.000E-02  4.500E+01  2.500E-03  4.500E+01

       N o d a l    A n g l e s

          Global Node    Angle

                   1  4.996E-15
                   8  4.996E-15
                 253  9.000E+01
                 260  9.000E+01
                 267  7.500E+01
                 274  7.500E+01
                 281  6.000E+01
                 288  6.000E+01
                 295  4.500E+01
                 302  4.500E+01
                 309  3.000E+01
                 316  3.000E+01
                 323  1.500E+01
                 330  1.500E+01
                 337  1.998E-14
                 344  1.998E-14

 FEAP *** inflated fiber reinforced soft ring - circum. b.c. top surf. linked i

   C o o r d i n a t e    S u r f a c e   A n g l e s

      Node    1 Coord    2 Coord    3 Coord      Angle
         1  1.000E-02  9.000E+01  0.000E+00  9.000E+01
         2  1.000E-02  9.000E+01  5.000E-03  9.000E+01
         3  1.000E-02  1.800E+02  5.000E-03  1.800E+02
         4  1.000E-02  1.800E+02  0.000E+00  1.800E+02
         5  1.000E-02  9.000E+01  2.500E-03  9.000E+01
         6  1.000E-02  1.350E+02  5.000E-03  1.350E+02
         7  1.000E-02  1.800E+02  2.500E-03  1.800E+02
         8  1.000E-02  1.350E+02  0.000E+00  1.350E+02
         9  1.000E-02  1.350E+02  2.500E-03  1.350E+02

       N o d a l    A n g l e s

          Global Node    Angle

                 169  1.800E+02
                 176  1.800E+02
                 183  1.650E+02
                 190  1.650E+02
                 197  1.500E+02
                 204  1.500E+02
                 211  1.350E+02
                 218  1.350E+02
                 225  1.200E+02
                 232  1.200E+02
                 239  1.050E+02
                 246  1.050E+02
                 253  9.000E+01
                 260  9.000E+01

       P o l a r    S u r f a c e

     x_Coord.     y_Coord.     z_Coord.
   0.0000E+00   0.0000E+00   0.0000E+00

 FEAP *** inflated fiber reinforced soft ring - circum. b.c. top surf. linked i

   C o o r d i n a t e   S u r f a c e   B o u n d a r y   C o n d i t i o n s

      Node    1 Coord    2 Coord    3 Coord 1-BC 2-BC 3-BC
                                               0    1    0
         1  9.900E-03 -1.800E+02  0.000E+00
         2  9.900E-03 -9.000E+01  0.000E+00
         3  1.010E-02 -9.000E+01  0.000E+00
         4  1.010E-02 -1.800E+02  0.000E+00
         5  9.900E-03 -1.350E+02  0.000E+00
         6  1.000E-02 -9.000E+01  0.000E+00
         7  1.010E-02 -1.350E+02  0.000E+00
         8  1.000E-02 -1.800E+02  0.000E+00
         9  1.000E-02 -1.350E+02  0.000E+00

      Node  1-BC  2-BC  3-BC
        92     0     1     1
       106     0     1     1
       120     0     1     1
       134     0     1     1
       148     0     1     1
       162     0     1     1
       176     0     1     1

 FEAP *** inflated fiber reinforced soft ring - circum. b.c. top surf. linked i

   C o o r d i n a t e   S u r f a c e   B o u n d a r y   C o n d i t i o n s

      Node    1 Coord    2 Coord    3 Coord 1-BC 2-BC 3-BC
                                               0    1    0
         1  9.900E-03 -9.000E+01  0.000E+00
         2  9.900E-03  0.000E+00  0.000E+00
         3  1.010E-02  0.000E+00  0.000E+00
         4  1.010E-02 -9.000E+01  0.000E+00
         5  9.900E-03 -4.500E+01  0.000E+00
         6  1.000E-02  0.000E+00  0.000E+00
         7  1.010E-02 -4.500E+01  0.000E+00
         8  1.000E-02 -9.000E+01  0.000E+00
         9  1.000E-02 -4.500E+01  0.000E+00

      Node  1-BC  2-BC  3-BC
         8     0     1     1
        22     0     1     1
        36     0     1     1
        50     0     1     1
        64     0     1     1
        78     0     1     1
        92     0     2     1
       344     1     2     1

 FEAP *** inflated fiber reinforced soft ring - circum. b.c. top surf. linked i

   C o o r d i n a t e   S u r f a c e   B o u n d a r y   C o n d i t i o n s

      Node    1 Coord    2 Coord    3 Coord 1-BC 2-BC 3-BC
                                               0    1    0
         1  9.900E-03  0.000E+00  0.000E+00
         2  9.900E-03  9.000E+01  0.000E+00
         3  1.010E-02  9.000E+01  0.000E+00
         4  1.010E-02  0.000E+00  0.000E+00
         5  9.900E-03  4.500E+01  0.000E+00
         6  1.000E-02  9.000E+01  0.000E+00
         7  1.010E-02  4.500E+01  0.000E+00
         8  1.000E-02  0.000E+00  0.000E+00
         9  1.000E-02  4.500E+01  0.000E+00

      Node  1-BC  2-BC  3-BC
         8     0     2     1
       260     0     1     1
       274     0     1     1
       288     0     1     1
       302     0     1     1
       316     0     1     1
       330     0     1     1
       344     1     3     1

 FEAP *** inflated fiber reinforced soft ring - circum. b.c. top surf. linked i

   C o o r d i n a t e   S u r f a c e   B o u n d a r y   C o n d i t i o n s

      Node    1 Coord    2 Coord    3 Coord 1-BC 2-BC 3-BC
                                               0    1    0
         1  9.900E-03  9.000E+01  0.000E+00
         2  9.900E-03  1.800E+02  0.000E+00
         3  1.010E-02  1.800E+02  0.000E+00
         4  1.010E-02  9.000E+01  0.000E+00
         5  9.900E-03  1.350E+02  0.000E+00
         6  1.000E-02  1.800E+02  0.000E+00
         7  1.010E-02  1.350E+02  0.000E+00
         8  1.000E-02  9.000E+01  0.000E+00
         9  1.000E-02  1.350E+02  0.000E+00

      Node  1-BC  2-BC  3-BC
       176     0     2     1
       190     0     1     1
       204     0     1     1
       218     0     1     1
       232     0     1     1
       246     0     1     1
       260     0     2     1

    Material  Element Set  Element Type  NH1/2 History  NH3 History  NH4 History
         1            1     Solid                 2            0            0
         2            2     Pressure              0            0            0
         3            3     Truss                 0            6            0

     P a r t i t i o n   1

     E q u a t i o n / P r o b l e m   S u m m a r y:

       Mesh dimension  (ndm) =         3 :  Number nodes     =             447
       Number dof/node (ndf) =         3 :  Number elements  =             264
       Element eqs.   (nadd) =         0 :  Number materials =               3
       Number rigid bodies   =         0 :  Number equations =            1104
                                         :  Number global eq =               0
       Number joints         =         0 :  Number tang terms=           62073
       Transient integrator  = Static    :  Average col. ht. =              57


  ---------------------------- END OF MESH INPUTS ----------------------------


 FEAP *** inflated fiber reinforced soft ring - circum. b.c. top surf. linked i

     Solution Commands       Variable 1  Variable 2  Variable 3
       PROP                  1.0000E+00  0.0000E+00  0.0000E+00
 *Command   1 * prop                v:   1.00       0.00       0.00    
                                                         t=     0.095     0.014
  Proportional Load Table Number  1
  Type 2: Piecewise Linear Function Variation
  Linear Interpolation Table
   No.    Time        Value
    1   0.00000E+00   0.00000E+00
    2   1.00000E+00   1.00000E+00
 *End of Solution Execution*                             t=     0.127     0.019

 FEAP *** inflated fiber reinforced soft ring - circum. b.c. top surf. linked i

     Solution Commands       Variable 1  Variable 2  Variable 3
       TPLOT                 1.0000E+00  0.0000E+00  0.0000E+00
 *Command   1 * tplo                v:   1.00       0.00       0.00    
                                                         t=     0.127     0.019

   Output interval for time history data =   1
 Plot  1 Displ. : Node  =       8 DOF =  1 X =  1.000E-02  0.000E+00  0.000E+00
 Plot  2 Displ. : Node  =       9 DOF =  1 X =  1.083E-02  0.000E+00  0.000E+00
 Plot  3 Displ. : Node  =      10 DOF =  1 X =  1.167E-02  0.000E+00  0.000E+00
 Plot  4 Displ. : Node  =      11 DOF =  1 X =  1.250E-02  0.000E+00  0.000E+00
 Plot  5 Displ. : Node  =      12 DOF =  1 X =  1.333E-02  0.000E+00  0.000E+00
 Plot  6 Displ. : Node  =      13 DOF =  1 X =  1.417E-02  0.000E+00  0.000E+00
 Plot  7 Displ. : Node  =      14 DOF =  1 X =  1.500E-02  0.000E+00  0.000E+00
 *End of Solution Execution*                             t=     0.128     0.019

 FEAP *** inflated fiber reinforced soft ring - circum. b.c. top surf. linked i

     Solution Commands       Variable 1  Variable 2  Variable 3
       PLOT      PERS        1.0000E+00  0.0000E+00  0.0000E+00
 *Command   1 * plot PERS           v:   1.00       0.00       0.00    
                                                         t=     0.128     0.019
 Body occupies the space with:
                 X             Y             Z
   Minimum   -1.50000E-02  -1.50000E-02   0.00000E+00
   Maximum    1.50000E-02   1.50000E-02   1.00000E-03
   View pt    0.00000E+00   6.00000E-01   6.00000E-01

   Components of vertical vector   (X,Y,Z).
          X= 1.00E+00, Y= 0.00E+00, Z= 0.00E+00

 *End of Solution Execution*                             t=     0.135     0.022

 FEAP *** inflated fiber reinforced soft ring - circum. b.c. top surf. linked i

     Solution Commands       Variable 1  Variable 2  Variable 3
       PLOT      HIDE        0.0000E+00  0.0000E+00  0.0000E+00
       PLOT      MESH        0.0000E+00  0.0000E+00  0.0000E+00
       PLOT      AXIS        0.0000E+00  0.0000E+00  0.0000E+00
       PLOT      CYLI        0.0000E+00  0.0000E+00  0.0000E+00
       PLOT      DEFO        0.0000E+00  0.0000E+00  0.0000E+00
 *Command   1 * plot HIDE           v:   0.00       0.00       0.00    
                                                         t=     0.136     0.023
 *Command   2 * plot MESH           v:   0.00       0.00       0.00    
                                                         t=     0.136     0.023
 *Command   3 * plot AXIS           v:   0.00       0.00       0.00    
                                                         t=     0.136     0.024
 *Command   4 * plot CYLI           v:   0.00       0.00       0.00    
                                                         t=     0.136     0.024
 *Command   5 * plot DEFO           v:   0.00       0.00       0.00    
                                                         t=     0.136     0.025
  -> Plots on deformed mesh with scale: 1.00000E+00
                     Eigenvector scale: 0.00000E+00
 *End of Solution Execution*                             t=     0.136     0.025
 *End of Solution Execution*                             t=     0.136     0.026

 FEAP *** inflated fiber reinforced soft ring - circum. b.c. top surf. linked i

     Solution Commands       Variable 1  Variable 2  Variable 3
       cyli      0           0.0000E+00  0.0000E+00  0.0000E+00
       LOOP      time        1.0000E+01  0.0000E+00  0.0000E+00
       DT                    1.0000E-01  0.0000E+00  0.0000E+00
       TIME                  0.0000E+00  0.0000E+00  0.0000E+00
       LOOP      augment     3.0000E+00  0.0000E+00  0.0000E+00
       AUGMent               0.0000E+00  0.0000E+00  0.0000E+00
       LOOP      newton      5.0000E+01  0.0000E+00  0.0000E+00
       UTANG                 1.0000E+00  0.0000E+00  0.0000E+00
       NEXT      newton      0.0000E+00  0.0000E+00  0.0000E+00
       NEXT      augment     0.0000E+00  0.0000E+00  0.0000E+00
       PLOT      WIPE        0.0000E+00  0.0000E+00  0.0000E+00
       PLOT      UNDE        0.0000E+00  0.0000E+00  0.0000E+00
       PLOT      MESH        0.0000E+00  0.0000E+00  0.0000E+00
       PLOT      DEFO        1.0000E+00  1.0000E+00  0.0000E+00
       STRE      ne          1.0000E+00  0.0000E+00  0.0000E+00
       NEXT      time        0.0000E+00  0.0000E+00  0.0000E+00
       STREss    NODE        8.0000E+00  1.4000E+01  1.0000E+00
 *Command   1 * cyli 0              v:   0.00       0.00       0.00    
                                                         t=     0.137     0.027
   Coordinates in Cartesian coordinates;
 Displacements in cylindrical coordinates.
   Transformation origin located at:
    x(1) =  0.00000E+00    x(2) =  0.00000E+00    x(3) =  0.00000E+00
 *Command   2 * loop time           v:   10.0       17.0       0.00    
                                                         t=     0.137     0.027
 *Command   3 * dt                  v:  0.100       0.00       0.00    
                                                         t=     0.137     0.027
   DT: equal linear increments = 1.000000E-01
 *Command   4 * time                v:   0.00       0.00       0.00    
                                                         t=     0.138     0.027

   Computing solution at time   1.0000E-01 using dt =  1.0000E-01
   Total proportional load is   1.0000E-01
 *Command   5 * loop augment        v:   3.00       11.0       0.00    
                                                         t=     0.140     0.027
 *Command   6 * augm                v:   0.00       0.00       0.00    
                                                         t=     0.140     0.027
   Current Augmented Lagrangian Factor =  1.00000E+00
 *Command   7 * loop newton         v:   50.0       10.0       0.00    
                                                         t=     0.141     0.027
 *Command   8 * utan                v:   1.00       0.00       0.00    
                                                         t=     0.141     0.027
   Residual 1 norm =  1.3448632E-01 Rel =  1.0000000E+00 t=     0.148     0.029
      Convergence: Equations  norm   = F
      Convergence: Individual groups = F
 *D4TRIU WARNING* Lost at least 7 digits in reducing diagonals of       101 equations.
                 Step:      1 Iteration:     0
 *D4TRIU WARNING* Sign of diagonal changed when reducing        27 equations.
                 Step:      1 Iteration:     0
 *D4TRIU WARNING* Reduced diagonal is zero in       138 equations.
                 Step:      1 Iteration:     0
 Condition check: D-max 0.2650E+09; D-min 0.1469E-38; Ratio 0.1804E+48
 Maximum no. diagonal digits lost: 17 in reducing equation     863
   End Triangular Decomposition                          t=     0.154     0.029
   Number of operations =  800438 plus        4 Mega-ops
  Time: CPU =         0.15 , System =         0.03
--> SOLVE AT  1852.37 Mflops. Time=        0.01
   Energy convergence check
    Initial   =    3.041899550456348E-04 Current   =    3.041899550456348E-04
    Relative  =    1.000000000000000E+00 Tolerance =    1.000000000000000E-16
      Convergence: Energy |R*u| norm = F
      Convergence: Individual groups = F
 *Command   9 * next newton         v:   1.00       8.00       1.00    
                                                         t=     0.155     0.029
 *Command   8 * utan                v:   1.00       0.00       0.00    
                                                         t=     0.155     0.029
   Residual 1 norm =  2.7079965E-02 Rel =  2.0135851E-01 t=     0.163     0.029
      Convergence: Equations  norm   = F
      Convergence: Individual groups = F
 *D4TRIU WARNING* Lost at least 7 digits in reducing diagonals of       101 equations.
                 Step:      1 Iteration:     1
 *D4TRIU WARNING* Sign of diagonal changed when reducing        27 equations.
                 Step:      1 Iteration:     1
 *D4TRIU WARNING* Reduced diagonal is zero in       138 equations.
                 Step:      1 Iteration:     1
 Condition check: D-max 0.2650E+09; D-min 0.1469E-38; Ratio 0.1804E+48
 Maximum no. diagonal digits lost: 17 in reducing equation     863
   End Triangular Decomposition                          t=     0.169     0.029
   Number of operations =  800438 plus        4 Mega-ops
  Time: CPU =         0.17 , System =         0.03
--> SOLVE AT  1749.43 Mflops. Time=        0.01
   Energy convergence check
    Initial   =    3.041899550456348E-04 Current   =    3.353830245577055E-07
    Relative  =    1.102544706012370E-03 Tolerance =    1.000000000000000E-16
      Convergence: Energy |R*u| norm = F
      Convergence: Individual groups = F
 *Command   9 * next newton         v:   2.00       8.00       2.00    
                                                         t=     0.170     0.029
 *Command   8 * utan                v:   1.00       0.00       0.00    
                                                         t=     0.170     0.029
   Residual 1 norm =  1.1755940E-05 Rel =  8.7413647E-05 t=     0.179     0.029
      Convergence: Equations  norm   = F
      Convergence: Individual groups = F
 *D4TRIU WARNING* Lost at least 7 digits in reducing diagonals of       101 equations.
                 Step:      1 Iteration:     2
 *D4TRIU WARNING* Sign of diagonal changed when reducing        27 equations.
                 Step:      1 Iteration:     2
 *D4TRIU WARNING* Reduced diagonal is zero in       138 equations.
                 Step:      1 Iteration:     2
 Condition check: D-max 0.2650E+09; D-min 0.1469E-38; Ratio 0.1804E+48
 Maximum no. diagonal digits lost: 17 in reducing equation     863
   End Triangular Decomposition                          t=     0.185     0.029
   Number of operations =  800438 plus        4 Mega-ops
  Time: CPU =         0.19 , System =         0.03
--> SOLVE AT  1447.01 Mflops. Time=        0.01
   Energy convergence check
    Initial   =    3.041899550456348E-04 Current   =    3.845261826548219E-13
    Relative  =    1.264098883860695E-09 Tolerance =    1.000000000000000E-16
      Convergence: Energy |R*u| norm = F
      Convergence: Individual groups = F
 *Command   9 * next newton         v:   3.00       8.00       3.00    
                                                         t=     0.186     0.029
 *Command   8 * utan                v:   1.00       0.00       0.00    
                                                         t=     0.186     0.029
   Residual 1 norm =  4.7924610E-11 Rel =  3.5635305E-10 t=     0.194     0.029
      Convergence: Equations  norm   = T
      Convergence: Individual groups = F
 *D4TRIU WARNING* Lost at least 7 digits in reducing diagonals of       101 equations.
                 Step:      1 Iteration:     3
 *D4TRIU WARNING* Sign of diagonal changed when reducing        27 equations.
                 Step:      1 Iteration:     3
 *D4TRIU WARNING* Reduced diagonal is zero in       138 equations.
                 Step:      1 Iteration:     3
 Condition check: D-max 0.2650E+09; D-min 0.1469E-38; Ratio 0.1804E+48
 Maximum no. diagonal digits lost: 17 in reducing equation     863
   End Triangular Decomposition                          t=     0.200     0.029
   Number of operations =  800438 plus        4 Mega-ops
  Time: CPU =         0.20 , System =         0.03
--> SOLVE AT  1577.53 Mflops. Time=        0.01
   Energy convergence check
    Initial   =    3.041899550456348E-04 Current   =    4.662799007217670E-25
    Relative  =    1.532857653540254E-21 Tolerance =    1.000000000000000E-16
      Convergence: Energy |R*u| norm = T
      Convergence: Individual groups = T
 *Command   9 * next newton         v:   50.0       8.00       4.00    
                                                         t=     0.201     0.029
 *Command  10 * next augment        v:   1.00       6.00       1.00    
                                                         t=     0.201     0.029
 *Command   6 * augm                v:   0.00       0.00       0.00    
                                                         t=     0.201     0.029
 *Command   7 * loop newton         v:   50.0       10.0       0.00    
                                                         t=     0.202     0.029
 *Command   8 * utan                v:   1.00       0.00       0.00    
                                                         t=     0.202     0.029
   Residual 1 norm =  1.6908684E-15 Rel =  1.2572791E-14 t=     0.210     0.029
      Convergence: Equations  norm   = T
      Convergence: Individual groups = T
 *D4TRIU WARNING* Lost at least 7 digits in reducing diagonals of       101 equations.
                 Step:      1 Iteration:     4
 *D4TRIU WARNING* Sign of diagonal changed when reducing        27 equations.
                 Step:      1 Iteration:     4
 *D4TRIU WARNING* Reduced diagonal is zero in       138 equations.
                 Step:      1 Iteration:     4
 Condition check: D-max 0.2650E+09; D-min 0.1469E-38; Ratio 0.1804E+48
 Maximum no. diagonal digits lost: 17 in reducing equation     863
   End Triangular Decomposition                          t=     0.215     0.029
   Number of operations =  800438 plus        4 Mega-ops
  Time: CPU =         0.22 , System =         0.03
--> SOLVE AT  1941.14 Mflops. Time=        0.00
   Energy convergence check
    Initial   =    3.041899550456348E-04 Current   =    4.275897610002370E-34
    Relative  =    1.405666932480034E-30 Tolerance =    1.000000000000000E-16
      Convergence: Energy |R*u| norm = T
      Convergence: Individual groups = T
 *Command   9 * next newton         v:   50.0       8.00       1.00    
                                                         t=     0.216     0.029
 *Command  10 * next augment        v:   2.00       6.00       2.00    
                                                         t=     0.216     0.029

   Augmented iteration converged in loop =   2: Maximum gap =  0.0000E+00

 *Command  11 * plot WIPE           v:   0.00       0.00       0.00    
                                                         t=     0.216     0.029
 *Command  12 * plot UNDE           v:   0.00       0.00       0.00    
                                                         t=     0.216     0.030
 *Command  13 * plot MESH           v:   0.00       0.00       0.00    
                                                         t=     0.216     0.030
 *Command  14 * plot DEFO           v:   1.00       1.00       0.00    
                                                         t=     0.216     0.030
  -> Plots on deformed mesh with scale: 1.00000E+00
                     Eigenvector scale: 0.00000E+00
 *Command  15 * stre ne             v:   1.00       0.00       0.00    
                                                         t=     0.216     0.030
 FEAP *** inflated fiber reinforced soft ring - circum. b.c. top surf. linked in 

     Mixed Element Stresses

    Elmt Mat    1-Coord    2-Coord    3-Coord
     Cauchy   11-Stress  22-Stress  33-Stress  12-Stress  23-Stress  13-Stress
     Almansi  11-Strain  22-Strain  33-Strain  12-Strain  23-Strain  31-Strain
               1-Stress   2-Stress   3-Stress  log(lam1)  log(lam2)  log(lam3)
                  log-J     eff-ep  Yld/1-Fib    2-Fiber    3-Fiber

       1   1  9.567E-03 -2.007E-03  8.003E-04
     Cauchy  -2.104E+03 -3.312E+04  1.363E+02 -5.476E+03 -1.618E+00  3.367E+01
     Almansi  1.134E-02 -3.435E-02  1.446E-02 -1.613E-02 -3.249E-06  9.008E-05
              1.372E+02 -1.166E+03 -3.406E+04  1.506E-02  1.327E-02 -3.413E-02
             -5.800E-03  0.000E+00  0.000E+00  0.000E+00  0.000E+00

       1   1  1.004E-02 -2.106E-03  8.004E-04
     Cauchy  -2.622E+03 -3.222E+04 -3.349E+02 -5.225E+03 -5.221E+00  5.086E+01
     Almansi  1.140E-02 -3.208E-02  1.458E-02 -1.535E-02 -1.310E-05  1.361E-04
             -3.330E+02 -1.728E+03 -3.312E+04  1.441E-02  1.250E-02 -3.271E-02
             -5.800E-03  0.000E+00  0.000E+00  0.000E+00  0.000E+00

       1   1  1.004E-02 -2.106E-03  2.145E-04
     Cauchy  -2.649E+03 -3.221E+04 -3.216E+02 -5.218E+03  1.990E+00 -2.529E+00
     Almansi  1.135E-02 -3.208E-02  1.458E-02 -1.533E-02  5.704E-06 -6.697E-06
             -3.215E+02 -1.755E+03 -3.310E+04  1.443E-02  1.246E-02 -3.269E-02
             -5.800E-03  0.000E+00  0.000E+00  0.000E+00  0.000E+00

       1   1  9.567E-03 -2.007E-03  2.144E-04
     Cauchy  -2.133E+03 -3.310E+04  1.489E+02 -5.468E+03  5.613E+00 -1.980E+01
     Almansi  1.128E-02 -3.434E-02  1.446E-02 -1.611E-02  1.556E-05 -5.279E-05
              1.492E+02 -1.196E+03 -3.404E+04  1.507E-02  1.323E-02 -3.410E-02
             -5.800E-03  0.000E+00  0.000E+00  0.000E+00  0.000E+00

       1   1  9.761E-03 -5.377E-04  8.003E-04
     Cauchy  -1.444E+03 -3.378E+04  1.363E+02 -3.011E+03 -7.151E+00  3.294E+01
     Almansi  1.231E-02 -3.532E-02  1.446E-02 -8.872E-03 -2.018E-05  8.785E-05
              1.372E+02 -1.166E+03 -3.406E+04  1.506E-02  1.327E-02 -3.413E-02
             -5.800E-03  0.000E+00  0.000E+00  0.000E+00  0.000E+00

       1   1  1.024E-02 -5.644E-04  8.004E-04
     Cauchy  -1.992E+03 -3.285E+04 -3.349E+02 -2.875E+03 -8.121E+00  5.048E+01
     Almansi  1.233E-02 -3.300E-02  1.458E-02 -8.447E-03 -2.258E-05  1.349E-04
             -3.330E+02 -1.728E+03 -3.312E+04  1.441E-02  1.250E-02 -3.271E-02
             -5.800E-03  0.000E+00  0.000E+00  0.000E+00  0.000E+00

       1   1  1.024E-02 -5.644E-04  2.145E-04
     Cauchy  -2.021E+03 -3.284E+04 -3.216E+02 -2.871E+03 -1.268E+00 -2.958E+00
     Almansi  1.227E-02 -3.300E-02  1.458E-02 -8.436E-03 -3.776E-06 -7.945E-06
             -3.215E+02 -1.755E+03 -3.310E+04  1.443E-02  1.246E-02 -3.269E-02
             -5.800E-03  0.000E+00  0.000E+00  0.000E+00  0.000E+00

       1   1  9.761E-03 -5.377E-04  2.144E-04
     Cauchy  -1.473E+03 -3.376E+04  1.489E+02 -3.007E+03 -2.960E-01 -2.058E+01
     Almansi  1.226E-02 -3.531E-02  1.446E-02 -8.860E-03 -1.368E-06 -5.502E-05
              1.492E+02 -1.196E+03 -3.404E+04  1.507E-02  1.323E-02 -3.410E-02
             -5.800E-03  0.000E+00  0.000E+00  0.000E+00  0.000E+00
 *Command  16 * next time           v:   1.00       3.00       1.00    
                                                         t=     0.216     0.031
 *Command   3 * dt                  v:  0.100       0.00       0.00    
                                                         t=     0.216     0.031
   DT: equal linear increments = 1.000000E-01
 *Command   4 * time                v:   0.00       0.00       0.00    
                                                         t=     0.216     0.031

   Computing solution at time   2.0000E-01 using dt =  1.0000E-01
   Total proportional load is   2.0000E-01
 *Command   5 * loop augment        v:   3.00       11.0       0.00    
                                                         t=     0.217     0.031
 *Command   6 * augm                v:   0.00       0.00       0.00    
                                                         t=     0.217     0.031
   Current Augmented Lagrangian Factor =  1.00000E+00
 *Command   7 * loop newton         v:   50.0       10.0       0.00    
                                                         t=     0.218     0.031
 *Command   8 * utan                v:   1.00       0.00       0.00    
                                                         t=     0.218     0.031
   Residual 1 norm =  1.3362366E-01 Rel =  1.0000000E+00 t=     0.227     0.031
      Convergence: Equations  norm   = F
      Convergence: Individual groups = F
 *D4TRIU WARNING* Lost at least 7 digits in reducing diagonals of       101 equations.
                 Step:      2 Iteration:     0
 *D4TRIU WARNING* Sign of diagonal changed when reducing        27 equations.
                 Step:      2 Iteration:     0
 *D4TRIU WARNING* Reduced diagonal is zero in       138 equations.
                 Step:      2 Iteration:     0
 Condition check: D-max 0.2650E+09; D-min 0.1469E-38; Ratio 0.1804E+48
 Maximum no. diagonal digits lost: 17 in reducing equation     863
   End Triangular Decomposition                          t=     0.232     0.032
   Number of operations =  800438 plus        4 Mega-ops
  Time: CPU =         0.23 , System =         0.03
--> SOLVE AT  1976.71 Mflops. Time=        0.00
   Energy convergence check
    Initial   =    2.846272169377599E-04 Current   =    2.846272169377599E-04
    Relative  =    1.000000000000000E+00 Tolerance =    1.000000000000000E-16
      Convergence: Energy |R*u| norm = F
      Convergence: Individual groups = F
 *Command   9 * next newton         v:   1.00       8.00       1.00    
                                                         t=     0.232     0.032
 *Command   8 * utan                v:   1.00       0.00       0.00    
                                                         t=     0.232     0.032
   Residual 1 norm =  2.3909443E-02 Rel =  1.7893121E-01 t=     0.241     0.032
      Convergence: Equations  norm   = F
      Convergence: Individual groups = F
 *D4TRIU WARNING* Lost at least 7 digits in reducing diagonals of       101 equations.
                 Step:      2 Iteration:     1
 *D4TRIU WARNING* Sign of diagonal changed when reducing        27 equations.
                 Step:      2 Iteration:     1
 *D4TRIU WARNING* Reduced diagonal is zero in       138 equations.
                 Step:      2 Iteration:     1
 Condition check: D-max 0.2650E+09; D-min 0.1469E-38; Ratio 0.1804E+48
 Maximum no. diagonal digits lost: 17 in reducing equation     863
   End Triangular Decomposition                          t=     0.246     0.032
   Number of operations =  800438 plus        4 Mega-ops
  Time: CPU =         0.25 , System =         0.03
--> SOLVE AT  1900.41 Mflops. Time=        0.01
   Energy convergence check
    Initial   =    2.846272169377599E-04 Current   =    2.907196219312814E-07
    Relative  =    1.021404857409872E-03 Tolerance =    1.000000000000000E-16
      Convergence: Energy |R*u| norm = F
      Convergence: Individual groups = F
 *Command   9 * next newton         v:   2.00       8.00       2.00    
                                                         t=     0.246     0.032
 *Command   8 * utan                v:   1.00       0.00       0.00    
                                                         t=     0.246     0.032
   Residual 1 norm =  9.4648472E-06 Rel =  7.0832120E-05 t=     0.254     0.032
      Convergence: Equations  norm   = F
      Convergence: Individual groups = F
 *D4TRIU WARNING* Lost at least 7 digits in reducing diagonals of       101 equations.
                 Step:      2 Iteration:     2
 *D4TRIU WARNING* Sign of diagonal changed when reducing        27 equations.
                 Step:      2 Iteration:     2
 *D4TRIU WARNING* Reduced diagonal is zero in       138 equations.
                 Step:      2 Iteration:     2
 Condition check: D-max 0.2650E+09; D-min 0.1469E-38; Ratio 0.1804E+48
 Maximum no. diagonal digits lost: 17 in reducing equation     863
   End Triangular Decomposition                          t=     0.260     0.032
   Number of operations =  800438 plus        4 Mega-ops
  Time: CPU =         0.26 , System =         0.03
--> SOLVE AT  1880.69 Mflops. Time=        0.01
   Energy convergence check
    Initial   =    2.846272169377599E-04 Current   =    2.911483009031147E-13
    Relative  =    1.022910964156955E-09 Tolerance =    1.000000000000000E-16
      Convergence: Energy |R*u| norm = F
      Convergence: Individual groups = F
 *Command   9 * next newton         v:   3.00       8.00       3.00    
                                                         t=     0.260     0.032
 *Command   8 * utan                v:   1.00       0.00       0.00    
                                                         t=     0.260     0.032
   Residual 1 norm =  3.4537646E-11 Rel =  2.5846954E-10 t=     0.268     0.032
      Convergence: Equations  norm   = T
      Convergence: Individual groups = F
 *D4TRIU WARNING* Lost at least 7 digits in reducing diagonals of       101 equations.
                 Step:      2 Iteration:     3
 *D4TRIU WARNING* Sign of diagonal changed when reducing        27 equations.
                 Step:      2 Iteration:     3
 *D4TRIU WARNING* Reduced diagonal is zero in       138 equations.
                 Step:      2 Iteration:     3
 Condition check: D-max 0.2650E+09; D-min 0.1469E-38; Ratio 0.1804E+48
 Maximum no. diagonal digits lost: 17 in reducing equation     863
   End Triangular Decomposition                          t=     0.274     0.032
   Number of operations =  800438 plus        4 Mega-ops
  Time: CPU =         0.27 , System =         0.03
--> SOLVE AT  1527.10 Mflops. Time=        0.01
   Energy convergence check
    Initial   =    2.846272169377599E-04 Current   =    2.666470168271966E-25
    Relative  =    9.368289501474659E-22 Tolerance =    1.000000000000000E-16
      Convergence: Energy |R*u| norm = T
      Convergence: Individual groups = T
 *Command   9 * next newton         v:   50.0       8.00       4.00    
                                                         t=     0.275     0.032
 *Command  10 * next augment        v:   1.00       6.00       1.00    
                                                         t=     0.275     0.032
 *Command   6 * augm                v:   0.00       0.00       0.00    
                                                         t=     0.275     0.032
 *Command   7 * loop newton         v:   50.0       10.0       0.00    
                                                         t=     0.276     0.032
 *Command   8 * utan                v:   1.00       0.00       0.00    
                                                         t=     0.276     0.032
   Residual 1 norm =  2.6326811E-15 Rel =  1.9702208E-14 t=     0.285     0.032
      Convergence: Equations  norm   = T
      Convergence: Individual groups = T
 *D4TRIU WARNING* Lost at least 7 digits in reducing diagonals of       101 equations.
                 Step:      2 Iteration:     4
 *D4TRIU WARNING* Sign of diagonal changed when reducing        27 equations.
                 Step:      2 Iteration:     4
 *D4TRIU WARNING* Reduced diagonal is zero in       138 equations.
                 Step:      2 Iteration:     4
 Condition check: D-max 0.2650E+09; D-min 0.1469E-38; Ratio 0.1804E+48
 Maximum no. diagonal digits lost: 17 in reducing equation     863
   End Triangular Decomposition                          t=     0.291     0.032
   Number of operations =  800438 plus        4 Mega-ops
  Time: CPU =         0.29 , System =         0.03
--> SOLVE AT  1794.22 Mflops. Time=        0.01
   Energy convergence check
    Initial   =    2.846272169377599E-04 Current   =    1.138921994234560E-33
    Relative  =    4.001451465140843E-30 Tolerance =    1.000000000000000E-16
      Convergence: Energy |R*u| norm = T
      Convergence: Individual groups = T
 *Command   9 * next newton         v:   50.0       8.00       1.00    
                                                         t=     0.291     0.032
 *Command  10 * next augment        v:   2.00       6.00       2.00    
                                                         t=     0.291     0.032

   Augmented iteration converged in loop =   2: Maximum gap =  0.0000E+00

 *Command  11 * plot WIPE           v:   0.00       0.00       0.00    
                                                         t=     0.291     0.032
 *Command  12 * plot UNDE           v:   0.00       0.00       0.00    
                                                         t=     0.292     0.032
 *Command  13 * plot MESH           v:   0.00       0.00       0.00    
                                                         t=     0.292     0.032
 *Command  14 * plot DEFO           v:   1.00       1.00       0.00    
                                                         t=     0.293     0.032
  -> Plots on deformed mesh with scale: 1.00000E+00
                     Eigenvector scale: 0.00000E+00
 *Command  15 * stre ne             v:   1.00       0.00       0.00    
                                                         t=     0.293     0.032
 FEAP *** inflated fiber reinforced soft ring - circum. b.c. top surf. linked in 

     Mixed Element Stresses

    Elmt Mat    1-Coord    2-Coord    3-Coord
     Cauchy   11-Stress  22-Stress  33-Stress  12-Stress  23-Stress  13-Stress
     Almansi  11-Strain  22-Strain  33-Strain  12-Strain  23-Strain  31-Strain
               1-Stress   2-Stress   3-Stress  log(lam1)  log(lam2)  log(lam3)
                  log-J     eff-ep  Yld/1-Fib    2-Fiber    3-Fiber

       1   1  9.253E-03 -1.941E-03  8.117E-04
     Cauchy  -4.195E+03 -6.433E+04  2.837E+02 -1.068E+04 -3.605E+00  6.370E+01
     Almansi  2.182E-02 -6.997E-02  2.794E-02 -3.259E-02 -5.382E-06  1.609E-04
              2.852E+02 -2.357E+03 -6.617E+04  2.952E-02  2.602E-02 -6.718E-02
             -1.163E-02  0.000E+00  0.000E+00  0.000E+00  0.000E+00

       1   1  9.734E-03 -2.042E-03  8.119E-04
     Cauchy  -5.264E+03 -6.263E+04 -7.082E+02 -1.018E+04 -1.127E+01  1.003E+02
     Almansi  2.196E-02 -6.511E-02  2.815E-02 -3.090E-02 -2.558E-05  2.535E-04
             -7.046E+02 -3.515E+03 -6.438E+04  2.821E-02  2.447E-02 -6.432E-02
             -1.163E-02  0.000E+00  0.000E+00  0.000E+00  0.000E+00

       1   1  9.734E-03 -2.042E-03  2.175E-04
     Cauchy  -5.323E+03 -6.261E+04 -6.794E+02 -1.016E+04  2.544E+00  3.538E-01
     Almansi  2.185E-02 -6.510E-02  2.815E-02 -3.086E-02  7.656E-06  1.106E-06
             -6.794E+02 -3.573E+03 -6.436E+04  2.825E-02  2.439E-02 -6.427E-02
             -1.163E-02  0.000E+00  0.000E+00  0.000E+00  0.000E+00

       1   1  9.254E-03 -1.941E-03  2.175E-04
     Cauchy  -4.256E+03 -6.430E+04  3.110E+02 -1.066E+04  1.028E+01 -3.656E+01
     Almansi  2.170E-02 -6.996E-02  2.794E-02 -3.255E-02  2.787E-05 -9.166E-05
              3.115E+02 -2.420E+03 -6.614E+04  2.956E-02  2.593E-02 -6.713E-02
             -1.163E-02  0.000E+00  0.000E+00  0.000E+00  0.000E+00

       1   1  9.440E-03 -5.201E-04  8.117E-04
     Cauchy  -2.885E+03 -6.564E+04  2.837E+02 -5.788E+03 -1.300E+01  6.246E+01
     Almansi  2.382E-02 -7.197E-02  2.794E-02 -1.767E-02 -3.644E-05  1.568E-04
              2.852E+02 -2.357E+03 -6.617E+04  2.952E-02  2.602E-02 -6.718E-02
             -1.163E-02  0.000E+00  0.000E+00  0.000E+00  0.000E+00

       1   1  9.930E-03 -5.471E-04  8.119E-04
     Cauchy  -4.017E+03 -6.388E+04 -7.082E+02 -5.526E+03 -1.507E+01  9.981E+01
     Almansi  2.385E-02 -6.700E-02  2.815E-02 -1.677E-02 -4.091E-05  2.515E-04
             -7.046E+02 -3.515E+03 -6.438E+04  2.821E-02  2.447E-02 -6.432E-02
             -1.163E-02  0.000E+00  0.000E+00  0.000E+00  0.000E+00

       1   1  9.930E-03 -5.471E-04  2.175E-04
     Cauchy  -4.079E+03 -6.385E+04 -6.794E+02 -5.518E+03 -2.549E+00 -3.166E-01
     Almansi  2.374E-02 -6.699E-02  2.815E-02 -1.675E-02 -7.681E-06 -9.133E-07
             -6.794E+02 -3.573E+03 -6.436E+04  2.825E-02  2.439E-02 -6.427E-02
             -1.163E-02  0.000E+00  0.000E+00  0.000E+00  0.000E+00

       1   1  9.441E-03 -5.201E-04  2.175E-04
     Cauchy  -2.948E+03 -6.561E+04  3.110E+02 -5.779E+03 -4.704E-01 -3.798E+01
     Almansi  2.370E-02 -7.195E-02  2.794E-02 -1.764E-02 -3.197E-06 -9.575E-05
              3.115E+02 -2.420E+03 -6.614E+04  2.956E-02  2.593E-02 -6.713E-02
             -1.163E-02  0.000E+00  0.000E+00  0.000E+00  0.000E+00
 *Command  16 * next time           v:   2.00       3.00       2.00    
                                                         t=     0.294     0.032
 *Command   3 * dt                  v:  0.100       0.00       0.00    
                                                         t=     0.294     0.032
   DT: equal linear increments = 1.000000E-01
 *Command   4 * time                v:   0.00       0.00       0.00    
                                                         t=     0.294     0.032

   Computing solution at time   3.0000E-01 using dt =  1.0000E-01
   Total proportional load is   3.0000E-01
 *Command   5 * loop augment        v:   3.00       11.0       0.00    
                                                         t=     0.295     0.032
 *Command   6 * augm                v:   0.00       0.00       0.00    
                                                         t=     0.295     0.032
   Current Augmented Lagrangian Factor =  1.00000E+00
 *Command   7 * loop newton         v:   50.0       10.0       0.00    
                                                         t=     0.297     0.032
 *Command   8 * utan                v:   1.00       0.00       0.00    
                                                         t=     0.297     0.032
   Residual 1 norm =  1.3279514E-01 Rel =  1.0000000E+00 t=     0.307     0.032
      Convergence: Equations  norm   = F
      Convergence: Individual groups = F
 *D4TRIU WARNING* Lost at least 7 digits in reducing diagonals of       101 equations.
                 Step:      3 Iteration:     0
 *D4TRIU WARNING* Sign of diagonal changed when reducing        27 equations.
                 Step:      3 Iteration:     0
 *D4TRIU WARNING* Reduced diagonal is zero in       138 equations.
                 Step:      3 Iteration:     0
 Condition check: D-max 0.2650E+09; D-min 0.1469E-38; Ratio 0.1804E+48
 Maximum no. diagonal digits lost: 17 in reducing equation     863
   End Triangular Decomposition                          t=     0.313     0.032
   Number of operations =  800438 plus        4 Mega-ops
  Time: CPU =         0.31 , System =         0.03
--> SOLVE AT  1537.37 Mflops. Time=        0.01
   Energy convergence check
    Initial   =    2.666557777583807E-04 Current   =    2.666557777583807E-04
    Relative  =    1.000000000000000E+00 Tolerance =    1.000000000000000E-16
      Convergence: Energy |R*u| norm = F
      Convergence: Individual groups = F
 *Command   9 * next newton         v:   1.00       8.00       1.00    
                                                         t=     0.314     0.032
 *Command   8 * utan                v:   1.00       0.00       0.00    
                                                         t=     0.314     0.032
   Residual 1 norm =  2.1130132E-02 Rel =  1.5911827E-01 t=     0.322     0.033
      Convergence: Equations  norm   = F
      Convergence: Individual groups = F
 *D4TRIU WARNING* Lost at least 7 digits in reducing diagonals of       101 equations.
                 Step:      3 Iteration:     1
 *D4TRIU WARNING* Sign of diagonal changed when reducing        27 equations.
                 Step:      3 Iteration:     1
 *D4TRIU WARNING* Reduced diagonal is zero in       138 equations.
                 Step:      3 Iteration:     1
 Condition check: D-max 0.2650E+09; D-min 0.1469E-38; Ratio 0.1804E+48
 Maximum no. diagonal digits lost: 17 in reducing equation     863
   End Triangular Decomposition                          t=     0.328     0.033
   Number of operations =  800438 plus        4 Mega-ops
  Time: CPU =         0.33 , System =         0.03
--> SOLVE AT  1675.54 Mflops. Time=        0.01
   Energy convergence check
    Initial   =    2.666557777583807E-04 Current   =    2.521978557970207E-07
    Relative  =    9.457805786812521E-04 Tolerance =    1.000000000000000E-16
      Convergence: Energy |R*u| norm = F
      Convergence: Individual groups = F
 *Command   9 * next newton         v:   2.00       8.00       2.00    
                                                         t=     0.329     0.033
 *Command   8 * utan                v:   1.00       0.00       0.00    
                                                         t=     0.329     0.033
   Residual 1 norm =  7.6573192E-06 Rel =  5.7662648E-05 t=     0.338     0.033
      Convergence: Equations  norm   = F
      Convergence: Individual groups = F
 *D4TRIU WARNING* Lost at least 7 digits in reducing diagonals of       101 equations.
                 Step:      3 Iteration:     2
 *D4TRIU WARNING* Sign of diagonal changed when reducing        27 equations.
                 Step:      3 Iteration:     2
 *D4TRIU WARNING* Reduced diagonal is zero in       138 equations.
                 Step:      3 Iteration:     2
 Condition check: D-max 0.2650E+09; D-min 0.1469E-38; Ratio 0.1804E+48
 Maximum no. diagonal digits lost: 17 in reducing equation     863
   End Triangular Decomposition                          t=     0.344     0.033
   Number of operations =  800438 plus        4 Mega-ops
  Time: CPU =         0.34 , System =         0.03
--> SOLVE AT  1692.38 Mflops. Time=        0.01
   Energy convergence check
    Initial   =    2.666557777583807E-04 Current   =    2.198075391876756E-13
    Relative  =    8.243119314176095E-10 Tolerance =    1.000000000000000E-16
      Convergence: Energy |R*u| norm = F
      Convergence: Individual groups = F
 *Command   9 * next newton         v:   3.00       8.00       3.00    
                                                         t=     0.345     0.033
 *Command   8 * utan                v:   1.00       0.00       0.00    
                                                         t=     0.345     0.033
   Residual 1 norm =  2.4821395E-11 Rel =  1.8691494E-10 t=     0.354     0.033
      Convergence: Equations  norm   = T
      Convergence: Individual groups = T
 *D4TRIU WARNING* Lost at least 7 digits in reducing diagonals of       101 equations.
                 Step:      3 Iteration:     3
 *D4TRIU WARNING* Sign of diagonal changed when reducing        27 equations.
                 Step:      3 Iteration:     3
 *D4TRIU WARNING* Reduced diagonal is zero in       138 equations.
                 Step:      3 Iteration:     3
 Condition check: D-max 0.2650E+09; D-min 0.1469E-38; Ratio 0.1804E+48
 Maximum no. diagonal digits lost: 17 in reducing equation     863
   End Triangular Decomposition                          t=     0.360     0.033
   Number of operations =  800438 plus        4 Mega-ops
  Time: CPU =         0.36 , System =         0.03
--> SOLVE AT  1725.85 Mflops. Time=        0.01
   Energy convergence check
    Initial   =    2.666557777583807E-04 Current   =    1.514677258816087E-25
    Relative  =    5.680271665399839E-22 Tolerance =    1.000000000000000E-16
      Convergence: Energy |R*u| norm = T
      Convergence: Individual groups = T
 *Command   9 * next newton         v:   50.0       8.00       4.00    
                                                         t=     0.361     0.033
 *Command  10 * next augment        v:   1.00       6.00       1.00    
                                                         t=     0.361     0.033
 *Command   6 * augm                v:   0.00       0.00       0.00    
                                                         t=     0.361     0.033
 *Command   7 * loop newton         v:   50.0       10.0       0.00    
                                                         t=     0.362     0.033
 *Command   8 * utan                v:   1.00       0.00       0.00    
                                                         t=     0.362     0.033
   Residual 1 norm =  3.8405643E-15 Rel =  2.8920972E-14 t=     0.371     0.033
      Convergence: Equations  norm   = T
      Convergence: Individual groups = T
 *D4TRIU WARNING* Lost at least 7 digits in reducing diagonals of       101 equations.
                 Step:      3 Iteration:     4
 *D4TRIU WARNING* Sign of diagonal changed when reducing        27 equations.
                 Step:      3 Iteration:     4
 *D4TRIU WARNING* Reduced diagonal is zero in       138 equations.
                 Step:      3 Iteration:     4
 Condition check: D-max 0.2650E+09; D-min 0.1469E-38; Ratio 0.1804E+48
 Maximum no. diagonal digits lost: 17 in reducing equation     863
   End Triangular Decomposition                          t=     0.377     0.033
   Number of operations =  800438 plus        4 Mega-ops
  Time: CPU =         0.38 , System =         0.03
--> SOLVE AT  1844.55 Mflops. Time=        0.01
   Energy convergence check
    Initial   =    2.666557777583807E-04 Current   =    2.319140201187795E-33
    Relative  =    8.697130887931443E-30 Tolerance =    1.000000000000000E-16
      Convergence: Energy |R*u| norm = T
      Convergence: Individual groups = T
 *Command   9 * next newton         v:   50.0       8.00       1.00    
                                                         t=     0.377     0.033
 *Command  10 * next augment        v:   2.00       6.00       2.00    
                                                         t=     0.377     0.033

   Augmented iteration converged in loop =   2: Maximum gap =  0.0000E+00

 *Command  11 * plot WIPE           v:   0.00       0.00       0.00    
                                                         t=     0.377     0.033
 *Command  12 * plot UNDE           v:   0.00       0.00       0.00    
                                                         t=     0.377     0.034
 *Command  13 * plot MESH           v:   0.00       0.00       0.00    
                                                         t=     0.377     0.034
 *Command  14 * plot DEFO           v:   1.00       1.00       0.00    
                                                         t=     0.377     0.034
  -> Plots on deformed mesh with scale: 1.00000E+00
                     Eigenvector scale: 0.00000E+00
 *Command  15 * stre ne             v:   1.00       0.00       0.00    
                                                         t=     0.377     0.034
 FEAP *** inflated fiber reinforced soft ring - circum. b.c. top surf. linked in 

     Mixed Element Stresses

    Elmt Mat    1-Coord    2-Coord    3-Coord
     Cauchy   11-Stress  22-Stress  33-Stress  12-Stress  23-Stress  13-Stress
     Almansi  11-Strain  22-Strain  33-Strain  12-Strain  23-Strain  31-Strain
               1-Stress   2-Stress   3-Stress  log(lam1)  log(lam2)  log(lam3)
                  log-J     eff-ep  Yld/1-Fib    2-Fiber    3-Fiber

       1   1  8.959E-03 -1.879E-03  8.227E-04
     Cauchy  -6.276E+03 -9.384E+04  4.423E+02 -1.563E+04 -5.852E+00  9.051E+01
     Almansi  3.149E-02 -1.068E-01  4.054E-02 -4.938E-02 -6.737E-06  2.163E-04
              4.444E+02 -3.573E+03 -9.655E+04  4.343E-02  3.826E-02 -9.919E-02
             -1.750E-02  0.000E+00  0.000E+00  0.000E+00  0.000E+00

       1   1  9.445E-03 -1.981E-03  8.230E-04
     Cauchy  -7.932E+03 -9.143E+04 -1.119E+03 -1.489E+04 -1.805E+01  1.488E+02
     Almansi  3.173E-02 -9.905E-02  4.081E-02 -4.664E-02 -3.773E-05  3.558E-04
             -1.114E+03 -5.362E+03 -9.400E+04  4.143E-02  3.594E-02 -9.488E-02
             -1.750E-02  0.000E+00  0.000E+00  0.000E+00  0.000E+00

       1   1  9.445E-03 -1.981E-03  2.205E-04
     Cauchy  -8.026E+03 -9.139E+04 -1.072E+03 -1.487E+04  1.759E+00  8.430E+00
     Almansi  3.156E-02 -9.904E-02  4.081E-02 -4.658E-02  6.420E-06  2.050E-05
             -1.072E+03 -5.454E+03 -9.396E+04  4.148E-02  3.582E-02 -9.481E-02
             -1.750E-02  0.000E+00  0.000E+00  0.000E+00  0.000E+00

       1   1  8.959E-03 -1.879E-03  2.204E-04
     Cauchy  -6.373E+03 -9.380E+04  4.864E+02 -1.560E+04  1.411E+01 -5.050E+01
     Almansi  3.133E-02 -1.068E-01  4.054E-02 -4.932E-02  3.745E-05 -1.193E-04
              4.871E+02 -3.672E+03 -9.651E+04  4.348E-02  3.813E-02 -9.912E-02
             -1.750E-02  0.000E+00  0.000E+00  0.000E+00  0.000E+00

       1   1  9.140E-03 -5.035E-04  8.227E-04
     Cauchy  -4.328E+03 -9.579E+04  4.423E+02 -8.357E+03 -1.777E+01  8.894E+01
     Almansi  3.457E-02 -1.099E-01  4.054E-02 -2.640E-02 -4.947E-05  2.106E-04
              4.444E+02 -3.573E+03 -9.655E+04  4.343E-02  3.826E-02 -9.919E-02
             -1.750E-02  0.000E+00  0.000E+00  0.000E+00  0.000E+00

       1   1  9.636E-03 -5.308E-04  8.230E-04
     Cauchy  -6.080E+03 -9.328E+04 -1.119E+03 -7.978E+03 -2.108E+01  1.484E+02
     Almansi  3.463E-02 -1.019E-01  4.081E-02 -2.499E-02 -5.565E-05  3.535E-04
             -1.114E+03 -5.362E+03 -9.400E+04  4.143E-02  3.594E-02 -9.488E-02
             -1.750E-02  0.000E+00  0.000E+00  0.000E+00  0.000E+00

       1   1  9.636E-03 -5.309E-04  2.205E-04
     Cauchy  -6.177E+03 -9.324E+04 -1.072E+03 -7.966E+03 -3.880E+00  7.687E+00
     Almansi  3.445E-02 -1.019E-01  4.081E-02 -2.496E-02 -1.151E-05  1.814E-05
             -1.072E+03 -5.454E+03 -9.396E+04  4.148E-02  3.582E-02 -9.481E-02
             -1.750E-02  0.000E+00  0.000E+00  0.000E+00  0.000E+00

       1   1  9.140E-03 -5.036E-04  2.204E-04
     Cauchy  -4.428E+03 -9.575E+04  4.864E+02 -8.344E+03 -5.615E-01 -5.243E+01
     Almansi  3.440E-02 -1.099E-01  4.054E-02 -2.637E-02 -5.289E-06 -1.249E-04
              4.871E+02 -3.672E+03 -9.651E+04  4.348E-02  3.813E-02 -9.912E-02
             -1.750E-02  0.000E+00  0.000E+00  0.000E+00  0.000E+00
 *Command  16 * next time           v:   3.00       3.00       3.00    
                                                         t=     0.378     0.034
 *Command   3 * dt                  v:  0.100       0.00       0.00    
                                                         t=     0.378     0.034
   DT: equal linear increments = 1.000000E-01
 *Command   4 * time                v:   0.00       0.00       0.00    
                                                         t=     0.378     0.034

   Computing solution at time   4.0000E-01 using dt =  1.0000E-01
   Total proportional load is   4.0000E-01
 *Command   5 * loop augment        v:   3.00       11.0       0.00    
                                                         t=     0.379     0.034
 *Command   6 * augm                v:   0.00       0.00       0.00    
                                                         t=     0.379     0.034
   Current Augmented Lagrangian Factor =  1.00000E+00
 *Command   7 * loop newton         v:   50.0       10.0       0.00    
                                                         t=     0.381     0.034
 *Command   8 * utan                v:   1.00       0.00       0.00    
                                                         t=     0.381     0.035
   Residual 1 norm =  1.3199966E-01 Rel =  1.0000000E+00 t=     0.388     0.035
      Convergence: Equations  norm   = F
      Convergence: Individual groups = F
 *D4TRIU WARNING* Lost at least 7 digits in reducing diagonals of       101 equations.
                 Step:      4 Iteration:     0
 *D4TRIU WARNING* Sign of diagonal changed when reducing        27 equations.
                 Step:      4 Iteration:     0
 *D4TRIU WARNING* Reduced diagonal is zero in       138 equations.
                 Step:      4 Iteration:     0
 Condition check: D-max 0.2650E+09; D-min 0.1469E-38; Ratio 0.1804E+48
 Maximum no. diagonal digits lost: 17 in reducing equation     863
   End Triangular Decomposition                          t=     0.393     0.035
   Number of operations =  800438 plus        4 Mega-ops
  Time: CPU =         0.39 , System =         0.03
--> SOLVE AT  1827.35 Mflops. Time=        0.01
   Energy convergence check
    Initial   =    2.501556811388644E-04 Current   =    2.501556811388644E-04
    Relative  =    1.000000000000000E+00 Tolerance =    1.000000000000000E-16
      Convergence: Energy |R*u| norm = F
      Convergence: Individual groups = F
 *Command   9 * next newton         v:   1.00       8.00       1.00    
                                                         t=     0.394     0.035
 *Command   8 * utan                v:   1.00       0.00       0.00    
                                                         t=     0.394     0.035
   Residual 1 norm =  1.8694090E-02 Rel =  1.4162225E-01 t=     0.403     0.035
      Convergence: Equations  norm   = F
      Convergence: Individual groups = F
 *D4TRIU WARNING* Lost at least 7 digits in reducing diagonals of       101 equations.
                 Step:      4 Iteration:     1
 *D4TRIU WARNING* Sign of diagonal changed when reducing        27 equations.
                 Step:      4 Iteration:     1
 *D4TRIU WARNING* Reduced diagonal is zero in       138 equations.
                 Step:      4 Iteration:     1
 Condition check: D-max 0.2650E+09; D-min 0.1469E-38; Ratio 0.1804E+48
 Maximum no. diagonal digits lost: 17 in reducing equation     863
   End Triangular Decomposition                          t=     0.408     0.035
   Number of operations =  800438 plus        4 Mega-ops
  Time: CPU =         0.41 , System =         0.03
--> SOLVE AT  1803.99 Mflops. Time=        0.01
   Energy convergence check
    Initial   =    2.501556811388644E-04 Current   =    2.190558966978839E-07
    Relative  =    8.756782804236351E-04 Tolerance =    1.000000000000000E-16
      Convergence: Energy |R*u| norm = F
      Convergence: Individual groups = F
 *Command   9 * next newton         v:   2.00       8.00       2.00    
                                                         t=     0.409     0.035
 *Command   8 * utan                v:   1.00       0.00       0.00    
                                                         t=     0.409     0.035
   Residual 1 norm =  6.2276097E-06 Rel =  4.7178982E-05 t=     0.417     0.035
      Convergence: Equations  norm   = F
      Convergence: Individual groups = F
 *D4TRIU WARNING* Lost at least 7 digits in reducing diagonals of       101 equations.
                 Step:      4 Iteration:     2
 *D4TRIU WARNING* Sign of diagonal changed when reducing        27 equations.
                 Step:      4 Iteration:     2
 *D4TRIU WARNING* Reduced diagonal is zero in       138 equations.
                 Step:      4 Iteration:     2
 Condition check: D-max 0.2650E+09; D-min 0.1469E-38; Ratio 0.1804E+48
 Maximum no. diagonal digits lost: 17 in reducing equation     863
   End Triangular Decomposition                          t=     0.421     0.035
   Number of operations =  800438 plus        4 Mega-ops
  Time: CPU =         0.42 , System =         0.03
--> SOLVE AT  2303.47 Mflops. Time=        0.00
   Energy convergence check
    Initial   =    2.501556811388644E-04 Current   =    1.657625411802802E-13
    Relative  =    6.626375240635187E-10 Tolerance =    1.000000000000000E-16
      Convergence: Energy |R*u| norm = F
      Convergence: Individual groups = F
 *Command   9 * next newton         v:   3.00       8.00       3.00    
                                                         t=     0.422     0.035
 *Command   8 * utan                v:   1.00       0.00       0.00    
                                                         t=     0.422     0.035
   Residual 1 norm =  1.7823023E-11 Rel =  1.3502325E-10 t=     0.429     0.035
      Convergence: Equations  norm   = T
      Convergence: Individual groups = T
 *D4TRIU WARNING* Lost at least 7 digits in reducing diagonals of       101 equations.
                 Step:      4 Iteration:     3
 *D4TRIU WARNING* Sign of diagonal changed when reducing        27 equations.
                 Step:      4 Iteration:     3
 *D4TRIU WARNING* Reduced diagonal is zero in       138 equations.
                 Step:      4 Iteration:     3
 Condition check: D-max 0.2650E+09; D-min 0.1469E-38; Ratio 0.1804E+48
 Maximum no. diagonal digits lost: 17 in reducing equation     863
   End Triangular Decomposition                          t=     0.433     0.035
   Number of operations =  800438 plus        4 Mega-ops
  Time: CPU =         0.43 , System =         0.03
--> SOLVE AT  2130.21 Mflops. Time=        0.00
   Energy convergence check
    Initial   =    2.501556811388644E-04 Current   =    8.576708690939277E-26
    Relative  =    3.428548435075614E-22 Tolerance =    1.000000000000000E-16
      Convergence: Energy |R*u| norm = T
      Convergence: Individual groups = T
 *Command   9 * next newton         v:   50.0       8.00       4.00    
                                                         t=     0.434     0.035
 *Command  10 * next augment        v:   1.00       6.00       1.00    
                                                         t=     0.434     0.035
 *Command   6 * augm                v:   0.00       0.00       0.00    
                                                         t=     0.434     0.035
 *Command   7 * loop newton         v:   50.0       10.0       0.00    
                                                         t=     0.434     0.036
 *Command   8 * utan                v:   1.00       0.00       0.00    
                                                         t=     0.434     0.036
   Residual 1 norm =  5.7005201E-15 Rel =  4.3185869E-14 t=     0.440     0.036
      Convergence: Equations  norm   = T
      Convergence: Individual groups = T
 *D4TRIU WARNING* Lost at least 7 digits in reducing diagonals of       101 equations.
                 Step:      4 Iteration:     4
 *D4TRIU WARNING* Sign of diagonal changed when reducing        27 equations.
                 Step:      4 Iteration:     4
 *D4TRIU WARNING* Reduced diagonal is zero in       138 equations.
                 Step:      4 Iteration:     4
 Condition check: D-max 0.2650E+09; D-min 0.1469E-38; Ratio 0.1804E+48
 Maximum no. diagonal digits lost: 17 in reducing equation     863
   End Triangular Decomposition                          t=     0.445     0.036
   Number of operations =  800438 plus        4 Mega-ops
  Time: CPU =         0.45 , System =         0.04
--> SOLVE AT  1812.16 Mflops. Time=        0.01
   Energy convergence check
    Initial   =    2.501556811388644E-04 Current   =    5.481149996936039E-33
    Relative  =    2.191095549772219E-29 Tolerance =    1.000000000000000E-16
      Convergence: Energy |R*u| norm = T
      Convergence: Individual groups = T
 *Command   9 * next newton         v:   50.0       8.00       1.00    
                                                         t=     0.446     0.036
 *Command  10 * next augment        v:   2.00       6.00       2.00    
                                                         t=     0.446     0.036

   Augmented iteration converged in loop =   2: Maximum gap =  0.0000E+00

 *Command  11 * plot WIPE           v:   0.00       0.00       0.00    
                                                         t=     0.446     0.036
 *Command  12 * plot UNDE           v:   0.00       0.00       0.00    
                                                         t=     0.446     0.036
 *Command  13 * plot MESH           v:   0.00       0.00       0.00    
                                                         t=     0.446     0.036
 *Command  14 * plot DEFO           v:   1.00       1.00       0.00    
                                                         t=     0.446     0.036
  -> Plots on deformed mesh with scale: 1.00000E+00
                     Eigenvector scale: 0.00000E+00
 *Command  15 * stre ne             v:   1.00       0.00       0.00    
                                                         t=     0.446     0.036
 FEAP *** inflated fiber reinforced soft ring - circum. b.c. top surf. linked in 

     Mixed Element Stresses

    Elmt Mat    1-Coord    2-Coord    3-Coord
     Cauchy   11-Stress  22-Stress  33-Stress  12-Stress  23-Stress  13-Stress
     Almansi  11-Strain  22-Strain  33-Strain  12-Strain  23-Strain  31-Strain
               1-Stress   2-Stress   3-Stress  log(lam1)  log(lam2)  log(lam3)
                  log-J     eff-ep  Yld/1-Fib    2-Fiber    3-Fiber

       1   1  8.682E-03 -1.821E-03  8.335E-04
     Cauchy  -8.353E+03 -1.218E+05  6.123E+02 -2.036E+04 -8.276E+00  1.145E+02
     Almansi  4.043E-02 -1.450E-01  5.231E-02 -6.652E-02 -7.571E-06  2.593E-04
              6.147E+02 -4.814E+03 -1.254E+05  5.680E-02  5.003E-02 -1.302E-01
             -2.339E-02  0.000E+00  0.000E+00  0.000E+00  0.000E+00

       1   1  9.174E-03 -1.924E-03  8.338E-04
     Cauchy  -1.063E+04 -1.188E+05 -1.567E+03 -1.938E+04 -2.548E+01  1.968E+02
     Almansi  4.077E-02 -1.339E-01  5.264E-02 -6.259E-02 -4.977E-05  4.460E-04
             -1.560E+03 -7.269E+03 -1.222E+05  5.410E-02  4.694E-02 -1.244E-01
             -2.339E-02  0.000E+00  0.000E+00  0.000E+00  0.000E+00

       1   1  9.174E-03 -1.924E-03  2.234E-04
     Cauchy  -1.076E+04 -1.187E+05 -1.500E+03 -1.935E+04 -2.691E-01  2.146E+01
     Almansi  4.054E-02 -1.339E-01  5.264E-02 -6.251E-02  2.490E-06  4.904E-05
             -1.500E+03 -7.399E+03 -1.221E+05  5.417E-02  4.677E-02 -1.243E-01
             -2.339E-02  0.000E+00  0.000E+00  0.000E+00  0.000E+00

       1   1  8.683E-03 -1.821E-03  2.233E-04
     Cauchy  -8.490E+03 -1.218E+05  6.754E+02 -2.033E+04  1.720E+01 -6.186E+01
     Almansi  4.021E-02 -1.449E-01  5.231E-02 -6.642E-02  4.475E-05 -1.380E-04
              6.761E+02 -4.954E+03 -1.253E+05  5.687E-02  4.985E-02 -1.301E-01
             -2.339E-02  0.000E+00  0.000E+00  0.000E+00  0.000E+00

       1   1  8.858E-03 -4.880E-04  8.335E-04
     Cauchy  -5.776E+03 -1.244E+05  6.123E+02 -1.074E+04 -2.165E+01  1.128E+02
     Almansi  4.464E-02 -1.492E-01  5.231E-02 -3.509E-02 -5.980E-05  2.524E-04
              6.147E+02 -4.814E+03 -1.254E+05  5.680E-02  5.003E-02 -1.302E-01
             -2.339E-02  0.000E+00  0.000E+00  0.000E+00  0.000E+00

       1   1  9.359E-03 -5.156E-04  8.338E-04
     Cauchy  -8.184E+03 -1.212E+05 -1.567E+03 -1.025E+04 -2.631E+01  1.967E+02
     Almansi  4.472E-02 -1.378E-01  5.264E-02 -3.311E-02 -6.736E-05  4.437E-04
             -1.560E+03 -7.269E+03 -1.222E+05  5.410E-02  4.694E-02 -1.244E-01
             -2.339E-02  0.000E+00  0.000E+00  0.000E+00  0.000E+00

       1   1  9.359E-03 -5.156E-04  2.234E-04
     Cauchy  -8.320E+03 -1.212E+05 -1.500E+03 -1.024E+04 -5.293E+00  2.080E+01
     Almansi  4.449E-02 -1.378E-01  5.264E-02 -3.307E-02 -1.510E-05  4.673E-05
             -1.500E+03 -7.399E+03 -1.221E+05  5.417E-02  4.677E-02 -1.243E-01
             -2.339E-02  0.000E+00  0.000E+00  0.000E+00  0.000E+00

       1   1  8.858E-03 -4.880E-04  2.233E-04
     Cauchy  -5.917E+03 -1.244E+05  6.754E+02 -1.072E+04 -5.998E-01 -6.420E+01
     Almansi  4.441E-02 -1.491E-01  5.231E-02 -3.505E-02 -7.499E-06 -1.449E-04
              6.761E+02 -4.954E+03 -1.253E+05  5.687E-02  4.985E-02 -1.301E-01
             -2.339E-02  0.000E+00  0.000E+00  0.000E+00  0.000E+00
 *Command  16 * next time           v:   4.00       3.00       4.00    
                                                         t=     0.447     0.036
 *Command   3 * dt                  v:  0.100       0.00       0.00    
                                                         t=     0.447     0.036
   DT: equal linear increments = 1.000000E-01
 *Command   4 * time                v:   0.00       0.00       0.00    
                                                         t=     0.447     0.036

   Computing solution at time   5.0000E-01 using dt =  1.0000E-01
   Total proportional load is   5.0000E-01
 *Command   5 * loop augment        v:   3.00       11.0       0.00    
                                                         t=     0.449     0.036
 *Command   6 * augm                v:   0.00       0.00       0.00    
                                                         t=     0.449     0.036
   Current Augmented Lagrangian Factor =  1.00000E+00
 *Command   7 * loop newton         v:   50.0       10.0       0.00    
                                                         t=     0.450     0.036
 *Command   8 * utan                v:   1.00       0.00       0.00    
                                                         t=     0.450     0.036
   Residual 1 norm =  1.3123592E-01 Rel =  1.0000000E+00 t=     0.457     0.036
      Convergence: Equations  norm   = F
      Convergence: Individual groups = F
 *D4TRIU WARNING* Lost at least 7 digits in reducing diagonals of       101 equations.
                 Step:      5 Iteration:     0
 *D4TRIU WARNING* Sign of diagonal changed when reducing        27 equations.
                 Step:      5 Iteration:     0
 *D4TRIU WARNING* Reduced diagonal is zero in       138 equations.
                 Step:      5 Iteration:     0
 Condition check: D-max 0.2650E+09; D-min 0.1469E-38; Ratio 0.1804E+48
 Maximum no. diagonal digits lost: 17 in reducing equation     863
   End Triangular Decomposition                          t=     0.462     0.036
   Number of operations =  800438 plus        4 Mega-ops
  Time: CPU =         0.46 , System =         0.04
--> SOLVE AT  1958.56 Mflops. Time=        0.00
   Energy convergence check
    Initial   =    2.350071693498875E-04 Current   =    2.350071693498875E-04
    Relative  =    1.000000000000000E+00 Tolerance =    1.000000000000000E-16
      Convergence: Energy |R*u| norm = F
      Convergence: Individual groups = F
 *Command   9 * next newton         v:   1.00       8.00       1.00    
                                                         t=     0.463     0.036
 *Command   8 * utan                v:   1.00       0.00       0.00    
                                                         t=     0.463     0.036
   Residual 1 norm =  1.6558000E-02 Rel =  1.2616972E-01 t=     0.470     0.037
      Convergence: Equations  norm   = F
      Convergence: Individual groups = F
 *D4TRIU WARNING* Lost at least 7 digits in reducing diagonals of       101 equations.
                 Step:      5 Iteration:     1
 *D4TRIU WARNING* Sign of diagonal changed when reducing        27 equations.
                 Step:      5 Iteration:     1
 *D4TRIU WARNING* Reduced diagonal is zero in       138 equations.
                 Step:      5 Iteration:     1
 Condition check: D-max 0.2650E+09; D-min 0.1469E-38; Ratio 0.1804E+48
 Maximum no. diagonal digits lost: 17 in reducing equation     863
   End Triangular Decomposition                          t=     0.474     0.037
   Number of operations =  800438 plus        4 Mega-ops
  Time: CPU =         0.47 , System =         0.04
--> SOLVE AT  2403.81 Mflops. Time=        0.00
   Energy convergence check
    Initial   =    2.350071693498875E-04 Current   =    1.905797975189257E-07
    Relative  =    8.109531213287514E-04 Tolerance =    1.000000000000000E-16
      Convergence: Energy |R*u| norm = F
      Convergence: Individual groups = F
 *Command   9 * next newton         v:   2.00       8.00       2.00    
                                                         t=     0.474     0.037
 *Command   8 * utan                v:   1.00       0.00       0.00    
                                                         t=     0.475     0.037
   Residual 1 norm =  5.0927218E-06 Rel =  3.8805853E-05 t=     0.484     0.037
      Convergence: Equations  norm   = F
      Convergence: Individual groups = F
 *D4TRIU WARNING* Lost at least 7 digits in reducing diagonals of       101 equations.
                 Step:      5 Iteration:     2
 *D4TRIU WARNING* Sign of diagonal changed when reducing        27 equations.
                 Step:      5 Iteration:     2
 *D4TRIU WARNING* Reduced diagonal is zero in       138 equations.
                 Step:      5 Iteration:     2
 Condition check: D-max 0.2650E+09; D-min 0.1469E-38; Ratio 0.1804E+48
 Maximum no. diagonal digits lost: 17 in reducing equation     863
   End Triangular Decomposition                          t=     0.490     0.037
   Number of operations =  800438 plus        4 Mega-ops
  Time: CPU =         0.49 , System =         0.04
--> SOLVE AT  1664.80 Mflops. Time=        0.01
   Energy convergence check
    Initial   =    2.350071693498875E-04 Current   =    1.250421288194155E-13
    Relative  =    5.320779326236131E-10 Tolerance =    1.000000000000000E-16
      Convergence: Energy |R*u| norm = F
      Convergence: Individual groups = F
 *Command   9 * next newton         v:   3.00       8.00       3.00    
                                                         t=     0.491     0.037
 *Command   8 * utan                v:   1.00       0.00       0.00    
                                                         t=     0.491     0.037
   Residual 1 norm =  1.2804595E-11 Rel =  9.7569285E-11 t=     0.501     0.037
      Convergence: Equations  norm   = T
      Convergence: Individual groups = T
 *D4TRIU WARNING* Lost at least 7 digits in reducing diagonals of       101 equations.
                 Step:      5 Iteration:     3
 *D4TRIU WARNING* Sign of diagonal changed when reducing        27 equations.
                 Step:      5 Iteration:     3
 *D4TRIU WARNING* Reduced diagonal is zero in       138 equations.
                 Step:      5 Iteration:     3
 Condition check: D-max 0.2650E+09; D-min 0.1469E-38; Ratio 0.1804E+48
 Maximum no. diagonal digits lost: 17 in reducing equation     863
   End Triangular Decomposition                          t=     0.507     0.037
   Number of operations =  800438 plus        4 Mega-ops
  Time: CPU =         0.51 , System =         0.04
--> SOLVE AT  1660.47 Mflops. Time=        0.01
   Energy convergence check
    Initial   =    2.350071693498875E-04 Current   =    4.855013367567094E-26
    Relative  =    2.065900108919132E-22 Tolerance =    1.000000000000000E-16
      Convergence: Energy |R*u| norm = T
      Convergence: Individual groups = T
 *Command   9 * next newton         v:   50.0       8.00       4.00    
                                                         t=     0.507     0.037
 *Command  10 * next augment        v:   1.00       6.00       1.00    
                                                         t=     0.507     0.037
 *Command   6 * augm                v:   0.00       0.00       0.00    
                                                         t=     0.507     0.037
 *Command   7 * loop newton         v:   50.0       10.0       0.00    
                                                         t=     0.509     0.037
 *Command   8 * utan                v:   1.00       0.00       0.00    
                                                         t=     0.509     0.037
   Residual 1 norm =  5.9052117E-15 Rel =  4.4996916E-14 t=     0.518     0.037
      Convergence: Equations  norm   = T
      Convergence: Individual groups = T
 *D4TRIU WARNING* Lost at least 7 digits in reducing diagonals of       101 equations.
                 Step:      5 Iteration:     4
 *D4TRIU WARNING* Sign of diagonal changed when reducing        27 equations.
                 Step:      5 Iteration:     4
 *D4TRIU WARNING* Reduced diagonal is zero in       138 equations.
                 Step:      5 Iteration:     4
 Condition check: D-max 0.2650E+09; D-min 0.1469E-38; Ratio 0.1804E+48
 Maximum no. diagonal digits lost: 17 in reducing equation     863
   End Triangular Decomposition                          t=     0.524     0.037
   Number of operations =  800438 plus        4 Mega-ops
  Time: CPU =         0.52 , System =         0.04
--> SOLVE AT  1682.89 Mflops. Time=        0.01
   Energy convergence check
    Initial   =    2.350071693498875E-04 Current   =    6.738316707625313E-33
    Relative  =    2.867281337103829E-29 Tolerance =    1.000000000000000E-16
      Convergence: Energy |R*u| norm = T
      Convergence: Individual groups = T
 *Command   9 * next newton         v:   50.0       8.00       1.00    
                                                         t=     0.525     0.037
 *Command  10 * next augment        v:   2.00       6.00       2.00    
                                                         t=     0.525     0.037

   Augmented iteration converged in loop =   2: Maximum gap =  0.0000E+00

 *Command  11 * plot WIPE           v:   0.00       0.00       0.00    
                                                         t=     0.525     0.037
 *Command  12 * plot UNDE           v:   0.00       0.00       0.00    
                                                         t=     0.525     0.037
 *Command  13 * plot MESH           v:   0.00       0.00       0.00    
                                                         t=     0.525     0.038
 *Command  14 * plot DEFO           v:   1.00       1.00       0.00    
                                                         t=     0.525     0.038
  -> Plots on deformed mesh with scale: 1.00000E+00
                     Eigenvector scale: 0.00000E+00
 *Command  15 * stre ne             v:   1.00       0.00       0.00    
                                                         t=     0.525     0.038
 FEAP *** inflated fiber reinforced soft ring - circum. b.c. top surf. linked in 

     Mixed Element Stresses

    Elmt Mat    1-Coord    2-Coord    3-Coord
     Cauchy   11-Stress  22-Stress  33-Stress  12-Stress  23-Stress  13-Stress
     Almansi  11-Strain  22-Strain  33-Strain  12-Strain  23-Strain  31-Strain
               1-Stress   2-Stress   3-Stress  log(lam1)  log(lam2)  log(lam3)
                  log-J     eff-ep  Yld/1-Fib    2-Fiber    3-Fiber

       1   1  8.422E-03 -1.767E-03  8.439E-04
     Cauchy  -1.043E+04 -1.485E+05  7.936E+02 -2.489E+04 -1.082E+01  1.361E+02
     Almansi  4.869E-02 -1.843E-01  6.335E-02 -8.400E-02 -8.076E-06  2.927E-04
              7.963E+02 -6.081E+03 -1.529E+05  6.966E-02  6.134E-02 -1.603E-01
             -2.931E-02  0.000E+00  0.000E+00  0.000E+00  0.000E+00

       1   1  8.919E-03 -1.871E-03  8.443E-04
     Cauchy  -1.336E+04 -1.449E+05 -2.050E+03 -2.368E+04 -3.351E+01  2.446E+02
     Almansi  4.914E-02 -1.696E-01  6.371E-02 -7.874E-02 -6.187E-05  5.265E-04
             -2.041E+03 -9.236E+03 -1.490E+05  6.624E-02  5.747E-02 -1.530E-01
             -2.931E-02  0.000E+00  0.000E+00  0.000E+00  0.000E+00

       1   1  8.919E-03 -1.871E-03  2.262E-04
     Cauchy  -1.353E+04 -1.448E+05 -1.961E+03 -2.363E+04 -3.447E+00  3.918E+01
     Almansi  4.886E-02 -1.696E-01  6.371E-02 -7.864E-02 -3.707E-06  8.473E-05
             -1.960E+03 -9.409E+03 -1.489E+05  6.634E-02  5.726E-02 -1.529E-01
             -2.931E-02  0.000E+00  0.000E+00  0.000E+00  0.000E+00

       1   1  8.423E-03 -1.767E-03  2.261E-04
     Cauchy  -1.061E+04 -1.485E+05  8.778E+02 -2.485E+04  1.963E+01 -7.090E+01
     Almansi  4.840E-02 -1.843E-01  6.335E-02 -8.388E-02  5.017E-05 -1.497E-04
              8.786E+02 -6.267E+03 -1.528E+05  6.975E-02  6.111E-02 -1.602E-01
             -2.931E-02  0.000E+00  0.000E+00  0.000E+00  0.000E+00

       1   1  8.593E-03 -4.734E-04  8.439E-04
     Cauchy  -7.232E+03 -1.517E+05  7.936E+02 -1.296E+04 -2.479E+01  1.343E+02
     Almansi  5.408E-02 -1.897E-01  6.335E-02 -4.375E-02 -6.795E-05  2.848E-04
              7.963E+02 -6.081E+03 -1.529E+05  6.966E-02  6.134E-02 -1.603E-01
             -2.931E-02  0.000E+00  0.000E+00  0.000E+00  0.000E+00

       1   1  9.099E-03 -5.013E-04  8.443E-04
     Cauchy  -1.033E+04 -1.479E+05 -2.050E+03 -1.237E+04 -3.095E+01  2.450E+02
     Almansi  5.418E-02 -1.746E-01  6.371E-02 -4.115E-02 -7.651E-05  5.246E-04
             -2.041E+03 -9.236E+03 -1.490E+05  6.624E-02  5.747E-02 -1.530E-01
             -2.931E-02  0.000E+00  0.000E+00  0.000E+00  0.000E+00

       1   1  9.099E-03 -5.013E-04  2.262E-04
     Cauchy  -1.051E+04 -1.478E+05 -1.961E+03 -1.235E+04 -6.811E+00  3.874E+01
     Almansi  5.389E-02 -1.746E-01  6.371E-02 -4.110E-02 -1.835E-05  8.280E-05
             -1.960E+03 -9.409E+03 -1.489E+05  6.634E-02  5.726E-02 -1.529E-01
             -2.931E-02  0.000E+00  0.000E+00  0.000E+00  0.000E+00

       1   1  8.593E-03 -4.734E-04  2.261E-04
     Cauchy  -7.418E+03 -1.516E+05  8.778E+02 -1.294E+04 -6.083E-01 -7.356E+01
     Almansi  5.379E-02 -1.897E-01  6.335E-02 -4.369E-02 -9.722E-06 -1.575E-04
              8.786E+02 -6.267E+03 -1.528E+05  6.975E-02  6.111E-02 -1.602E-01
             -2.931E-02  0.000E+00  0.000E+00  0.000E+00  0.000E+00
 *Command  16 * next time           v:   5.00       3.00       5.00    
                                                         t=     0.525     0.039
 *Command   3 * dt                  v:  0.100       0.00       0.00    
                                                         t=     0.525     0.039
   DT: equal linear increments = 1.000000E-01
 *Command   4 * time                v:   0.00       0.00       0.00    
                                                         t=     0.526     0.039

   Computing solution at time   6.0000E-01 using dt =  1.0000E-01
   Total proportional load is   6.0000E-01
 *Command   5 * loop augment        v:   3.00       11.0       0.00    
                                                         t=     0.527     0.039
 *Command   6 * augm                v:   0.00       0.00       0.00    
                                                         t=     0.527     0.039
   Current Augmented Lagrangian Factor =  1.00000E+00
 *Command   7 * loop newton         v:   50.0       10.0       0.00    
                                                         t=     0.529     0.039
 *Command   8 * utan                v:   1.00       0.00       0.00    
                                                         t=     0.529     0.039
   Residual 1 norm =  1.3050245E-01 Rel =  1.0000000E+00 t=     0.538     0.039
      Convergence: Equations  norm   = F
      Convergence: Individual groups = F
 *D4TRIU WARNING* Lost at least 7 digits in reducing diagonals of       101 equations.
                 Step:      6 Iteration:     0
 *D4TRIU WARNING* Sign of diagonal changed when reducing        27 equations.
                 Step:      6 Iteration:     0
 *D4TRIU WARNING* Reduced diagonal is zero in       138 equations.
                 Step:      6 Iteration:     0
 Condition check: D-max 0.2650E+09; D-min 0.1469E-38; Ratio 0.1804E+48
 Maximum no. diagonal digits lost: 17 in reducing equation     863
   End Triangular Decomposition                          t=     0.543     0.039
   Number of operations =  800438 plus        4 Mega-ops
  Time: CPU =         0.54 , System =         0.04
--> SOLVE AT  1762.61 Mflops. Time=        0.01
   Energy convergence check
    Initial   =    2.210944672789319E-04 Current   =    2.210944672789319E-04
    Relative  =    1.000000000000000E+00 Tolerance =    1.000000000000000E-16
      Convergence: Energy |R*u| norm = F
      Convergence: Individual groups = F
 *Command   9 * next newton         v:   1.00       8.00       1.00    
                                                         t=     0.544     0.039
 *Command   8 * utan                v:   1.00       0.00       0.00    
                                                         t=     0.544     0.039
   Residual 1 norm =  1.4683317E-02 Rel =  1.1251373E-01 t=     0.563     0.039
      Convergence: Equations  norm   = F
      Convergence: Individual groups = F
 *D4TRIU WARNING* Lost at least 7 digits in reducing diagonals of       101 equations.
                 Step:      6 Iteration:     1
 *D4TRIU WARNING* Sign of diagonal changed when reducing        27 equations.
                 Step:      6 Iteration:     1
 *D4TRIU WARNING* Reduced diagonal is zero in       138 equations.
                 Step:      6 Iteration:     1
 Condition check: D-max 0.2650E+09; D-min 0.1469E-38; Ratio 0.1804E+48
 Maximum no. diagonal digits lost: 17 in reducing equation     863
   End Triangular Decomposition                          t=     0.570     0.039
   Number of operations =  800438 plus        4 Mega-ops
  Time: CPU =         0.57 , System =         0.04
--> SOLVE AT  1532.47 Mflops. Time=        0.01
   Energy convergence check
    Initial   =    2.210944672789319E-04 Current   =    1.661221153268589E-07
    Relative  =    7.513626069949543E-04 Tolerance =    1.000000000000000E-16
      Convergence: Energy |R*u| norm = F
      Convergence: Individual groups = F
 *Command   9 * next newton         v:   2.00       8.00       2.00    
                                                         t=     0.570     0.039
 *Command   8 * utan                v:   1.00       0.00       0.00    
                                                         t=     0.570     0.039
   Residual 1 norm =  4.1880430E-06 Rel =  3.2091681E-05 t=     0.580     0.039
      Convergence: Equations  norm   = F
      Convergence: Individual groups = F
 *D4TRIU WARNING* Lost at least 7 digits in reducing diagonals of       101 equations.
                 Step:      6 Iteration:     2
 *D4TRIU WARNING* Sign of diagonal changed when reducing        27 equations.
                 Step:      6 Iteration:     2
 *D4TRIU WARNING* Reduced diagonal is zero in       138 equations.
                 Step:      6 Iteration:     2
 Condition check: D-max 0.2650E+09; D-min 0.1469E-38; Ratio 0.1804E+48
 Maximum no. diagonal digits lost: 17 in reducing equation     863
   End Triangular Decomposition                          t=     0.586     0.040
   Number of operations =  800438 plus        4 Mega-ops
  Time: CPU =         0.59 , System =         0.04
--> SOLVE AT  1632.80 Mflops. Time=        0.01
   Energy convergence check
    Initial   =    2.210944672789319E-04 Current   =    9.445578075971314E-14
    Relative  =    4.272191064851392E-10 Tolerance =    1.000000000000000E-16
      Convergence: Energy |R*u| norm = F
      Convergence: Individual groups = F
 *Command   9 * next newton         v:   3.00       8.00       3.00    
                                                         t=     0.586     0.040
 *Command   8 * utan                v:   1.00       0.00       0.00    
                                                         t=     0.587     0.040
   Residual 1 norm =  9.2145579E-12 Rel =  7.0608314E-11 t=     0.597     0.040
      Convergence: Equations  norm   = T
      Convergence: Individual groups = T
 *D4TRIU WARNING* Lost at least 7 digits in reducing diagonals of       101 equations.
                 Step:      6 Iteration:     3
 *D4TRIU WARNING* Sign of diagonal changed when reducing        27 equations.
                 Step:      6 Iteration:     3
 *D4TRIU WARNING* Reduced diagonal is zero in       138 equations.
                 Step:      6 Iteration:     3
 Condition check: D-max 0.2650E+09; D-min 0.1469E-38; Ratio 0.1804E+48
 Maximum no. diagonal digits lost: 17 in reducing equation     863
   End Triangular Decomposition                          t=     0.603     0.040
   Number of operations =  800438 plus        4 Mega-ops
  Time: CPU =         0.60 , System =         0.04
--> SOLVE AT  1616.30 Mflops. Time=        0.01
   Energy convergence check
    Initial   =    2.210944672789319E-04 Current   =    2.753640602204128E-26
    Relative  =    1.245458846661299E-22 Tolerance =    1.000000000000000E-16
      Convergence: Energy |R*u| norm = T
      Convergence: Individual groups = T
 *Command   9 * next newton         v:   50.0       8.00       4.00    
                                                         t=     0.604     0.040
 *Command  10 * next augment        v:   1.00       6.00       1.00    
                                                         t=     0.604     0.040
 *Command   6 * augm                v:   0.00       0.00       0.00    
                                                         t=     0.604     0.040
 *Command   7 * loop newton         v:   50.0       10.0       0.00    
                                                         t=     0.606     0.040
 *Command   8 * utan                v:   1.00       0.00       0.00    
                                                         t=     0.606     0.040
   Residual 1 norm =  6.6816061E-15 Rel =  5.1199085E-14 t=     0.616     0.040
      Convergence: Equations  norm   = T
      Convergence: Individual groups = T
 *D4TRIU WARNING* Lost at least 7 digits in reducing diagonals of       101 equations.
                 Step:      6 Iteration:     4
 *D4TRIU WARNING* Sign of diagonal changed when reducing        27 equations.
                 Step:      6 Iteration:     4
 *D4TRIU WARNING* Reduced diagonal is zero in       138 equations.
                 Step:      6 Iteration:     4
 Condition check: D-max 0.2650E+09; D-min 0.1469E-38; Ratio 0.1804E+48
 Maximum no. diagonal digits lost: 17 in reducing equation     863
   End Triangular Decomposition                          t=     0.621     0.040
   Number of operations =  800438 plus        4 Mega-ops
  Time: CPU =         0.62 , System =         0.04
--> SOLVE AT  1683.77 Mflops. Time=        0.01
   Energy convergence check
    Initial   =    2.210944672789319E-04 Current   =    8.898688478078765E-33
    Relative  =    4.024835441427947E-29 Tolerance =    1.000000000000000E-16
      Convergence: Energy |R*u| norm = T
      Convergence: Individual groups = T
 *Command   9 * next newton         v:   50.0       8.00       1.00    
                                                         t=     0.622     0.040
 *Command  10 * next augment        v:   2.00       6.00       2.00    
                                                         t=     0.622     0.040

   Augmented iteration converged in loop =   2: Maximum gap =  0.0000E+00

 *Command  11 * plot WIPE           v:   0.00       0.00       0.00    
                                                         t=     0.623     0.040
 *Command  12 * plot UNDE           v:   0.00       0.00       0.00    
                                                         t=     0.623     0.041
 *Command  13 * plot MESH           v:   0.00       0.00       0.00    
                                                         t=     0.623     0.041
 *Command  14 * plot DEFO           v:   1.00       1.00       0.00    
                                                         t=     0.623     0.041
  -> Plots on deformed mesh with scale: 1.00000E+00
                     Eigenvector scale: 0.00000E+00
 *Command  15 * stre ne             v:   1.00       0.00       0.00    
                                                         t=     0.624     0.041
 FEAP *** inflated fiber reinforced soft ring - circum. b.c. top surf. linked in 

     Mixed Element Stresses

    Elmt Mat    1-Coord    2-Coord    3-Coord
     Cauchy   11-Stress  22-Stress  33-Stress  12-Stress  23-Stress  13-Stress
     Almansi  11-Strain  22-Strain  33-Strain  12-Strain  23-Strain  31-Strain
               1-Stress   2-Stress   3-Stress  log(lam1)  log(lam2)  log(lam3)
                  log-J     eff-ep  Yld/1-Fib    2-Fiber    3-Fiber

       1   1  8.177E-03 -1.715E-03  8.541E-04
     Cauchy  -1.251E+04 -1.740E+05  9.861E+02 -2.924E+04 -1.343E+01  1.558E+02
     Almansi  5.630E-02 -2.248E-01  7.370E-02 -1.018E-01 -8.390E-06  3.184E-04
              9.890E+02 -7.375E+03 -1.791E+05  8.203E-02  7.221E-02 -1.895E-01
             -3.526E-02  0.000E+00  0.000E+00  0.000E+00  0.000E+00

       1   1  8.679E-03 -1.821E-03  8.545E-04
     Cauchy  -1.613E+04 -1.698E+05 -2.568E+03 -2.779E+04 -4.210E+01  2.928E+02
     Almansi  5.689E-02 -2.061E-01  7.409E-02 -9.510E-02 -7.414E-05  5.994E-04
             -2.557E+03 -1.127E+04 -1.747E+05  7.789E-02  6.757E-02 -1.807E-01
             -3.526E-02  0.000E+00  0.000E+00  0.000E+00  0.000E+00

       1   1  8.679E-03 -1.821E-03  2.290E-04
     Cauchy  -1.634E+04 -1.698E+05 -2.454E+03 -2.774E+04 -7.685E+00  6.133E+01
     Almansi  5.655E-02 -2.061E-01  7.409E-02 -9.497E-02 -1.179E-05  1.259E-04
             -2.453E+03 -1.148E+04 -1.746E+05  7.801E-02  6.731E-02 -1.806E-01
             -3.526E-02  0.000E+00  0.000E+00  0.000E+00  0.000E+00

       1   1  8.178E-03 -1.715E-03  2.289E-04
     Cauchy  -1.273E+04 -1.739E+05  1.094E+03 -2.919E+04  2.149E+01 -7.788E+01
     Almansi  5.596E-02 -2.248E-01  7.370E-02 -1.017E-01  5.405E-05 -1.558E-04
              1.094E+03 -7.609E+03 -1.790E+05  8.216E-02  7.193E-02 -1.893E-01
             -3.526E-02  0.000E+00  0.000E+00  0.000E+00  0.000E+00

       1   1  8.343E-03 -4.596E-04  8.541E-04
     Cauchy  -8.700E+03 -1.778E+05  9.861E+02 -1.504E+04 -2.734E+01  1.539E+02
     Almansi  6.293E-02 -2.315E-01  7.370E-02 -5.238E-02 -7.431E-05  3.097E-04
              9.890E+02 -7.375E+03 -1.791E+05  8.203E-02  7.221E-02 -1.895E-01
             -3.526E-02  0.000E+00  0.000E+00  0.000E+00  0.000E+00

       1   1  8.855E-03 -4.878E-04  8.545E-04
     Cauchy  -1.253E+04 -1.734E+05 -2.568E+03 -1.435E+04 -3.512E+01  2.937E+02
     Almansi  6.305E-02 -2.122E-01  7.409E-02 -4.912E-02 -8.353E-05  5.982E-04
             -2.557E+03 -1.127E+04 -1.747E+05  7.789E-02  6.757E-02 -1.807E-01
             -3.526E-02  0.000E+00  0.000E+00  0.000E+00  0.000E+00

       1   1  8.855E-03 -4.878E-04  2.290E-04
     Cauchy  -1.275E+04 -1.733E+05 -2.454E+03 -1.433E+04 -8.449E+00  6.123E+01
     Almansi  6.270E-02 -2.122E-01  7.409E-02 -4.906E-02 -2.118E-05  1.246E-04
             -2.453E+03 -1.148E+04 -1.746E+05  7.801E-02  6.731E-02 -1.806E-01
             -3.526E-02  0.000E+00  0.000E+00  0.000E+00  0.000E+00

       1   1  8.343E-03 -4.596E-04  2.289E-04
     Cauchy  -8.934E+03 -1.777E+05  1.094E+03 -1.501E+04 -6.044E-01 -8.079E+01
     Almansi  6.258E-02 -2.314E-01  7.370E-02 -5.231E-02 -1.189E-05 -1.645E-04
              1.094E+03 -7.609E+03 -1.790E+05  8.216E-02  7.193E-02 -1.893E-01
             -3.526E-02  0.000E+00  0.000E+00  0.000E+00  0.000E+00
 *Command  16 * next time           v:   6.00       3.00       6.00    
                                                         t=     0.625     0.041
 *Command   3 * dt                  v:  0.100       0.00       0.00    
                                                         t=     0.625     0.041
   DT: equal linear increments = 1.000000E-01
 *Command   4 * time                v:   0.00       0.00       0.00    
                                                         t=     0.625     0.041

   Computing solution at time   7.0000E-01 using dt =  1.0000E-01
   Total proportional load is   7.0000E-01
 *Command   5 * loop augment        v:   3.00       11.0       0.00    
                                                         t=     0.625     0.042
 *Command   6 * augm                v:   0.00       0.00       0.00    
                                                         t=     0.625     0.042
   Current Augmented Lagrangian Factor =  1.00000E+00
 *Command   7 * loop newton         v:   50.0       10.0       0.00    
                                                         t=     0.627     0.042
 *Command   8 * utan                v:   1.00       0.00       0.00    
                                                         t=     0.627     0.042
   Residual 1 norm =  1.2979771E-01 Rel =  1.0000000E+00 t=     0.637     0.042
      Convergence: Equations  norm   = F
      Convergence: Individual groups = F
 *D4TRIU WARNING* Lost at least 7 digits in reducing diagonals of       101 equations.
                 Step:      7 Iteration:     0
 *D4TRIU WARNING* Sign of diagonal changed when reducing        27 equations.
                 Step:      7 Iteration:     0
 *D4TRIU WARNING* Reduced diagonal is zero in       138 equations.
                 Step:      7 Iteration:     0
 Condition check: D-max 0.2650E+09; D-min 0.1469E-38; Ratio 0.1804E+48
 Maximum no. diagonal digits lost: 17 in reducing equation     863
   End Triangular Decomposition                          t=     0.643     0.042
   Number of operations =  800438 plus        4 Mega-ops
  Time: CPU =         0.64 , System =         0.04
--> SOLVE AT  1580.12 Mflops. Time=        0.01
   Energy convergence check
    Initial   =    2.083080739387658E-04 Current   =    2.083080739387658E-04
    Relative  =    1.000000000000000E+00 Tolerance =    1.000000000000000E-16
      Convergence: Energy |R*u| norm = F
      Convergence: Individual groups = F
 *Command   9 * next newton         v:   1.00       8.00       1.00    
                                                         t=     0.644     0.042
 *Command   8 * utan                v:   1.00       0.00       0.00    
                                                         t=     0.644     0.042
   Residual 1 norm =  1.3036115E-02 Rel =  1.0043409E-01 t=     0.654     0.043
      Convergence: Equations  norm   = F
      Convergence: Individual groups = F
 *D4TRIU WARNING* Lost at least 7 digits in reducing diagonals of       101 equations.
                 Step:      7 Iteration:     1
 *D4TRIU WARNING* Sign of diagonal changed when reducing        27 equations.
                 Step:      7 Iteration:     1
 *D4TRIU WARNING* Reduced diagonal is zero in       138 equations.
                 Step:      7 Iteration:     1
 Condition check: D-max 0.2650E+09; D-min 0.1469E-38; Ratio 0.1804E+48
 Maximum no. diagonal digits lost: 17 in reducing equation     863
   End Triangular Decomposition                          t=     0.657     0.047
   Number of operations =  800438 plus        4 Mega-ops
  Time: CPU =         0.66 , System =         0.05
--> SOLVE AT  2734.50 Mflops. Time=        0.00
   Energy convergence check
    Initial   =    2.083080739387658E-04 Current   =    1.451087251184438E-07
    Relative  =    6.966063406697327E-04 Tolerance =    1.000000000000000E-16
      Convergence: Energy |R*u| norm = F
      Convergence: Individual groups = F
 *Command   9 * next newton         v:   2.00       8.00       2.00    
                                                         t=     0.658     0.047
 *Command   8 * utan                v:   1.00       0.00       0.00    
                                                         t=     0.658     0.047
   Residual 1 norm =  3.4635002E-06 Rel =  2.6683832E-05 t=     0.667     0.047
      Convergence: Equations  norm   = F
      Convergence: Individual groups = F
 *D4TRIU WARNING* Lost at least 7 digits in reducing diagonals of       101 equations.
                 Step:      7 Iteration:     2
 *D4TRIU WARNING* Sign of diagonal changed when reducing        27 equations.
                 Step:      7 Iteration:     2
 *D4TRIU WARNING* Reduced diagonal is zero in       138 equations.
                 Step:      7 Iteration:     2
 Condition check: D-max 0.2650E+09; D-min 0.1469E-38; Ratio 0.1804E+48
 Maximum no. diagonal digits lost: 17 in reducing equation     863
   End Triangular Decomposition                          t=     0.675     0.047
   Number of operations =  800438 plus        4 Mega-ops
  Time: CPU =         0.68 , System =         0.05
--> SOLVE AT  1290.61 Mflops. Time=        0.01
   Energy convergence check
    Initial   =    2.083080739387658E-04 Current   =    7.151051182035214E-14
    Relative  =    3.432920792180784E-10 Tolerance =    1.000000000000000E-16
      Convergence: Energy |R*u| norm = F
      Convergence: Individual groups = F
 *Command   9 * next newton         v:   3.00       8.00       3.00    
                                                         t=     0.675     0.047
 *Command   8 * utan                v:   1.00       0.00       0.00    
                                                         t=     0.675     0.047
   Residual 1 norm =  6.6471961E-12 Rel =  5.1211969E-11 t=     0.684     0.048
      Convergence: Equations  norm   = T
      Convergence: Individual groups = T
 *D4TRIU WARNING* Lost at least 7 digits in reducing diagonals of       101 equations.
                 Step:      7 Iteration:     3
 *D4TRIU WARNING* Sign of diagonal changed when reducing        27 equations.
                 Step:      7 Iteration:     3
 *D4TRIU WARNING* Reduced diagonal is zero in       138 equations.
                 Step:      7 Iteration:     3
 Condition check: D-max 0.2650E+09; D-min 0.1469E-38; Ratio 0.1804E+48
 Maximum no. diagonal digits lost: 17 in reducing equation     863
   End Triangular Decomposition                          t=     0.690     0.049
   Number of operations =  800438 plus        4 Mega-ops
  Time: CPU =         0.69 , System =         0.05
--> SOLVE AT  1720.90 Mflops. Time=        0.01
   Energy convergence check
    Initial   =    2.083080739387658E-04 Current   =    1.567330931037980E-26
    Relative  =    7.524100729281919E-23 Tolerance =    1.000000000000000E-16
      Convergence: Energy |R*u| norm = T
      Convergence: Individual groups = T
 *Command   9 * next newton         v:   50.0       8.00       4.00    
                                                         t=     0.691     0.049
 *Command  10 * next augment        v:   1.00       6.00       1.00    
                                                         t=     0.691     0.049
 *Command   6 * augm                v:   0.00       0.00       0.00    
                                                         t=     0.691     0.049
 *Command   7 * loop newton         v:   50.0       10.0       0.00    
                                                         t=     0.692     0.049
 *Command   8 * utan                v:   1.00       0.00       0.00    
                                                         t=     0.692     0.049
   Residual 1 norm =  7.2677300E-15 Rel =  5.5992746E-14 t=     0.702     0.049
      Convergence: Equations  norm   = T
      Convergence: Individual groups = T
 *D4TRIU WARNING* Lost at least 7 digits in reducing diagonals of       101 equations.
                 Step:      7 Iteration:     4
 *D4TRIU WARNING* Sign of diagonal changed when reducing        27 equations.
                 Step:      7 Iteration:     4
 *D4TRIU WARNING* Reduced diagonal is zero in       138 equations.
                 Step:      7 Iteration:     4
 Condition check: D-max 0.2650E+09; D-min 0.1469E-38; Ratio 0.1804E+48
 Maximum no. diagonal digits lost: 17 in reducing equation     863
   End Triangular Decomposition                          t=     0.711     0.049
   Number of operations =  800438 plus        4 Mega-ops
  Time: CPU =         0.71 , System =         0.05
--> SOLVE AT  1090.39 Mflops. Time=        0.01
   Energy convergence check
    Initial   =    2.083080739387658E-04 Current   =    1.070997311360440E-32
    Relative  =    5.141410465324882E-29 Tolerance =    1.000000000000000E-16
      Convergence: Energy |R*u| norm = T
      Convergence: Individual groups = T
 *Command   9 * next newton         v:   50.0       8.00       1.00    
                                                         t=     0.712     0.049
 *Command  10 * next augment        v:   2.00       6.00       2.00    
                                                         t=     0.712     0.049

   Augmented iteration converged in loop =   2: Maximum gap =  0.0000E+00

 *Command  11 * plot WIPE           v:   0.00       0.00       0.00    
                                                         t=     0.712     0.049
 *Command  12 * plot UNDE           v:   0.00       0.00       0.00    
                                                         t=     0.712     0.049
 *Command  13 * plot MESH           v:   0.00       0.00       0.00    
                                                         t=     0.712     0.049
 *Command  14 * plot DEFO           v:   1.00       1.00       0.00    
                                                         t=     0.713     0.049
  -> Plots on deformed mesh with scale: 1.00000E+00
                     Eigenvector scale: 0.00000E+00
 *Command  15 * stre ne             v:   1.00       0.00       0.00    
                                                         t=     0.713     0.049
 FEAP *** inflated fiber reinforced soft ring - circum. b.c. top surf. linked in 

     Mixed Element Stresses

    Elmt Mat    1-Coord    2-Coord    3-Coord
     Cauchy   11-Stress  22-Stress  33-Stress  12-Stress  23-Stress  13-Stress
     Almansi  11-Strain  22-Strain  33-Strain  12-Strain  23-Strain  31-Strain
               1-Stress   2-Stress   3-Stress  log(lam1)  log(lam2)  log(lam3)
                  log-J     eff-ep  Yld/1-Fib    2-Fiber    3-Fiber

       1   1  7.946E-03 -1.667E-03  8.640E-04
     Cauchy  -1.459E+04 -1.984E+05  1.190E+03 -3.343E+04 -1.609E+01  1.737E+02
     Almansi  6.333E-02 -2.666E-01  8.342E-02 -1.200E-01 -8.609E-06  3.383E-04
              1.193E+03 -8.697E+03 -2.043E+05  9.396E-02  8.266E-02 -2.178E-01
             -4.123E-02  0.000E+00  0.000E+00  0.000E+00  0.000E+00

       1   1  8.453E-03 -1.773E-03  8.645E-04
     Cauchy  -1.893E+04 -1.937E+05 -3.119E+03 -3.174E+04 -5.122E+01  3.417E+02
     Almansi  6.407E-02 -2.434E-01  8.383E-02 -1.117E-01 -8.665E-05  6.664E-04
             -3.108E+03 -1.336E+04 -1.993E+05  8.908E-02  7.725E-02 -2.076E-01
             -4.123E-02  0.000E+00  0.000E+00  0.000E+00  0.000E+00

       1   1  8.453E-03 -1.773E-03  2.316E-04
     Cauchy  -1.920E+04 -1.937E+05 -2.978E+03 -3.168E+04 -1.290E+01  8.763E+01
     Almansi  6.367E-02 -2.434E-01  8.383E-02 -1.115E-01 -2.144E-05  1.711E-04
             -2.978E+03 -1.362E+04 -1.992E+05  8.922E-02  7.694E-02 -2.074E-01
             -4.123E-02  0.000E+00  0.000E+00  0.000E+00  0.000E+00

       1   1  7.947E-03 -1.667E-03  2.315E-04
     Cauchy  -1.486E+04 -1.983E+05  1.323E+03 -3.337E+04  2.288E+01 -8.308E+01
     Almansi  6.293E-02 -2.666E-01  8.342E-02 -1.199E-01  5.672E-05 -1.578E-04
              1.324E+03 -8.983E+03 -2.042E+05  9.410E-02  8.233E-02 -2.177E-01
             -4.123E-02  0.000E+00  0.000E+00  0.000E+00  0.000E+00

       1   1  8.107E-03 -4.466E-04  8.640E-04
     Cauchy  -1.018E+04 -2.028E+05  1.190E+03 -1.699E+04 -2.943E+01  1.720E+02
     Almansi  7.124E-02 -2.745E-01  8.342E-02 -6.100E-02 -7.925E-05  3.290E-04
              1.193E+03 -8.697E+03 -2.043E+05  9.396E-02  8.266E-02 -2.178E-01
             -4.123E-02  0.000E+00  0.000E+00  0.000E+00  0.000E+00

       1   1  8.624E-03 -4.751E-04  8.645E-04
     Cauchy  -1.477E+04 -1.979E+05 -3.119E+03 -1.621E+04 -3.896E+01  3.433E+02
     Almansi  7.139E-02 -2.507E-01  8.383E-02 -5.702E-02 -8.877E-05  6.661E-04
             -3.108E+03 -1.336E+04 -1.993E+05  8.908E-02  7.725E-02 -2.076E-01
             -4.123E-02  0.000E+00  0.000E+00  0.000E+00  0.000E+00

       1   1  8.624E-03 -4.751E-04  2.316E-04
     Cauchy  -1.504E+04 -1.978E+05 -2.978E+03 -1.618E+04 -1.022E+01  8.799E+01
     Almansi  7.098E-02 -2.507E-01  8.383E-02 -5.695E-02 -2.356E-05  1.708E-04
             -2.978E+03 -1.362E+04 -1.992E+05  8.922E-02  7.694E-02 -2.074E-01
             -4.123E-02  0.000E+00  0.000E+00  0.000E+00  0.000E+00

       1   1  8.107E-03 -4.466E-04  2.315E-04
     Cauchy  -1.047E+04 -2.027E+05  1.323E+03 -1.696E+04 -6.004E-01 -8.617E+01
     Almansi  7.083E-02 -2.745E-01  8.342E-02 -6.093E-02 -1.395E-05 -1.671E-04
              1.324E+03 -8.983E+03 -2.042E+05  9.410E-02  8.233E-02 -2.177E-01
             -4.123E-02  0.000E+00  0.000E+00  0.000E+00  0.000E+00
 *Command  16 * next time           v:   7.00       3.00       7.00    
                                                         t=     0.714     0.049
 *Command   3 * dt                  v:  0.100       0.00       0.00    
                                                         t=     0.714     0.049
   DT: equal linear increments = 1.000000E-01
 *Command   4 * time                v:   0.00       0.00       0.00    
                                                         t=     0.714     0.049

   Computing solution at time   8.0000E-01 using dt =  1.0000E-01
   Total proportional load is   8.0000E-01
 *Command   5 * loop augment        v:   3.00       11.0       0.00    
                                                         t=     0.716     0.049
 *Command   6 * augm                v:   0.00       0.00       0.00    
                                                         t=     0.716     0.049
   Current Augmented Lagrangian Factor =  1.00000E+00
 *Command   7 * loop newton         v:   50.0       10.0       0.00    
                                                         t=     0.718     0.049
 *Command   8 * utan                v:   1.00       0.00       0.00    
                                                         t=     0.718     0.049
   Residual 1 norm =  1.2912012E-01 Rel =  1.0000000E+00 t=     0.728     0.049
      Convergence: Equations  norm   = F
      Convergence: Individual groups = F
 *D4TRIU WARNING* Lost at least 7 digits in reducing diagonals of       101 equations.
                 Step:      8 Iteration:     0
 *D4TRIU WARNING* Sign of diagonal changed when reducing        27 equations.
                 Step:      8 Iteration:     0
 *D4TRIU WARNING* Reduced diagonal is zero in       138 equations.
                 Step:      8 Iteration:     0
 Condition check: D-max 0.2650E+09; D-min 0.1469E-38; Ratio 0.1804E+48
 Maximum no. diagonal digits lost: 17 in reducing equation     863
   End Triangular Decomposition                          t=     0.735     0.050
   Number of operations =  800438 plus        4 Mega-ops
  Time: CPU =         0.74 , System =         0.05
--> SOLVE AT  1439.84 Mflops. Time=        0.01
   Energy convergence check
    Initial   =    1.965460032377569E-04 Current   =    1.965460032377569E-04
    Relative  =    1.000000000000000E+00 Tolerance =    1.000000000000000E-16
      Convergence: Energy |R*u| norm = F
      Convergence: Individual groups = F
 *Command   9 * next newton         v:   1.00       8.00       1.00    
                                                         t=     0.736     0.050
 *Command   8 * utan                v:   1.00       0.00       0.00    
                                                         t=     0.736     0.050
   Residual 1 norm =  1.1586754E-02 Rel =  8.9736238E-02 t=     0.744     0.052
      Convergence: Equations  norm   = F
      Convergence: Individual groups = F
 *D4TRIU WARNING* Lost at least 7 digits in reducing diagonals of       101 equations.
                 Step:      8 Iteration:     1
 *D4TRIU WARNING* Sign of diagonal changed when reducing        27 equations.
                 Step:      8 Iteration:     1
 *D4TRIU WARNING* Reduced diagonal is zero in       138 equations.
                 Step:      8 Iteration:     1
 Condition check: D-max 0.2650E+09; D-min 0.1469E-38; Ratio 0.1804E+48
 Maximum no. diagonal digits lost: 17 in reducing equation     863
   End Triangular Decomposition                          t=     0.750     0.053
   Number of operations =  800438 plus        4 Mega-ops
  Time: CPU =         0.75 , System =         0.05
--> SOLVE AT  1711.08 Mflops. Time=        0.01
   Energy convergence check
    Initial   =    1.965460032377569E-04 Current   =    1.270384141974421E-07
    Relative  =    6.463546045439899E-04 Tolerance =    1.000000000000000E-16
      Convergence: Energy |R*u| norm = F
      Convergence: Individual groups = F
 *Command   9 * next newton         v:   2.00       8.00       2.00    
                                                         t=     0.751     0.053
 *Command   8 * utan                v:   1.00       0.00       0.00    
                                                         t=     0.751     0.053
   Residual 1 norm =  2.8803593E-06 Rel =  2.2307594E-05 t=     0.762     0.053
      Convergence: Equations  norm   = F
      Convergence: Individual groups = F
 *D4TRIU WARNING* Lost at least 7 digits in reducing diagonals of       101 equations.
                 Step:      8 Iteration:     2
 *D4TRIU WARNING* Sign of diagonal changed when reducing        27 equations.
                 Step:      8 Iteration:     2
 *D4TRIU WARNING* Reduced diagonal is zero in       138 equations.
                 Step:      8 Iteration:     2
 Condition check: D-max 0.2650E+09; D-min 0.1469E-38; Ratio 0.1804E+48
 Maximum no. diagonal digits lost: 17 in reducing equation     863
   End Triangular Decomposition                          t=     0.770     0.053
   Number of operations =  800438 plus        4 Mega-ops
  Time: CPU =         0.77 , System =         0.05
--> SOLVE AT  1297.42 Mflops. Time=        0.01
   Energy convergence check
    Initial   =    1.965460032377569E-04 Current   =    5.429493735662048E-14
    Relative  =    2.762454410784493E-10 Tolerance =    1.000000000000000E-16
      Convergence: Energy |R*u| norm = F
      Convergence: Individual groups = F
 *Command   9 * next newton         v:   3.00       8.00       3.00    
                                                         t=     0.770     0.054
 *Command   8 * utan                v:   1.00       0.00       0.00    
                                                         t=     0.770     0.054
   Residual 1 norm =  4.8108044E-12 Rel =  3.7258363E-11 t=     0.782     0.056
      Convergence: Equations  norm   = T
      Convergence: Individual groups = T
 *D4TRIU WARNING* Lost at least 7 digits in reducing diagonals of       101 equations.
                 Step:      8 Iteration:     3
 *D4TRIU WARNING* Sign of diagonal changed when reducing        27 equations.
                 Step:      8 Iteration:     3
 *D4TRIU WARNING* Reduced diagonal is zero in       138 equations.
                 Step:      8 Iteration:     3
 Condition check: D-max 0.2650E+09; D-min 0.1469E-38; Ratio 0.1804E+48
 Maximum no. diagonal digits lost: 17 in reducing equation     863
   End Triangular Decomposition                          t=     0.789     0.056
   Number of operations =  800438 plus        4 Mega-ops
  Time: CPU =         0.79 , System =         0.06
--> SOLVE AT  1431.90 Mflops. Time=        0.01
   Energy convergence check
    Initial   =    1.965460032377569E-04 Current   =    8.967415587656451E-27
    Relative  =    4.562502131782750E-23 Tolerance =    1.000000000000000E-16
      Convergence: Energy |R*u| norm = T
      Convergence: Individual groups = T
 *Command   9 * next newton         v:   50.0       8.00       4.00    
                                                         t=     0.790     0.056
 *Command  10 * next augment        v:   1.00       6.00       1.00    
                                                         t=     0.790     0.056
 *Command   6 * augm                v:   0.00       0.00       0.00    
                                                         t=     0.790     0.056
 *Command   7 * loop newton         v:   50.0       10.0       0.00    
                                                         t=     0.791     0.056
 *Command   8 * utan                v:   1.00       0.00       0.00    
                                                         t=     0.791     0.056
   Residual 1 norm =  1.0069065E-14 Rel =  7.7982154E-14 t=     0.803     0.056
      Convergence: Equations  norm   = T
      Convergence: Individual groups = T
 *D4TRIU WARNING* Lost at least 7 digits in reducing diagonals of       101 equations.
                 Step:      8 Iteration:     4
 *D4TRIU WARNING* Sign of diagonal changed when reducing        27 equations.
                 Step:      8 Iteration:     4
 *D4TRIU WARNING* Reduced diagonal is zero in       138 equations.
                 Step:      8 Iteration:     4
 Condition check: D-max 0.2650E+09; D-min 0.1469E-38; Ratio 0.1804E+48
 Maximum no. diagonal digits lost: 17 in reducing equation     863
   End Triangular Decomposition                          t=     0.810     0.056
   Number of operations =  800438 plus        4 Mega-ops
  Time: CPU =         0.81 , System =         0.06
--> SOLVE AT  1345.03 Mflops. Time=        0.01
   Energy convergence check
    Initial   =    1.965460032377569E-04 Current   =    1.744232317466529E-32
    Relative  =    8.874422724111943E-29 Tolerance =    1.000000000000000E-16
      Convergence: Energy |R*u| norm = T
      Convergence: Individual groups = T
 *Command   9 * next newton         v:   50.0       8.00       1.00    
                                                         t=     0.810     0.056
 *Command  10 * next augment        v:   2.00       6.00       2.00    
                                                         t=     0.810     0.056

   Augmented iteration converged in loop =   2: Maximum gap =  0.0000E+00

 *Command  11 * plot WIPE           v:   0.00       0.00       0.00    
                                                         t=     0.811     0.056
 *Command  12 * plot UNDE           v:   0.00       0.00       0.00    
                                                         t=     0.811     0.056
 *Command  13 * plot MESH           v:   0.00       0.00       0.00    
                                                         t=     0.811     0.056
 *Command  14 * plot DEFO           v:   1.00       1.00       0.00    
                                                         t=     0.812     0.056
  -> Plots on deformed mesh with scale: 1.00000E+00
                     Eigenvector scale: 0.00000E+00
 *Command  15 * stre ne             v:   1.00       0.00       0.00    
                                                         t=     0.812     0.056
 FEAP *** inflated fiber reinforced soft ring - circum. b.c. top surf. linked in 

     Mixed Element Stresses

    Elmt Mat    1-Coord    2-Coord    3-Coord
     Cauchy   11-Stress  22-Stress  33-Stress  12-Stress  23-Stress  13-Stress
     Almansi  11-Strain  22-Strain  33-Strain  12-Strain  23-Strain  31-Strain
               1-Stress   2-Stress   3-Stress  log(lam1)  log(lam2)  log(lam3)
                  log-J     eff-ep  Yld/1-Fib    2-Fiber    3-Fiber

       1   1  7.728E-03 -1.621E-03  8.737E-04
     Cauchy  -1.668E+04 -2.218E+05  1.405E+03 -3.748E+04 -1.879E+01  1.905E+02
     Almansi  6.981E-02 -3.095E-01  9.257E-02 -1.386E-01 -8.798E-06  3.539E-04
              1.408E+03 -1.005E+04 -2.284E+05  1.054E-01  9.272E-02 -2.454E-01
             -4.722E-02  0.000E+00  0.000E+00  0.000E+00  0.000E+00

       1   1  8.240E-03 -1.728E-03  8.741E-04
     Cauchy  -2.178E+04 -2.167E+05 -3.704E+03 -3.555E+04 -6.086E+01  3.917E+02
     Almansi  7.071E-02 -2.815E-01  9.299E-02 -1.284E-01 -9.946E-05  7.288E-04
             -3.691E+03 -1.551E+04 -2.230E+05  9.982E-02  8.653E-02 -2.336E-01
             -4.722E-02  0.000E+00  0.000E+00  0.000E+00  0.000E+00

       1   1  8.240E-03 -1.728E-03  2.342E-04
     Cauchy  -2.209E+04 -2.167E+05 -3.534E+03 -3.548E+04 -1.901E+01  1.178E+02
     Almansi  7.025E-02 -2.815E-01  9.299E-02 -1.283E-01 -3.237E-05  2.192E-04
             -3.533E+03 -1.583E+04 -2.229E+05  9.999E-02  8.617E-02 -2.334E-01
             -4.722E-02  0.000E+00  0.000E+00  0.000E+00  0.000E+00

       1   1  7.728E-03 -1.621E-03  2.341E-04
     Cauchy  -1.701E+04 -2.217E+05  1.566E+03 -3.740E+04  2.388E+01 -8.678E+01
     Almansi  6.935E-02 -3.095E-01  9.257E-02 -1.384E-01  5.844E-05 -1.567E-04
              1.566E+03 -1.039E+04 -2.283E+05  1.056E-01  9.233E-02 -2.452E-01
             -4.722E-02  0.000E+00  0.000E+00  0.000E+00  0.000E+00

       1   1  7.884E-03 -4.343E-04  8.737E-04
     Cauchy  -1.168E+04 -2.268E+05  1.405E+03 -1.882E+04 -3.116E+01  1.889E+02
     Almansi  7.905E-02 -3.188E-01  9.257E-02 -6.962E-02 -8.309E-05  3.441E-04
              1.408E+03 -1.005E+04 -2.284E+05  1.054E-01  9.272E-02 -2.454E-01
             -4.722E-02  0.000E+00  0.000E+00  0.000E+00  0.000E+00

       1   1  8.406E-03 -4.631E-04  8.741E-04
     Cauchy  -1.706E+04 -2.215E+05 -3.704E+03 -1.795E+04 -4.258E+01  3.941E+02
     Almansi  7.923E-02 -2.900E-01  9.299E-02 -6.486E-02 -9.255E-05  7.297E-04
             -3.691E+03 -1.551E+04 -2.230E+05  9.982E-02  8.653E-02 -2.336E-01
             -4.722E-02  0.000E+00  0.000E+00  0.000E+00  0.000E+00

       1   1  8.406E-03 -4.631E-04  2.342E-04
     Cauchy  -1.739E+04 -2.214E+05 -3.534E+03 -1.792E+04 -1.213E+01  1.187E+02
     Almansi  7.876E-02 -2.900E-01  9.299E-02 -6.479E-02 -2.546E-05  2.201E-04
             -3.533E+03 -1.583E+04 -2.229E+05  9.999E-02  8.617E-02 -2.334E-01
             -4.722E-02  0.000E+00  0.000E+00  0.000E+00  0.000E+00

       1   1  7.884E-03 -4.344E-04  2.341E-04
     Cauchy  -1.202E+04 -2.267E+05  1.566E+03 -1.879E+04 -6.044E-01 -9.000E+01
     Almansi  7.858E-02 -3.187E-01  9.257E-02 -6.954E-02 -1.590E-05 -1.665E-04
              1.566E+03 -1.039E+04 -2.283E+05  1.056E-01  9.233E-02 -2.452E-01
             -4.722E-02  0.000E+00  0.000E+00  0.000E+00  0.000E+00
 *Command  16 * next time           v:   8.00       3.00       8.00    
                                                         t=     0.813     0.056
 *Command   3 * dt                  v:  0.100       0.00       0.00    
                                                         t=     0.813     0.056
   DT: equal linear increments = 1.000000E-01
 *Command   4 * time                v:   0.00       0.00       0.00    
                                                         t=     0.813     0.056

   Computing solution at time   9.0000E-01 using dt =  1.0000E-01
   Total proportional load is   9.0000E-01
 *Command   5 * loop augment        v:   3.00       11.0       0.00    
                                                         t=     0.815     0.056
 *Command   6 * augm                v:   0.00       0.00       0.00    
                                                         t=     0.815     0.056
   Current Augmented Lagrangian Factor =  1.00000E+00
 *Command   7 * loop newton         v:   50.0       10.0       0.00    
                                                         t=     0.815     0.058
 *Command   8 * utan                v:   1.00       0.00       0.00    
                                                         t=     0.815     0.058
   Residual 1 norm =  1.2846813E-01 Rel =  1.0000000E+00 t=     0.825     0.059
      Convergence: Equations  norm   = F
      Convergence: Individual groups = F
 Condition check: D-max 0.2650E+09; D-min 0.1469E-38; Ratio 0.1804E+48
 Maximum no. diagonal digits lost: 17 in reducing equation     863
   End Triangular Decomposition                          t=     0.830     0.060
   Number of operations =  800438 plus        4 Mega-ops
  Time: CPU =         0.83 , System =         0.06
--> SOLVE AT  1949.01 Mflops. Time=        0.00
   Energy convergence check
    Initial   =    1.857143067543973E-04 Current   =    1.857143067543973E-04
    Relative  =    1.000000000000000E+00 Tolerance =    1.000000000000000E-16
      Convergence: Energy |R*u| norm = F
      Convergence: Individual groups = F
 *Command   9 * next newton         v:   1.00       8.00       1.00    
                                                         t=     0.830     0.060
 *Command   8 * utan                v:   1.00       0.00       0.00    
                                                         t=     0.830     0.060
   Residual 1 norm =  1.0309482E-02 Rel =  8.0249330E-02 t=     0.842     0.060
      Convergence: Equations  norm   = F
      Convergence: Individual groups = F
 Condition check: D-max 0.2650E+09; D-min 0.1469E-38; Ratio 0.1804E+48
 Maximum no. diagonal digits lost: 17 in reducing equation     863
   End Triangular Decomposition                          t=     0.847     0.060
   Number of operations =  800438 plus        4 Mega-ops
  Time: CPU =         0.85 , System =         0.06
--> SOLVE AT  1924.40 Mflops. Time=        0.00
   Energy convergence check
    Initial   =    1.857143067543973E-04 Current   =    1.114784077851981E-07
    Relative  =    6.002682816064657E-04 Tolerance =    1.000000000000000E-16
      Convergence: Energy |R*u| norm = F
      Convergence: Individual groups = F
 *Command   9 * next newton         v:   2.00       8.00       2.00    
                                                         t=     0.848     0.060
 *Command   8 * utan                v:   1.00       0.00       0.00    
                                                         t=     0.848     0.060
   Residual 1 norm =  2.4086526E-06 Rel =  1.8749028E-05 t=     0.856     0.061
      Convergence: Equations  norm   = F
      Convergence: Individual groups = F
 Condition check: D-max 0.2650E+09; D-min 0.1469E-38; Ratio 0.1804E+48
 Maximum no. diagonal digits lost: 17 in reducing equation     863
   End Triangular Decomposition                          t=     0.862     0.061
   Number of operations =  800438 plus        4 Mega-ops
  Time: CPU =         0.86 , System =         0.06
--> SOLVE AT  1624.52 Mflops. Time=        0.01
   Energy convergence check
    Initial   =    1.857143067543973E-04 Current   =    4.136234980718003E-14
    Relative  =    2.227203198829519E-10 Tolerance =    1.000000000000000E-16
      Convergence: Energy |R*u| norm = F
      Convergence: Individual groups = F
 *Command   9 * next newton         v:   3.00       8.00       3.00    
                                                         t=     0.863     0.061
 *Command   8 * utan                v:   1.00       0.00       0.00    
                                                         t=     0.863     0.061
   Residual 1 norm =  3.4917713E-12 Rel =  2.7180058E-11 t=     0.871     0.062
      Convergence: Equations  norm   = T
      Convergence: Individual groups = T
 Condition check: D-max 0.2650E+09; D-min 0.1469E-38; Ratio 0.1804E+48
 Maximum no. diagonal digits lost: 17 in reducing equation     863
   End Triangular Decomposition                          t=     0.876     0.063
   Number of operations =  800438 plus        4 Mega-ops
  Time: CPU =         0.88 , System =         0.06
--> SOLVE AT  1828.73 Mflops. Time=        0.01
   Energy convergence check
    Initial   =    1.857143067543973E-04 Current   =    5.161501344714834E-27
    Relative  =    2.779269639974907E-23 Tolerance =    1.000000000000000E-16
      Convergence: Energy |R*u| norm = T
      Convergence: Individual groups = T
 *Command   9 * next newton         v:   50.0       8.00       4.00    
                                                         t=     0.877     0.063
 *Command  10 * next augment        v:   1.00       6.00       1.00    
                                                         t=     0.877     0.063
 *Command   6 * augm                v:   0.00       0.00       0.00    
                                                         t=     0.877     0.063
 *Command   7 * loop newton         v:   50.0       10.0       0.00    
                                                         t=     0.878     0.063
 *Command   8 * utan                v:   1.00       0.00       0.00    
                                                         t=     0.878     0.063
   Residual 1 norm =  9.7266689E-15 Rel =  7.5712697E-14 t=     0.889     0.064
      Convergence: Equations  norm   = T
      Convergence: Individual groups = T
 Condition check: D-max 0.2650E+09; D-min 0.1469E-38; Ratio 0.1804E+48
 Maximum no. diagonal digits lost: 17 in reducing equation     863
   End Triangular Decomposition                          t=     0.897     0.064
   Number of operations =  800438 plus        4 Mega-ops
  Time: CPU =         0.90 , System =         0.06
--> SOLVE AT  1151.04 Mflops. Time=        0.01
   Energy convergence check
    Initial   =    1.857143067543973E-04 Current   =    1.750846473996520E-32
    Relative  =    9.427633791897204E-29 Tolerance =    1.000000000000000E-16
      Convergence: Energy |R*u| norm = T
      Convergence: Individual groups = T
 *Command   9 * next newton         v:   50.0       8.00       1.00    
                                                         t=     0.898     0.064
 *Command  10 * next augment        v:   2.00       6.00       2.00    
                                                         t=     0.898     0.064

   Augmented iteration converged in loop =   2: Maximum gap =  0.0000E+00

 *Command  11 * plot WIPE           v:   0.00       0.00       0.00    
                                                         t=     0.898     0.064
 *Command  12 * plot UNDE           v:   0.00       0.00       0.00    
                                                         t=     0.898     0.064
 *Command  13 * plot MESH           v:   0.00       0.00       0.00    
                                                         t=     0.898     0.064
 *Command  14 * plot DEFO           v:   1.00       1.00       0.00    
                                                         t=     0.898     0.064
  -> Plots on deformed mesh with scale: 1.00000E+00
                     Eigenvector scale: 0.00000E+00
 *Command  15 * stre ne             v:   1.00       0.00       0.00    
                                                         t=     0.898     0.065
 FEAP *** inflated fiber reinforced soft ring - circum. b.c. top surf. linked in 

     Mixed Element Stresses

    Elmt Mat    1-Coord    2-Coord    3-Coord
     Cauchy   11-Stress  22-Stress  33-Stress  12-Stress  23-Stress  13-Stress
     Almansi  11-Strain  22-Strain  33-Strain  12-Strain  23-Strain  31-Strain
               1-Stress   2-Stress   3-Stress  log(lam1)  log(lam2)  log(lam3)
                  log-J     eff-ep  Yld/1-Fib    2-Fiber    3-Fiber

       1   1  7.521E-03 -1.578E-03  8.831E-04
     Cauchy  -1.877E+04 -2.443E+05  1.631E+03 -4.139E+04 -2.151E+01  2.063E+02
     Almansi  7.577E-02 -3.537E-01  1.012E-01 -1.576E-01 -8.992E-06  3.662E-04
              1.634E+03 -1.142E+04 -2.517E+05  1.165E-01  1.024E-01 -2.721E-01
             -5.323E-02  0.000E+00  0.000E+00  0.000E+00  0.000E+00

       1   1  8.038E-03 -1.686E-03  8.836E-04
     Cauchy  -2.467E+04 -2.389E+05 -4.321E+03 -3.922E+04 -7.103E+01  4.431E+02
     Almansi  7.686E-02 -3.203E-01  1.016E-01 -1.454E-01 -1.126E-04  7.878E-04
             -4.306E+03 -1.773E+04 -2.459E+05  1.101E-01  9.543E-02 -2.588E-01
             -5.323E-02  0.000E+00  0.000E+00  0.000E+00  0.000E+00

       1   1  8.038E-03 -1.686E-03  2.367E-04
     Cauchy  -2.504E+04 -2.388E+05 -4.119E+03 -3.913E+04 -2.593E+01  1.516E+02
     Almansi  7.634E-02 -3.203E-01  1.016E-01 -1.452E-01 -4.432E-05  2.693E-04
             -4.117E+03 -1.810E+04 -2.458E+05  1.103E-01  9.501E-02 -2.586E-01
             -5.323E-02  0.000E+00  0.000E+00  0.000E+00  0.000E+00

       1   1  7.522E-03 -1.578E-03  2.366E-04
     Cauchy  -1.916E+04 -2.443E+05  1.822E+03 -4.130E+04  2.455E+01 -8.924E+01
     Almansi  7.526E-02 -3.536E-01  1.012E-01 -1.574E-01  5.944E-05 -1.534E-04
              1.822E+03 -1.183E+04 -2.516E+05  1.167E-01  1.020E-01 -2.719E-01
             -5.323E-02  0.000E+00  0.000E+00  0.000E+00  0.000E+00

       1   1  7.673E-03 -4.227E-04  8.831E-04
     Cauchy  -1.319E+04 -2.499E+05  1.631E+03 -2.055E+04 -3.262E+01  2.049E+02
     Almansi  8.640E-02 -3.643E-01  1.012E-01 -7.825E-02 -8.610E-05  3.561E-04
              1.634E+03 -1.142E+04 -2.517E+05  1.165E-01  1.024E-01 -2.721E-01
             -5.323E-02  0.000E+00  0.000E+00  0.000E+00  0.000E+00

       1   1  8.200E-03 -4.518E-04  8.836E-04
     Cauchy  -1.941E+04 -2.442E+05 -4.321E+03 -1.960E+04 -4.606E+01  4.463E+02
     Almansi  8.660E-02 -3.300E-01  1.016E-01 -7.266E-02 -9.515E-05  7.901E-04
             -4.306E+03 -1.773E+04 -2.459E+05  1.101E-01  9.543E-02 -2.588E-01
             -5.323E-02  0.000E+00  0.000E+00  0.000E+00  0.000E+00

       1   1  8.200E-03 -4.518E-04  2.367E-04
     Cauchy  -1.979E+04 -2.441E+05 -4.119E+03 -1.956E+04 -1.419E+01  1.531E+02
     Almansi  8.607E-02 -3.301E-01  1.016E-01 -7.258E-02 -2.688E-05  2.716E-04
             -4.117E+03 -1.810E+04 -2.458E+05  1.103E-01  9.501E-02 -2.586E-01
             -5.323E-02  0.000E+00  0.000E+00  0.000E+00  0.000E+00

       1   1  7.674E-03 -4.228E-04  2.366E-04
     Cauchy  -1.359E+04 -2.498E+05  1.822E+03 -2.051E+04 -6.210E-01 -9.255E+01
     Almansi  8.587E-02 -3.642E-01  1.012E-01 -7.816E-02 -1.771E-05 -1.636E-04
              1.822E+03 -1.183E+04 -2.516E+05  1.167E-01  1.020E-01 -2.719E-01
             -5.323E-02  0.000E+00  0.000E+00  0.000E+00  0.000E+00
 *Command  16 * next time           v:   9.00       3.00       9.00    
                                                         t=     0.899     0.065
 *Command   3 * dt                  v:  0.100       0.00       0.00    
                                                         t=     0.899     0.065
   DT: equal linear increments = 1.000000E-01
 *Command   4 * time                v:   0.00       0.00       0.00    
                                                         t=     0.899     0.065

   Computing solution at time   1.0000E+00 using dt =  1.0000E-01
   Total proportional load is   1.0000E+00
 *Command   5 * loop augment        v:   3.00       11.0       0.00    
                                                         t=     0.900     0.065
 *Command   6 * augm                v:   0.00       0.00       0.00    
                                                         t=     0.900     0.065
   Current Augmented Lagrangian Factor =  1.00000E+00
 *Command   7 * loop newton         v:   50.0       10.0       0.00    
                                                         t=     0.902     0.065
 *Command   8 * utan                v:   1.00       0.00       0.00    
                                                         t=     0.902     0.065
   Residual 1 norm =  1.2784022E-01 Rel =  1.0000000E+00 t=     0.910     0.065
      Convergence: Equations  norm   = F
      Convergence: Individual groups = F
 Condition check: D-max 0.2650E+09; D-min 0.1469E-38; Ratio 0.1804E+48
 Maximum no. diagonal digits lost: 17 in reducing equation     863
   End Triangular Decomposition                          t=     0.917     0.065
   Number of operations =  800438 plus        4 Mega-ops
  Time: CPU =         0.92 , System =         0.07
--> SOLVE AT  1417.74 Mflops. Time=        0.01
   Energy convergence check
    Initial   =    1.757271220552443E-04 Current   =    1.757271220552443E-04
    Relative  =    1.000000000000000E+00 Tolerance =    1.000000000000000E-16
      Convergence: Energy |R*u| norm = F
      Convergence: Individual groups = F
 *Command   9 * next newton         v:   1.00       8.00       1.00    
                                                         t=     0.918     0.065
 *Command   8 * utan                v:   1.00       0.00       0.00    
                                                         t=     0.918     0.065
   Residual 1 norm =  9.1819991E-03 Rel =  7.1824027E-02 t=     0.928     0.065
      Convergence: Equations  norm   = F
      Convergence: Individual groups = F
 Condition check: D-max 0.2650E+09; D-min 0.1469E-38; Ratio 0.1804E+48
 Maximum no. diagonal digits lost: 17 in reducing equation     863
   End Triangular Decomposition                          t=     0.936     0.066
   Number of operations =  800438 plus        4 Mega-ops
  Time: CPU =         0.94 , System =         0.07
--> SOLVE AT  1266.77 Mflops. Time=        0.01
   Energy convergence check
    Initial   =    1.757271220552443E-04 Current   =    9.805788917507457E-08
    Relative  =    5.580122637201533E-04 Tolerance =    1.000000000000000E-16
      Convergence: Energy |R*u| norm = F
      Convergence: Individual groups = F
 *Command   9 * next newton         v:   2.00       8.00       2.00    
                                                         t=     0.936     0.066
 *Command   8 * utan                v:   1.00       0.00       0.00    
                                                         t=     0.936     0.067
   Residual 1 norm =  2.0251554E-06 Rel =  1.5841301E-05 t=     0.946     0.067
      Convergence: Equations  norm   = F
      Convergence: Individual groups = F
 Condition check: D-max 0.2650E+09; D-min 0.1469E-38; Ratio 0.1804E+48
 Maximum no. diagonal digits lost: 17 in reducing equation     863
   End Triangular Decomposition                          t=     0.952     0.067
   Number of operations =  800438 plus        4 Mega-ops
  Time: CPU =         0.95 , System =         0.07
--> SOLVE AT  1743.72 Mflops. Time=        0.01
   Energy convergence check
    Initial   =    1.757271220552443E-04 Current   =    3.162709658876165E-14
    Relative  =    1.799784587539017E-10 Tolerance =    1.000000000000000E-16
      Convergence: Energy |R*u| norm = F
      Convergence: Individual groups = F
 *Command   9 * next newton         v:   3.00       8.00       3.00    
                                                         t=     0.953     0.067
 *Command   8 * utan                v:   1.00       0.00       0.00    
                                                         t=     0.953     0.067
   Residual 1 norm =  2.5442145E-12 Rel =  1.9901519E-11 t=     0.962     0.068
      Convergence: Equations  norm   = T
      Convergence: Individual groups = T
 Condition check: D-max 0.2650E+09; D-min 0.1469E-38; Ratio 0.1804E+48
 Maximum no. diagonal digits lost: 17 in reducing equation     863
   End Triangular Decomposition                          t=     0.969     0.069
   Number of operations =  800438 plus        4 Mega-ops
  Time: CPU =         0.97 , System =         0.07
--> SOLVE AT  1322.80 Mflops. Time=        0.01
   Energy convergence check
    Initial   =    1.757271220552443E-04 Current   =    2.990819478962553E-27
    Relative  =    1.701968053640753E-23 Tolerance =    1.000000000000000E-16
      Convergence: Energy |R*u| norm = T
      Convergence: Individual groups = T
 *Command   9 * next newton         v:   50.0       8.00       4.00    
                                                         t=     0.970     0.069
 *Command  10 * next augment        v:   1.00       6.00       1.00    
                                                         t=     0.970     0.069
 *Command   6 * augm                v:   0.00       0.00       0.00    
                                                         t=     0.970     0.069
 *Command   7 * loop newton         v:   50.0       10.0       0.00    
                                                         t=     0.971     0.069
 *Command   8 * utan                v:   1.00       0.00       0.00    
                                                         t=     0.971     0.069
   Residual 1 norm =  1.0548941E-14 Rel =  8.2516606E-14 t=     0.979     0.069
      Convergence: Equations  norm   = T
      Convergence: Individual groups = T
 Condition check: D-max 0.2650E+09; D-min 0.1469E-38; Ratio 0.1804E+48
 Maximum no. diagonal digits lost: 17 in reducing equation     863
   End Triangular Decomposition                          t=     0.985     0.070
   Number of operations =  800438 plus        4 Mega-ops
  Time: CPU =         0.99 , System =         0.07
--> SOLVE AT  1631.69 Mflops. Time=        0.01
   Energy convergence check
    Initial   =    1.757271220552443E-04 Current   =    2.334829334292834E-32
    Relative  =    1.328667599506251E-28 Tolerance =    1.000000000000000E-16
      Convergence: Energy |R*u| norm = T
      Convergence: Individual groups = T
 *Command   9 * next newton         v:   50.0       8.00       1.00    
                                                         t=     0.986     0.070
 *Command  10 * next augment        v:   2.00       6.00       2.00    
                                                         t=     0.987     0.070

   Augmented iteration converged in loop =   2: Maximum gap =  0.0000E+00

 *Command  11 * plot WIPE           v:   0.00       0.00       0.00    
                                                         t=     0.987     0.070
 *Command  12 * plot UNDE           v:   0.00       0.00       0.00    
                                                         t=     0.987     0.070
 *Command  13 * plot MESH           v:   0.00       0.00       0.00    
                                                         t=     0.987     0.070
 *Command  14 * plot DEFO           v:   1.00       1.00       0.00    
                                                         t=     0.987     0.070
  -> Plots on deformed mesh with scale: 1.00000E+00
                     Eigenvector scale: 0.00000E+00
 *Command  15 * stre ne             v:   1.00       0.00       0.00    
                                                         t=     0.987     0.071
 FEAP *** inflated fiber reinforced soft ring - circum. b.c. top surf. linked in 

     Mixed Element Stresses

    Elmt Mat    1-Coord    2-Coord    3-Coord
     Cauchy   11-Stress  22-Stress  33-Stress  12-Stress  23-Stress  13-Stress
     Almansi  11-Strain  22-Strain  33-Strain  12-Strain  23-Strain  31-Strain
               1-Stress   2-Stress   3-Stress  log(lam1)  log(lam2)  log(lam3)
                  log-J     eff-ep  Yld/1-Fib    2-Fiber    3-Fiber

       1   1  7.326E-03 -1.537E-03  8.922E-04
     Cauchy  -2.088E+04 -2.661E+05  1.867E+03 -4.517E+04 -2.428E+01  2.216E+02
     Almansi  8.126E-02 -3.989E-01  1.093E-01 -1.769E-01 -9.207E-06  3.763E-04
              1.871E+03 -1.283E+04 -2.742E+05  1.272E-01  1.117E-01 -2.982E-01
             -5.926E-02  0.000E+00  0.000E+00  0.000E+00  0.000E+00

       1   1  7.847E-03 -1.646E-03  8.927E-04
     Cauchy  -2.760E+04 -2.604E+05 -4.970E+03 -4.277E+04 -8.172E+01  4.962E+02
     Almansi  8.254E-02 -3.599E-01  1.097E-01 -1.626E-01 -1.260E-04  8.443E-04
             -4.953E+03 -2.001E+04 -2.680E+05  1.201E-01  1.040E-01 -2.833E-01
             -5.926E-02  0.000E+00  0.000E+00  0.000E+00  0.000E+00

       1   1  7.847E-03 -1.646E-03  2.392E-04
     Cauchy  -2.803E+04 -2.603E+05 -4.733E+03 -4.267E+04 -3.359E+01  1.887E+02
     Almansi  8.197E-02 -3.599E-01  1.097E-01 -1.624E-01 -5.707E-05  3.205E-04
             -4.731E+03 -2.044E+04 -2.679E+05  1.203E-01  1.035E-01 -2.831E-01
             -5.926E-02  0.000E+00  0.000E+00  0.000E+00  0.000E+00

       1   1  7.326E-03 -1.537E-03  2.391E-04
     Cauchy  -2.133E+04 -2.660E+05  2.091E+03 -4.507E+04  2.499E+01 -9.075E+01
     Almansi  8.069E-02 -3.989E-01  1.093E-01 -1.767E-01  5.994E-05 -1.487E-04
              2.091E+03 -1.330E+04 -2.741E+05  1.274E-01  1.112E-01 -2.979E-01
             -5.926E-02  0.000E+00  0.000E+00  0.000E+00  0.000E+00

       1   1  7.474E-03 -4.117E-04  8.922E-04
     Cauchy  -1.472E+04 -2.723E+05  1.867E+03 -2.219E+04 -3.391E+01  2.204E+02
     Almansi  9.332E-02 -4.110E-01  1.093E-01 -8.689E-02 -8.850E-05  3.659E-04
              1.871E+03 -1.283E+04 -2.742E+05  1.272E-01  1.117E-01 -2.982E-01
             -5.926E-02  0.000E+00  0.000E+00  0.000E+00  0.000E+00

       1   1  8.005E-03 -4.410E-04  8.927E-04
     Cauchy  -2.181E+04 -2.661E+05 -4.970E+03 -2.115E+04 -4.950E+01  5.005E+02
     Almansi  9.355E-02 -3.709E-01  1.097E-01 -8.041E-02 -9.679E-05  8.481E-04
             -4.953E+03 -2.001E+04 -2.680E+05  1.201E-01  1.040E-01 -2.833E-01
             -5.926E-02  0.000E+00  0.000E+00  0.000E+00  0.000E+00

       1   1  8.005E-03 -4.410E-04  2.392E-04
     Cauchy  -2.225E+04 -2.660E+05 -4.733E+03 -2.111E+04 -1.640E+01  1.910E+02
     Almansi  9.296E-02 -3.709E-01  1.097E-01 -8.033E-02 -2.783E-05  3.244E-04
             -4.731E+03 -2.044E+04 -2.679E+05  1.203E-01  1.035E-01 -2.831E-01
             -5.926E-02  0.000E+00  0.000E+00  0.000E+00  0.000E+00

       1   1  7.474E-03 -4.118E-04  2.391E-04
     Cauchy  -1.519E+04 -2.722E+05  2.091E+03 -2.214E+04 -6.518E-01 -9.412E+01
     Almansi  9.273E-02 -4.109E-01  1.093E-01 -8.679E-02 -1.941E-05 -1.592E-04
              2.091E+03 -1.330E+04 -2.741E+05  1.274E-01  1.112E-01 -2.979E-01
             -5.926E-02  0.000E+00  0.000E+00  0.000E+00  0.000E+00
 *Command  16 * next time           v:   10.0       3.00       10.0    
                                                         t=     0.988     0.071
 *Command  17 * stre NODE           v:   8.00       14.0       1.00    
                                                         t=     0.988     0.071

 FEAP *** inflated fiber reinforced soft ring - circum. b.c. top surf. linked i

   N o d a l   P r o j e c t i o n s

    Node    Material    1-Coord.    2-Coord.    3-Coord.
          1-Pr.Value  2-Pr.Value  3-Pr.Value   Max Shear
           I_1 Value Mises Value   J_3 Value
             1 Value     2 Value     3 Value     4 Value     5 Value     6 Value
             7 Value     8 Value     9 Value    10 Value    11 Value    12 Value
    ----------------------------------------------------------------------------
       8       1      1.0000E-02  0.0000E+00  0.0000E+00
          4.6750E+03 -1.0490E+04 -2.7667E+05  1.4067E+05
         -9.4161E+04  2.7407E+05 -1.0465E+15
         -1.0483E+04 -2.7667E+05  4.6683E+03 -4.3656E-11  5.0017E-11 -3.1654E+02
          9.6971E-02 -4.3010E-01  1.0916E-01 -1.1102E-16  1.1621E-16 -5.3423E-04
       9       1      1.0833E-02  0.0000E+00  0.0000E+00
         -5.2708E+02 -3.0706E+04 -2.6188E+05  1.3068E+05
         -9.7704E+04  2.4765E+05 -7.4113E+14
         -3.0705E+04 -2.6188E+05 -5.2822E+02  1.7099E-10  2.6317E-11  1.8540E+02
          8.3566E-02 -3.6033E-01  1.0991E-01  7.7716E-16  1.3015E-16  3.2279E-04
      10       1      1.1667E-02  0.0000E+00  0.0000E+00
         -2.0919E+02 -5.2275E+04 -2.4651E+05  1.2315E+05
         -9.9664E+04  2.2484E+05 -4.7988E+14
         -5.2270E+04 -2.4651E+05 -2.1360E+02 -6.1846E-11 -3.6807E-11  4.7922E+02
          6.0167E-02 -3.1175E-01  1.0834E-01 -3.0531E-16 -1.4688E-16  8.9057E-04
      11       1      1.2500E-02  0.0000E+00  0.0000E+00
         -3.5262E+02 -6.8809E+04 -2.3487E+05  1.1726E+05
         -1.0134E+05  2.0888E+05 -3.0421E+14
         -6.8807E+04 -2.3487E+05 -3.5365E+02 -6.5484E-11  2.3821E-11  2.6560E+02
          4.1255E-02 -2.7596E-01  1.0750E-01 -2.6368E-16  7.4171E-17  5.1670E-04
      12       1      1.3333E-02  0.0000E+00  0.0000E+00
         -3.0975E+02 -8.1694E+04 -2.2539E+05  1.1254E+05
         -1.0247E+05  1.9740E+05 -1.8086E+14
         -8.1693E+04 -2.2539E+05 -3.1024E+02  5.4570E-11  2.4185E-11  1.9924E+02
          2.5376E-02 -2.4879E-01  1.0697E-01  2.4980E-16  9.1484E-17  4.0125E-04
      13       1      1.4167E-02  0.0000E+00  0.0000E+00
         -2.2427E+02 -9.1757E+04 -2.1746E+05  1.0862E+05
         -1.0315E+05  1.8890E+05 -9.2897E+13
         -9.1757E+04 -2.1746E+05 -2.2427E+02  8.0036E-11 -2.9878E-11  1.2407E+01
          1.2056E-02 -2.2755E-01  1.0651E-01  2.7062E-16 -9.4065E-17  2.6212E-05
      14       1      1.5000E-02  0.0000E+00  0.0000E+00
         -1.2997E+03 -9.7723E+04 -2.1203E+05  1.0536E+05
         -1.0368E+05  1.8271E+05 -4.5841E+13
         -9.7722E+04 -2.1203E+05 -1.3000E+03  4.7294E-11 -2.9109E-11 -1.5547E+02
          5.8466E-03 -2.1061E-01  1.0688E-01  1.3878E-16 -7.9002E-17 -3.2631E-04
 *End of Solution Execution*                             t=     0.995     0.072
 *End of Solution Execution*                             t=     0.998     0.078

 *End of <FEAP> solution,  File: OsweepR                                                                                                                         

