 FEAP *** soft tissue tube with internal hard shell ring                        

     Solution date: Wed Sep  9 14:29:09 2026

              Release 8.7.1b      
              03 July 2026        

     Input Data Filename: IsweepSS                                                                                                                        

     Number of Nodal Points  - - - - - - :      769
     Number of Elements  - - - - - - - - :      396

     Spatial Dimension of Mesh - - - - - :        3
     Degrees-of-Freedom/Node (Maximum) - :        6
     Equations/Element       (Maximum) - :        0
     Number Element Nodes    (Maximum) - :        8

     Number of Material Sets - - - - - - :        4
     Number Parameters/Set   (Program) - :      350
     Number Parameters/Set   (Users  ) - :      150

     Number Added Element Equations  - - :        0

  C o n s t a n t    V a l u e s

     Constant pi =  3.14159265E+00
     Constant pr =  1.00000000E+05
     Constant ri =  1.00000000E-02
     Constant ro =  1.50000000E-02
     Constant ht =  5.00000000E-03
     Constant nl =  6.00000000E+00
     Constant lt =  8.33333333E-04
     Constant to =  1.00000000E-04
     Constant em =  1.00000000E+06
     Constant nu =  4.20000000E-01
     Constant rh =  1.06000000E+03
     Constant dt =  1.00000000E-02
     Constant ta =  1.00000000E+00
     Constant ln =  5.00000000E+01
     Constant la =  3.00000000E+00
     Constant rs =  1.00000000E-03

 FEAP *** soft tissue tube with internal hard shell ring                       

   M a t e r i a l    P r o p e r t i e s

     Material Set Number   1: Element Type: SOLID:                           
     Degree of Freedom Assignments    Local    Global
                                     Number    Number
                                        1         1
                                        2         2
                                        3         3
                                        4         4
                                        5         5
                                        6         6

     T h r e e   D i m e n s i o n a l   S o l i d   E l e m e n t

     M e c h a n i c a l   P r o p e r t i e s

     NeoHookean Stored Energy Function 

          3-Dimensional Analysis

          Modulus E        1.00000E+06
          Poisson ratio    0.42000
          Bulk Modulus     2.08333E+06
          Shear Modulus    3.52113E+05

          Volume Model     2
               1: U(J) = 0.25*(J**2 - 1 - 2 * ln J)
               2: U(J) = 0.50*(J - 1)**2
               3: U(J) = 0.50*(ln J)**2
               4: U(J) = 2.00*(J - 1 - ln J)
               5: None: Incompressible

          Density          1.06000E+03

          1-Gravity Load   0.00000E+00
          2-Gravity Load   0.00000E+00
          3-Gravity Load   0.00000E+00
          Wave speed - c_o 4.90746E+01
          Implicit time integration: theta =:, 0.00000

     C o n s t i t u t i v e    S t a r t

          Start state  : Elastic

     E l e m e n t    M o d e l

          Formulation  : Finite Deformation Mixed       
          Element type : Mixed
          Plot Output  : On
          Augmenting   : Off
          Interpolation: Lagrangian Polynomials
          Mass type    : Consistent.
          History terms/pt  =     0

 FEAP *** soft tissue tube with internal hard shell ring                       

   M a t e r i a l    P r o p e r t i e s

     Material Set Number   2: Element Type: PRESs:                           
     Degree of Freedom Assignments    Local    Global
                                     Number    Number
                                        1         1
                                        2         2
                                        3         3
                                        4         4
                                        5         5
                                        6         6

     P r e s s u r e   L o a d i n g

          Loading Intensity      1.0000E+05
          Proportional Load No.           1
          Gradient Intensity     0.0000E+00
          Proportional Load No.           0
          Follower Loading
          Three dimensional analysis
          Gauss quadrature
          Surface plot on 

 FEAP *** soft tissue tube with internal hard shell ring                       

   M a t e r i a l    P r o p e r t i e s

     Material Set Number   3: Element Type: SOLID:                           
     Degree of Freedom Assignments    Local    Global
                                     Number    Number
                                        1         1
                                        2         2
                                        3         3
                                        4         4
                                        5         5
                                        6         6

     T h r e e   D i m e n s i o n a l   S o l i d   E l e m e n t

     M e c h a n i c a l   P r o p e r t i e s

          3-Dimensional Analysis

          Modulus E        2.10000E+11
          Poisson ratio    0.30000

          Density          0.00000E+00

          1-Gravity Load   0.00000E+00
          2-Gravity Load   0.00000E+00
          3-Gravity Load   0.00000E+00

     C o n s t i t u t i v e    S t a r t

          Start state  : Elastic

     E l e m e n t    M o d e l

          Formulation  : Small Deformation.
          Element type : Displacement
          Plot Output  : On
          Interpolation: Lagrangian Polynomials
          History terms/pt  =     0

     W a r n i n g s   &   E r r o r s
          Material density is zero.

 FEAP *** soft tissue tube with internal hard shell ring                         

   3-D   M e s h   f r o m   2-D   M e s h

           2-d File Name: IsectS2L.rev   

           Spline Definition for 3-d mesh

            Cylindrical sweep
           Generate   24 segments

           Rotate on   4 axis

           Center at:  0.0000E+00  0.0000E+00  0.0000E+00

           Node     1-Coord     2-Coord     3-Coord
              1  0.0000E+00  0.0000E+00  0.0000E+00
              2 -3.6000E+02  0.0000E+00  0.0000E+00

 FEAP *** soft tissue tube with internal hard shell ring                         

   N o d a l   C o o r d i n a t e s

      Node     1-Coord     2-Coord     3-Coord
         1  1.0000E-02  0.0000E+00  5.0000E-03
         2  1.0833E-02  0.0000E+00  5.0000E-03
         3  1.1667E-02  0.0000E+00  5.0000E-03
         4  1.2500E-02  0.0000E+00  5.0000E-03
         5  1.3333E-02  0.0000E+00  5.0000E-03
         6  1.4167E-02  0.0000E+00  5.0000E-03
         7  1.5000E-02  0.0000E+00  5.0000E-03
         8  1.0000E-02  0.0000E+00  0.0000E+00
         9  1.0833E-02  0.0000E+00  0.0000E+00
        10  1.1667E-02  0.0000E+00  0.0000E+00
        11  1.2500E-02  0.0000E+00  0.0000E+00
        12  1.3333E-02  0.0000E+00  0.0000E+00
        13  1.4167E-02  0.0000E+00  0.0000E+00
        14  1.5000E-02  0.0000E+00  0.0000E+00
        15  1.0000E-02  0.0000E+00  2.5000E-03
        16  1.0833E-02  0.0000E+00  2.5000E-03
        17  1.1667E-02  0.0000E+00  2.5000E-03
        18  1.2500E-02  0.0000E+00  2.5000E-03
        19  1.3333E-02  0.0000E+00  2.5000E-03
        20  1.4167E-02  0.0000E+00  2.5000E-03
        21  1.5000E-02  0.0000E+00  2.5000E-03
        22  9.6593E-03 -2.5882E-03  5.0000E-03
        23  1.0464E-02 -2.8039E-03  5.0000E-03
        24  1.1269E-02 -3.0196E-03  5.0000E-03
        25  1.2074E-02 -3.2352E-03  5.0000E-03
        26  1.2879E-02 -3.4509E-03  5.0000E-03
        27  1.3684E-02 -3.6666E-03  5.0000E-03
        28  1.4489E-02 -3.8823E-03  5.0000E-03
        29  9.6593E-03 -2.5882E-03  0.0000E+00
        30  1.0464E-02 -2.8039E-03  0.0000E+00
        31  1.1269E-02 -3.0196E-03  0.0000E+00
        32  1.2074E-02 -3.2352E-03  0.0000E+00
        33  1.2879E-02 -3.4509E-03  0.0000E+00
        34  1.3684E-02 -3.6666E-03  0.0000E+00
        35  1.4489E-02 -3.8823E-03  0.0000E+00
        36  9.6593E-03 -2.5882E-03  2.5000E-03
        37  1.0464E-02 -2.8039E-03  2.5000E-03
        38  1.1269E-02 -3.0196E-03  2.5000E-03
        39  1.2074E-02 -3.2352E-03  2.5000E-03
        40  1.2879E-02 -3.4509E-03  2.5000E-03
        41  1.3684E-02 -3.6666E-03  2.5000E-03
        42  1.4489E-02 -3.8823E-03  2.5000E-03
        43  8.6603E-03 -5.0000E-03  5.0000E-03
        44  9.3819E-03 -5.4167E-03  5.0000E-03
        45  1.0104E-02 -5.8333E-03  5.0000E-03
        46  1.0825E-02 -6.2500E-03  5.0000E-03
        47  1.1547E-02 -6.6667E-03  5.0000E-03
        48  1.2269E-02 -7.0833E-03  5.0000E-03
        49  1.2990E-02 -7.5000E-03  5.0000E-03
        50  8.6603E-03 -5.0000E-03  0.0000E+00
        51  9.3819E-03 -5.4167E-03  0.0000E+00
        52  1.0104E-02 -5.8333E-03  0.0000E+00
        53  1.0825E-02 -6.2500E-03  0.0000E+00
        54  1.1547E-02 -6.6667E-03  0.0000E+00
        55  1.2269E-02 -7.0833E-03  0.0000E+00
        56  1.2990E-02 -7.5000E-03  0.0000E+00
        57  8.6603E-03 -5.0000E-03  2.5000E-03
        58  9.3819E-03 -5.4167E-03  2.5000E-03
        59  1.0104E-02 -5.8333E-03  2.5000E-03
        60  1.0825E-02 -6.2500E-03  2.5000E-03
        61  1.1547E-02 -6.6667E-03  2.5000E-03
        62  1.2269E-02 -7.0833E-03  2.5000E-03
        63  1.2990E-02 -7.5000E-03  2.5000E-03
        64  7.0711E-03 -7.0711E-03  5.0000E-03
        65  7.6603E-03 -7.6603E-03  5.0000E-03
        66  8.2496E-03 -8.2496E-03  5.0000E-03
        67  8.8388E-03 -8.8388E-03  5.0000E-03
        68  9.4281E-03 -9.4281E-03  5.0000E-03
        69  1.0017E-02 -1.0017E-02  5.0000E-03
        70  1.0607E-02 -1.0607E-02  5.0000E-03
        71  7.0711E-03 -7.0711E-03  0.0000E+00
        72  7.6603E-03 -7.6603E-03  0.0000E+00
        73  8.2496E-03 -8.2496E-03  0.0000E+00
        74  8.8388E-03 -8.8388E-03  0.0000E+00
        75  9.4281E-03 -9.4281E-03  0.0000E+00
        76  1.0017E-02 -1.0017E-02  0.0000E+00
        77  1.0607E-02 -1.0607E-02  0.0000E+00
        78  7.0711E-03 -7.0711E-03  2.5000E-03
        79  7.6603E-03 -7.6603E-03  2.5000E-03
        80  8.2496E-03 -8.2496E-03  2.5000E-03
        81  8.8388E-03 -8.8388E-03  2.5000E-03
        82  9.4281E-03 -9.4281E-03  2.5000E-03
        83  1.0017E-02 -1.0017E-02  2.5000E-03
        84  1.0607E-02 -1.0607E-02  2.5000E-03
        85  5.0000E-03 -8.6603E-03  5.0000E-03
        86  5.4167E-03 -9.3819E-03  5.0000E-03
        87  5.8333E-03 -1.0104E-02  5.0000E-03
        88  6.2500E-03 -1.0825E-02  5.0000E-03
        89  6.6667E-03 -1.1547E-02  5.0000E-03
        90  7.0833E-03 -1.2269E-02  5.0000E-03
        91  7.5000E-03 -1.2990E-02  5.0000E-03
        92  5.0000E-03 -8.6603E-03  0.0000E+00
        93  5.4167E-03 -9.3819E-03  0.0000E+00
        94  5.8333E-03 -1.0104E-02  0.0000E+00
        95  6.2500E-03 -1.0825E-02  0.0000E+00
        96  6.6667E-03 -1.1547E-02  0.0000E+00
        97  7.0833E-03 -1.2269E-02  0.0000E+00
        98  7.5000E-03 -1.2990E-02  0.0000E+00
        99  5.0000E-03 -8.6603E-03  2.5000E-03
       100  5.4167E-03 -9.3819E-03  2.5000E-03
       101  5.8333E-03 -1.0104E-02  2.5000E-03
       102  6.2500E-03 -1.0825E-02  2.5000E-03
       103  6.6667E-03 -1.1547E-02  2.5000E-03
       104  7.0833E-03 -1.2269E-02  2.5000E-03
       105  7.5000E-03 -1.2990E-02  2.5000E-03
       106  2.5882E-03 -9.6593E-03  5.0000E-03
       107  2.8039E-03 -1.0464E-02  5.0000E-03
       108  3.0196E-03 -1.1269E-02  5.0000E-03
       109  3.2352E-03 -1.2074E-02  5.0000E-03
       110  3.4509E-03 -1.2879E-02  5.0000E-03
       111  3.6666E-03 -1.3684E-02  5.0000E-03
       112  3.8823E-03 -1.4489E-02  5.0000E-03
       113  2.5882E-03 -9.6593E-03  0.0000E+00
       114  2.8039E-03 -1.0464E-02  0.0000E+00
       115  3.0196E-03 -1.1269E-02  0.0000E+00
       116  3.2352E-03 -1.2074E-02  0.0000E+00
       117  3.4509E-03 -1.2879E-02  0.0000E+00
       118  3.6666E-03 -1.3684E-02  0.0000E+00
       119  3.8823E-03 -1.4489E-02  0.0000E+00
       120  2.5882E-03 -9.6593E-03  2.5000E-03
       121  2.8039E-03 -1.0464E-02  2.5000E-03
       122  3.0196E-03 -1.1269E-02  2.5000E-03
       123  3.2352E-03 -1.2074E-02  2.5000E-03
       124  3.4509E-03 -1.2879E-02  2.5000E-03
       125  3.6666E-03 -1.3684E-02  2.5000E-03
       126  3.8823E-03 -1.4489E-02  2.5000E-03
       127  6.1232E-19 -1.0000E-02  5.0000E-03
       128  6.6335E-19 -1.0833E-02  5.0000E-03
       129  7.1438E-19 -1.1667E-02  5.0000E-03
       130  7.6540E-19 -1.2500E-02  5.0000E-03
       131  8.1643E-19 -1.3333E-02  5.0000E-03
       132  8.6746E-19 -1.4167E-02  5.0000E-03
       133  9.1849E-19 -1.5000E-02  5.0000E-03
       134  6.1232E-19 -1.0000E-02  0.0000E+00
       135  6.6335E-19 -1.0833E-02  0.0000E+00
       136  7.1438E-19 -1.1667E-02  0.0000E+00
       137  7.6540E-19 -1.2500E-02  0.0000E+00
       138  8.1643E-19 -1.3333E-02  0.0000E+00
       139  8.6746E-19 -1.4167E-02  0.0000E+00
       140  9.1849E-19 -1.5000E-02  0.0000E+00
       141  6.1232E-19 -1.0000E-02  2.5000E-03
       142  6.6335E-19 -1.0833E-02  2.5000E-03
       143  7.1438E-19 -1.1667E-02  2.5000E-03
       144  7.6540E-19 -1.2500E-02  2.5000E-03
       145  8.1643E-19 -1.3333E-02  2.5000E-03
       146  8.6746E-19 -1.4167E-02  2.5000E-03
       147  9.1849E-19 -1.5000E-02  2.5000E-03
       148 -2.5882E-03 -9.6593E-03  5.0000E-03
       149 -2.8039E-03 -1.0464E-02  5.0000E-03
       150 -3.0196E-03 -1.1269E-02  5.0000E-03
       151 -3.2352E-03 -1.2074E-02  5.0000E-03
       152 -3.4509E-03 -1.2879E-02  5.0000E-03
       153 -3.6666E-03 -1.3684E-02  5.0000E-03
       154 -3.8823E-03 -1.4489E-02  5.0000E-03
       155 -2.5882E-03 -9.6593E-03  0.0000E+00
       156 -2.8039E-03 -1.0464E-02  0.0000E+00
       157 -3.0196E-03 -1.1269E-02  0.0000E+00
       158 -3.2352E-03 -1.2074E-02  0.0000E+00
       159 -3.4509E-03 -1.2879E-02  0.0000E+00
       160 -3.6666E-03 -1.3684E-02  0.0000E+00
       161 -3.8823E-03 -1.4489E-02  0.0000E+00
       162 -2.5882E-03 -9.6593E-03  2.5000E-03
       163 -2.8039E-03 -1.0464E-02  2.5000E-03
       164 -3.0196E-03 -1.1269E-02  2.5000E-03
       165 -3.2352E-03 -1.2074E-02  2.5000E-03
       166 -3.4509E-03 -1.2879E-02  2.5000E-03
       167 -3.6666E-03 -1.3684E-02  2.5000E-03
       168 -3.8823E-03 -1.4489E-02  2.5000E-03
       169 -5.0000E-03 -8.6603E-03  5.0000E-03
       170 -5.4167E-03 -9.3819E-03  5.0000E-03
       171 -5.8333E-03 -1.0104E-02  5.0000E-03
       172 -6.2500E-03 -1.0825E-02  5.0000E-03
       173 -6.6667E-03 -1.1547E-02  5.0000E-03
       174 -7.0833E-03 -1.2269E-02  5.0000E-03
       175 -7.5000E-03 -1.2990E-02  5.0000E-03
       176 -5.0000E-03 -8.6603E-03  0.0000E+00
       177 -5.4167E-03 -9.3819E-03  0.0000E+00
       178 -5.8333E-03 -1.0104E-02  0.0000E+00
       179 -6.2500E-03 -1.0825E-02  0.0000E+00
       180 -6.6667E-03 -1.1547E-02  0.0000E+00
       181 -7.0833E-03 -1.2269E-02  0.0000E+00
       182 -7.5000E-03 -1.2990E-02  0.0000E+00
       183 -5.0000E-03 -8.6603E-03  2.5000E-03
       184 -5.4167E-03 -9.3819E-03  2.5000E-03
       185 -5.8333E-03 -1.0104E-02  2.5000E-03
       186 -6.2500E-03 -1.0825E-02  2.5000E-03
       187 -6.6667E-03 -1.1547E-02  2.5000E-03
       188 -7.0833E-03 -1.2269E-02  2.5000E-03
       189 -7.5000E-03 -1.2990E-02  2.5000E-03
       190 -7.0711E-03 -7.0711E-03  5.0000E-03
       191 -7.6603E-03 -7.6603E-03  5.0000E-03
       192 -8.2496E-03 -8.2496E-03  5.0000E-03
       193 -8.8388E-03 -8.8388E-03  5.0000E-03
       194 -9.4281E-03 -9.4281E-03  5.0000E-03
       195 -1.0017E-02 -1.0017E-02  5.0000E-03
       196 -1.0607E-02 -1.0607E-02  5.0000E-03
       197 -7.0711E-03 -7.0711E-03  0.0000E+00
       198 -7.6603E-03 -7.6603E-03  0.0000E+00
       199 -8.2496E-03 -8.2496E-03  0.0000E+00
       200 -8.8388E-03 -8.8388E-03  0.0000E+00
       201 -9.4281E-03 -9.4281E-03  0.0000E+00
       202 -1.0017E-02 -1.0017E-02  0.0000E+00
       203 -1.0607E-02 -1.0607E-02  0.0000E+00
       204 -7.0711E-03 -7.0711E-03  2.5000E-03
       205 -7.6603E-03 -7.6603E-03  2.5000E-03
       206 -8.2496E-03 -8.2496E-03  2.5000E-03
       207 -8.8388E-03 -8.8388E-03  2.5000E-03
       208 -9.4281E-03 -9.4281E-03  2.5000E-03
       209 -1.0017E-02 -1.0017E-02  2.5000E-03
       210 -1.0607E-02 -1.0607E-02  2.5000E-03
       211 -8.6603E-03 -5.0000E-03  5.0000E-03
       212 -9.3819E-03 -5.4167E-03  5.0000E-03
       213 -1.0104E-02 -5.8333E-03  5.0000E-03
       214 -1.0825E-02 -6.2500E-03  5.0000E-03
       215 -1.1547E-02 -6.6667E-03  5.0000E-03
       216 -1.2269E-02 -7.0833E-03  5.0000E-03
       217 -1.2990E-02 -7.5000E-03  5.0000E-03
       218 -8.6603E-03 -5.0000E-03  0.0000E+00
       219 -9.3819E-03 -5.4167E-03  0.0000E+00
       220 -1.0104E-02 -5.8333E-03  0.0000E+00
       221 -1.0825E-02 -6.2500E-03  0.0000E+00
       222 -1.1547E-02 -6.6667E-03  0.0000E+00
       223 -1.2269E-02 -7.0833E-03  0.0000E+00
       224 -1.2990E-02 -7.5000E-03  0.0000E+00
       225 -8.6603E-03 -5.0000E-03  2.5000E-03
       226 -9.3819E-03 -5.4167E-03  2.5000E-03
       227 -1.0104E-02 -5.8333E-03  2.5000E-03
       228 -1.0825E-02 -6.2500E-03  2.5000E-03
       229 -1.1547E-02 -6.6667E-03  2.5000E-03
       230 -1.2269E-02 -7.0833E-03  2.5000E-03
       231 -1.2990E-02 -7.5000E-03  2.5000E-03
       232 -9.6593E-03 -2.5882E-03  5.0000E-03
       233 -1.0464E-02 -2.8039E-03  5.0000E-03
       234 -1.1269E-02 -3.0196E-03  5.0000E-03
       235 -1.2074E-02 -3.2352E-03  5.0000E-03
       236 -1.2879E-02 -3.4509E-03  5.0000E-03
       237 -1.3684E-02 -3.6666E-03  5.0000E-03
       238 -1.4489E-02 -3.8823E-03  5.0000E-03
       239 -9.6593E-03 -2.5882E-03  0.0000E+00
       240 -1.0464E-02 -2.8039E-03  0.0000E+00
       241 -1.1269E-02 -3.0196E-03  0.0000E+00
       242 -1.2074E-02 -3.2352E-03  0.0000E+00
       243 -1.2879E-02 -3.4509E-03  0.0000E+00
       244 -1.3684E-02 -3.6666E-03  0.0000E+00
       245 -1.4489E-02 -3.8823E-03  0.0000E+00
       246 -9.6593E-03 -2.5882E-03  2.5000E-03
       247 -1.0464E-02 -2.8039E-03  2.5000E-03
       248 -1.1269E-02 -3.0196E-03  2.5000E-03
       249 -1.2074E-02 -3.2352E-03  2.5000E-03
       250 -1.2879E-02 -3.4509E-03  2.5000E-03
       251 -1.3684E-02 -3.6666E-03  2.5000E-03
       252 -1.4489E-02 -3.8823E-03  2.5000E-03
       253 -1.0000E-02 -1.2246E-18  5.0000E-03
       254 -1.0833E-02 -1.3267E-18  5.0000E-03
       255 -1.1667E-02 -1.4288E-18  5.0000E-03
       256 -1.2500E-02 -1.5308E-18  5.0000E-03
       257 -1.3333E-02 -1.6329E-18  5.0000E-03
       258 -1.4167E-02 -1.7349E-18  5.0000E-03
       259 -1.5000E-02 -1.8370E-18  5.0000E-03
       260 -1.0000E-02 -1.2246E-18  0.0000E+00
       261 -1.0833E-02 -1.3267E-18  0.0000E+00
       262 -1.1667E-02 -1.4288E-18  0.0000E+00
       263 -1.2500E-02 -1.5308E-18  0.0000E+00
       264 -1.3333E-02 -1.6329E-18  0.0000E+00
       265 -1.4167E-02 -1.7349E-18  0.0000E+00
       266 -1.5000E-02 -1.8370E-18  0.0000E+00
       267 -1.0000E-02 -1.2246E-18  2.5000E-03
       268 -1.0833E-02 -1.3267E-18  2.5000E-03
       269 -1.1667E-02 -1.4288E-18  2.5000E-03
       270 -1.2500E-02 -1.5308E-18  2.5000E-03
       271 -1.3333E-02 -1.6329E-18  2.5000E-03
       272 -1.4167E-02 -1.7349E-18  2.5000E-03
       273 -1.5000E-02 -1.8370E-18  2.5000E-03
       274 -9.6593E-03  2.5882E-03  5.0000E-03
       275 -1.0464E-02  2.8039E-03  5.0000E-03
       276 -1.1269E-02  3.0196E-03  5.0000E-03
       277 -1.2074E-02  3.2352E-03  5.0000E-03
       278 -1.2879E-02  3.4509E-03  5.0000E-03
       279 -1.3684E-02  3.6666E-03  5.0000E-03
       280 -1.4489E-02  3.8823E-03  5.0000E-03
       281 -9.6593E-03  2.5882E-03  0.0000E+00
       282 -1.0464E-02  2.8039E-03  0.0000E+00
       283 -1.1269E-02  3.0196E-03  0.0000E+00
       284 -1.2074E-02  3.2352E-03  0.0000E+00
       285 -1.2879E-02  3.4509E-03  0.0000E+00
       286 -1.3684E-02  3.6666E-03  0.0000E+00
       287 -1.4489E-02  3.8823E-03  0.0000E+00
       288 -9.6593E-03  2.5882E-03  2.5000E-03
       289 -1.0464E-02  2.8039E-03  2.5000E-03
       290 -1.1269E-02  3.0196E-03  2.5000E-03
       291 -1.2074E-02  3.2352E-03  2.5000E-03
       292 -1.2879E-02  3.4509E-03  2.5000E-03
       293 -1.3684E-02  3.6666E-03  2.5000E-03
       294 -1.4489E-02  3.8823E-03  2.5000E-03
       295 -8.6603E-03  5.0000E-03  5.0000E-03
       296 -9.3819E-03  5.4167E-03  5.0000E-03
       297 -1.0104E-02  5.8333E-03  5.0000E-03
       298 -1.0825E-02  6.2500E-03  5.0000E-03
       299 -1.1547E-02  6.6667E-03  5.0000E-03
       300 -1.2269E-02  7.0833E-03  5.0000E-03
       301 -1.2990E-02  7.5000E-03  5.0000E-03
       302 -8.6603E-03  5.0000E-03  0.0000E+00
       303 -9.3819E-03  5.4167E-03  0.0000E+00
       304 -1.0104E-02  5.8333E-03  0.0000E+00
       305 -1.0825E-02  6.2500E-03  0.0000E+00
       306 -1.1547E-02  6.6667E-03  0.0000E+00
       307 -1.2269E-02  7.0833E-03  0.0000E+00
       308 -1.2990E-02  7.5000E-03  0.0000E+00
       309 -8.6603E-03  5.0000E-03  2.5000E-03
       310 -9.3819E-03  5.4167E-03  2.5000E-03
       311 -1.0104E-02  5.8333E-03  2.5000E-03
       312 -1.0825E-02  6.2500E-03  2.5000E-03
       313 -1.1547E-02  6.6667E-03  2.5000E-03
       314 -1.2269E-02  7.0833E-03  2.5000E-03
       315 -1.2990E-02  7.5000E-03  2.5000E-03
       316 -7.0711E-03  7.0711E-03  5.0000E-03
       317 -7.6603E-03  7.6603E-03  5.0000E-03
       318 -8.2496E-03  8.2496E-03  5.0000E-03
       319 -8.8388E-03  8.8388E-03  5.0000E-03
       320 -9.4281E-03  9.4281E-03  5.0000E-03
       321 -1.0017E-02  1.0017E-02  5.0000E-03
       322 -1.0607E-02  1.0607E-02  5.0000E-03
       323 -7.0711E-03  7.0711E-03  0.0000E+00
       324 -7.6603E-03  7.6603E-03  0.0000E+00
       325 -8.2496E-03  8.2496E-03  0.0000E+00
       326 -8.8388E-03  8.8388E-03  0.0000E+00
       327 -9.4281E-03  9.4281E-03  0.0000E+00
       328 -1.0017E-02  1.0017E-02  0.0000E+00
       329 -1.0607E-02  1.0607E-02  0.0000E+00
       330 -7.0711E-03  7.0711E-03  2.5000E-03
       331 -7.6603E-03  7.6603E-03  2.5000E-03
       332 -8.2496E-03  8.2496E-03  2.5000E-03
       333 -8.8388E-03  8.8388E-03  2.5000E-03
       334 -9.4281E-03  9.4281E-03  2.5000E-03
       335 -1.0017E-02  1.0017E-02  2.5000E-03
       336 -1.0607E-02  1.0607E-02  2.5000E-03
       337 -5.0000E-03  8.6603E-03  5.0000E-03
       338 -5.4167E-03  9.3819E-03  5.0000E-03
       339 -5.8333E-03  1.0104E-02  5.0000E-03
       340 -6.2500E-03  1.0825E-02  5.0000E-03
       341 -6.6667E-03  1.1547E-02  5.0000E-03
       342 -7.0833E-03  1.2269E-02  5.0000E-03
       343 -7.5000E-03  1.2990E-02  5.0000E-03
       344 -5.0000E-03  8.6603E-03  0.0000E+00
       345 -5.4167E-03  9.3819E-03  0.0000E+00
       346 -5.8333E-03  1.0104E-02  0.0000E+00
       347 -6.2500E-03  1.0825E-02  0.0000E+00
       348 -6.6667E-03  1.1547E-02  0.0000E+00
       349 -7.0833E-03  1.2269E-02  0.0000E+00
       350 -7.5000E-03  1.2990E-02  0.0000E+00
       351 -5.0000E-03  8.6603E-03  2.5000E-03
       352 -5.4167E-03  9.3819E-03  2.5000E-03
       353 -5.8333E-03  1.0104E-02  2.5000E-03
       354 -6.2500E-03  1.0825E-02  2.5000E-03
       355 -6.6667E-03  1.1547E-02  2.5000E-03
       356 -7.0833E-03  1.2269E-02  2.5000E-03
       357 -7.5000E-03  1.2990E-02  2.5000E-03
       358 -2.5882E-03  9.6593E-03  5.0000E-03
       359 -2.8039E-03  1.0464E-02  5.0000E-03
       360 -3.0196E-03  1.1269E-02  5.0000E-03
       361 -3.2352E-03  1.2074E-02  5.0000E-03
       362 -3.4509E-03  1.2879E-02  5.0000E-03
       363 -3.6666E-03  1.3684E-02  5.0000E-03
       364 -3.8823E-03  1.4489E-02  5.0000E-03
       365 -2.5882E-03  9.6593E-03  0.0000E+00
       366 -2.8039E-03  1.0464E-02  0.0000E+00
       367 -3.0196E-03  1.1269E-02  0.0000E+00
       368 -3.2352E-03  1.2074E-02  0.0000E+00
       369 -3.4509E-03  1.2879E-02  0.0000E+00
       370 -3.6666E-03  1.3684E-02  0.0000E+00
       371 -3.8823E-03  1.4489E-02  0.0000E+00
       372 -2.5882E-03  9.6593E-03  2.5000E-03
       373 -2.8039E-03  1.0464E-02  2.5000E-03
       374 -3.0196E-03  1.1269E-02  2.5000E-03
       375 -3.2352E-03  1.2074E-02  2.5000E-03
       376 -3.4509E-03  1.2879E-02  2.5000E-03
       377 -3.6666E-03  1.3684E-02  2.5000E-03
       378 -3.8823E-03  1.4489E-02  2.5000E-03
       379 -1.8370E-18  1.0000E-02  5.0000E-03
       380 -1.9901E-18  1.0833E-02  5.0000E-03
       381 -2.1431E-18  1.1667E-02  5.0000E-03
       382 -2.2962E-18  1.2500E-02  5.0000E-03
       383 -2.4493E-18  1.3333E-02  5.0000E-03
       384 -2.6024E-18  1.4167E-02  5.0000E-03
       385 -2.7555E-18  1.5000E-02  5.0000E-03
       386 -1.8370E-18  1.0000E-02  0.0000E+00
       387 -1.9901E-18  1.0833E-02  0.0000E+00
       388 -2.1431E-18  1.1667E-02  0.0000E+00
       389 -2.2962E-18  1.2500E-02  0.0000E+00
       390 -2.4493E-18  1.3333E-02  0.0000E+00
       391 -2.6024E-18  1.4167E-02  0.0000E+00
       392 -2.7555E-18  1.5000E-02  0.0000E+00
       393 -1.8370E-18  1.0000E-02  2.5000E-03
       394 -1.9901E-18  1.0833E-02  2.5000E-03
       395 -2.1431E-18  1.1667E-02  2.5000E-03
       396 -2.2962E-18  1.2500E-02  2.5000E-03
       397 -2.4493E-18  1.3333E-02  2.5000E-03
       398 -2.6024E-18  1.4167E-02  2.5000E-03
       399 -2.7555E-18  1.5000E-02  2.5000E-03
       400  2.5882E-03  9.6593E-03  5.0000E-03
       401  2.8039E-03  1.0464E-02  5.0000E-03
       402  3.0196E-03  1.1269E-02  5.0000E-03
       403  3.2352E-03  1.2074E-02  5.0000E-03
       404  3.4509E-03  1.2879E-02  5.0000E-03
       405  3.6666E-03  1.3684E-02  5.0000E-03
       406  3.8823E-03  1.4489E-02  5.0000E-03
       407  2.5882E-03  9.6593E-03  0.0000E+00
       408  2.8039E-03  1.0464E-02  0.0000E+00
       409  3.0196E-03  1.1269E-02  0.0000E+00
       410  3.2352E-03  1.2074E-02  0.0000E+00
       411  3.4509E-03  1.2879E-02  0.0000E+00
       412  3.6666E-03  1.3684E-02  0.0000E+00
       413  3.8823E-03  1.4489E-02  0.0000E+00
       414  2.5882E-03  9.6593E-03  2.5000E-03
       415  2.8039E-03  1.0464E-02  2.5000E-03
       416  3.0196E-03  1.1269E-02  2.5000E-03
       417  3.2352E-03  1.2074E-02  2.5000E-03
       418  3.4509E-03  1.2879E-02  2.5000E-03
       419  3.6666E-03  1.3684E-02  2.5000E-03
       420  3.8823E-03  1.4489E-02  2.5000E-03
       421  5.0000E-03  8.6603E-03  5.0000E-03
       422  5.4167E-03  9.3819E-03  5.0000E-03
       423  5.8333E-03  1.0104E-02  5.0000E-03
       424  6.2500E-03  1.0825E-02  5.0000E-03
       425  6.6667E-03  1.1547E-02  5.0000E-03
       426  7.0833E-03  1.2269E-02  5.0000E-03
       427  7.5000E-03  1.2990E-02  5.0000E-03
       428  5.0000E-03  8.6603E-03  0.0000E+00
       429  5.4167E-03  9.3819E-03  0.0000E+00
       430  5.8333E-03  1.0104E-02  0.0000E+00
       431  6.2500E-03  1.0825E-02  0.0000E+00
       432  6.6667E-03  1.1547E-02  0.0000E+00
       433  7.0833E-03  1.2269E-02  0.0000E+00
       434  7.5000E-03  1.2990E-02  0.0000E+00
       435  5.0000E-03  8.6603E-03  2.5000E-03
       436  5.4167E-03  9.3819E-03  2.5000E-03
       437  5.8333E-03  1.0104E-02  2.5000E-03
       438  6.2500E-03  1.0825E-02  2.5000E-03
       439  6.6667E-03  1.1547E-02  2.5000E-03
       440  7.0833E-03  1.2269E-02  2.5000E-03
       441  7.5000E-03  1.2990E-02  2.5000E-03
       442  7.0711E-03  7.0711E-03  5.0000E-03
       443  7.6603E-03  7.6603E-03  5.0000E-03
       444  8.2496E-03  8.2496E-03  5.0000E-03
       445  8.8388E-03  8.8388E-03  5.0000E-03
       446  9.4281E-03  9.4281E-03  5.0000E-03
       447  1.0017E-02  1.0017E-02  5.0000E-03
       448  1.0607E-02  1.0607E-02  5.0000E-03
       449  7.0711E-03  7.0711E-03  0.0000E+00
       450  7.6603E-03  7.6603E-03  0.0000E+00
       451  8.2496E-03  8.2496E-03  0.0000E+00
       452  8.8388E-03  8.8388E-03  0.0000E+00
       453  9.4281E-03  9.4281E-03  0.0000E+00
       454  1.0017E-02  1.0017E-02  0.0000E+00
       455  1.0607E-02  1.0607E-02  0.0000E+00
       456  7.0711E-03  7.0711E-03  2.5000E-03
       457  7.6603E-03  7.6603E-03  2.5000E-03
       458  8.2496E-03  8.2496E-03  2.5000E-03
       459  8.8388E-03  8.8388E-03  2.5000E-03
       460  9.4281E-03  9.4281E-03  2.5000E-03
       461  1.0017E-02  1.0017E-02  2.5000E-03
       462  1.0607E-02  1.0607E-02  2.5000E-03
       463  8.6603E-03  5.0000E-03  5.0000E-03
       464  9.3819E-03  5.4167E-03  5.0000E-03
       465  1.0104E-02  5.8333E-03  5.0000E-03
       466  1.0825E-02  6.2500E-03  5.0000E-03
       467  1.1547E-02  6.6667E-03  5.0000E-03
       468  1.2269E-02  7.0833E-03  5.0000E-03
       469  1.2990E-02  7.5000E-03  5.0000E-03
       470  8.6603E-03  5.0000E-03  0.0000E+00
       471  9.3819E-03  5.4167E-03  0.0000E+00
       472  1.0104E-02  5.8333E-03  0.0000E+00
       473  1.0825E-02  6.2500E-03  0.0000E+00
       474  1.1547E-02  6.6667E-03  0.0000E+00
       475  1.2269E-02  7.0833E-03  0.0000E+00
       476  1.2990E-02  7.5000E-03  0.0000E+00
       477  8.6603E-03  5.0000E-03  2.5000E-03
       478  9.3819E-03  5.4167E-03  2.5000E-03
       479  1.0104E-02  5.8333E-03  2.5000E-03
       480  1.0825E-02  6.2500E-03  2.5000E-03
       481  1.1547E-02  6.6667E-03  2.5000E-03
       482  1.2269E-02  7.0833E-03  2.5000E-03
       483  1.2990E-02  7.5000E-03  2.5000E-03
       484  9.6593E-03  2.5882E-03  5.0000E-03
       485  1.0464E-02  2.8039E-03  5.0000E-03
       486  1.1269E-02  3.0196E-03  5.0000E-03
       487  1.2074E-02  3.2352E-03  5.0000E-03
       488  1.2879E-02  3.4509E-03  5.0000E-03
       489  1.3684E-02  3.6666E-03  5.0000E-03
       490  1.4489E-02  3.8823E-03  5.0000E-03
       491  9.6593E-03  2.5882E-03  0.0000E+00
       492  1.0464E-02  2.8039E-03  0.0000E+00
       493  1.1269E-02  3.0196E-03  0.0000E+00
       494  1.2074E-02  3.2352E-03  0.0000E+00
       495  1.2879E-02  3.4509E-03  0.0000E+00
       496  1.3684E-02  3.6666E-03  0.0000E+00
       497  1.4489E-02  3.8823E-03  0.0000E+00
       498  9.6593E-03  2.5882E-03  2.5000E-03
       499  1.0464E-02  2.8039E-03  2.5000E-03
       500  1.1269E-02  3.0196E-03  2.5000E-03
       501  1.2074E-02  3.2352E-03  2.5000E-03
       502  1.2879E-02  3.4509E-03  2.5000E-03
       503  1.3684E-02  3.6666E-03  2.5000E-03
       504  1.4489E-02  3.8823E-03  2.5000E-03
       505  1.0000E-02  2.4493E-18  5.0000E-03
       506  1.0833E-02  2.6534E-18  5.0000E-03
       507  1.1667E-02  2.8575E-18  5.0000E-03
       508  1.2500E-02  3.0616E-18  5.0000E-03
       509  1.3333E-02  3.2657E-18  5.0000E-03
       510  1.4167E-02  3.4698E-18  5.0000E-03
       511  1.5000E-02  3.6739E-18  5.0000E-03
       512  1.0000E-02  2.4493E-18  0.0000E+00
       513  1.0833E-02  2.6534E-18  0.0000E+00
       514  1.1667E-02  2.8575E-18  0.0000E+00
       515  1.2500E-02  3.0616E-18  0.0000E+00
       516  1.3333E-02  3.2657E-18  0.0000E+00
       517  1.4167E-02  3.4698E-18  0.0000E+00
       518  1.5000E-02  3.6739E-18  0.0000E+00
       519  1.0000E-02  2.4493E-18  2.5000E-03
       520  1.0833E-02  2.6534E-18  2.5000E-03
       521  1.1667E-02  2.8575E-18  2.5000E-03
       522  1.2500E-02  3.0616E-18  2.5000E-03
       523  1.3333E-02  3.2657E-18  2.5000E-03
       524  1.4167E-02  3.4698E-18  2.5000E-03
       525  1.5000E-02  3.6739E-18  2.5000E-03

 FEAP *** soft tissue tube with internal hard shell ring                         

   E l e m e n t   C o n n e c t i o n s

    Elem Mat Reg  1-Node  2-Node  3-Node  4-Node  5-Node  6-Node  7-Node  8-Node
       1   1   0      22      23      37      36       1       2      16      15
       2   1   0      23      24      38      37       2       3      17      16
       3   1   0      24      25      39      38       3       4      18      17
       4   1   0      25      26      40      39       4       5      19      18
       5   1   0      26      27      41      40       5       6      20      19
       6   1   0      27      28      42      41       6       7      21      20
       7   2   0       7      21      42      28
       8   1   0      36      37      30      29      15      16       9       8
       9   1   0      37      38      31      30      16      17      10       9
      10   1   0      38      39      32      31      17      18      11      10
      11   1   0      39      40      33      32      18      19      12      11
      12   1   0      40      41      34      33      19      20      13      12
      13   1   0      41      42      35      34      20      21      14      13
      14   2   0      21      14      35      42
      15   1   0      43      44      58      57      22      23      37      36
      16   1   0      44      45      59      58      23      24      38      37
      17   1   0      45      46      60      59      24      25      39      38
      18   1   0      46      47      61      60      25      26      40      39
      19   1   0      47      48      62      61      26      27      41      40
      20   1   0      48      49      63      62      27      28      42      41
      21   2   0      28      42      63      49
      22   1   0      57      58      51      50      36      37      30      29
      23   1   0      58      59      52      51      37      38      31      30
      24   1   0      59      60      53      52      38      39      32      31
      25   1   0      60      61      54      53      39      40      33      32
      26   1   0      61      62      55      54      40      41      34      33
      27   1   0      62      63      56      55      41      42      35      34
      28   2   0      42      35      56      63
      29   1   0      64      65      79      78      43      44      58      57
      30   1   0      65      66      80      79      44      45      59      58
      31   1   0      66      67      81      80      45      46      60      59
      32   1   0      67      68      82      81      46      47      61      60
      33   1   0      68      69      83      82      47      48      62      61
      34   1   0      69      70      84      83      48      49      63      62
      35   2   0      49      63      84      70
      36   1   0      78      79      72      71      57      58      51      50
      37   1   0      79      80      73      72      58      59      52      51
      38   1   0      80      81      74      73      59      60      53      52
      39   1   0      81      82      75      74      60      61      54      53
      40   1   0      82      83      76      75      61      62      55      54
      41   1   0      83      84      77      76      62      63      56      55
      42   2   0      63      56      77      84
      43   1   0      85      86     100      99      64      65      79      78
      44   1   0      86      87     101     100      65      66      80      79
      45   1   0      87      88     102     101      66      67      81      80
      46   1   0      88      89     103     102      67      68      82      81
      47   1   0      89      90     104     103      68      69      83      82
      48   1   0      90      91     105     104      69      70      84      83
      49   2   0      70      84     105      91
      50   1   0      99     100      93      92      78      79      72      71
      51   1   0     100     101      94      93      79      80      73      72
      52   1   0     101     102      95      94      80      81      74      73
      53   1   0     102     103      96      95      81      82      75      74
      54   1   0     103     104      97      96      82      83      76      75
      55   1   0     104     105      98      97      83      84      77      76
      56   2   0      84      77      98     105
      57   1   0     106     107     121     120      85      86     100      99
      58   1   0     107     108     122     121      86      87     101     100
      59   1   0     108     109     123     122      87      88     102     101
      60   1   0     109     110     124     123      88      89     103     102
      61   1   0     110     111     125     124      89      90     104     103
      62   1   0     111     112     126     125      90      91     105     104
      63   2   0      91     105     126     112
      64   1   0     120     121     114     113      99     100      93      92
      65   1   0     121     122     115     114     100     101      94      93
      66   1   0     122     123     116     115     101     102      95      94
      67   1   0     123     124     117     116     102     103      96      95
      68   1   0     124     125     118     117     103     104      97      96
      69   1   0     125     126     119     118     104     105      98      97
      70   2   0     105      98     119     126
      71   1   0     127     128     142     141     106     107     121     120
      72   1   0     128     129     143     142     107     108     122     121
      73   1   0     129     130     144     143     108     109     123     122
      74   1   0     130     131     145     144     109     110     124     123
      75   1   0     131     132     146     145     110     111     125     124
      76   1   0     132     133     147     146     111     112     126     125
      77   2   0     112     126     147     133
      78   1   0     141     142     135     134     120     121     114     113
      79   1   0     142     143     136     135     121     122     115     114
      80   1   0     143     144     137     136     122     123     116     115
      81   1   0     144     145     138     137     123     124     117     116
      82   1   0     145     146     139     138     124     125     118     117
      83   1   0     146     147     140     139     125     126     119     118
      84   2   0     126     119     140     147
      85   1   0     148     149     163     162     127     128     142     141
      86   1   0     149     150     164     163     128     129     143     142
      87   1   0     150     151     165     164     129     130     144     143
      88   1   0     151     152     166     165     130     131     145     144
      89   1   0     152     153     167     166     131     132     146     145
      90   1   0     153     154     168     167     132     133     147     146
      91   2   0     133     147     168     154
      92   1   0     162     163     156     155     141     142     135     134
      93   1   0     163     164     157     156     142     143     136     135
      94   1   0     164     165     158     157     143     144     137     136
      95   1   0     165     166     159     158     144     145     138     137
      96   1   0     166     167     160     159     145     146     139     138
      97   1   0     167     168     161     160     146     147     140     139
      98   2   0     147     140     161     168
      99   1   0     169     170     184     183     148     149     163     162
     100   1   0     170     171     185     184     149     150     164     163
     101   1   0     171     172     186     185     150     151     165     164
     102   1   0     172     173     187     186     151     152     166     165
     103   1   0     173     174     188     187     152     153     167     166
     104   1   0     174     175     189     188     153     154     168     167
     105   2   0     154     168     189     175
     106   1   0     183     184     177     176     162     163     156     155
     107   1   0     184     185     178     177     163     164     157     156
     108   1   0     185     186     179     178     164     165     158     157
     109   1   0     186     187     180     179     165     166     159     158
     110   1   0     187     188     181     180     166     167     160     159
     111   1   0     188     189     182     181     167     168     161     160
     112   2   0     168     161     182     189
     113   1   0     190     191     205     204     169     170     184     183
     114   1   0     191     192     206     205     170     171     185     184
     115   1   0     192     193     207     206     171     172     186     185
     116   1   0     193     194     208     207     172     173     187     186
     117   1   0     194     195     209     208     173     174     188     187
     118   1   0     195     196     210     209     174     175     189     188
     119   2   0     175     189     210     196
     120   1   0     204     205     198     197     183     184     177     176
     121   1   0     205     206     199     198     184     185     178     177
     122   1   0     206     207     200     199     185     186     179     178
     123   1   0     207     208     201     200     186     187     180     179
     124   1   0     208     209     202     201     187     188     181     180
     125   1   0     209     210     203     202     188     189     182     181
     126   2   0     189     182     203     210
     127   1   0     211     212     226     225     190     191     205     204
     128   1   0     212     213     227     226     191     192     206     205
     129   1   0     213     214     228     227     192     193     207     206
     130   1   0     214     215     229     228     193     194     208     207
     131   1   0     215     216     230     229     194     195     209     208
     132   1   0     216     217     231     230     195     196     210     209
     133   2   0     196     210     231     217
     134   1   0     225     226     219     218     204     205     198     197
     135   1   0     226     227     220     219     205     206     199     198
     136   1   0     227     228     221     220     206     207     200     199
     137   1   0     228     229     222     221     207     208     201     200
     138   1   0     229     230     223     222     208     209     202     201
     139   1   0     230     231     224     223     209     210     203     202
     140   2   0     210     203     224     231
     141   1   0     232     233     247     246     211     212     226     225
     142   1   0     233     234     248     247     212     213     227     226
     143   1   0     234     235     249     248     213     214     228     227
     144   1   0     235     236     250     249     214     215     229     228
     145   1   0     236     237     251     250     215     216     230     229
     146   1   0     237     238     252     251     216     217     231     230
     147   2   0     217     231     252     238
     148   1   0     246     247     240     239     225     226     219     218
     149   1   0     247     248     241     240     226     227     220     219
     150   1   0     248     249     242     241     227     228     221     220
     151   1   0     249     250     243     242     228     229     222     221
     152   1   0     250     251     244     243     229     230     223     222
     153   1   0     251     252     245     244     230     231     224     223
     154   2   0     231     224     245     252
     155   1   0     253     254     268     267     232     233     247     246
     156   1   0     254     255     269     268     233     234     248     247
     157   1   0     255     256     270     269     234     235     249     248
     158   1   0     256     257     271     270     235     236     250     249
     159   1   0     257     258     272     271     236     237     251     250
     160   1   0     258     259     273     272     237     238     252     251
     161   2   0     238     252     273     259
     162   1   0     267     268     261     260     246     247     240     239
     163   1   0     268     269     262     261     247     248     241     240
     164   1   0     269     270     263     262     248     249     242     241
     165   1   0     270     271     264     263     249     250     243     242
     166   1   0     271     272     265     264     250     251     244     243
     167   1   0     272     273     266     265     251     252     245     244
     168   2   0     252     245     266     273
     169   1   0     274     275     289     288     253     254     268     267
     170   1   0     275     276     290     289     254     255     269     268
     171   1   0     276     277     291     290     255     256     270     269
     172   1   0     277     278     292     291     256     257     271     270
     173   1   0     278     279     293     292     257     258     272     271
     174   1   0     279     280     294     293     258     259     273     272
     175   2   0     259     273     294     280
     176   1   0     288     289     282     281     267     268     261     260
     177   1   0     289     290     283     282     268     269     262     261
     178   1   0     290     291     284     283     269     270     263     262
     179   1   0     291     292     285     284     270     271     264     263
     180   1   0     292     293     286     285     271     272     265     264
     181   1   0     293     294     287     286     272     273     266     265
     182   2   0     273     266     287     294
     183   1   0     295     296     310     309     274     275     289     288
     184   1   0     296     297     311     310     275     276     290     289
     185   1   0     297     298     312     311     276     277     291     290
     186   1   0     298     299     313     312     277     278     292     291
     187   1   0     299     300     314     313     278     279     293     292
     188   1   0     300     301     315     314     279     280     294     293
     189   2   0     280     294     315     301
     190   1   0     309     310     303     302     288     289     282     281
     191   1   0     310     311     304     303     289     290     283     282
     192   1   0     311     312     305     304     290     291     284     283
     193   1   0     312     313     306     305     291     292     285     284
     194   1   0     313     314     307     306     292     293     286     285
     195   1   0     314     315     308     307     293     294     287     286
     196   2   0     294     287     308     315
     197   1   0     316     317     331     330     295     296     310     309
     198   1   0     317     318     332     331     296     297     311     310
     199   1   0     318     319     333     332     297     298     312     311
     200   1   0     319     320     334     333     298     299     313     312
     201   1   0     320     321     335     334     299     300     314     313
     202   1   0     321     322     336     335     300     301     315     314
     203   2   0     301     315     336     322
     204   1   0     330     331     324     323     309     310     303     302
     205   1   0     331     332     325     324     310     311     304     303
     206   1   0     332     333     326     325     311     312     305     304
     207   1   0     333     334     327     326     312     313     306     305
     208   1   0     334     335     328     327     313     314     307     306
     209   1   0     335     336     329     328     314     315     308     307
     210   2   0     315     308     329     336
     211   1   0     337     338     352     351     316     317     331     330
     212   1   0     338     339     353     352     317     318     332     331
     213   1   0     339     340     354     353     318     319     333     332
     214   1   0     340     341     355     354     319     320     334     333
     215   1   0     341     342     356     355     320     321     335     334
     216   1   0     342     343     357     356     321     322     336     335
     217   2   0     322     336     357     343
     218   1   0     351     352     345     344     330     331     324     323
     219   1   0     352     353     346     345     331     332     325     324
     220   1   0     353     354     347     346     332     333     326     325
     221   1   0     354     355     348     347     333     334     327     326
     222   1   0     355     356     349     348     334     335     328     327
     223   1   0     356     357     350     349     335     336     329     328
     224   2   0     336     329     350     357
     225   1   0     358     359     373     372     337     338     352     351
     226   1   0     359     360     374     373     338     339     353     352
     227   1   0     360     361     375     374     339     340     354     353
     228   1   0     361     362     376     375     340     341     355     354
     229   1   0     362     363     377     376     341     342     356     355
     230   1   0     363     364     378     377     342     343     357     356
     231   2   0     343     357     378     364
     232   1   0     372     373     366     365     351     352     345     344
     233   1   0     373     374     367     366     352     353     346     345
     234   1   0     374     375     368     367     353     354     347     346
     235   1   0     375     376     369     368     354     355     348     347
     236   1   0     376     377     370     369     355     356     349     348
     237   1   0     377     378     371     370     356     357     350     349
     238   2   0     357     350     371     378
     239   1   0     379     380     394     393     358     359     373     372
     240   1   0     380     381     395     394     359     360     374     373
     241   1   0     381     382     396     395     360     361     375     374
     242   1   0     382     383     397     396     361     362     376     375
     243   1   0     383     384     398     397     362     363     377     376
     244   1   0     384     385     399     398     363     364     378     377
     245   2   0     364     378     399     385
     246   1   0     393     394     387     386     372     373     366     365
     247   1   0     394     395     388     387     373     374     367     366
     248   1   0     395     396     389     388     374     375     368     367
     249   1   0     396     397     390     389     375     376     369     368
     250   1   0     397     398     391     390     376     377     370     369
     251   1   0     398     399     392     391     377     378     371     370
     252   2   0     378     371     392     399
     253   1   0     400     401     415     414     379     380     394     393
     254   1   0     401     402     416     415     380     381     395     394
     255   1   0     402     403     417     416     381     382     396     395
     256   1   0     403     404     418     417     382     383     397     396
     257   1   0     404     405     419     418     383     384     398     397
     258   1   0     405     406     420     419     384     385     399     398
     259   2   0     385     399     420     406
     260   1   0     414     415     408     407     393     394     387     386
     261   1   0     415     416     409     408     394     395     388     387
     262   1   0     416     417     410     409     395     396     389     388
     263   1   0     417     418     411     410     396     397     390     389
     264   1   0     418     419     412     411     397     398     391     390
     265   1   0     419     420     413     412     398     399     392     391
     266   2   0     399     392     413     420
     267   1   0     421     422     436     435     400     401     415     414
     268   1   0     422     423     437     436     401     402     416     415
     269   1   0     423     424     438     437     402     403     417     416
     270   1   0     424     425     439     438     403     404     418     417
     271   1   0     425     426     440     439     404     405     419     418
     272   1   0     426     427     441     440     405     406     420     419
     273   2   0     406     420     441     427
     274   1   0     435     436     429     428     414     415     408     407
     275   1   0     436     437     430     429     415     416     409     408
     276   1   0     437     438     431     430     416     417     410     409
     277   1   0     438     439     432     431     417     418     411     410
     278   1   0     439     440     433     432     418     419     412     411
     279   1   0     440     441     434     433     419     420     413     412
     280   2   0     420     413     434     441
     281   1   0     442     443     457     456     421     422     436     435
     282   1   0     443     444     458     457     422     423     437     436
     283   1   0     444     445     459     458     423     424     438     437
     284   1   0     445     446     460     459     424     425     439     438
     285   1   0     446     447     461     460     425     426     440     439
     286   1   0     447     448     462     461     426     427     441     440
     287   2   0     427     441     462     448
     288   1   0     456     457     450     449     435     436     429     428
     289   1   0     457     458     451     450     436     437     430     429
     290   1   0     458     459     452     451     437     438     431     430
     291   1   0     459     460     453     452     438     439     432     431
     292   1   0     460     461     454     453     439     440     433     432
     293   1   0     461     462     455     454     440     441     434     433
     294   2   0     441     434     455     462
     295   1   0     463     464     478     477     442     443     457     456
     296   1   0     464     465     479     478     443     444     458     457
     297   1   0     465     466     480     479     444     445     459     458
     298   1   0     466     467     481     480     445     446     460     459
     299   1   0     467     468     482     481     446     447     461     460
     300   1   0     468     469     483     482     447     448     462     461
     301   2   0     448     462     483     469
     302   1   0     477     478     471     470     456     457     450     449
     303   1   0     478     479     472     471     457     458     451     450
     304   1   0     479     480     473     472     458     459     452     451
     305   1   0     480     481     474     473     459     460     453     452
     306   1   0     481     482     475     474     460     461     454     453
     307   1   0     482     483     476     475     461     462     455     454
     308   2   0     462     455     476     483
     309   1   0     484     485     499     498     463     464     478     477
     310   1   0     485     486     500     499     464     465     479     478
     311   1   0     486     487     501     500     465     466     480     479
     312   1   0     487     488     502     501     466     467     481     480
     313   1   0     488     489     503     502     467     468     482     481
     314   1   0     489     490     504     503     468     469     483     482
     315   2   0     469     483     504     490
     316   1   0     498     499     492     491     477     478     471     470
     317   1   0     499     500     493     492     478     479     472     471
     318   1   0     500     501     494     493     479     480     473     472
     319   1   0     501     502     495     494     480     481     474     473
     320   1   0     502     503     496     495     481     482     475     474
     321   1   0     503     504     497     496     482     483     476     475
     322   2   0     483     476     497     504
     323   1   0     505     506     520     519     484     485     499     498
     324   1   0     506     507     521     520     485     486     500     499
     325   1   0     507     508     522     521     486     487     501     500
     326   1   0     508     509     523     522     487     488     502     501
     327   1   0     509     510     524     523     488     489     503     502
     328   1   0     510     511     525     524     489     490     504     503
     329   2   0     490     504     525     511
     330   1   0     519     520     513     512     498     499     492     491
     331   1   0     520     521     514     513     499     500     493     492
     332   1   0     521     522     515     514     500     501     494     493
     333   1   0     522     523     516     515     501     502     495     494
     334   1   0     523     524     517     516     502     503     496     495
     335   1   0     524     525     518     517     503     504     497     496
     336   2   0     504     497     518     525

          Part(   1) = PART0001       

 FEAP *** soft tissue tube with internal hard shell ring                       

   N o d e   G e n e r a t i o n s

          Number of xi_1-increments       60
          Number of xi_2-increments        1
          Number of xi_3-increments        1
          First node number              526
          First element number           337
          Element material number          3
          Node line increment              0
          Block type (0-40)               10


     Block coordinates specified as: CYLI           

     node     1 coord     2 coord     3 coord
        1   9.500E-03   0.000E+00   2.000E-03
        2   9.500E-03  -3.600E+02   2.000E-03
        3   9.500E-03  -3.600E+02   3.000E-03
        4   9.500E-03   0.000E+00   3.000E-03
        5   9.000E-03   0.000E+00   2.000E-03
        6   9.000E-03  -3.600E+02   2.000E-03
        7   9.000E-03  -3.600E+02   3.000E-03
        8   9.000E-03   0.000E+00   3.000E-03

 FEAP *** soft tissue tube with internal hard shell ring                       


  N o d a l   C o o r d i n a t e s

      Node      1 coord      2 coord      3 coord
       526   9.5000E-03   0.0000E+00   2.0000E-03
       527   9.4480E-03  -9.9302E-04   2.0000E-03
       528   9.2924E-03  -1.9752E-03   2.0000E-03
       529   9.0350E-03  -2.9357E-03   2.0000E-03
       530   8.6787E-03  -3.8640E-03   2.0000E-03
       531   8.2272E-03  -4.7500E-03   2.0000E-03
       532   7.6857E-03  -5.5840E-03   2.0000E-03
       533   7.0599E-03  -6.3567E-03   2.0000E-03
       534   6.3567E-03  -7.0599E-03   2.0000E-03
       535   5.5840E-03  -7.6857E-03   2.0000E-03
       536   4.7500E-03  -8.2272E-03   2.0000E-03
       537   3.8640E-03  -8.6787E-03   2.0000E-03
       538   2.9357E-03  -9.0350E-03   2.0000E-03
       539   1.9752E-03  -9.2924E-03   2.0000E-03
       540   9.9302E-04  -9.4480E-03   2.0000E-03
       541   4.8006E-18  -9.5000E-03   2.0000E-03
       542  -9.9302E-04  -9.4480E-03   2.0000E-03
       543  -1.9752E-03  -9.2924E-03   2.0000E-03
       544  -2.9357E-03  -9.0350E-03   2.0000E-03
       545  -3.8640E-03  -8.6787E-03   2.0000E-03
       546  -4.7500E-03  -8.2272E-03   2.0000E-03
       547  -5.5840E-03  -7.6857E-03   2.0000E-03
       548  -6.3567E-03  -7.0599E-03   2.0000E-03
       549  -7.0599E-03  -6.3567E-03   2.0000E-03
       550  -7.6857E-03  -5.5840E-03   2.0000E-03
       551  -8.2272E-03  -4.7500E-03   2.0000E-03
       552  -8.6787E-03  -3.8640E-03   2.0000E-03
       553  -9.0350E-03  -2.9357E-03   2.0000E-03
       554  -9.2924E-03  -1.9752E-03   2.0000E-03
       555  -9.4480E-03  -9.9302E-04   2.0000E-03
       556  -9.5000E-03  -5.3823E-18   2.0000E-03
       557  -9.4480E-03   9.9302E-04   2.0000E-03
       558  -9.2924E-03   1.9752E-03   2.0000E-03
       559  -9.0350E-03   2.9357E-03   2.0000E-03
       560  -8.6787E-03   3.8640E-03   2.0000E-03
       561  -8.2272E-03   4.7500E-03   2.0000E-03
       562  -7.6857E-03   5.5840E-03   2.0000E-03
       563  -7.0599E-03   6.3567E-03   2.0000E-03
       564  -6.3567E-03   7.0599E-03   2.0000E-03
       565  -5.5840E-03   7.6857E-03   2.0000E-03
       566  -4.7500E-03   8.2272E-03   2.0000E-03
       567  -3.8640E-03   8.6787E-03   2.0000E-03
       568  -2.9357E-03   9.0350E-03   2.0000E-03
       569  -1.9752E-03   9.2924E-03   2.0000E-03
       570  -9.9302E-04   9.4480E-03   2.0000E-03
       571  -1.8621E-17   9.5000E-03   2.0000E-03
       572   9.9302E-04   9.4480E-03   2.0000E-03
       573   1.9752E-03   9.2924E-03   2.0000E-03
       574   2.9357E-03   9.0350E-03   2.0000E-03
       575   3.8640E-03   8.6787E-03   2.0000E-03

 FEAP *** soft tissue tube with internal hard shell ring                       


  N o d a l   C o o r d i n a t e s

      Node      1 coord      2 coord      3 coord
       576   4.7500E-03   8.2272E-03   2.0000E-03
       577   5.5840E-03   7.6857E-03   2.0000E-03
       578   6.3567E-03   7.0599E-03   2.0000E-03
       579   7.0599E-03   6.3567E-03   2.0000E-03
       580   7.6857E-03   5.5840E-03   2.0000E-03
       581   8.2272E-03   4.7500E-03   2.0000E-03
       582   8.6787E-03   3.8640E-03   2.0000E-03
       583   9.0350E-03   2.9357E-03   2.0000E-03
       584   9.2924E-03   1.9752E-03   2.0000E-03
       585   9.4480E-03   9.9302E-04   2.0000E-03
       586   9.5000E-03   1.9202E-17   2.0000E-03
       587   9.5000E-03   0.0000E+00   3.0000E-03
       588   9.4480E-03  -9.9302E-04   3.0000E-03
       589   9.2924E-03  -1.9752E-03   3.0000E-03
       590   9.0350E-03  -2.9357E-03   3.0000E-03
       591   8.6787E-03  -3.8640E-03   3.0000E-03
       592   8.2272E-03  -4.7500E-03   3.0000E-03
       593   7.6857E-03  -5.5840E-03   3.0000E-03
       594   7.0599E-03  -6.3567E-03   3.0000E-03
       595   6.3567E-03  -7.0599E-03   3.0000E-03
       596   5.5840E-03  -7.6857E-03   3.0000E-03
       597   4.7500E-03  -8.2272E-03   3.0000E-03
       598   3.8640E-03  -8.6787E-03   3.0000E-03
       599   2.9357E-03  -9.0350E-03   3.0000E-03
       600   1.9752E-03  -9.2924E-03   3.0000E-03
       601   9.9302E-04  -9.4480E-03   3.0000E-03
       602   4.8006E-18  -9.5000E-03   3.0000E-03
       603  -9.9302E-04  -9.4480E-03   3.0000E-03
       604  -1.9752E-03  -9.2924E-03   3.0000E-03
       605  -2.9357E-03  -9.0350E-03   3.0000E-03
       606  -3.8640E-03  -8.6787E-03   3.0000E-03
       607  -4.7500E-03  -8.2272E-03   3.0000E-03
       608  -5.5840E-03  -7.6857E-03   3.0000E-03
       609  -6.3567E-03  -7.0599E-03   3.0000E-03
       610  -7.0599E-03  -6.3567E-03   3.0000E-03
       611  -7.6857E-03  -5.5840E-03   3.0000E-03
       612  -8.2272E-03  -4.7500E-03   3.0000E-03
       613  -8.6787E-03  -3.8640E-03   3.0000E-03
       614  -9.0350E-03  -2.9357E-03   3.0000E-03
       615  -9.2924E-03  -1.9752E-03   3.0000E-03
       616  -9.4480E-03  -9.9302E-04   3.0000E-03
       617  -9.5000E-03  -5.3823E-18   3.0000E-03
       618  -9.4480E-03   9.9302E-04   3.0000E-03
       619  -9.2924E-03   1.9752E-03   3.0000E-03
       620  -9.0350E-03   2.9357E-03   3.0000E-03
       621  -8.6787E-03   3.8640E-03   3.0000E-03
       622  -8.2272E-03   4.7500E-03   3.0000E-03
       623  -7.6857E-03   5.5840E-03   3.0000E-03
       624  -7.0599E-03   6.3567E-03   3.0000E-03
       625  -6.3567E-03   7.0599E-03   3.0000E-03

 FEAP *** soft tissue tube with internal hard shell ring                       


  N o d a l   C o o r d i n a t e s

      Node      1 coord      2 coord      3 coord
       626  -5.5840E-03   7.6857E-03   3.0000E-03
       627  -4.7500E-03   8.2272E-03   3.0000E-03
       628  -3.8640E-03   8.6787E-03   3.0000E-03
       629  -2.9357E-03   9.0350E-03   3.0000E-03
       630  -1.9752E-03   9.2924E-03   3.0000E-03
       631  -9.9302E-04   9.4480E-03   3.0000E-03
       632  -1.8621E-17   9.5000E-03   3.0000E-03
       633   9.9302E-04   9.4480E-03   3.0000E-03
       634   1.9752E-03   9.2924E-03   3.0000E-03
       635   2.9357E-03   9.0350E-03   3.0000E-03
       636   3.8640E-03   8.6787E-03   3.0000E-03
       637   4.7500E-03   8.2272E-03   3.0000E-03
       638   5.5840E-03   7.6857E-03   3.0000E-03
       639   6.3567E-03   7.0599E-03   3.0000E-03
       640   7.0599E-03   6.3567E-03   3.0000E-03
       641   7.6857E-03   5.5840E-03   3.0000E-03
       642   8.2272E-03   4.7500E-03   3.0000E-03
       643   8.6787E-03   3.8640E-03   3.0000E-03
       644   9.0350E-03   2.9357E-03   3.0000E-03
       645   9.2924E-03   1.9752E-03   3.0000E-03
       646   9.4480E-03   9.9302E-04   3.0000E-03
       647   9.5000E-03   1.9202E-17   3.0000E-03
       648   9.0000E-03   0.0000E+00   2.0000E-03
       649   8.9507E-03  -9.4076E-04   2.0000E-03
       650   8.8033E-03  -1.8712E-03   2.0000E-03
       651   8.5595E-03  -2.7812E-03   2.0000E-03
       652   8.2219E-03  -3.6606E-03   2.0000E-03
       653   7.7942E-03  -4.5000E-03   2.0000E-03
       654   7.2812E-03  -5.2901E-03   2.0000E-03
       655   6.6883E-03  -6.0222E-03   2.0000E-03
       656   6.0222E-03  -6.6883E-03   2.0000E-03
       657   5.2901E-03  -7.2812E-03   2.0000E-03
       658   4.5000E-03  -7.7942E-03   2.0000E-03
       659   3.6606E-03  -8.2219E-03   2.0000E-03
       660   2.7812E-03  -8.5595E-03   2.0000E-03
       661   1.8712E-03  -8.8033E-03   2.0000E-03
       662   9.4076E-04  -8.9507E-03   2.0000E-03
       663   4.5479E-18  -9.0000E-03   2.0000E-03
       664  -9.4076E-04  -8.9507E-03   2.0000E-03
       665  -1.8712E-03  -8.8033E-03   2.0000E-03
       666  -2.7812E-03  -8.5595E-03   2.0000E-03
       667  -3.6606E-03  -8.2219E-03   2.0000E-03
       668  -4.5000E-03  -7.7942E-03   2.0000E-03
       669  -5.2901E-03  -7.2812E-03   2.0000E-03
       670  -6.0222E-03  -6.6883E-03   2.0000E-03
       671  -6.6883E-03  -6.0222E-03   2.0000E-03
       672  -7.2812E-03  -5.2901E-03   2.0000E-03
       673  -7.7942E-03  -4.5000E-03   2.0000E-03
       674  -8.2219E-03  -3.6606E-03   2.0000E-03
       675  -8.5595E-03  -2.7812E-03   2.0000E-03

 FEAP *** soft tissue tube with internal hard shell ring                       


  N o d a l   C o o r d i n a t e s

      Node      1 coord      2 coord      3 coord
       676  -8.8033E-03  -1.8712E-03   2.0000E-03
       677  -8.9507E-03  -9.4076E-04   2.0000E-03
       678  -9.0000E-03  -5.0990E-18   2.0000E-03
       679  -8.9507E-03   9.4076E-04   2.0000E-03
       680  -8.8033E-03   1.8712E-03   2.0000E-03
       681  -8.5595E-03   2.7812E-03   2.0000E-03
       682  -8.2219E-03   3.6606E-03   2.0000E-03
       683  -7.7942E-03   4.5000E-03   2.0000E-03
       684  -7.2812E-03   5.2901E-03   2.0000E-03
       685  -6.6883E-03   6.0222E-03   2.0000E-03
       686  -6.0222E-03   6.6883E-03   2.0000E-03
       687  -5.2901E-03   7.2812E-03   2.0000E-03
       688  -4.5000E-03   7.7942E-03   2.0000E-03
       689  -3.6606E-03   8.2219E-03   2.0000E-03
       690  -2.7812E-03   8.5595E-03   2.0000E-03
       691  -1.8712E-03   8.8033E-03   2.0000E-03
       692  -9.4076E-04   8.9507E-03   2.0000E-03
       693  -1.7640E-17   9.0000E-03   2.0000E-03
       694   9.4076E-04   8.9507E-03   2.0000E-03
       695   1.8712E-03   8.8033E-03   2.0000E-03
       696   2.7812E-03   8.5595E-03   2.0000E-03
       697   3.6606E-03   8.2219E-03   2.0000E-03
       698   4.5000E-03   7.7942E-03   2.0000E-03
       699   5.2901E-03   7.2812E-03   2.0000E-03
       700   6.0222E-03   6.6883E-03   2.0000E-03
       701   6.6883E-03   6.0222E-03   2.0000E-03
       702   7.2812E-03   5.2901E-03   2.0000E-03
       703   7.7942E-03   4.5000E-03   2.0000E-03
       704   8.2219E-03   3.6606E-03   2.0000E-03
       705   8.5595E-03   2.7812E-03   2.0000E-03
       706   8.8033E-03   1.8712E-03   2.0000E-03
       707   8.9507E-03   9.4076E-04   2.0000E-03
       708   9.0000E-03   1.8192E-17   2.0000E-03
       709   9.0000E-03   0.0000E+00   3.0000E-03
       710   8.9507E-03  -9.4076E-04   3.0000E-03
       711   8.8033E-03  -1.8712E-03   3.0000E-03
       712   8.5595E-03  -2.7812E-03   3.0000E-03
       713   8.2219E-03  -3.6606E-03   3.0000E-03
       714   7.7942E-03  -4.5000E-03   3.0000E-03
       715   7.2812E-03  -5.2901E-03   3.0000E-03
       716   6.6883E-03  -6.0222E-03   3.0000E-03
       717   6.0222E-03  -6.6883E-03   3.0000E-03
       718   5.2901E-03  -7.2812E-03   3.0000E-03
       719   4.5000E-03  -7.7942E-03   3.0000E-03
       720   3.6606E-03  -8.2219E-03   3.0000E-03
       721   2.7812E-03  -8.5595E-03   3.0000E-03
       722   1.8712E-03  -8.8033E-03   3.0000E-03
       723   9.4076E-04  -8.9507E-03   3.0000E-03
       724   4.5479E-18  -9.0000E-03   3.0000E-03
       725  -9.4076E-04  -8.9507E-03   3.0000E-03

 FEAP *** soft tissue tube with internal hard shell ring                       


  N o d a l   C o o r d i n a t e s

      Node      1 coord      2 coord      3 coord
       726  -1.8712E-03  -8.8033E-03   3.0000E-03
       727  -2.7812E-03  -8.5595E-03   3.0000E-03
       728  -3.6606E-03  -8.2219E-03   3.0000E-03
       729  -4.5000E-03  -7.7942E-03   3.0000E-03
       730  -5.2901E-03  -7.2812E-03   3.0000E-03
       731  -6.0222E-03  -6.6883E-03   3.0000E-03
       732  -6.6883E-03  -6.0222E-03   3.0000E-03
       733  -7.2812E-03  -5.2901E-03   3.0000E-03
       734  -7.7942E-03  -4.5000E-03   3.0000E-03
       735  -8.2219E-03  -3.6606E-03   3.0000E-03
       736  -8.5595E-03  -2.7812E-03   3.0000E-03
       737  -8.8033E-03  -1.8712E-03   3.0000E-03
       738  -8.9507E-03  -9.4076E-04   3.0000E-03
       739  -9.0000E-03  -5.0990E-18   3.0000E-03
       740  -8.9507E-03   9.4076E-04   3.0000E-03
       741  -8.8033E-03   1.8712E-03   3.0000E-03
       742  -8.5595E-03   2.7812E-03   3.0000E-03
       743  -8.2219E-03   3.6606E-03   3.0000E-03
       744  -7.7942E-03   4.5000E-03   3.0000E-03
       745  -7.2812E-03   5.2901E-03   3.0000E-03
       746  -6.6883E-03   6.0222E-03   3.0000E-03
       747  -6.0222E-03   6.6883E-03   3.0000E-03
       748  -5.2901E-03   7.2812E-03   3.0000E-03
       749  -4.5000E-03   7.7942E-03   3.0000E-03
       750  -3.6606E-03   8.2219E-03   3.0000E-03
       751  -2.7812E-03   8.5595E-03   3.0000E-03
       752  -1.8712E-03   8.8033E-03   3.0000E-03
       753  -9.4076E-04   8.9507E-03   3.0000E-03
       754  -1.7640E-17   9.0000E-03   3.0000E-03
       755   9.4076E-04   8.9507E-03   3.0000E-03
       756   1.8712E-03   8.8033E-03   3.0000E-03
       757   2.7812E-03   8.5595E-03   3.0000E-03
       758   3.6606E-03   8.2219E-03   3.0000E-03
       759   4.5000E-03   7.7942E-03   3.0000E-03
       760   5.2901E-03   7.2812E-03   3.0000E-03
       761   6.0222E-03   6.6883E-03   3.0000E-03
       762   6.6883E-03   6.0222E-03   3.0000E-03
       763   7.2812E-03   5.2901E-03   3.0000E-03
       764   7.7942E-03   4.5000E-03   3.0000E-03
       765   8.2219E-03   3.6606E-03   3.0000E-03
       766   8.5595E-03   2.7812E-03   3.0000E-03
       767   8.8033E-03   1.8712E-03   3.0000E-03
       768   8.9507E-03   9.4076E-04   3.0000E-03
       769   9.0000E-03   1.8192E-17   3.0000E-03

 FEAP *** soft tissue tube with internal hard shell ring                       

   E l e m e n t   C o n n e c t i o n s

    Elmt Mat Reg  Type  1-node  2-node  3-node  4-node  5-node  6-node  7-node
                        8-node
     337   3   0 Hexah     526     527     588     587     648     649     710
                           709
     338   3   0 Hexah     527     528     589     588     649     650     711
                           710
     339   3   0 Hexah     528     529     590     589     650     651     712
                           711
     340   3   0 Hexah     529     530     591     590     651     652     713
                           712
     341   3   0 Hexah     530     531     592     591     652     653     714
                           713
     342   3   0 Hexah     531     532     593     592     653     654     715
                           714
     343   3   0 Hexah     532     533     594     593     654     655     716
                           715
     344   3   0 Hexah     533     534     595     594     655     656     717
                           716
     345   3   0 Hexah     534     535     596     595     656     657     718
                           717
     346   3   0 Hexah     535     536     597     596     657     658     719
                           718
     347   3   0 Hexah     536     537     598     597     658     659     720
                           719
     348   3   0 Hexah     537     538     599     598     659     660     721
                           720
     349   3   0 Hexah     538     539     600     599     660     661     722
                           721
     350   3   0 Hexah     539     540     601     600     661     662     723
                           722
     351   3   0 Hexah     540     541     602     601     662     663     724
                           723
     352   3   0 Hexah     541     542     603     602     663     664     725
                           724
     353   3   0 Hexah     542     543     604     603     664     665     726
                           725
     354   3   0 Hexah     543     544     605     604     665     666     727
                           726
     355   3   0 Hexah     544     545     606     605     666     667     728
                           727
     356   3   0 Hexah     545     546     607     606     667     668     729
                           728
     357   3   0 Hexah     546     547     608     607     668     669     730
                           729
     358   3   0 Hexah     547     548     609     608     669     670     731
                           730
     359   3   0 Hexah     548     549     610     609     670     671     732
                           731
     360   3   0 Hexah     549     550     611     610     671     672     733
                           732
     361   3   0 Hexah     550     551     612     611     672     673     734
                           733
     362   3   0 Hexah     551     552     613     612     673     674     735
                           734
     363   3   0 Hexah     552     553     614     613     674     675     736
                           735
     364   3   0 Hexah     553     554     615     614     675     676     737
                           736
     365   3   0 Hexah     554     555     616     615     676     677     738
                           737
     366   3   0 Hexah     555     556     617     616     677     678     739
                           738
     367   3   0 Hexah     556     557     618     617     678     679     740
                           739
     368   3   0 Hexah     557     558     619     618     679     680     741
                           740
     369   3   0 Hexah     558     559     620     619     680     681     742
                           741
     370   3   0 Hexah     559     560     621     620     681     682     743
                           742
     371   3   0 Hexah     560     561     622     621     682     683     744
                           743
     372   3   0 Hexah     561     562     623     622     683     684     745
                           744
     373   3   0 Hexah     562     563     624     623     684     685     746
                           745
     374   3   0 Hexah     563     564     625     624     685     686     747
                           746
     375   3   0 Hexah     564     565     626     625     686     687     748
                           747
     376   3   0 Hexah     565     566     627     626     687     688     749
                           748
     377   3   0 Hexah     566     567     628     627     688     689     750
                           749
     378   3   0 Hexah     567     568     629     628     689     690     751
                           750
     379   3   0 Hexah     568     569     630     629     690     691     752
                           751
     380   3   0 Hexah     569     570     631     630     691     692     753
                           752
     381   3   0 Hexah     570     571     632     631     692     693     754
                           753
     382   3   0 Hexah     571     572     633     632     693     694     755
                           754
     383   3   0 Hexah     572     573     634     633     694     695     756
                           755
     384   3   0 Hexah     573     574     635     634     695     696     757
                           756
     385   3   0 Hexah     574     575     636     635     696     697     758
                           757
     386   3   0 Hexah     575     576     637     636     697     698     759
                           758

 FEAP *** soft tissue tube with internal hard shell ring                       

   E l e m e n t   C o n n e c t i o n s

    Elmt Mat Reg  Type  1-node  2-node  3-node  4-node  5-node  6-node  7-node
                        8-node
     387   3   0 Hexah     576     577     638     637     698     699     760
                           759
     388   3   0 Hexah     577     578     639     638     699     700     761
                           760
     389   3   0 Hexah     578     579     640     639     700     701     762
                           761
     390   3   0 Hexah     579     580     641     640     701     702     763
                           762
     391   3   0 Hexah     580     581     642     641     702     703     764
                           763
     392   3   0 Hexah     581     582     643     642     703     704     765
                           764
     393   3   0 Hexah     582     583     644     643     704     705     766
                           765
     394   3   0 Hexah     583     584     645     644     705     706     767
                           766
     395   3   0 Hexah     584     585     646     645     706     707     768
                           767
     396   3   0 Hexah     585     586     647     646     707     708     769
                           768

          Part(   1): Elm start =       1
                      Elm last  =     396
                      Nodes/el. =       8

     E l e m e n t   S i z e   V a l u e s
          h-minimum =  5.0000E-04
          h-maximum =  4.6458E-03

     Tie all nodes with common coordinates


      Gap Tolerance =  3.6061E-05



       T i e  - - -  N o d a l   C o o r d i n a t e s

          The following nodes have been deleted:

          505    506    507    508    509    510    511    512    513    514
          515    516    517    518    519    520    521    522    523    524
          525    586    647    708    769

         25 nodes merged by the tie command


       P o l a r    S u r f a c e

     x_Coord.     y_Coord.     z_Coord.
   0.0000E+00   0.0000E+00   0.0000E+00

 FEAP *** soft tissue tube with internal hard shell ring                       

   C o o r d i n a t e    S u r f a c e   A n g l e s

      Node    1 Coord    2 Coord    3 Coord      Angle
         1  1.000E-02 -1.800E+02  0.000E+00 -1.800E+02
         2  1.000E-02 -1.800E+02  5.000E-03 -1.800E+02
         3  1.000E-02 -9.000E+01  5.000E-03 -9.000E+01
         4  1.000E-02 -9.000E+01  0.000E+00 -9.000E+01
         5  1.000E-02 -1.800E+02  2.500E-03 -1.800E+02
         6  1.000E-02 -1.350E+02  5.000E-03 -1.350E+02
         7  1.000E-02 -9.000E+01  2.500E-03 -9.000E+01
         8  1.000E-02 -1.350E+02  0.000E+00 -1.350E+02
         9  1.000E-02 -1.350E+02  2.500E-03 -1.350E+02

       N o d a l    A n g l e s

          Global Node    Angle

                 127 -9.000E+01
                 134 -9.000E+01
                 141 -9.000E+01
                 148 -1.050E+02
                 155 -1.050E+02
                 162 -1.050E+02
                 169 -1.200E+02
                 176 -1.200E+02
                 183 -1.200E+02
                 190 -1.350E+02
                 197 -1.350E+02
                 204 -1.350E+02
                 211 -1.500E+02
                 218 -1.500E+02
                 225 -1.500E+02
                 232 -1.650E+02
                 239 -1.650E+02
                 246 -1.650E+02
                 253 -1.800E+02
                 260 -1.800E+02
                 267 -1.800E+02

 FEAP *** soft tissue tube with internal hard shell ring                       

   C o o r d i n a t e    S u r f a c e   A n g l e s

      Node    1 Coord    2 Coord    3 Coord      Angle
         1  1.000E-02 -9.000E+01  0.000E+00 -9.000E+01
         2  1.000E-02 -9.000E+01  5.000E-03 -9.000E+01
         3  1.000E-02  0.000E+00  5.000E-03  0.000E+00
         4  1.000E-02  0.000E+00  0.000E+00  0.000E+00
         5  1.000E-02 -9.000E+01  2.500E-03 -9.000E+01
         6  1.000E-02 -4.500E+01  5.000E-03 -4.500E+01
         7  1.000E-02  0.000E+00  2.500E-03  0.000E+00
         8  1.000E-02 -4.500E+01  0.000E+00 -4.500E+01
         9  1.000E-02 -4.500E+01  2.500E-03 -4.500E+01

       N o d a l    A n g l e s

          Global Node    Angle

                   1 -4.996E-15
                   8 -4.996E-15
                  15 -4.996E-15
                  22 -1.500E+01
                  29 -1.500E+01
                  36 -1.500E+01
                  43 -3.000E+01
                  50 -3.000E+01
                  57 -3.000E+01
                  64 -4.500E+01
                  71 -4.500E+01
                  78 -4.500E+01
                  85 -6.000E+01
                  92 -6.000E+01
                  99 -6.000E+01
                 106 -7.500E+01
                 113 -7.500E+01
                 120 -7.500E+01
                 127 -9.000E+01
                 134 -9.000E+01
                 141 -9.000E+01
                 505  9.992E-15
                 512  9.992E-15
                 519  9.992E-15

 FEAP *** soft tissue tube with internal hard shell ring                       

   C o o r d i n a t e    S u r f a c e   A n g l e s

      Node    1 Coord    2 Coord    3 Coord      Angle
         1  1.000E-02  0.000E+00  0.000E+00  0.000E+00
         2  1.000E-02  0.000E+00  5.000E-03  0.000E+00
         3  1.000E-02  9.000E+01  5.000E-03  9.000E+01
         4  1.000E-02  9.000E+01  0.000E+00  9.000E+01
         5  1.000E-02  0.000E+00  2.500E-03  0.000E+00
         6  1.000E-02  4.500E+01  5.000E-03  4.500E+01
         7  1.000E-02  9.000E+01  2.500E-03  9.000E+01
         8  1.000E-02  4.500E+01  0.000E+00  4.500E+01
         9  1.000E-02  4.500E+01  2.500E-03  4.500E+01

       N o d a l    A n g l e s

          Global Node    Angle

                   1  4.996E-15
                   8  4.996E-15
                  15  4.996E-15
                 379  9.000E+01
                 386  9.000E+01
                 393  9.000E+01
                 400  7.500E+01
                 407  7.500E+01
                 414  7.500E+01
                 421  6.000E+01
                 428  6.000E+01
                 435  6.000E+01
                 442  4.500E+01
                 449  4.500E+01
                 456  4.500E+01
                 463  3.000E+01
                 470  3.000E+01
                 477  3.000E+01
                 484  1.500E+01
                 491  1.500E+01
                 498  1.500E+01
                 505  1.998E-14
                 512  1.998E-14
                 519  1.998E-14

 FEAP *** soft tissue tube with internal hard shell ring                       

   C o o r d i n a t e    S u r f a c e   A n g l e s

      Node    1 Coord    2 Coord    3 Coord      Angle
         1  1.000E-02  9.000E+01  0.000E+00  9.000E+01
         2  1.000E-02  9.000E+01  5.000E-03  9.000E+01
         3  1.000E-02  1.800E+02  5.000E-03  1.800E+02
         4  1.000E-02  1.800E+02  0.000E+00  1.800E+02
         5  1.000E-02  9.000E+01  2.500E-03  9.000E+01
         6  1.000E-02  1.350E+02  5.000E-03  1.350E+02
         7  1.000E-02  1.800E+02  2.500E-03  1.800E+02
         8  1.000E-02  1.350E+02  0.000E+00  1.350E+02
         9  1.000E-02  1.350E+02  2.500E-03  1.350E+02

       N o d a l    A n g l e s

          Global Node    Angle

                 253  1.800E+02
                 260  1.800E+02
                 267  1.800E+02
                 274  1.650E+02
                 281  1.650E+02
                 288  1.650E+02
                 295  1.500E+02
                 302  1.500E+02
                 309  1.500E+02
                 316  1.350E+02
                 323  1.350E+02
                 330  1.350E+02
                 337  1.200E+02
                 344  1.200E+02
                 351  1.200E+02
                 358  1.050E+02
                 365  1.050E+02
                 372  1.050E+02
                 379  9.000E+01
                 386  9.000E+01
                 393  9.000E+01

 FEAP *** soft tissue tube with internal hard shell ring                       

   C o o r d i n a t e    S u r f a c e   A n g l e s

      Node    1 Coord    2 Coord    3 Coord      Angle
         1  9.500E-03 -1.800E+02  2.000E-03 -1.800E+02
         2  9.500E-03 -1.800E+02  3.000E-03 -1.800E+02
         3  9.500E-03 -9.000E+01  3.000E-03 -9.000E+01
         4  9.500E-03 -9.000E+01  2.000E-03 -9.000E+01
         5  9.500E-03 -1.800E+02  2.500E-03 -1.800E+02
         6  9.500E-03 -1.350E+02  3.000E-03 -1.350E+02
         7  9.500E-03 -9.000E+01  2.500E-03 -9.000E+01
         8  9.500E-03 -1.350E+02  2.000E-03 -1.350E+02
         9  9.500E-03 -1.350E+02  2.500E-03 -1.350E+02

       N o d a l    A n g l e s

          Global Node    Angle

                 541 -9.000E+01
                 542 -9.600E+01
                 543 -1.020E+02
                 544 -1.080E+02
                 545 -1.140E+02
                 546 -1.200E+02
                 547 -1.260E+02
                 548 -1.320E+02
                 549 -1.380E+02
                 550 -1.440E+02
                 551 -1.500E+02
                 552 -1.560E+02
                 553 -1.620E+02
                 554 -1.680E+02
                 555 -1.740E+02
                 556 -1.800E+02
                 602 -9.000E+01
                 603 -9.600E+01
                 604 -1.020E+02
                 605 -1.080E+02
                 606 -1.140E+02
                 607 -1.200E+02
                 608 -1.260E+02
                 609 -1.320E+02
                 610 -1.380E+02
                 611 -1.440E+02
                 612 -1.500E+02
                 613 -1.560E+02
                 614 -1.620E+02
                 615 -1.680E+02
                 616 -1.740E+02
                 617 -1.800E+02

 FEAP *** soft tissue tube with internal hard shell ring                       

   C o o r d i n a t e    S u r f a c e   A n g l e s

      Node    1 Coord    2 Coord    3 Coord      Angle
         1  9.500E-03 -9.000E+01  2.000E-03 -9.000E+01
         2  9.500E-03 -9.000E+01  3.000E-03 -9.000E+01
         3  9.500E-03  0.000E+00  3.000E-03  0.000E+00
         4  9.500E-03  0.000E+00  2.000E-03  0.000E+00
         5  9.500E-03 -9.000E+01  2.500E-03 -9.000E+01
         6  9.500E-03 -4.500E+01  3.000E-03 -4.500E+01
         7  9.500E-03  0.000E+00  2.500E-03  0.000E+00
         8  9.500E-03 -4.500E+01  2.000E-03 -4.500E+01
         9  9.500E-03 -4.500E+01  2.500E-03 -4.500E+01

       N o d a l    A n g l e s

          Global Node    Angle

                 526  0.000E+00
                 527 -6.000E+00
                 528 -1.200E+01
                 529 -1.800E+01
                 530 -2.400E+01
                 531 -3.000E+01
                 532 -3.600E+01
                 533 -4.200E+01
                 534 -4.800E+01
                 535 -5.400E+01
                 536 -6.000E+01
                 537 -6.600E+01
                 538 -7.200E+01
                 539 -7.800E+01
                 540 -8.400E+01
                 541 -9.000E+01
                 586  1.199E-13
                 587  0.000E+00
                 588 -6.000E+00
                 589 -1.200E+01
                 590 -1.800E+01
                 591 -2.400E+01
                 592 -3.000E+01
                 593 -3.600E+01
                 594 -4.200E+01
                 595 -4.800E+01
                 596 -5.400E+01
                 597 -6.000E+01
                 598 -6.600E+01
                 599 -7.200E+01
                 600 -7.800E+01
                 601 -8.400E+01
                 602 -9.000E+01
                 647  1.199E-13

 FEAP *** soft tissue tube with internal hard shell ring                       

   C o o r d i n a t e    S u r f a c e   A n g l e s

      Node    1 Coord    2 Coord    3 Coord      Angle
         1  9.500E-03  0.000E+00  2.000E-03  0.000E+00
         2  9.500E-03  0.000E+00  3.000E-03  0.000E+00
         3  9.500E-03  9.000E+01  3.000E-03  9.000E+01
         4  9.500E-03  9.000E+01  2.000E-03  9.000E+01
         5  9.500E-03  0.000E+00  2.500E-03  0.000E+00
         6  9.500E-03  4.500E+01  3.000E-03  4.500E+01
         7  9.500E-03  9.000E+01  2.500E-03  9.000E+01
         8  9.500E-03  4.500E+01  2.000E-03  4.500E+01
         9  9.500E-03  4.500E+01  2.500E-03  4.500E+01

       N o d a l    A n g l e s

          Global Node    Angle

                 526  0.000E+00
                 571  9.000E+01
                 572  8.400E+01
                 573  7.800E+01
                 574  7.200E+01
                 575  6.600E+01
                 576  6.000E+01
                 577  5.400E+01
                 578  4.800E+01
                 579  4.200E+01
                 580  3.600E+01
                 581  3.000E+01
                 582  2.400E+01
                 583  1.800E+01
                 584  1.200E+01
                 585  6.000E+00
                 586  1.249E-13
                 587  0.000E+00
                 632  9.000E+01
                 633  8.400E+01
                 634  7.800E+01
                 635  7.200E+01
                 636  6.600E+01
                 637  6.000E+01
                 638  5.400E+01
                 639  4.800E+01
                 640  4.200E+01
                 641  3.600E+01
                 642  3.000E+01
                 643  2.400E+01
                 644  1.800E+01
                 645  1.200E+01
                 646  6.000E+00
                 647  1.249E-13

 FEAP *** soft tissue tube with internal hard shell ring                       

   C o o r d i n a t e    S u r f a c e   A n g l e s

      Node    1 Coord    2 Coord    3 Coord      Angle
         1  9.500E-03  9.000E+01  2.000E-03  9.000E+01
         2  9.500E-03  9.000E+01  3.000E-03  9.000E+01
         3  9.500E-03  1.800E+02  3.000E-03  1.800E+02
         4  9.500E-03  1.800E+02  2.000E-03  1.800E+02
         5  9.500E-03  9.000E+01  2.500E-03  9.000E+01
         6  9.500E-03  1.350E+02  3.000E-03  1.350E+02
         7  9.500E-03  1.800E+02  2.500E-03  1.800E+02
         8  9.500E-03  1.350E+02  2.000E-03  1.350E+02
         9  9.500E-03  1.350E+02  2.500E-03  1.350E+02

       N o d a l    A n g l e s

          Global Node    Angle

                 556  1.800E+02
                 557  1.740E+02
                 558  1.680E+02
                 559  1.620E+02
                 560  1.560E+02
                 561  1.500E+02
                 562  1.440E+02
                 563  1.380E+02
                 564  1.320E+02
                 565  1.260E+02
                 566  1.200E+02
                 567  1.140E+02
                 568  1.080E+02
                 569  1.020E+02
                 570  9.600E+01
                 571  9.000E+01
                 617  1.800E+02
                 618  1.740E+02
                 619  1.680E+02
                 620  1.620E+02
                 621  1.560E+02
                 622  1.500E+02
                 623  1.440E+02
                 624  1.380E+02
                 625  1.320E+02
                 626  1.260E+02
                 627  1.200E+02
                 628  1.140E+02
                 629  1.080E+02
                 630  1.020E+02
                 631  9.600E+01
                 632  9.000E+01

       P o l a r    S u r f a c e

     x_Coord.     y_Coord.     z_Coord.
   0.0000E+00   0.0000E+00   0.0000E+00

 FEAP *** soft tissue tube with internal hard shell ring                       

   C o o r d i n a t e   S u r f a c e   B o u n d a r y   C o n d i t i o n s

      Node    1 Coord    2 Coord    3 Coord 1-BC 2-BC 3-BC 4-BC 5-BC 6-BC
                                               0    1    0    0    0    0
         1  9.900E-03 -1.800E+02  0.000E+00
         2  9.900E-03 -9.000E+01  0.000E+00
         3  1.010E-02 -9.000E+01  0.000E+00
         4  1.010E-02 -1.800E+02  0.000E+00
         5  9.900E-03 -1.350E+02  0.000E+00
         6  1.000E-02 -9.000E+01  0.000E+00
         7  1.010E-02 -1.350E+02  0.000E+00
         8  1.000E-02 -1.800E+02  0.000E+00
         9  1.000E-02 -1.350E+02  0.000E+00

      Node  1-BC  2-BC  3-BC  4-BC  5-BC  6-BC
       134     0     1     0     0     0     0
       155     0     1     0     0     0     0
       176     0     1     0     0     0     0
       197     0     1     0     0     0     0
       218     0     1     0     0     0     0
       239     0     1     0     0     0     0
       260     0     1     0     0     0     0

 FEAP *** soft tissue tube with internal hard shell ring                       

   C o o r d i n a t e   S u r f a c e   B o u n d a r y   C o n d i t i o n s

      Node    1 Coord    2 Coord    3 Coord 1-BC 2-BC 3-BC 4-BC 5-BC 6-BC
                                               0    1    0    0    0    0
         1  9.900E-03 -9.000E+01  0.000E+00
         2  9.900E-03  0.000E+00  0.000E+00
         3  1.010E-02  0.000E+00  0.000E+00
         4  1.010E-02 -9.000E+01  0.000E+00
         5  9.900E-03 -4.500E+01  0.000E+00
         6  1.000E-02  0.000E+00  0.000E+00
         7  1.010E-02 -4.500E+01  0.000E+00
         8  1.000E-02 -9.000E+01  0.000E+00
         9  1.000E-02 -4.500E+01  0.000E+00

      Node  1-BC  2-BC  3-BC  4-BC  5-BC  6-BC
         8     0     1     0     0     0     0
        29     0     1     0     0     0     0
        50     0     1     0     0     0     0
        71     0     1     0     0     0     0
        92     0     1     0     0     0     0
       113     0     1     0     0     0     0
       134     0     2     0     0     0     0
       512     1     2     1     1     1     1

 FEAP *** soft tissue tube with internal hard shell ring                       

   C o o r d i n a t e   S u r f a c e   B o u n d a r y   C o n d i t i o n s

      Node    1 Coord    2 Coord    3 Coord 1-BC 2-BC 3-BC 4-BC 5-BC 6-BC
                                               0    1    0    0    0    0
         1  9.900E-03  0.000E+00  0.000E+00
         2  9.900E-03  9.000E+01  0.000E+00
         3  1.010E-02  9.000E+01  0.000E+00
         4  1.010E-02  0.000E+00  0.000E+00
         5  9.900E-03  4.500E+01  0.000E+00
         6  1.000E-02  9.000E+01  0.000E+00
         7  1.010E-02  4.500E+01  0.000E+00
         8  1.000E-02  0.000E+00  0.000E+00
         9  1.000E-02  4.500E+01  0.000E+00

      Node  1-BC  2-BC  3-BC  4-BC  5-BC  6-BC
         8     0     2     0     0     0     0
       386     0     1     0     0     0     0
       407     0     1     0     0     0     0
       428     0     1     0     0     0     0
       449     0     1     0     0     0     0
       470     0     1     0     0     0     0
       491     0     1     0     0     0     0
       512     1     3     1     1     1     1

 FEAP *** soft tissue tube with internal hard shell ring                       

   C o o r d i n a t e   S u r f a c e   B o u n d a r y   C o n d i t i o n s

      Node    1 Coord    2 Coord    3 Coord 1-BC 2-BC 3-BC 4-BC 5-BC 6-BC
                                               0    1    0    0    0    0
         1  9.900E-03  9.000E+01  0.000E+00
         2  9.900E-03  1.800E+02  0.000E+00
         3  1.010E-02  1.800E+02  0.000E+00
         4  1.010E-02  9.000E+01  0.000E+00
         5  9.900E-03  1.350E+02  0.000E+00
         6  1.000E-02  1.800E+02  0.000E+00
         7  1.010E-02  1.350E+02  0.000E+00
         8  1.000E-02  9.000E+01  0.000E+00
         9  1.000E-02  1.350E+02  0.000E+00

      Node  1-BC  2-BC  3-BC  4-BC  5-BC  6-BC
       260     0     2     0     0     0     0
       281     0     1     0     0     0     0
       302     0     1     0     0     0     0
       323     0     1     0     0     0     0
       344     0     1     0     0     0     0
       365     0     1     0     0     0     0
       386     0     2     0     0     0     0

 FEAP *** soft tissue tube with internal hard shell ring                       

   C o o r d i n a t e   S u r f a c e   B o u n d a r y   C o n d i t i o n s

      Node    1 Coord    2 Coord    3 Coord 1-BC 2-BC 3-BC 4-BC 5-BC 6-BC
                                               0    1    1    0    0    0
         1  9.400E-03 -1.800E+02  2.000E-03
         2  9.400E-03 -9.000E+01  2.000E-03
         3  9.600E-03 -9.000E+01  2.000E-03
         4  9.600E-03 -1.800E+02  2.000E-03
         5  9.400E-03 -1.350E+02  2.000E-03
         6  9.500E-03 -9.000E+01  2.000E-03
         7  9.600E-03 -1.350E+02  2.000E-03
         8  9.500E-03 -1.800E+02  2.000E-03
         9  9.500E-03 -1.350E+02  2.000E-03

      Node  1-BC  2-BC  3-BC  4-BC  5-BC  6-BC
       541     0     1     1     0     0     0
       542     0     1     1     0     0     0
       543     0     1     1     0     0     0
       544     0     1     1     0     0     0
       545     0     1     1     0     0     0
       546     0     1     1     0     0     0
       547     0     1     1     0     0     0
       548     0     1     1     0     0     0
       549     0     1     1     0     0     0
       550     0     1     1     0     0     0
       551     0     1     1     0     0     0
       552     0     1     1     0     0     0
       553     0     1     1     0     0     0
       554     0     1     1     0     0     0
       555     0     1     1     0     0     0
       556     0     1     1     0     0     0

 FEAP *** soft tissue tube with internal hard shell ring                       

   C o o r d i n a t e   S u r f a c e   B o u n d a r y   C o n d i t i o n s

      Node    1 Coord    2 Coord    3 Coord 1-BC 2-BC 3-BC 4-BC 5-BC 6-BC
                                               0    1    0    0    0    0
         1  9.400E-03 -9.000E+01  2.000E-03
         2  9.400E-03  0.000E+00  2.000E-03
         3  9.600E-03  0.000E+00  2.000E-03
         4  9.600E-03 -9.000E+01  2.000E-03
         5  9.400E-03 -4.500E+01  2.000E-03
         6  9.500E-03  0.000E+00  2.000E-03
         7  9.600E-03 -4.500E+01  2.000E-03
         8  9.500E-03 -9.000E+01  2.000E-03
         9  9.500E-03 -4.500E+01  2.000E-03

      Node  1-BC  2-BC  3-BC  4-BC  5-BC  6-BC
       526     0     1     0     0     0     0
       527     0     1     0     0     0     0
       528     0     1     0     0     0     0
       529     0     1     0     0     0     0
       530     0     1     0     0     0     0
       531     0     1     0     0     0     0
       532     0     1     0     0     0     0
       533     0     1     0     0     0     0
       534     0     1     0     0     0     0
       535     0     1     0     0     0     0
       536     0     1     0     0     0     0
       537     0     1     0     0     0     0
       538     0     1     0     0     0     0
       539     0     1     0     0     0     0
       540     0     1     0     0     0     0
       541     0     2     1     0     0     0
       586     1     2     1     1     1     1

 FEAP *** soft tissue tube with internal hard shell ring                       

   C o o r d i n a t e   S u r f a c e   B o u n d a r y   C o n d i t i o n s

      Node    1 Coord    2 Coord    3 Coord 1-BC 2-BC 3-BC 4-BC 5-BC 6-BC
                                               0    1    0    0    0    0
         1  9.400E-03  0.000E+00  2.000E-03
         2  9.400E-03  9.000E+01  2.000E-03
         3  9.600E-03  9.000E+01  2.000E-03
         4  9.600E-03  0.000E+00  2.000E-03
         5  9.400E-03  4.500E+01  2.000E-03
         6  9.500E-03  9.000E+01  2.000E-03
         7  9.600E-03  4.500E+01  2.000E-03
         8  9.500E-03  0.000E+00  2.000E-03
         9  9.500E-03  4.500E+01  2.000E-03

      Node  1-BC  2-BC  3-BC  4-BC  5-BC  6-BC
       526     0     2     0     0     0     0
       571     0     1     0     0     0     0
       572     0     1     0     0     0     0
       573     0     1     0     0     0     0
       574     0     1     0     0     0     0
       575     0     1     0     0     0     0
       576     0     1     0     0     0     0
       577     0     1     0     0     0     0
       578     0     1     0     0     0     0
       579     0     1     0     0     0     0
       580     0     1     0     0     0     0
       581     0     1     0     0     0     0
       582     0     1     0     0     0     0
       583     0     1     0     0     0     0
       584     0     1     0     0     0     0
       585     0     1     0     0     0     0
       586     1     3     1     1     1     1

 FEAP *** soft tissue tube with internal hard shell ring                       

   C o o r d i n a t e   S u r f a c e   B o u n d a r y   C o n d i t i o n s

      Node    1 Coord    2 Coord    3 Coord 1-BC 2-BC 3-BC 4-BC 5-BC 6-BC
                                               0    1    0    0    0    0
         1  9.400E-03  9.000E+01  2.000E-03
         2  9.400E-03  1.800E+02  2.000E-03
         3  9.600E-03  1.800E+02  2.000E-03
         4  9.600E-03  9.000E+01  2.000E-03
         5  9.400E-03  1.350E+02  2.000E-03
         6  9.500E-03  1.800E+02  2.000E-03
         7  9.600E-03  1.350E+02  2.000E-03
         8  9.500E-03  9.000E+01  2.000E-03
         9  9.500E-03  1.350E+02  2.000E-03

      Node  1-BC  2-BC  3-BC  4-BC  5-BC  6-BC
       556     0     2     1     0     0     0
       557     0     1     0     0     0     0
       558     0     1     0     0     0     0
       559     0     1     0     0     0     0
       560     0     1     0     0     0     0
       561     0     1     0     0     0     0
       562     0     1     0     0     0     0
       563     0     1     0     0     0     0
       564     0     1     0     0     0     0
       565     0     1     0     0     0     0
       566     0     1     0     0     0     0
       567     0     1     0     0     0     0
       568     0     1     0     0     0     0
       569     0     1     0     0     0     0
       570     0     1     0     0     0     0
       571     0     2     0     0     0     0

 FEAP *** soft tissue tube with internal hard shell ring                       


   C O N T A C T   I N P U T   D A T A


     C o n t a c t   S u r f a c e   D a t a

     Data Set for Surface Number          5

     Contact Facet Type                QUAD
     Max # of Nodes per Facet             4

     Three D quadrilateral facet with 4 or more nodes
       Surface Sub-command             BLOC POLA
     Block coordinates in POLAR form
       Reference location:
         x_1 =  0.0000E+00 x_2 =  0.0000E+00 x_3 =  0.0000E+00
       Surface Sub-command             BLOC MATE
       Surface Sub-command             BLOC SEGM

 FEAP *** soft tissue tube with internal hard shell ring                       

   C o n t a c t   S u r f a c e   P a t c h   C o o r d i n a t e s

         Node    X-coord.     Y-coord.     Z-coord.

           1   1.0000E-02  -1.8000E+02   0.0000E+00
           2   1.0000E-02  -1.8000E+02   5.0000E-03
           3   1.0000E-02  -9.0000E+01   5.0000E-03
           4   1.0000E-02  -9.0000E+01   0.0000E+00
           5   1.0000E-02  -1.8000E+02   2.5000E-03
           6   1.0000E-02  -1.3500E+02   5.0000E-03
           7   1.0000E-02  -9.0000E+01   2.5000E-03
           8   1.0000E-02  -1.3500E+02   0.0000E+00
           9   1.0000E-02  -1.3500E+02   2.5000E-03

     S u r f a c e    F a c e t    C o n n e c t i o n s

     Facet  1 Node  2 Node  3 Node  4 Node
         1     162     148     127     141
         2     155     162     141     134
         3     183     169     148     162
         4     176     183     162     155
         5     204     190     169     183
         6     197     204     183     176
         7     225     211     190     204
         8     218     225     204     197
         9     246     232     211     225
        10     239     246     225     218
        11     267     253     232     246
        12     260     267     246     239

     C o n t a c t   S u r f a c e   D a t a

     Data Set for Surface Number          6

     Contact Facet Type                QUAD
     Max # of Nodes per Facet             4

     Three D quadrilateral facet with 4 or more nodes
       Surface Sub-command             BLOC POLA
     Block coordinates in POLAR form
       Reference location:
         x_1 =  0.0000E+00 x_2 =  0.0000E+00 x_3 =  0.0000E+00
       Surface Sub-command             BLOC MATE
       Surface Sub-command             BLOC SEGM

 FEAP *** soft tissue tube with internal hard shell ring                       

   C o n t a c t   S u r f a c e   P a t c h   C o o r d i n a t e s

         Node    X-coord.     Y-coord.     Z-coord.

           1   1.0000E-02  -9.0000E+01   0.0000E+00
           2   1.0000E-02  -9.0000E+01   5.0000E-03
           3   1.0000E-02   0.0000E+00   5.0000E-03
           4   1.0000E-02   0.0000E+00   0.0000E+00
           5   1.0000E-02  -9.0000E+01   2.5000E-03
           6   1.0000E-02  -4.5000E+01   5.0000E-03
           7   1.0000E-02   0.0000E+00   2.5000E-03
           8   1.0000E-02  -4.5000E+01   0.0000E+00
           9   1.0000E-02  -4.5000E+01   2.5000E-03

     S u r f a c e    F a c e t    C o n n e c t i o n s

     Facet  1 Node  2 Node  3 Node  4 Node
         1      36      22       1      15
         2      29      36      15       8
         3      57      43      22      36
         4      50      57      36      29
         5      78      64      43      57
         6      71      78      57      50
         7      99      85      64      78
         8      92      99      78      71
         9     120     106      85      99
        10     113     120      99      92
        11     141     127     106     120
        12     134     141     120     113

     C o n t a c t   S u r f a c e   D a t a

     Data Set for Surface Number          7

     Contact Facet Type                QUAD
     Max # of Nodes per Facet             4

     Three D quadrilateral facet with 4 or more nodes
       Surface Sub-command             BLOC POLA
     Block coordinates in POLAR form
       Reference location:
         x_1 =  0.0000E+00 x_2 =  0.0000E+00 x_3 =  0.0000E+00
       Surface Sub-command             BLOC MATE
       Surface Sub-command             BLOC SEGM

 FEAP *** soft tissue tube with internal hard shell ring                       

   C o n t a c t   S u r f a c e   P a t c h   C o o r d i n a t e s

         Node    X-coord.     Y-coord.     Z-coord.

           1   1.0000E-02   0.0000E+00   0.0000E+00
           2   1.0000E-02   0.0000E+00   5.0000E-03
           3   1.0000E-02   9.0000E+01   5.0000E-03
           4   1.0000E-02   9.0000E+01   0.0000E+00
           5   1.0000E-02   0.0000E+00   2.5000E-03
           6   1.0000E-02   4.5000E+01   5.0000E-03
           7   1.0000E-02   9.0000E+01   2.5000E-03
           8   1.0000E-02   4.5000E+01   0.0000E+00
           9   1.0000E-02   4.5000E+01   2.5000E-03

     S u r f a c e    F a c e t    C o n n e c t i o n s

     Facet  1 Node  2 Node  3 Node  4 Node
         1     414     400     379     393
         2     407     414     393     386
         3     435     421     400     414
         4     428     435     414     407
         5     456     442     421     435
         6     449     456     435     428
         7     477     463     442     456
         8     470     477     456     449
         9     498     484     463     477
        10     491     498     477     470
        11      15       1     484     498
        12       8      15     498     491

     C o n t a c t   S u r f a c e   D a t a

     Data Set for Surface Number          8

     Contact Facet Type                QUAD
     Max # of Nodes per Facet             4

     Three D quadrilateral facet with 4 or more nodes
       Surface Sub-command             BLOC POLA
     Block coordinates in POLAR form
       Reference location:
         x_1 =  0.0000E+00 x_2 =  0.0000E+00 x_3 =  0.0000E+00
       Surface Sub-command             BLOC MATE
       Surface Sub-command             BLOC SEGM

 FEAP *** soft tissue tube with internal hard shell ring                       

   C o n t a c t   S u r f a c e   P a t c h   C o o r d i n a t e s

         Node    X-coord.     Y-coord.     Z-coord.

           1   1.0000E-02   9.0000E+01   0.0000E+00
           2   1.0000E-02   9.0000E+01   5.0000E-03
           3   1.0000E-02   1.8000E+02   5.0000E-03
           4   1.0000E-02   1.8000E+02   0.0000E+00
           5   1.0000E-02   9.0000E+01   2.5000E-03
           6   1.0000E-02   1.3500E+02   5.0000E-03
           7   1.0000E-02   1.8000E+02   2.5000E-03
           8   1.0000E-02   1.3500E+02   0.0000E+00
           9   1.0000E-02   1.3500E+02   2.5000E-03

     S u r f a c e    F a c e t    C o n n e c t i o n s

     Facet  1 Node  2 Node  3 Node  4 Node
         1     288     274     253     267
         2     281     288     267     260
         3     309     295     274     288
         4     302     309     288     281
         5     330     316     295     309
         6     323     330     309     302
         7     351     337     316     330
         8     344     351     330     323
         9     372     358     337     351
        10     365     372     351     344
        11     393     379     358     372
        12     386     393     372     365

     C o n t a c t   S u r f a c e   D a t a

     Data Set for Surface Number          1

     Contact Facet Type                QUAD
     Max # of Nodes per Facet             4

     Three D quadrilateral facet with 4 or more nodes
       Surface Sub-command             BLOC POLA
     Block coordinates in POLAR form
       Reference location:
         x_1 =  0.0000E+00 x_2 =  0.0000E+00 x_3 =  0.0000E+00
       Surface Sub-command             BLOC MATE
       Surface Sub-command             BLOC SEGM

 FEAP *** soft tissue tube with internal hard shell ring                       

   C o n t a c t   S u r f a c e   P a t c h   C o o r d i n a t e s

         Node    X-coord.     Y-coord.     Z-coord.

           1   9.5000E-03  -1.8000E+02   3.0000E-03
           2   9.5000E-03  -1.8000E+02   2.0000E-03
           3   9.5000E-03  -9.0000E+01   2.0000E-03
           4   9.5000E-03  -9.0000E+01   3.0000E-03
           5   9.5000E-03  -1.8000E+02   2.5000E-03
           6   9.5000E-03  -1.3500E+02   2.0000E-03
           7   9.5000E-03  -9.0000E+01   2.5000E-03
           8   9.5000E-03  -1.3500E+02   3.0000E-03
           9   9.5000E-03  -1.3500E+02   2.5000E-03

     S u r f a c e    F a c e t    C o n n e c t i o n s

     Facet  1 Node  2 Node  3 Node  4 Node
         1     541     602     603     542
         2     542     603     604     543
         3     543     604     605     544
         4     544     605     606     545
         5     545     606     607     546
         6     546     607     608     547
         7     547     608     609     548
         8     548     609     610     549
         9     549     610     611     550
        10     550     611     612     551
        11     551     612     613     552
        12     552     613     614     553
        13     553     614     615     554
        14     554     615     616     555
        15     555     616     617     556

     C o n t a c t   S u r f a c e   D a t a

     Data Set for Surface Number          2

     Contact Facet Type                QUAD
     Max # of Nodes per Facet             4

     Three D quadrilateral facet with 4 or more nodes
       Surface Sub-command             BLOC POLA
     Block coordinates in POLAR form
       Reference location:
         x_1 =  0.0000E+00 x_2 =  0.0000E+00 x_3 =  0.0000E+00
       Surface Sub-command             BLOC MATE
       Surface Sub-command             BLOC SEGM

 FEAP *** soft tissue tube with internal hard shell ring                       

   C o n t a c t   S u r f a c e   P a t c h   C o o r d i n a t e s

         Node    X-coord.     Y-coord.     Z-coord.

           1   9.5000E-03  -9.0000E+01   3.0000E-03
           2   9.5000E-03  -9.0000E+01   2.0000E-03
           3   9.5000E-03   0.0000E+00   2.0000E-03
           4   9.5000E-03   0.0000E+00   3.0000E-03
           5   9.5000E-03  -9.0000E+01   2.5000E-03
           6   9.5000E-03  -4.5000E+01   2.0000E-03
           7   9.5000E-03   0.0000E+00   2.5000E-03
           8   9.5000E-03  -4.5000E+01   3.0000E-03
           9   9.5000E-03  -4.5000E+01   2.5000E-03

     S u r f a c e    F a c e t    C o n n e c t i o n s

     Facet  1 Node  2 Node  3 Node  4 Node
         1     526     587     588     527
         2     527     588     589     528
         3     528     589     590     529
         4     529     590     591     530
         5     530     591     592     531
         6     531     592     593     532
         7     532     593     594     533
         8     533     594     595     534
         9     534     595     596     535
        10     535     596     597     536
        11     536     597     598     537
        12     537     598     599     538
        13     538     599     600     539
        14     539     600     601     540
        15     540     601     602     541

     C o n t a c t   S u r f a c e   D a t a

     Data Set for Surface Number          3

     Contact Facet Type                QUAD
     Max # of Nodes per Facet             4

     Three D quadrilateral facet with 4 or more nodes
       Surface Sub-command             BLOC POLA
     Block coordinates in POLAR form
       Reference location:
         x_1 =  0.0000E+00 x_2 =  0.0000E+00 x_3 =  0.0000E+00
       Surface Sub-command             BLOC MATE
       Surface Sub-command             BLOC SEGM

 FEAP *** soft tissue tube with internal hard shell ring                       

   C o n t a c t   S u r f a c e   P a t c h   C o o r d i n a t e s

         Node    X-coord.     Y-coord.     Z-coord.

           1   9.5000E-03   0.0000E+00   3.0000E-03
           2   9.5000E-03   0.0000E+00   2.0000E-03
           3   9.5000E-03   9.0000E+01   2.0000E-03
           4   9.5000E-03   9.0000E+01   3.0000E-03
           5   9.5000E-03   0.0000E+00   2.5000E-03
           6   9.5000E-03   4.5000E+01   2.0000E-03
           7   9.5000E-03   9.0000E+01   2.5000E-03
           8   9.5000E-03   4.5000E+01   3.0000E-03
           9   9.5000E-03   4.5000E+01   2.5000E-03

     S u r f a c e    F a c e t    C o n n e c t i o n s

     Facet  1 Node  2 Node  3 Node  4 Node
         1     571     632     633     572
         2     572     633     634     573
         3     573     634     635     574
         4     574     635     636     575
         5     575     636     637     576
         6     576     637     638     577
         7     577     638     639     578
         8     578     639     640     579
         9     579     640     641     580
        10     580     641     642     581
        11     581     642     643     582
        12     582     643     644     583
        13     583     644     645     584
        14     584     645     646     585
        15     585     646     587     526

     C o n t a c t   S u r f a c e   D a t a

     Data Set for Surface Number          4

     Contact Facet Type                QUAD
     Max # of Nodes per Facet             4

     Three D quadrilateral facet with 4 or more nodes
       Surface Sub-command             BLOC POLA
     Block coordinates in POLAR form
       Reference location:
         x_1 =  0.0000E+00 x_2 =  0.0000E+00 x_3 =  0.0000E+00
       Surface Sub-command             BLOC MATE
       Surface Sub-command             BLOC SEGM

 FEAP *** soft tissue tube with internal hard shell ring                       

   C o n t a c t   S u r f a c e   P a t c h   C o o r d i n a t e s

         Node    X-coord.     Y-coord.     Z-coord.

           1   9.5000E-03   9.0000E+01   3.0000E-03
           2   9.5000E-03   9.0000E+01   2.0000E-03
           3   9.5000E-03   1.8000E+02   2.0000E-03
           4   9.5000E-03   1.8000E+02   3.0000E-03
           5   9.5000E-03   9.0000E+01   2.5000E-03
           6   9.5000E-03   1.3500E+02   2.0000E-03
           7   9.5000E-03   1.8000E+02   2.5000E-03
           8   9.5000E-03   1.3500E+02   3.0000E-03
           9   9.5000E-03   1.3500E+02   2.5000E-03

     S u r f a c e    F a c e t    C o n n e c t i o n s

     Facet  1 Node  2 Node  3 Node  4 Node
         1     556     617     618     557
         2     557     618     619     558
         3     558     619     620     559
         4     559     620     621     560
         5     560     621     622     561
         6     561     622     623     562
         7     562     623     624     563
         8     563     624     625     564
         9     564     625     626     565
        10     565     626     627     566
        11     566     627     628     567
        12     567     628     629     568
        13     568     629     630     569
        14     569     630     631     570
        15     570     631     632     571

     C o n t a c t   P a i r   D a t a

     Data Set for Pair Number             1
     Contact Pair Type:                NTOS

     Node-to-Segment Contact Model
       Slave  Surface                     1
       Master Surface                     5

       P a i r   F e a t u r e:        SOLM
       Solution Method:                PENA
         PENA - Penalty                
         LAGM - Lagrangian Multiplier  
         PERT - Perterbed Tangent      
       Normal     Penalty              1.00000E+07
       Tangential Penalty              1.00000E+06
       Normal Force Limit              0.00000E+00

       P a i r   F e a t u r e:        TOLE
       Contact Tolerances:
         Initial Penetration Tolerance  1.00000E-06
         Open Gap Tolerance             1.00000E-06
         Out of Facet Tolerance         1.00000E-05

     C o n t a c t   P a i r   D a t a

     Data Set for Pair Number             2
     Contact Pair Type:                NTOS

     Node-to-Segment Contact Model
       Slave  Surface                     2
       Master Surface                     6

       P a i r   F e a t u r e:        SOLM
       Solution Method:                PENA
         PENA - Penalty                
         LAGM - Lagrangian Multiplier  
         PERT - Perterbed Tangent      
       Normal     Penalty              1.00000E+07
       Tangential Penalty              1.00000E+06
       Normal Force Limit              0.00000E+00

       P a i r   F e a t u r e:        TOLE
       Contact Tolerances:
         Initial Penetration Tolerance  1.00000E-06
         Open Gap Tolerance             1.00000E-06
         Out of Facet Tolerance         1.00000E-05

     C o n t a c t   P a i r   D a t a

     Data Set for Pair Number             3
     Contact Pair Type:                NTOS

     Node-to-Segment Contact Model
       Slave  Surface                     3
       Master Surface                     7

       P a i r   F e a t u r e:        SOLM
       Solution Method:                PENA
         PENA - Penalty                
         LAGM - Lagrangian Multiplier  
         PERT - Perterbed Tangent      
       Normal     Penalty              1.00000E+07
       Tangential Penalty              1.00000E+06
       Normal Force Limit              0.00000E+00

       P a i r   F e a t u r e:        TOLE
       Contact Tolerances:
         Initial Penetration Tolerance  1.00000E-06
         Open Gap Tolerance             1.00000E-06
         Out of Facet Tolerance         1.00000E-05

     C o n t a c t   P a i r   D a t a

     Data Set for Pair Number             4
     Contact Pair Type:                NTOS

     Node-to-Segment Contact Model
       Slave  Surface                     4
       Master Surface                     8

       P a i r   F e a t u r e:        SOLM
       Solution Method:                PENA
         PENA - Penalty                
         LAGM - Lagrangian Multiplier  
         PERT - Perterbed Tangent      
       Normal     Penalty              1.00000E+07
       Tangential Penalty              1.00000E+06
       Normal Force Limit              0.00000E+00

       P a i r   F e a t u r e:        TOLE
       Contact Tolerances:
         Initial Penetration Tolerance  1.00000E-06
         Open Gap Tolerance             1.00000E-06
         Out of Facet Tolerance         1.00000E-05

  ---------------------------- END OF CONTACT INPUTS -------------------------


    Material  Element Set  Element Type  NH1/2 History  NH3 History  NH4 History
         1            1     Solid                 2            0            0
         2            2     Pressure              0            0            0
         3            3     Solid                 0            0            0

     P a r t i t i o n   1

     E q u a t i o n / P r o b l e m   S u m m a r y:

       Mesh dimension  (ndm) =         3 :  Number nodes     =             769
       Number dof/node (ndf) =         6 :  Number elements  =             396
       Element eqs.   (nadd) =         0 :  Number materials =               4
       Number rigid bodies   =         0 :  Number equations =            2132
                                         :  Number global eq =               0
       Number joints         =         0 :  Number tang terms=          376259
       Transient integrator  = Static    :  Average col. ht. =             177


  ---------------------------- END OF MESH INPUTS ----------------------------


 FEAP *** soft tissue tube with internal hard shell ring                       

     Solution Commands       Variable 1  Variable 2  Variable 3
       PROP                  1.0000E+00  0.0000E+00  0.0000E+00
 *Command   1 * prop                v:   1.00       0.00       0.00    
                                                         t=     0.151     0.017
  Proportional Load Table Number  1
  Type 2: Piecewise Linear Function Variation
  Linear Interpolation Table
   No.    Time        Value
    1   0.00000E+00   0.00000E+00
    2   1.00000E+00   1.00000E+00
 *End of Solution Execution*                             t=     0.152     0.017

 FEAP *** soft tissue tube with internal hard shell ring                       

     Solution Commands       Variable 1  Variable 2  Variable 3
       PLOT      PERS        1.0000E+00  0.0000E+00  0.0000E+00
 *Command   1 * plot PERS           v:   1.00       0.00       0.00    
                                                         t=     0.153     0.017
 Body occupies the space with:
                 X             Y             Z
   Minimum   -1.50000E-02  -1.50000E-02   0.00000E+00
   Maximum    1.50000E-02   1.50000E-02   5.00000E-03
   View pt    0.00000E+00   0.00000E+00   6.00000E-01

   Components of vertical vector   (X,Y,Z).
          X= 0.00E+00, Y= 1.00E+00, Z= 0.00E+00

 *End of Solution Execution*                             t=     0.155     0.022

 FEAP *** soft tissue tube with internal hard shell ring                       

     Solution Commands       Variable 1  Variable 2  Variable 3
       PLOT      HIDE        0.0000E+00  0.0000E+00  0.0000E+00
       PLOT      ROTA        2.0000E+00  4.5000E+01  0.0000E+00
       PLOT      MESH        0.0000E+00  0.0000E+00  0.0000E+00
       PLOT      AXIS        0.0000E+00  0.0000E+00  0.0000E+00
       PLOT      CYLI        0.0000E+00  0.0000E+00  0.0000E+00
       PLOT      DEFO        0.0000E+00  0.0000E+00  0.0000E+00
       plot      pair        1.0000E+00  4.0000E+00  0.0000E+00
 *Command   1 * plot HIDE           v:   0.00       0.00       0.00    
                                                         t=     0.155     0.022
 *Command   2 * plot ROTA           v:   2.00       45.0       0.00    
                                                         t=     0.156     0.022
 *Command   3 * plot MESH           v:   0.00       0.00       0.00    
                                                         t=     0.160     0.024
 *Command   4 * plot AXIS           v:   0.00       0.00       0.00    
                                                         t=     0.161     0.024
 *Command   5 * plot CYLI           v:   0.00       0.00       0.00    
                                                         t=     0.161     0.024
 *Command   6 * plot DEFO           v:   0.00       0.00       0.00    
                                                         t=     0.161     0.024
  -> Plots on deformed mesh with scale: 1.00000E+00
                     Eigenvector scale: 0.00000E+00
 *Command   7 * plot pair           v:   1.00       4.00       0.00    
                                                         t=     0.161     0.024
