 FEAP *** soft tissue tube with internal hard shell ring                        

     Solution date: Tue Sep  1 12:42:46 2026

              Release 8.7.1b      
              03 July 2026        

     Input Data Filename: IsweepS2                                                                                                                        

     Number of Nodal Points  - - - - - - :      647
     Number of Elements  - - - - - - - - :      396

     Spatial Dimension of Mesh - - - - - :        3
     Degrees-of-Freedom/Node (Maximum) - :        6
     Equations/Element       (Maximum) - :        0
     Number Element Nodes    (Maximum) - :        8

     Number of Material Sets - - - - - - :        4
     Number Parameters/Set   (Program) - :      350
     Number Parameters/Set   (Users  ) - :      150

     Number Added Element Equations  - - :        0

  C o n s t a n t    V a l u e s

     Constant pi =  3.14159265E+00
     Constant pr =  1.00000000E+05
     Constant ri =  1.00000000E-02
     Constant ro =  1.50000000E-02
     Constant ht =  5.00000000E-03
     Constant nl =  6.00000000E+00
     Constant lt =  8.33333333E-04
     Constant to =  1.00000000E-04
     Constant em =  1.00000000E+06
     Constant nu =  4.20000000E-01
     Constant rh =  1.06000000E+03
     Constant dt =  1.00000000E-02
     Constant ta =  1.00000000E+00
     Constant ln =  5.00000000E+01
     Constant la =  3.00000000E+00
     Constant rs =  1.00000000E-03

 FEAP *** soft tissue tube with internal hard shell ring                       

   M a t e r i a l    P r o p e r t i e s

     Material Set Number   1: Element Type: SOLID:                           
     Degree of Freedom Assignments    Local    Global
                                     Number    Number
                                        1         1
                                        2         2
                                        3         3
                                        4         4
                                        5         5
                                        6         6

     T h r e e   D i m e n s i o n a l   S o l i d   E l e m e n t

     M e c h a n i c a l   P r o p e r t i e s

     NeoHookean Stored Energy Function 

          3-Dimensional Analysis

          Modulus E        1.00000E+06
          Poisson ratio    0.42000
          Bulk Modulus     2.08333E+06
          Shear Modulus    3.52113E+05

          Volume Model     2
               1: U(J) = 0.25*(J**2 - 1 - 2 * ln J)
               2: U(J) = 0.50*(J - 1)**2
               3: U(J) = 0.50*(ln J)**2
               4: U(J) = 2.00*(J - 1 - ln J)
               5: None: Incompressible

          Density          1.06000E+03

          1-Gravity Load   0.00000E+00
          2-Gravity Load   0.00000E+00
          3-Gravity Load   0.00000E+00
          Wave speed - c_o 4.90746E+01
          Implicit time integration: theta =:, 0.00000

     C o n s t i t u t i v e    S t a r t

          Start state  : Elastic

     E l e m e n t    M o d e l

          Formulation  : Finite Deformation Mixed       
          Element type : Mixed
          Plot Output  : On
          Augmenting   : Off
          Interpolation: Lagrangian Polynomials
          Mass type    : Consistent.
          History terms/pt  =     0

 FEAP *** soft tissue tube with internal hard shell ring                       

   M a t e r i a l    P r o p e r t i e s

     Material Set Number   2: Element Type: PRESs:                           
     Degree of Freedom Assignments    Local    Global
                                     Number    Number
                                        1         1
                                        2         2
                                        3         3
                                        4         4
                                        5         5
                                        6         6

     P r e s s u r e   L o a d i n g

          Loading Intensity      1.0000E+05
          Proportional Load No.           1
          Gradient Intensity     0.0000E+00
          Proportional Load No.           0
          Follower Loading
          Three dimensional analysis
          Gauss quadrature
          Surface plot on 

 FEAP *** soft tissue tube with internal hard shell ring                       

   M a t e r i a l    P r o p e r t i e s

     Material Set Number   3: Element Type: SHELL:                           
     Degree of Freedom Assignments    Local    Global
                                     Number    Number
                                        1         1
                                        2         2
                                        3         3
                                        4         4
                                        5         5
                                        6         6

     T h r e e   D i m e n s i o n a l   S h e l l   E l e m e n t
     M e c h a n i c a l   P r o p e r t i e s

          Plate & Shell Analysis

          Modulus E        2.10000E+11
          Poisson ratio    0.30000

          Thickness        2.00000E-04
          Loading - q      0.00000E+00
          q Prop. load     0

          Density          0.00000E+00

          1-Gravity Load   0.00000E+00
          2-Gravity Load   0.00000E+00
          3-Gravity Load   0.00000E+00

     C o n s t i t u t i v e    S t a r t

          Start state  : Elastic

     E l e m e n t    M o d e l

          Formulation  : Small Deformation.
          Plot Output  : On
          Interpolation: Lagrangian Polynomials
          History terms/pt  =     0

     W a r n i n g s   &   E r r o r s
          Material density is zero.

 FEAP *** soft tissue tube with internal hard shell ring                         

   3-D   M e s h   f r o m   2-D   M e s h

           2-d File Name: IsectS2L.rev   

           Spline Definition for 3-d mesh

            Cylindrical sweep
           Generate   24 segments

           Rotate on   4 axis

           Center at:  0.0000E+00  0.0000E+00  0.0000E+00

           Node     1-Coord     2-Coord     3-Coord
              1  0.0000E+00  0.0000E+00  0.0000E+00
              2 -3.6000E+02  0.0000E+00  0.0000E+00

 FEAP *** soft tissue tube with internal hard shell ring                         

   N o d a l   C o o r d i n a t e s

      Node     1-Coord     2-Coord     3-Coord
         1  1.0000E-02  0.0000E+00  5.0000E-03
         2  1.0833E-02  0.0000E+00  5.0000E-03
         3  1.1667E-02  0.0000E+00  5.0000E-03
         4  1.2500E-02  0.0000E+00  5.0000E-03
         5  1.3333E-02  0.0000E+00  5.0000E-03
         6  1.4167E-02  0.0000E+00  5.0000E-03
         7  1.5000E-02  0.0000E+00  5.0000E-03
         8  1.0000E-02  0.0000E+00  0.0000E+00
         9  1.0833E-02  0.0000E+00  0.0000E+00
        10  1.1667E-02  0.0000E+00  0.0000E+00
        11  1.2500E-02  0.0000E+00  0.0000E+00
        12  1.3333E-02  0.0000E+00  0.0000E+00
        13  1.4167E-02  0.0000E+00  0.0000E+00
        14  1.5000E-02  0.0000E+00  0.0000E+00
        15  1.0000E-02  0.0000E+00  2.5000E-03
        16  1.0833E-02  0.0000E+00  2.5000E-03
        17  1.1667E-02  0.0000E+00  2.5000E-03
        18  1.2500E-02  0.0000E+00  2.5000E-03
        19  1.3333E-02  0.0000E+00  2.5000E-03
        20  1.4167E-02  0.0000E+00  2.5000E-03
        21  1.5000E-02  0.0000E+00  2.5000E-03
        22  9.6593E-03 -2.5882E-03  5.0000E-03
        23  1.0464E-02 -2.8039E-03  5.0000E-03
        24  1.1269E-02 -3.0196E-03  5.0000E-03
        25  1.2074E-02 -3.2352E-03  5.0000E-03
        26  1.2879E-02 -3.4509E-03  5.0000E-03
        27  1.3684E-02 -3.6666E-03  5.0000E-03
        28  1.4489E-02 -3.8823E-03  5.0000E-03
        29  9.6593E-03 -2.5882E-03  0.0000E+00
        30  1.0464E-02 -2.8039E-03  0.0000E+00
        31  1.1269E-02 -3.0196E-03  0.0000E+00
        32  1.2074E-02 -3.2352E-03  0.0000E+00
        33  1.2879E-02 -3.4509E-03  0.0000E+00
        34  1.3684E-02 -3.6666E-03  0.0000E+00
        35  1.4489E-02 -3.8823E-03  0.0000E+00
        36  9.6593E-03 -2.5882E-03  2.5000E-03
        37  1.0464E-02 -2.8039E-03  2.5000E-03
        38  1.1269E-02 -3.0196E-03  2.5000E-03
        39  1.2074E-02 -3.2352E-03  2.5000E-03
        40  1.2879E-02 -3.4509E-03  2.5000E-03
        41  1.3684E-02 -3.6666E-03  2.5000E-03
        42  1.4489E-02 -3.8823E-03  2.5000E-03
        43  8.6603E-03 -5.0000E-03  5.0000E-03
        44  9.3819E-03 -5.4167E-03  5.0000E-03
        45  1.0104E-02 -5.8333E-03  5.0000E-03
        46  1.0825E-02 -6.2500E-03  5.0000E-03
        47  1.1547E-02 -6.6667E-03  5.0000E-03
        48  1.2269E-02 -7.0833E-03  5.0000E-03
        49  1.2990E-02 -7.5000E-03  5.0000E-03
        50  8.6603E-03 -5.0000E-03  0.0000E+00
        51  9.3819E-03 -5.4167E-03  0.0000E+00
        52  1.0104E-02 -5.8333E-03  0.0000E+00
        53  1.0825E-02 -6.2500E-03  0.0000E+00
        54  1.1547E-02 -6.6667E-03  0.0000E+00
        55  1.2269E-02 -7.0833E-03  0.0000E+00
        56  1.2990E-02 -7.5000E-03  0.0000E+00
        57  8.6603E-03 -5.0000E-03  2.5000E-03
        58  9.3819E-03 -5.4167E-03  2.5000E-03
        59  1.0104E-02 -5.8333E-03  2.5000E-03
        60  1.0825E-02 -6.2500E-03  2.5000E-03
        61  1.1547E-02 -6.6667E-03  2.5000E-03
        62  1.2269E-02 -7.0833E-03  2.5000E-03
        63  1.2990E-02 -7.5000E-03  2.5000E-03
        64  7.0711E-03 -7.0711E-03  5.0000E-03
        65  7.6603E-03 -7.6603E-03  5.0000E-03
        66  8.2496E-03 -8.2496E-03  5.0000E-03
        67  8.8388E-03 -8.8388E-03  5.0000E-03
        68  9.4281E-03 -9.4281E-03  5.0000E-03
        69  1.0017E-02 -1.0017E-02  5.0000E-03
        70  1.0607E-02 -1.0607E-02  5.0000E-03
        71  7.0711E-03 -7.0711E-03  0.0000E+00
        72  7.6603E-03 -7.6603E-03  0.0000E+00
        73  8.2496E-03 -8.2496E-03  0.0000E+00
        74  8.8388E-03 -8.8388E-03  0.0000E+00
        75  9.4281E-03 -9.4281E-03  0.0000E+00
        76  1.0017E-02 -1.0017E-02  0.0000E+00
        77  1.0607E-02 -1.0607E-02  0.0000E+00
        78  7.0711E-03 -7.0711E-03  2.5000E-03
        79  7.6603E-03 -7.6603E-03  2.5000E-03
        80  8.2496E-03 -8.2496E-03  2.5000E-03
        81  8.8388E-03 -8.8388E-03  2.5000E-03
        82  9.4281E-03 -9.4281E-03  2.5000E-03
        83  1.0017E-02 -1.0017E-02  2.5000E-03
        84  1.0607E-02 -1.0607E-02  2.5000E-03
        85  5.0000E-03 -8.6603E-03  5.0000E-03
        86  5.4167E-03 -9.3819E-03  5.0000E-03
        87  5.8333E-03 -1.0104E-02  5.0000E-03
        88  6.2500E-03 -1.0825E-02  5.0000E-03
        89  6.6667E-03 -1.1547E-02  5.0000E-03
        90  7.0833E-03 -1.2269E-02  5.0000E-03
        91  7.5000E-03 -1.2990E-02  5.0000E-03
        92  5.0000E-03 -8.6603E-03  0.0000E+00
        93  5.4167E-03 -9.3819E-03  0.0000E+00
        94  5.8333E-03 -1.0104E-02  0.0000E+00
        95  6.2500E-03 -1.0825E-02  0.0000E+00
        96  6.6667E-03 -1.1547E-02  0.0000E+00
        97  7.0833E-03 -1.2269E-02  0.0000E+00
        98  7.5000E-03 -1.2990E-02  0.0000E+00
        99  5.0000E-03 -8.6603E-03  2.5000E-03
       100  5.4167E-03 -9.3819E-03  2.5000E-03
       101  5.8333E-03 -1.0104E-02  2.5000E-03
       102  6.2500E-03 -1.0825E-02  2.5000E-03
       103  6.6667E-03 -1.1547E-02  2.5000E-03
       104  7.0833E-03 -1.2269E-02  2.5000E-03
       105  7.5000E-03 -1.2990E-02  2.5000E-03
       106  2.5882E-03 -9.6593E-03  5.0000E-03
       107  2.8039E-03 -1.0464E-02  5.0000E-03
       108  3.0196E-03 -1.1269E-02  5.0000E-03
       109  3.2352E-03 -1.2074E-02  5.0000E-03
       110  3.4509E-03 -1.2879E-02  5.0000E-03
       111  3.6666E-03 -1.3684E-02  5.0000E-03
       112  3.8823E-03 -1.4489E-02  5.0000E-03
       113  2.5882E-03 -9.6593E-03  0.0000E+00
       114  2.8039E-03 -1.0464E-02  0.0000E+00
       115  3.0196E-03 -1.1269E-02  0.0000E+00
       116  3.2352E-03 -1.2074E-02  0.0000E+00
       117  3.4509E-03 -1.2879E-02  0.0000E+00
       118  3.6666E-03 -1.3684E-02  0.0000E+00
       119  3.8823E-03 -1.4489E-02  0.0000E+00
       120  2.5882E-03 -9.6593E-03  2.5000E-03
       121  2.8039E-03 -1.0464E-02  2.5000E-03
       122  3.0196E-03 -1.1269E-02  2.5000E-03
       123  3.2352E-03 -1.2074E-02  2.5000E-03
       124  3.4509E-03 -1.2879E-02  2.5000E-03
       125  3.6666E-03 -1.3684E-02  2.5000E-03
       126  3.8823E-03 -1.4489E-02  2.5000E-03
       127  6.1232E-19 -1.0000E-02  5.0000E-03
       128  6.6335E-19 -1.0833E-02  5.0000E-03
       129  7.1438E-19 -1.1667E-02  5.0000E-03
       130  7.6540E-19 -1.2500E-02  5.0000E-03
       131  8.1643E-19 -1.3333E-02  5.0000E-03
       132  8.6746E-19 -1.4167E-02  5.0000E-03
       133  9.1849E-19 -1.5000E-02  5.0000E-03
       134  6.1232E-19 -1.0000E-02  0.0000E+00
       135  6.6335E-19 -1.0833E-02  0.0000E+00
       136  7.1438E-19 -1.1667E-02  0.0000E+00
       137  7.6540E-19 -1.2500E-02  0.0000E+00
       138  8.1643E-19 -1.3333E-02  0.0000E+00
       139  8.6746E-19 -1.4167E-02  0.0000E+00
       140  9.1849E-19 -1.5000E-02  0.0000E+00
       141  6.1232E-19 -1.0000E-02  2.5000E-03
       142  6.6335E-19 -1.0833E-02  2.5000E-03
       143  7.1438E-19 -1.1667E-02  2.5000E-03
       144  7.6540E-19 -1.2500E-02  2.5000E-03
       145  8.1643E-19 -1.3333E-02  2.5000E-03
       146  8.6746E-19 -1.4167E-02  2.5000E-03
       147  9.1849E-19 -1.5000E-02  2.5000E-03
       148 -2.5882E-03 -9.6593E-03  5.0000E-03
       149 -2.8039E-03 -1.0464E-02  5.0000E-03
       150 -3.0196E-03 -1.1269E-02  5.0000E-03
       151 -3.2352E-03 -1.2074E-02  5.0000E-03
       152 -3.4509E-03 -1.2879E-02  5.0000E-03
       153 -3.6666E-03 -1.3684E-02  5.0000E-03
       154 -3.8823E-03 -1.4489E-02  5.0000E-03
       155 -2.5882E-03 -9.6593E-03  0.0000E+00
       156 -2.8039E-03 -1.0464E-02  0.0000E+00
       157 -3.0196E-03 -1.1269E-02  0.0000E+00
       158 -3.2352E-03 -1.2074E-02  0.0000E+00
       159 -3.4509E-03 -1.2879E-02  0.0000E+00
       160 -3.6666E-03 -1.3684E-02  0.0000E+00
       161 -3.8823E-03 -1.4489E-02  0.0000E+00
       162 -2.5882E-03 -9.6593E-03  2.5000E-03
       163 -2.8039E-03 -1.0464E-02  2.5000E-03
       164 -3.0196E-03 -1.1269E-02  2.5000E-03
       165 -3.2352E-03 -1.2074E-02  2.5000E-03
       166 -3.4509E-03 -1.2879E-02  2.5000E-03
       167 -3.6666E-03 -1.3684E-02  2.5000E-03
       168 -3.8823E-03 -1.4489E-02  2.5000E-03
       169 -5.0000E-03 -8.6603E-03  5.0000E-03
       170 -5.4167E-03 -9.3819E-03  5.0000E-03
       171 -5.8333E-03 -1.0104E-02  5.0000E-03
       172 -6.2500E-03 -1.0825E-02  5.0000E-03
       173 -6.6667E-03 -1.1547E-02  5.0000E-03
       174 -7.0833E-03 -1.2269E-02  5.0000E-03
       175 -7.5000E-03 -1.2990E-02  5.0000E-03
       176 -5.0000E-03 -8.6603E-03  0.0000E+00
       177 -5.4167E-03 -9.3819E-03  0.0000E+00
       178 -5.8333E-03 -1.0104E-02  0.0000E+00
       179 -6.2500E-03 -1.0825E-02  0.0000E+00
       180 -6.6667E-03 -1.1547E-02  0.0000E+00
       181 -7.0833E-03 -1.2269E-02  0.0000E+00
       182 -7.5000E-03 -1.2990E-02  0.0000E+00
       183 -5.0000E-03 -8.6603E-03  2.5000E-03
       184 -5.4167E-03 -9.3819E-03  2.5000E-03
       185 -5.8333E-03 -1.0104E-02  2.5000E-03
       186 -6.2500E-03 -1.0825E-02  2.5000E-03
       187 -6.6667E-03 -1.1547E-02  2.5000E-03
       188 -7.0833E-03 -1.2269E-02  2.5000E-03
       189 -7.5000E-03 -1.2990E-02  2.5000E-03
       190 -7.0711E-03 -7.0711E-03  5.0000E-03
       191 -7.6603E-03 -7.6603E-03  5.0000E-03
       192 -8.2496E-03 -8.2496E-03  5.0000E-03
       193 -8.8388E-03 -8.8388E-03  5.0000E-03
       194 -9.4281E-03 -9.4281E-03  5.0000E-03
       195 -1.0017E-02 -1.0017E-02  5.0000E-03
       196 -1.0607E-02 -1.0607E-02  5.0000E-03
       197 -7.0711E-03 -7.0711E-03  0.0000E+00
       198 -7.6603E-03 -7.6603E-03  0.0000E+00
       199 -8.2496E-03 -8.2496E-03  0.0000E+00
       200 -8.8388E-03 -8.8388E-03  0.0000E+00
       201 -9.4281E-03 -9.4281E-03  0.0000E+00
       202 -1.0017E-02 -1.0017E-02  0.0000E+00
       203 -1.0607E-02 -1.0607E-02  0.0000E+00
       204 -7.0711E-03 -7.0711E-03  2.5000E-03
       205 -7.6603E-03 -7.6603E-03  2.5000E-03
       206 -8.2496E-03 -8.2496E-03  2.5000E-03
       207 -8.8388E-03 -8.8388E-03  2.5000E-03
       208 -9.4281E-03 -9.4281E-03  2.5000E-03
       209 -1.0017E-02 -1.0017E-02  2.5000E-03
       210 -1.0607E-02 -1.0607E-02  2.5000E-03
       211 -8.6603E-03 -5.0000E-03  5.0000E-03
       212 -9.3819E-03 -5.4167E-03  5.0000E-03
       213 -1.0104E-02 -5.8333E-03  5.0000E-03
       214 -1.0825E-02 -6.2500E-03  5.0000E-03
       215 -1.1547E-02 -6.6667E-03  5.0000E-03
       216 -1.2269E-02 -7.0833E-03  5.0000E-03
       217 -1.2990E-02 -7.5000E-03  5.0000E-03
       218 -8.6603E-03 -5.0000E-03  0.0000E+00
       219 -9.3819E-03 -5.4167E-03  0.0000E+00
       220 -1.0104E-02 -5.8333E-03  0.0000E+00
       221 -1.0825E-02 -6.2500E-03  0.0000E+00
       222 -1.1547E-02 -6.6667E-03  0.0000E+00
       223 -1.2269E-02 -7.0833E-03  0.0000E+00
       224 -1.2990E-02 -7.5000E-03  0.0000E+00
       225 -8.6603E-03 -5.0000E-03  2.5000E-03
       226 -9.3819E-03 -5.4167E-03  2.5000E-03
       227 -1.0104E-02 -5.8333E-03  2.5000E-03
       228 -1.0825E-02 -6.2500E-03  2.5000E-03
       229 -1.1547E-02 -6.6667E-03  2.5000E-03
       230 -1.2269E-02 -7.0833E-03  2.5000E-03
       231 -1.2990E-02 -7.5000E-03  2.5000E-03
       232 -9.6593E-03 -2.5882E-03  5.0000E-03
       233 -1.0464E-02 -2.8039E-03  5.0000E-03
       234 -1.1269E-02 -3.0196E-03  5.0000E-03
       235 -1.2074E-02 -3.2352E-03  5.0000E-03
       236 -1.2879E-02 -3.4509E-03  5.0000E-03
       237 -1.3684E-02 -3.6666E-03  5.0000E-03
       238 -1.4489E-02 -3.8823E-03  5.0000E-03
       239 -9.6593E-03 -2.5882E-03  0.0000E+00
       240 -1.0464E-02 -2.8039E-03  0.0000E+00
       241 -1.1269E-02 -3.0196E-03  0.0000E+00
       242 -1.2074E-02 -3.2352E-03  0.0000E+00
       243 -1.2879E-02 -3.4509E-03  0.0000E+00
       244 -1.3684E-02 -3.6666E-03  0.0000E+00
       245 -1.4489E-02 -3.8823E-03  0.0000E+00
       246 -9.6593E-03 -2.5882E-03  2.5000E-03
       247 -1.0464E-02 -2.8039E-03  2.5000E-03
       248 -1.1269E-02 -3.0196E-03  2.5000E-03
       249 -1.2074E-02 -3.2352E-03  2.5000E-03
       250 -1.2879E-02 -3.4509E-03  2.5000E-03
       251 -1.3684E-02 -3.6666E-03  2.5000E-03
       252 -1.4489E-02 -3.8823E-03  2.5000E-03
       253 -1.0000E-02 -1.2246E-18  5.0000E-03
       254 -1.0833E-02 -1.3267E-18  5.0000E-03
       255 -1.1667E-02 -1.4288E-18  5.0000E-03
       256 -1.2500E-02 -1.5308E-18  5.0000E-03
       257 -1.3333E-02 -1.6329E-18  5.0000E-03
       258 -1.4167E-02 -1.7349E-18  5.0000E-03
       259 -1.5000E-02 -1.8370E-18  5.0000E-03
       260 -1.0000E-02 -1.2246E-18  0.0000E+00
       261 -1.0833E-02 -1.3267E-18  0.0000E+00
       262 -1.1667E-02 -1.4288E-18  0.0000E+00
       263 -1.2500E-02 -1.5308E-18  0.0000E+00
       264 -1.3333E-02 -1.6329E-18  0.0000E+00
       265 -1.4167E-02 -1.7349E-18  0.0000E+00
       266 -1.5000E-02 -1.8370E-18  0.0000E+00
       267 -1.0000E-02 -1.2246E-18  2.5000E-03
       268 -1.0833E-02 -1.3267E-18  2.5000E-03
       269 -1.1667E-02 -1.4288E-18  2.5000E-03
       270 -1.2500E-02 -1.5308E-18  2.5000E-03
       271 -1.3333E-02 -1.6329E-18  2.5000E-03
       272 -1.4167E-02 -1.7349E-18  2.5000E-03
       273 -1.5000E-02 -1.8370E-18  2.5000E-03
       274 -9.6593E-03  2.5882E-03  5.0000E-03
       275 -1.0464E-02  2.8039E-03  5.0000E-03
       276 -1.1269E-02  3.0196E-03  5.0000E-03
       277 -1.2074E-02  3.2352E-03  5.0000E-03
       278 -1.2879E-02  3.4509E-03  5.0000E-03
       279 -1.3684E-02  3.6666E-03  5.0000E-03
       280 -1.4489E-02  3.8823E-03  5.0000E-03
       281 -9.6593E-03  2.5882E-03  0.0000E+00
       282 -1.0464E-02  2.8039E-03  0.0000E+00
       283 -1.1269E-02  3.0196E-03  0.0000E+00
       284 -1.2074E-02  3.2352E-03  0.0000E+00
       285 -1.2879E-02  3.4509E-03  0.0000E+00
       286 -1.3684E-02  3.6666E-03  0.0000E+00
       287 -1.4489E-02  3.8823E-03  0.0000E+00
       288 -9.6593E-03  2.5882E-03  2.5000E-03
       289 -1.0464E-02  2.8039E-03  2.5000E-03
       290 -1.1269E-02  3.0196E-03  2.5000E-03
       291 -1.2074E-02  3.2352E-03  2.5000E-03
       292 -1.2879E-02  3.4509E-03  2.5000E-03
       293 -1.3684E-02  3.6666E-03  2.5000E-03
       294 -1.4489E-02  3.8823E-03  2.5000E-03
       295 -8.6603E-03  5.0000E-03  5.0000E-03
       296 -9.3819E-03  5.4167E-03  5.0000E-03
       297 -1.0104E-02  5.8333E-03  5.0000E-03
       298 -1.0825E-02  6.2500E-03  5.0000E-03
       299 -1.1547E-02  6.6667E-03  5.0000E-03
       300 -1.2269E-02  7.0833E-03  5.0000E-03
       301 -1.2990E-02  7.5000E-03  5.0000E-03
       302 -8.6603E-03  5.0000E-03  0.0000E+00
       303 -9.3819E-03  5.4167E-03  0.0000E+00
       304 -1.0104E-02  5.8333E-03  0.0000E+00
       305 -1.0825E-02  6.2500E-03  0.0000E+00
       306 -1.1547E-02  6.6667E-03  0.0000E+00
       307 -1.2269E-02  7.0833E-03  0.0000E+00
       308 -1.2990E-02  7.5000E-03  0.0000E+00
       309 -8.6603E-03  5.0000E-03  2.5000E-03
       310 -9.3819E-03  5.4167E-03  2.5000E-03
       311 -1.0104E-02  5.8333E-03  2.5000E-03
       312 -1.0825E-02  6.2500E-03  2.5000E-03
       313 -1.1547E-02  6.6667E-03  2.5000E-03
       314 -1.2269E-02  7.0833E-03  2.5000E-03
       315 -1.2990E-02  7.5000E-03  2.5000E-03
       316 -7.0711E-03  7.0711E-03  5.0000E-03
       317 -7.6603E-03  7.6603E-03  5.0000E-03
       318 -8.2496E-03  8.2496E-03  5.0000E-03
       319 -8.8388E-03  8.8388E-03  5.0000E-03
       320 -9.4281E-03  9.4281E-03  5.0000E-03
       321 -1.0017E-02  1.0017E-02  5.0000E-03
       322 -1.0607E-02  1.0607E-02  5.0000E-03
       323 -7.0711E-03  7.0711E-03  0.0000E+00
       324 -7.6603E-03  7.6603E-03  0.0000E+00
       325 -8.2496E-03  8.2496E-03  0.0000E+00
       326 -8.8388E-03  8.8388E-03  0.0000E+00
       327 -9.4281E-03  9.4281E-03  0.0000E+00
       328 -1.0017E-02  1.0017E-02  0.0000E+00
       329 -1.0607E-02  1.0607E-02  0.0000E+00
       330 -7.0711E-03  7.0711E-03  2.5000E-03
       331 -7.6603E-03  7.6603E-03  2.5000E-03
       332 -8.2496E-03  8.2496E-03  2.5000E-03
       333 -8.8388E-03  8.8388E-03  2.5000E-03
       334 -9.4281E-03  9.4281E-03  2.5000E-03
       335 -1.0017E-02  1.0017E-02  2.5000E-03
       336 -1.0607E-02  1.0607E-02  2.5000E-03
       337 -5.0000E-03  8.6603E-03  5.0000E-03
       338 -5.4167E-03  9.3819E-03  5.0000E-03
       339 -5.8333E-03  1.0104E-02  5.0000E-03
       340 -6.2500E-03  1.0825E-02  5.0000E-03
       341 -6.6667E-03  1.1547E-02  5.0000E-03
       342 -7.0833E-03  1.2269E-02  5.0000E-03
       343 -7.5000E-03  1.2990E-02  5.0000E-03
       344 -5.0000E-03  8.6603E-03  0.0000E+00
       345 -5.4167E-03  9.3819E-03  0.0000E+00
       346 -5.8333E-03  1.0104E-02  0.0000E+00
       347 -6.2500E-03  1.0825E-02  0.0000E+00
       348 -6.6667E-03  1.1547E-02  0.0000E+00
       349 -7.0833E-03  1.2269E-02  0.0000E+00
       350 -7.5000E-03  1.2990E-02  0.0000E+00
       351 -5.0000E-03  8.6603E-03  2.5000E-03
       352 -5.4167E-03  9.3819E-03  2.5000E-03
       353 -5.8333E-03  1.0104E-02  2.5000E-03
       354 -6.2500E-03  1.0825E-02  2.5000E-03
       355 -6.6667E-03  1.1547E-02  2.5000E-03
       356 -7.0833E-03  1.2269E-02  2.5000E-03
       357 -7.5000E-03  1.2990E-02  2.5000E-03
       358 -2.5882E-03  9.6593E-03  5.0000E-03
       359 -2.8039E-03  1.0464E-02  5.0000E-03
       360 -3.0196E-03  1.1269E-02  5.0000E-03
       361 -3.2352E-03  1.2074E-02  5.0000E-03
       362 -3.4509E-03  1.2879E-02  5.0000E-03
       363 -3.6666E-03  1.3684E-02  5.0000E-03
       364 -3.8823E-03  1.4489E-02  5.0000E-03
       365 -2.5882E-03  9.6593E-03  0.0000E+00
       366 -2.8039E-03  1.0464E-02  0.0000E+00
       367 -3.0196E-03  1.1269E-02  0.0000E+00
       368 -3.2352E-03  1.2074E-02  0.0000E+00
       369 -3.4509E-03  1.2879E-02  0.0000E+00
       370 -3.6666E-03  1.3684E-02  0.0000E+00
       371 -3.8823E-03  1.4489E-02  0.0000E+00
       372 -2.5882E-03  9.6593E-03  2.5000E-03
       373 -2.8039E-03  1.0464E-02  2.5000E-03
       374 -3.0196E-03  1.1269E-02  2.5000E-03
       375 -3.2352E-03  1.2074E-02  2.5000E-03
       376 -3.4509E-03  1.2879E-02  2.5000E-03
       377 -3.6666E-03  1.3684E-02  2.5000E-03
       378 -3.8823E-03  1.4489E-02  2.5000E-03
       379 -1.8370E-18  1.0000E-02  5.0000E-03
       380 -1.9901E-18  1.0833E-02  5.0000E-03
       381 -2.1431E-18  1.1667E-02  5.0000E-03
       382 -2.2962E-18  1.2500E-02  5.0000E-03
       383 -2.4493E-18  1.3333E-02  5.0000E-03
       384 -2.6024E-18  1.4167E-02  5.0000E-03
       385 -2.7555E-18  1.5000E-02  5.0000E-03
       386 -1.8370E-18  1.0000E-02  0.0000E+00
       387 -1.9901E-18  1.0833E-02  0.0000E+00
       388 -2.1431E-18  1.1667E-02  0.0000E+00
       389 -2.2962E-18  1.2500E-02  0.0000E+00
       390 -2.4493E-18  1.3333E-02  0.0000E+00
       391 -2.6024E-18  1.4167E-02  0.0000E+00
       392 -2.7555E-18  1.5000E-02  0.0000E+00
       393 -1.8370E-18  1.0000E-02  2.5000E-03
       394 -1.9901E-18  1.0833E-02  2.5000E-03
       395 -2.1431E-18  1.1667E-02  2.5000E-03
       396 -2.2962E-18  1.2500E-02  2.5000E-03
       397 -2.4493E-18  1.3333E-02  2.5000E-03
       398 -2.6024E-18  1.4167E-02  2.5000E-03
       399 -2.7555E-18  1.5000E-02  2.5000E-03
       400  2.5882E-03  9.6593E-03  5.0000E-03
       401  2.8039E-03  1.0464E-02  5.0000E-03
       402  3.0196E-03  1.1269E-02  5.0000E-03
       403  3.2352E-03  1.2074E-02  5.0000E-03
       404  3.4509E-03  1.2879E-02  5.0000E-03
       405  3.6666E-03  1.3684E-02  5.0000E-03
       406  3.8823E-03  1.4489E-02  5.0000E-03
       407  2.5882E-03  9.6593E-03  0.0000E+00
       408  2.8039E-03  1.0464E-02  0.0000E+00
       409  3.0196E-03  1.1269E-02  0.0000E+00
       410  3.2352E-03  1.2074E-02  0.0000E+00
       411  3.4509E-03  1.2879E-02  0.0000E+00
       412  3.6666E-03  1.3684E-02  0.0000E+00
       413  3.8823E-03  1.4489E-02  0.0000E+00
       414  2.5882E-03  9.6593E-03  2.5000E-03
       415  2.8039E-03  1.0464E-02  2.5000E-03
       416  3.0196E-03  1.1269E-02  2.5000E-03
       417  3.2352E-03  1.2074E-02  2.5000E-03
       418  3.4509E-03  1.2879E-02  2.5000E-03
       419  3.6666E-03  1.3684E-02  2.5000E-03
       420  3.8823E-03  1.4489E-02  2.5000E-03
       421  5.0000E-03  8.6603E-03  5.0000E-03
       422  5.4167E-03  9.3819E-03  5.0000E-03
       423  5.8333E-03  1.0104E-02  5.0000E-03
       424  6.2500E-03  1.0825E-02  5.0000E-03
       425  6.6667E-03  1.1547E-02  5.0000E-03
       426  7.0833E-03  1.2269E-02  5.0000E-03
       427  7.5000E-03  1.2990E-02  5.0000E-03
       428  5.0000E-03  8.6603E-03  0.0000E+00
       429  5.4167E-03  9.3819E-03  0.0000E+00
       430  5.8333E-03  1.0104E-02  0.0000E+00
       431  6.2500E-03  1.0825E-02  0.0000E+00
       432  6.6667E-03  1.1547E-02  0.0000E+00
       433  7.0833E-03  1.2269E-02  0.0000E+00
       434  7.5000E-03  1.2990E-02  0.0000E+00
       435  5.0000E-03  8.6603E-03  2.5000E-03
       436  5.4167E-03  9.3819E-03  2.5000E-03
       437  5.8333E-03  1.0104E-02  2.5000E-03
       438  6.2500E-03  1.0825E-02  2.5000E-03
       439  6.6667E-03  1.1547E-02  2.5000E-03
       440  7.0833E-03  1.2269E-02  2.5000E-03
       441  7.5000E-03  1.2990E-02  2.5000E-03
       442  7.0711E-03  7.0711E-03  5.0000E-03
       443  7.6603E-03  7.6603E-03  5.0000E-03
       444  8.2496E-03  8.2496E-03  5.0000E-03
       445  8.8388E-03  8.8388E-03  5.0000E-03
       446  9.4281E-03  9.4281E-03  5.0000E-03
       447  1.0017E-02  1.0017E-02  5.0000E-03
       448  1.0607E-02  1.0607E-02  5.0000E-03
       449  7.0711E-03  7.0711E-03  0.0000E+00
       450  7.6603E-03  7.6603E-03  0.0000E+00
       451  8.2496E-03  8.2496E-03  0.0000E+00
       452  8.8388E-03  8.8388E-03  0.0000E+00
       453  9.4281E-03  9.4281E-03  0.0000E+00
       454  1.0017E-02  1.0017E-02  0.0000E+00
       455  1.0607E-02  1.0607E-02  0.0000E+00
       456  7.0711E-03  7.0711E-03  2.5000E-03
       457  7.6603E-03  7.6603E-03  2.5000E-03
       458  8.2496E-03  8.2496E-03  2.5000E-03
       459  8.8388E-03  8.8388E-03  2.5000E-03
       460  9.4281E-03  9.4281E-03  2.5000E-03
       461  1.0017E-02  1.0017E-02  2.5000E-03
       462  1.0607E-02  1.0607E-02  2.5000E-03
       463  8.6603E-03  5.0000E-03  5.0000E-03
       464  9.3819E-03  5.4167E-03  5.0000E-03
       465  1.0104E-02  5.8333E-03  5.0000E-03
       466  1.0825E-02  6.2500E-03  5.0000E-03
       467  1.1547E-02  6.6667E-03  5.0000E-03
       468  1.2269E-02  7.0833E-03  5.0000E-03
       469  1.2990E-02  7.5000E-03  5.0000E-03
       470  8.6603E-03  5.0000E-03  0.0000E+00
       471  9.3819E-03  5.4167E-03  0.0000E+00
       472  1.0104E-02  5.8333E-03  0.0000E+00
       473  1.0825E-02  6.2500E-03  0.0000E+00
       474  1.1547E-02  6.6667E-03  0.0000E+00
       475  1.2269E-02  7.0833E-03  0.0000E+00
       476  1.2990E-02  7.5000E-03  0.0000E+00
       477  8.6603E-03  5.0000E-03  2.5000E-03
       478  9.3819E-03  5.4167E-03  2.5000E-03
       479  1.0104E-02  5.8333E-03  2.5000E-03
       480  1.0825E-02  6.2500E-03  2.5000E-03
       481  1.1547E-02  6.6667E-03  2.5000E-03
       482  1.2269E-02  7.0833E-03  2.5000E-03
       483  1.2990E-02  7.5000E-03  2.5000E-03
       484  9.6593E-03  2.5882E-03  5.0000E-03
       485  1.0464E-02  2.8039E-03  5.0000E-03
       486  1.1269E-02  3.0196E-03  5.0000E-03
       487  1.2074E-02  3.2352E-03  5.0000E-03
       488  1.2879E-02  3.4509E-03  5.0000E-03
       489  1.3684E-02  3.6666E-03  5.0000E-03
       490  1.4489E-02  3.8823E-03  5.0000E-03
       491  9.6593E-03  2.5882E-03  0.0000E+00
       492  1.0464E-02  2.8039E-03  0.0000E+00
       493  1.1269E-02  3.0196E-03  0.0000E+00
       494  1.2074E-02  3.2352E-03  0.0000E+00
       495  1.2879E-02  3.4509E-03  0.0000E+00
       496  1.3684E-02  3.6666E-03  0.0000E+00
       497  1.4489E-02  3.8823E-03  0.0000E+00
       498  9.6593E-03  2.5882E-03  2.5000E-03
       499  1.0464E-02  2.8039E-03  2.5000E-03
       500  1.1269E-02  3.0196E-03  2.5000E-03
       501  1.2074E-02  3.2352E-03  2.5000E-03
       502  1.2879E-02  3.4509E-03  2.5000E-03
       503  1.3684E-02  3.6666E-03  2.5000E-03
       504  1.4489E-02  3.8823E-03  2.5000E-03
       505  1.0000E-02  2.4493E-18  5.0000E-03
       506  1.0833E-02  2.6534E-18  5.0000E-03
       507  1.1667E-02  2.8575E-18  5.0000E-03
       508  1.2500E-02  3.0616E-18  5.0000E-03
       509  1.3333E-02  3.2657E-18  5.0000E-03
       510  1.4167E-02  3.4698E-18  5.0000E-03
       511  1.5000E-02  3.6739E-18  5.0000E-03
       512  1.0000E-02  2.4493E-18  0.0000E+00
       513  1.0833E-02  2.6534E-18  0.0000E+00
       514  1.1667E-02  2.8575E-18  0.0000E+00
       515  1.2500E-02  3.0616E-18  0.0000E+00
       516  1.3333E-02  3.2657E-18  0.0000E+00
       517  1.4167E-02  3.4698E-18  0.0000E+00
       518  1.5000E-02  3.6739E-18  0.0000E+00
       519  1.0000E-02  2.4493E-18  2.5000E-03
       520  1.0833E-02  2.6534E-18  2.5000E-03
       521  1.1667E-02  2.8575E-18  2.5000E-03
       522  1.2500E-02  3.0616E-18  2.5000E-03
       523  1.3333E-02  3.2657E-18  2.5000E-03
       524  1.4167E-02  3.4698E-18  2.5000E-03
       525  1.5000E-02  3.6739E-18  2.5000E-03

 FEAP *** soft tissue tube with internal hard shell ring                         

   E l e m e n t   C o n n e c t i o n s

    Elem Mat Reg  1-Node  2-Node  3-Node  4-Node  5-Node  6-Node  7-Node  8-Node
       1   1   0      22      23      37      36       1       2      16      15
       2   1   0      23      24      38      37       2       3      17      16
       3   1   0      24      25      39      38       3       4      18      17
       4   1   0      25      26      40      39       4       5      19      18
       5   1   0      26      27      41      40       5       6      20      19
       6   1   0      27      28      42      41       6       7      21      20
       7   2   0       7      21      42      28
       8   1   0      36      37      30      29      15      16       9       8
       9   1   0      37      38      31      30      16      17      10       9
      10   1   0      38      39      32      31      17      18      11      10
      11   1   0      39      40      33      32      18      19      12      11
      12   1   0      40      41      34      33      19      20      13      12
      13   1   0      41      42      35      34      20      21      14      13
      14   2   0      21      14      35      42
      15   1   0      43      44      58      57      22      23      37      36
      16   1   0      44      45      59      58      23      24      38      37
      17   1   0      45      46      60      59      24      25      39      38
      18   1   0      46      47      61      60      25      26      40      39
      19   1   0      47      48      62      61      26      27      41      40
      20   1   0      48      49      63      62      27      28      42      41
      21   2   0      28      42      63      49
      22   1   0      57      58      51      50      36      37      30      29
      23   1   0      58      59      52      51      37      38      31      30
      24   1   0      59      60      53      52      38      39      32      31
      25   1   0      60      61      54      53      39      40      33      32
      26   1   0      61      62      55      54      40      41      34      33
      27   1   0      62      63      56      55      41      42      35      34
      28   2   0      42      35      56      63
      29   1   0      64      65      79      78      43      44      58      57
      30   1   0      65      66      80      79      44      45      59      58
      31   1   0      66      67      81      80      45      46      60      59
      32   1   0      67      68      82      81      46      47      61      60
      33   1   0      68      69      83      82      47      48      62      61
      34   1   0      69      70      84      83      48      49      63      62
      35   2   0      49      63      84      70
      36   1   0      78      79      72      71      57      58      51      50
      37   1   0      79      80      73      72      58      59      52      51
      38   1   0      80      81      74      73      59      60      53      52
      39   1   0      81      82      75      74      60      61      54      53
      40   1   0      82      83      76      75      61      62      55      54
      41   1   0      83      84      77      76      62      63      56      55
      42   2   0      63      56      77      84
      43   1   0      85      86     100      99      64      65      79      78
      44   1   0      86      87     101     100      65      66      80      79
      45   1   0      87      88     102     101      66      67      81      80
      46   1   0      88      89     103     102      67      68      82      81
      47   1   0      89      90     104     103      68      69      83      82
      48   1   0      90      91     105     104      69      70      84      83
      49   2   0      70      84     105      91
      50   1   0      99     100      93      92      78      79      72      71
      51   1   0     100     101      94      93      79      80      73      72
      52   1   0     101     102      95      94      80      81      74      73
      53   1   0     102     103      96      95      81      82      75      74
      54   1   0     103     104      97      96      82      83      76      75
      55   1   0     104     105      98      97      83      84      77      76
      56   2   0      84      77      98     105
      57   1   0     106     107     121     120      85      86     100      99
      58   1   0     107     108     122     121      86      87     101     100
      59   1   0     108     109     123     122      87      88     102     101
      60   1   0     109     110     124     123      88      89     103     102
      61   1   0     110     111     125     124      89      90     104     103
      62   1   0     111     112     126     125      90      91     105     104
      63   2   0      91     105     126     112
      64   1   0     120     121     114     113      99     100      93      92
      65   1   0     121     122     115     114     100     101      94      93
      66   1   0     122     123     116     115     101     102      95      94
      67   1   0     123     124     117     116     102     103      96      95
      68   1   0     124     125     118     117     103     104      97      96
      69   1   0     125     126     119     118     104     105      98      97
      70   2   0     105      98     119     126
      71   1   0     127     128     142     141     106     107     121     120
      72   1   0     128     129     143     142     107     108     122     121
      73   1   0     129     130     144     143     108     109     123     122
      74   1   0     130     131     145     144     109     110     124     123
      75   1   0     131     132     146     145     110     111     125     124
      76   1   0     132     133     147     146     111     112     126     125
      77   2   0     112     126     147     133
      78   1   0     141     142     135     134     120     121     114     113
      79   1   0     142     143     136     135     121     122     115     114
      80   1   0     143     144     137     136     122     123     116     115
      81   1   0     144     145     138     137     123     124     117     116
      82   1   0     145     146     139     138     124     125     118     117
      83   1   0     146     147     140     139     125     126     119     118
      84   2   0     126     119     140     147
      85   1   0     148     149     163     162     127     128     142     141
      86   1   0     149     150     164     163     128     129     143     142
      87   1   0     150     151     165     164     129     130     144     143
      88   1   0     151     152     166     165     130     131     145     144
      89   1   0     152     153     167     166     131     132     146     145
      90   1   0     153     154     168     167     132     133     147     146
      91   2   0     133     147     168     154
      92   1   0     162     163     156     155     141     142     135     134
      93   1   0     163     164     157     156     142     143     136     135
      94   1   0     164     165     158     157     143     144     137     136
      95   1   0     165     166     159     158     144     145     138     137
      96   1   0     166     167     160     159     145     146     139     138
      97   1   0     167     168     161     160     146     147     140     139
      98   2   0     147     140     161     168
      99   1   0     169     170     184     183     148     149     163     162
     100   1   0     170     171     185     184     149     150     164     163
     101   1   0     171     172     186     185     150     151     165     164
     102   1   0     172     173     187     186     151     152     166     165
     103   1   0     173     174     188     187     152     153     167     166
     104   1   0     174     175     189     188     153     154     168     167
     105   2   0     154     168     189     175
     106   1   0     183     184     177     176     162     163     156     155
     107   1   0     184     185     178     177     163     164     157     156
     108   1   0     185     186     179     178     164     165     158     157
     109   1   0     186     187     180     179     165     166     159     158
     110   1   0     187     188     181     180     166     167     160     159
     111   1   0     188     189     182     181     167     168     161     160
     112   2   0     168     161     182     189
     113   1   0     190     191     205     204     169     170     184     183
     114   1   0     191     192     206     205     170     171     185     184
     115   1   0     192     193     207     206     171     172     186     185
     116   1   0     193     194     208     207     172     173     187     186
     117   1   0     194     195     209     208     173     174     188     187
     118   1   0     195     196     210     209     174     175     189     188
     119   2   0     175     189     210     196
     120   1   0     204     205     198     197     183     184     177     176
     121   1   0     205     206     199     198     184     185     178     177
     122   1   0     206     207     200     199     185     186     179     178
     123   1   0     207     208     201     200     186     187     180     179
     124   1   0     208     209     202     201     187     188     181     180
     125   1   0     209     210     203     202     188     189     182     181
     126   2   0     189     182     203     210
     127   1   0     211     212     226     225     190     191     205     204
     128   1   0     212     213     227     226     191     192     206     205
     129   1   0     213     214     228     227     192     193     207     206
     130   1   0     214     215     229     228     193     194     208     207
     131   1   0     215     216     230     229     194     195     209     208
     132   1   0     216     217     231     230     195     196     210     209
     133   2   0     196     210     231     217
     134   1   0     225     226     219     218     204     205     198     197
     135   1   0     226     227     220     219     205     206     199     198
     136   1   0     227     228     221     220     206     207     200     199
     137   1   0     228     229     222     221     207     208     201     200
     138   1   0     229     230     223     222     208     209     202     201
     139   1   0     230     231     224     223     209     210     203     202
     140   2   0     210     203     224     231
     141   1   0     232     233     247     246     211     212     226     225
     142   1   0     233     234     248     247     212     213     227     226
     143   1   0     234     235     249     248     213     214     228     227
     144   1   0     235     236     250     249     214     215     229     228
     145   1   0     236     237     251     250     215     216     230     229
     146   1   0     237     238     252     251     216     217     231     230
     147   2   0     217     231     252     238
     148   1   0     246     247     240     239     225     226     219     218
     149   1   0     247     248     241     240     226     227     220     219
     150   1   0     248     249     242     241     227     228     221     220
     151   1   0     249     250     243     242     228     229     222     221
     152   1   0     250     251     244     243     229     230     223     222
     153   1   0     251     252     245     244     230     231     224     223
     154   2   0     231     224     245     252
     155   1   0     253     254     268     267     232     233     247     246
     156   1   0     254     255     269     268     233     234     248     247
     157   1   0     255     256     270     269     234     235     249     248
     158   1   0     256     257     271     270     235     236     250     249
     159   1   0     257     258     272     271     236     237     251     250
     160   1   0     258     259     273     272     237     238     252     251
     161   2   0     238     252     273     259
     162   1   0     267     268     261     260     246     247     240     239
     163   1   0     268     269     262     261     247     248     241     240
     164   1   0     269     270     263     262     248     249     242     241
     165   1   0     270     271     264     263     249     250     243     242
     166   1   0     271     272     265     264     250     251     244     243
     167   1   0     272     273     266     265     251     252     245     244
     168   2   0     252     245     266     273
     169   1   0     274     275     289     288     253     254     268     267
     170   1   0     275     276     290     289     254     255     269     268
     171   1   0     276     277     291     290     255     256     270     269
     172   1   0     277     278     292     291     256     257     271     270
     173   1   0     278     279     293     292     257     258     272     271
     174   1   0     279     280     294     293     258     259     273     272
     175   2   0     259     273     294     280
     176   1   0     288     289     282     281     267     268     261     260
     177   1   0     289     290     283     282     268     269     262     261
     178   1   0     290     291     284     283     269     270     263     262
     179   1   0     291     292     285     284     270     271     264     263
     180   1   0     292     293     286     285     271     272     265     264
     181   1   0     293     294     287     286     272     273     266     265
     182   2   0     273     266     287     294
     183   1   0     295     296     310     309     274     275     289     288
     184   1   0     296     297     311     310     275     276     290     289
     185   1   0     297     298     312     311     276     277     291     290
     186   1   0     298     299     313     312     277     278     292     291
     187   1   0     299     300     314     313     278     279     293     292
     188   1   0     300     301     315     314     279     280     294     293
     189   2   0     280     294     315     301
     190   1   0     309     310     303     302     288     289     282     281
     191   1   0     310     311     304     303     289     290     283     282
     192   1   0     311     312     305     304     290     291     284     283
     193   1   0     312     313     306     305     291     292     285     284
     194   1   0     313     314     307     306     292     293     286     285
     195   1   0     314     315     308     307     293     294     287     286
     196   2   0     294     287     308     315
     197   1   0     316     317     331     330     295     296     310     309
     198   1   0     317     318     332     331     296     297     311     310
     199   1   0     318     319     333     332     297     298     312     311
     200   1   0     319     320     334     333     298     299     313     312
     201   1   0     320     321     335     334     299     300     314     313
     202   1   0     321     322     336     335     300     301     315     314
     203   2   0     301     315     336     322
     204   1   0     330     331     324     323     309     310     303     302
     205   1   0     331     332     325     324     310     311     304     303
     206   1   0     332     333     326     325     311     312     305     304
     207   1   0     333     334     327     326     312     313     306     305
     208   1   0     334     335     328     327     313     314     307     306
     209   1   0     335     336     329     328     314     315     308     307
     210   2   0     315     308     329     336
     211   1   0     337     338     352     351     316     317     331     330
     212   1   0     338     339     353     352     317     318     332     331
     213   1   0     339     340     354     353     318     319     333     332
     214   1   0     340     341     355     354     319     320     334     333
     215   1   0     341     342     356     355     320     321     335     334
     216   1   0     342     343     357     356     321     322     336     335
     217   2   0     322     336     357     343
     218   1   0     351     352     345     344     330     331     324     323
     219   1   0     352     353     346     345     331     332     325     324
     220   1   0     353     354     347     346     332     333     326     325
     221   1   0     354     355     348     347     333     334     327     326
     222   1   0     355     356     349     348     334     335     328     327
     223   1   0     356     357     350     349     335     336     329     328
     224   2   0     336     329     350     357
     225   1   0     358     359     373     372     337     338     352     351
     226   1   0     359     360     374     373     338     339     353     352
     227   1   0     360     361     375     374     339     340     354     353
     228   1   0     361     362     376     375     340     341     355     354
     229   1   0     362     363     377     376     341     342     356     355
     230   1   0     363     364     378     377     342     343     357     356
     231   2   0     343     357     378     364
     232   1   0     372     373     366     365     351     352     345     344
     233   1   0     373     374     367     366     352     353     346     345
     234   1   0     374     375     368     367     353     354     347     346
     235   1   0     375     376     369     368     354     355     348     347
     236   1   0     376     377     370     369     355     356     349     348
     237   1   0     377     378     371     370     356     357     350     349
     238   2   0     357     350     371     378
     239   1   0     379     380     394     393     358     359     373     372
     240   1   0     380     381     395     394     359     360     374     373
     241   1   0     381     382     396     395     360     361     375     374
     242   1   0     382     383     397     396     361     362     376     375
     243   1   0     383     384     398     397     362     363     377     376
     244   1   0     384     385     399     398     363     364     378     377
     245   2   0     364     378     399     385
     246   1   0     393     394     387     386     372     373     366     365
     247   1   0     394     395     388     387     373     374     367     366
     248   1   0     395     396     389     388     374     375     368     367
     249   1   0     396     397     390     389     375     376     369     368
     250   1   0     397     398     391     390     376     377     370     369
     251   1   0     398     399     392     391     377     378     371     370
     252   2   0     378     371     392     399
     253   1   0     400     401     415     414     379     380     394     393
     254   1   0     401     402     416     415     380     381     395     394
     255   1   0     402     403     417     416     381     382     396     395
     256   1   0     403     404     418     417     382     383     397     396
     257   1   0     404     405     419     418     383     384     398     397
     258   1   0     405     406     420     419     384     385     399     398
     259   2   0     385     399     420     406
     260   1   0     414     415     408     407     393     394     387     386
     261   1   0     415     416     409     408     394     395     388     387
     262   1   0     416     417     410     409     395     396     389     388
     263   1   0     417     418     411     410     396     397     390     389
     264   1   0     418     419     412     411     397     398     391     390
     265   1   0     419     420     413     412     398     399     392     391
     266   2   0     399     392     413     420
     267   1   0     421     422     436     435     400     401     415     414
     268   1   0     422     423     437     436     401     402     416     415
     269   1   0     423     424     438     437     402     403     417     416
     270   1   0     424     425     439     438     403     404     418     417
     271   1   0     425     426     440     439     404     405     419     418
     272   1   0     426     427     441     440     405     406     420     419
     273   2   0     406     420     441     427
     274   1   0     435     436     429     428     414     415     408     407
     275   1   0     436     437     430     429     415     416     409     408
     276   1   0     437     438     431     430     416     417     410     409
     277   1   0     438     439     432     431     417     418     411     410
     278   1   0     439     440     433     432     418     419     412     411
     279   1   0     440     441     434     433     419     420     413     412
     280   2   0     420     413     434     441
     281   1   0     442     443     457     456     421     422     436     435
     282   1   0     443     444     458     457     422     423     437     436
     283   1   0     444     445     459     458     423     424     438     437
     284   1   0     445     446     460     459     424     425     439     438
     285   1   0     446     447     461     460     425     426     440     439
     286   1   0     447     448     462     461     426     427     441     440
     287   2   0     427     441     462     448
     288   1   0     456     457     450     449     435     436     429     428
     289   1   0     457     458     451     450     436     437     430     429
     290   1   0     458     459     452     451     437     438     431     430
     291   1   0     459     460     453     452     438     439     432     431
     292   1   0     460     461     454     453     439     440     433     432
     293   1   0     461     462     455     454     440     441     434     433
     294   2   0     441     434     455     462
     295   1   0     463     464     478     477     442     443     457     456
     296   1   0     464     465     479     478     443     444     458     457
     297   1   0     465     466     480     479     444     445     459     458
     298   1   0     466     467     481     480     445     446     460     459
     299   1   0     467     468     482     481     446     447     461     460
     300   1   0     468     469     483     482     447     448     462     461
     301   2   0     448     462     483     469
     302   1   0     477     478     471     470     456     457     450     449
     303   1   0     478     479     472     471     457     458     451     450
     304   1   0     479     480     473     472     458     459     452     451
     305   1   0     480     481     474     473     459     460     453     452
     306   1   0     481     482     475     474     460     461     454     453
     307   1   0     482     483     476     475     461     462     455     454
     308   2   0     462     455     476     483
     309   1   0     484     485     499     498     463     464     478     477
     310   1   0     485     486     500     499     464     465     479     478
     311   1   0     486     487     501     500     465     466     480     479
     312   1   0     487     488     502     501     466     467     481     480
     313   1   0     488     489     503     502     467     468     482     481
     314   1   0     489     490     504     503     468     469     483     482
     315   2   0     469     483     504     490
     316   1   0     498     499     492     491     477     478     471     470
     317   1   0     499     500     493     492     478     479     472     471
     318   1   0     500     501     494     493     479     480     473     472
     319   1   0     501     502     495     494     480     481     474     473
     320   1   0     502     503     496     495     481     482     475     474
     321   1   0     503     504     497     496     482     483     476     475
     322   2   0     483     476     497     504
     323   1   0     505     506     520     519     484     485     499     498
     324   1   0     506     507     521     520     485     486     500     499
     325   1   0     507     508     522     521     486     487     501     500
     326   1   0     508     509     523     522     487     488     502     501
     327   1   0     509     510     524     523     488     489     503     502
     328   1   0     510     511     525     524     489     490     504     503
     329   2   0     490     504     525     511
     330   1   0     519     520     513     512     498     499     492     491
     331   1   0     520     521     514     513     499     500     493     492
     332   1   0     521     522     515     514     500     501     494     493
     333   1   0     522     523     516     515     501     502     495     494
     334   1   0     523     524     517     516     502     503     496     495
     335   1   0     524     525     518     517     503     504     497     496
     336   2   0     504     497     518     525

          Part(   1) = PART0001       

 FEAP *** soft tissue tube with internal hard shell ring                       

   N o d e   G e n e r a t i o n s

          Number of xi_1-increments       60
          Number of xi_2-increments        1
          Number of xi_3-increments        1
          First node number              526
          First element number           337
          Element material number          3
          Node line increment              0
          Block type (0-40)                0


     Block coordinates specified as: CYLI           

     node     1 coord     2 coord     3 coord
        1   9.500E-03   0.000E+00   2.000E-03
        2   9.500E-03  -3.600E+02   2.000E-03
        3   9.500E-03  -3.600E+02   3.000E-03
        4   9.500E-03   0.000E+00   3.000E-03

 FEAP *** soft tissue tube with internal hard shell ring                       


  N o d a l   C o o r d i n a t e s

      Node      1 coord      2 coord      3 coord
       526   9.5000E-03   0.0000E+00   2.0000E-03
       527   9.4480E-03  -9.9302E-04   2.0000E-03
       528   9.2924E-03  -1.9752E-03   2.0000E-03
       529   9.0350E-03  -2.9357E-03   2.0000E-03
       530   8.6787E-03  -3.8640E-03   2.0000E-03
       531   8.2272E-03  -4.7500E-03   2.0000E-03
       532   7.6857E-03  -5.5840E-03   2.0000E-03
       533   7.0599E-03  -6.3567E-03   2.0000E-03
       534   6.3567E-03  -7.0599E-03   2.0000E-03
       535   5.5840E-03  -7.6857E-03   2.0000E-03
       536   4.7500E-03  -8.2272E-03   2.0000E-03
       537   3.8640E-03  -8.6787E-03   2.0000E-03
       538   2.9357E-03  -9.0350E-03   2.0000E-03
       539   1.9752E-03  -9.2924E-03   2.0000E-03
       540   9.9302E-04  -9.4480E-03   2.0000E-03
       541   2.6911E-18  -9.5000E-03   2.0000E-03
       542  -9.9302E-04  -9.4480E-03   2.0000E-03
       543  -1.9752E-03  -9.2924E-03   2.0000E-03
       544  -2.9357E-03  -9.0350E-03   2.0000E-03
       545  -3.8640E-03  -8.6787E-03   2.0000E-03
       546  -4.7500E-03  -8.2272E-03   2.0000E-03
       547  -5.5840E-03  -7.6857E-03   2.0000E-03
       548  -6.3567E-03  -7.0599E-03   2.0000E-03
       549  -7.0599E-03  -6.3567E-03   2.0000E-03
       550  -7.6857E-03  -5.5840E-03   2.0000E-03
       551  -8.2272E-03  -4.7500E-03   2.0000E-03
       552  -8.6787E-03  -3.8640E-03   2.0000E-03
       553  -9.0350E-03  -2.9357E-03   2.0000E-03
       554  -9.2924E-03  -1.9752E-03   2.0000E-03
       555  -9.4480E-03  -9.9302E-04   2.0000E-03
       556  -9.5000E-03  -5.3823E-18   2.0000E-03
       557  -9.4480E-03   9.9302E-04   2.0000E-03
       558  -9.2924E-03   1.9752E-03   2.0000E-03
       559  -9.0350E-03   2.9357E-03   2.0000E-03
       560  -8.6787E-03   3.8640E-03   2.0000E-03
       561  -8.2272E-03   4.7500E-03   2.0000E-03
       562  -7.6857E-03   5.5840E-03   2.0000E-03
       563  -7.0599E-03   6.3567E-03   2.0000E-03
       564  -6.3567E-03   7.0599E-03   2.0000E-03
       565  -5.5840E-03   7.6857E-03   2.0000E-03
       566  -4.7500E-03   8.2272E-03   2.0000E-03
       567  -3.8640E-03   8.6787E-03   2.0000E-03
       568  -2.9357E-03   9.0350E-03   2.0000E-03
       569  -1.9752E-03   9.2924E-03   2.0000E-03
       570  -9.9302E-04   9.4480E-03   2.0000E-03
       571  -1.0183E-17   9.5000E-03   2.0000E-03
       572   9.9302E-04   9.4480E-03   2.0000E-03
       573   1.9752E-03   9.2924E-03   2.0000E-03
       574   2.9357E-03   9.0350E-03   2.0000E-03
       575   3.8640E-03   8.6787E-03   2.0000E-03

 FEAP *** soft tissue tube with internal hard shell ring                       


  N o d a l   C o o r d i n a t e s

      Node      1 coord      2 coord      3 coord
       576   4.7500E-03   8.2272E-03   2.0000E-03
       577   5.5840E-03   7.6857E-03   2.0000E-03
       578   6.3567E-03   7.0599E-03   2.0000E-03
       579   7.0599E-03   6.3567E-03   2.0000E-03
       580   7.6857E-03   5.5840E-03   2.0000E-03
       581   8.2272E-03   4.7500E-03   2.0000E-03
       582   8.6787E-03   3.8640E-03   2.0000E-03
       583   9.0350E-03   2.9357E-03   2.0000E-03
       584   9.2924E-03   1.9752E-03   2.0000E-03
       585   9.4480E-03   9.9302E-04   2.0000E-03
       586   9.5000E-03   1.0765E-17   2.0000E-03
       587   9.5000E-03   0.0000E+00   3.0000E-03
       588   9.4480E-03  -9.9302E-04   3.0000E-03
       589   9.2924E-03  -1.9752E-03   3.0000E-03
       590   9.0350E-03  -2.9357E-03   3.0000E-03
       591   8.6787E-03  -3.8640E-03   3.0000E-03
       592   8.2272E-03  -4.7500E-03   3.0000E-03
       593   7.6857E-03  -5.5840E-03   3.0000E-03
       594   7.0599E-03  -6.3567E-03   3.0000E-03
       595   6.3567E-03  -7.0599E-03   3.0000E-03
       596   5.5840E-03  -7.6857E-03   3.0000E-03
       597   4.7500E-03  -8.2272E-03   3.0000E-03
       598   3.8640E-03  -8.6787E-03   3.0000E-03
       599   2.9357E-03  -9.0350E-03   3.0000E-03
       600   1.9752E-03  -9.2924E-03   3.0000E-03
       601   9.9302E-04  -9.4480E-03   3.0000E-03
       602   2.6911E-18  -9.5000E-03   3.0000E-03
       603  -9.9302E-04  -9.4480E-03   3.0000E-03
       604  -1.9752E-03  -9.2924E-03   3.0000E-03
       605  -2.9357E-03  -9.0350E-03   3.0000E-03
       606  -3.8640E-03  -8.6787E-03   3.0000E-03
       607  -4.7500E-03  -8.2272E-03   3.0000E-03
       608  -5.5840E-03  -7.6857E-03   3.0000E-03
       609  -6.3567E-03  -7.0599E-03   3.0000E-03
       610  -7.0599E-03  -6.3567E-03   3.0000E-03
       611  -7.6857E-03  -5.5840E-03   3.0000E-03
       612  -8.2272E-03  -4.7500E-03   3.0000E-03
       613  -8.6787E-03  -3.8640E-03   3.0000E-03
       614  -9.0350E-03  -2.9357E-03   3.0000E-03
       615  -9.2924E-03  -1.9752E-03   3.0000E-03
       616  -9.4480E-03  -9.9302E-04   3.0000E-03
       617  -9.5000E-03  -5.3823E-18   3.0000E-03
       618  -9.4480E-03   9.9302E-04   3.0000E-03
       619  -9.2924E-03   1.9752E-03   3.0000E-03
       620  -9.0350E-03   2.9357E-03   3.0000E-03
       621  -8.6787E-03   3.8640E-03   3.0000E-03
       622  -8.2272E-03   4.7500E-03   3.0000E-03
       623  -7.6857E-03   5.5840E-03   3.0000E-03
       624  -7.0599E-03   6.3567E-03   3.0000E-03
       625  -6.3567E-03   7.0599E-03   3.0000E-03

 FEAP *** soft tissue tube with internal hard shell ring                       


  N o d a l   C o o r d i n a t e s

      Node      1 coord      2 coord      3 coord
       626  -5.5840E-03   7.6857E-03   3.0000E-03
       627  -4.7500E-03   8.2272E-03   3.0000E-03
       628  -3.8640E-03   8.6787E-03   3.0000E-03
       629  -2.9357E-03   9.0350E-03   3.0000E-03
       630  -1.9752E-03   9.2924E-03   3.0000E-03
       631  -9.9302E-04   9.4480E-03   3.0000E-03
       632  -1.0183E-17   9.5000E-03   3.0000E-03
       633   9.9302E-04   9.4480E-03   3.0000E-03
       634   1.9752E-03   9.2924E-03   3.0000E-03
       635   2.9357E-03   9.0350E-03   3.0000E-03
       636   3.8640E-03   8.6787E-03   3.0000E-03
       637   4.7500E-03   8.2272E-03   3.0000E-03
       638   5.5840E-03   7.6857E-03   3.0000E-03
       639   6.3567E-03   7.0599E-03   3.0000E-03
       640   7.0599E-03   6.3567E-03   3.0000E-03
       641   7.6857E-03   5.5840E-03   3.0000E-03
       642   8.2272E-03   4.7500E-03   3.0000E-03
       643   8.6787E-03   3.8640E-03   3.0000E-03
       644   9.0350E-03   2.9357E-03   3.0000E-03
       645   9.2924E-03   1.9752E-03   3.0000E-03
       646   9.4480E-03   9.9302E-04   3.0000E-03
       647   9.5000E-03   1.0765E-17   3.0000E-03

 FEAP *** soft tissue tube with internal hard shell ring                       

   E l e m e n t   C o n n e c t i o n s

    Elmt Mat Reg  Type  1-node  2-node  3-node  4-node  5-node  6-node  7-node
                        8-node
     337   3   0 Quadr     526     527     588     587
     338   3   0 Quadr     527     528     589     588
     339   3   0 Quadr     528     529     590     589
     340   3   0 Quadr     529     530     591     590
     341   3   0 Quadr     530     531     592     591
     342   3   0 Quadr     531     532     593     592
     343   3   0 Quadr     532     533     594     593
     344   3   0 Quadr     533     534     595     594
     345   3   0 Quadr     534     535     596     595
     346   3   0 Quadr     535     536     597     596
     347   3   0 Quadr     536     537     598     597
     348   3   0 Quadr     537     538     599     598
     349   3   0 Quadr     538     539     600     599
     350   3   0 Quadr     539     540     601     600
     351   3   0 Quadr     540     541     602     601
     352   3   0 Quadr     541     542     603     602
     353   3   0 Quadr     542     543     604     603
     354   3   0 Quadr     543     544     605     604
     355   3   0 Quadr     544     545     606     605
     356   3   0 Quadr     545     546     607     606
     357   3   0 Quadr     546     547     608     607
     358   3   0 Quadr     547     548     609     608
     359   3   0 Quadr     548     549     610     609
     360   3   0 Quadr     549     550     611     610
     361   3   0 Quadr     550     551     612     611
     362   3   0 Quadr     551     552     613     612
     363   3   0 Quadr     552     553     614     613
     364   3   0 Quadr     553     554     615     614
     365   3   0 Quadr     554     555     616     615
     366   3   0 Quadr     555     556     617     616
     367   3   0 Quadr     556     557     618     617
     368   3   0 Quadr     557     558     619     618
     369   3   0 Quadr     558     559     620     619
     370   3   0 Quadr     559     560     621     620
     371   3   0 Quadr     560     561     622     621
     372   3   0 Quadr     561     562     623     622
     373   3   0 Quadr     562     563     624     623
     374   3   0 Quadr     563     564     625     624
     375   3   0 Quadr     564     565     626     625
     376   3   0 Quadr     565     566     627     626
     377   3   0 Quadr     566     567     628     627
     378   3   0 Quadr     567     568     629     628
     379   3   0 Quadr     568     569     630     629
     380   3   0 Quadr     569     570     631     630
     381   3   0 Quadr     570     571     632     631
     382   3   0 Quadr     571     572     633     632
     383   3   0 Quadr     572     573     634     633
     384   3   0 Quadr     573     574     635     634
     385   3   0 Quadr     574     575     636     635
     386   3   0 Quadr     575     576     637     636

 FEAP *** soft tissue tube with internal hard shell ring                       

   E l e m e n t   C o n n e c t i o n s

    Elmt Mat Reg  Type  1-node  2-node  3-node  4-node  5-node  6-node  7-node
                        8-node
     387   3   0 Quadr     576     577     638     637
     388   3   0 Quadr     577     578     639     638
     389   3   0 Quadr     578     579     640     639
     390   3   0 Quadr     579     580     641     640
     391   3   0 Quadr     580     581     642     641
     392   3   0 Quadr     581     582     643     642
     393   3   0 Quadr     582     583     644     643
     394   3   0 Quadr     583     584     645     644
     395   3   0 Quadr     584     585     646     645
     396   3   0 Quadr     585     586     647     646

          Part(   1): Elm start =       1
                      Elm last  =     396
                      Nodes/el. =       4

     E l e m e n t   S i z e   V a l u e s
          h-minimum =  9.9438E-04
          h-maximum =  4.6458E-03

     Tie all nodes with common coordinates


      Gap Tolerance =  3.9314E-05



       T i e  - - -  N o d a l   C o o r d i n a t e s

          The following nodes have been deleted:

          505    506    507    508    509    510    511    512    513    514
          515    516    517    518    519    520    521    522    523    524
          525    586    647

         23 nodes merged by the tie command


 FEAP *** soft tissue tube with internal hard shell ring                       

  E d g e    N o d a l    B.C.

    node  1-B.C.  2-B.C.  3-B.C.  4-B.C.  5-B.C.  6-B.C.
       8       0       0       1       0       0       0
       9       0       0       1       0       0       0
      10       0       0       1       0       0       0
      11       0       0       1       0       0       0
      12       0       0       1       0       0       0
      13       0       0       1       0       0       0
      14       0       0       1       0       0       0
      29       0       0       1       0       0       0
      30       0       0       1       0       0       0
      31       0       0       1       0       0       0
      32       0       0       1       0       0       0
      33       0       0       1       0       0       0
      34       0       0       1       0       0       0
      35       0       0       1       0       0       0
      50       0       0       1       0       0       0
      51       0       0       1       0       0       0
      52       0       0       1       0       0       0
      53       0       0       1       0       0       0
      54       0       0       1       0       0       0
      55       0       0       1       0       0       0
      56       0       0       1       0       0       0
      71       0       0       1       0       0       0
      72       0       0       1       0       0       0
      73       0       0       1       0       0       0
      74       0       0       1       0       0       0
      75       0       0       1       0       0       0
      76       0       0       1       0       0       0
      77       0       0       1       0       0       0
      92       0       0       1       0       0       0
      93       0       0       1       0       0       0
      94       0       0       1       0       0       0
      95       0       0       1       0       0       0
      96       0       0       1       0       0       0
      97       0       0       1       0       0       0
      98       0       0       1       0       0       0
     113       0       0       1       0       0       0
     114       0       0       1       0       0       0
     115       0       0       1       0       0       0
     116       0       0       1       0       0       0
     117       0       0       1       0       0       0
     118       0       0       1       0       0       0
     119       0       0       1       0       0       0
     134       0       0       1       0       0       0
     135       0       0       1       0       0       0
     136       0       0       1       0       0       0
     137       0       0       1       0       0       0
     138       0       0       1       0       0       0
     139       0       0       1       0       0       0
     140       0       0       1       0       0       0
     155       0       0       1       0       0       0
     156       0       0       1       0       0       0
     157       0       0       1       0       0       0
     158       0       0       1       0       0       0
     159       0       0       1       0       0       0
     160       0       0       1       0       0       0
     161       0       0       1       0       0       0
     176       0       0       1       0       0       0
     177       0       0       1       0       0       0
     178       0       0       1       0       0       0
     179       0       0       1       0       0       0
     180       0       0       1       0       0       0
     181       0       0       1       0       0       0
     182       0       0       1       0       0       0
     197       0       0       1       0       0       0
     198       0       0       1       0       0       0
     199       0       0       1       0       0       0
     200       0       0       1       0       0       0
     201       0       0       1       0       0       0
     202       0       0       1       0       0       0
     203       0       0       1       0       0       0
     218       0       0       1       0       0       0
     219       0       0       1       0       0       0
     220       0       0       1       0       0       0
     221       0       0       1       0       0       0
     222       0       0       1       0       0       0
     223       0       0       1       0       0       0
     224       0       0       1       0       0       0
     239       0       0       1       0       0       0
     240       0       0       1       0       0       0
     241       0       0       1       0       0       0
     242       0       0       1       0       0       0
     243       0       0       1       0       0       0
     244       0       0       1       0       0       0
     245       0       0       1       0       0       0
     260       0       0       1       0       0       0
     261       0       0       1       0       0       0
     262       0       0       1       0       0       0
     263       0       0       1       0       0       0
     264       0       0       1       0       0       0
     265       0       0       1       0       0       0
     266       0       0       1       0       0       0
     281       0       0       1       0       0       0
     282       0       0       1       0       0       0
     283       0       0       1       0       0       0
     284       0       0       1       0       0       0
     285       0       0       1       0       0       0
     286       0       0       1       0       0       0
     287       0       0       1       0       0       0
     302       0       0       1       0       0       0
     303       0       0       1       0       0       0
     304       0       0       1       0       0       0
     305       0       0       1       0       0       0
     306       0       0       1       0       0       0
     307       0       0       1       0       0       0
     308       0       0       1       0       0       0
     323       0       0       1       0       0       0
     324       0       0       1       0       0       0
     325       0       0       1       0       0       0
     326       0       0       1       0       0       0
     327       0       0       1       0       0       0
     328       0       0       1       0       0       0
     329       0       0       1       0       0       0
     344       0       0       1       0       0       0
     345       0       0       1       0       0       0
     346       0       0       1       0       0       0
     347       0       0       1       0       0       0
     348       0       0       1       0       0       0
     349       0       0       1       0       0       0
     350       0       0       1       0       0       0
     365       0       0       1       0       0       0
     366       0       0       1       0       0       0
     367       0       0       1       0       0       0
     368       0       0       1       0       0       0
     369       0       0       1       0       0       0
     370       0       0       1       0       0       0
     371       0       0       1       0       0       0
     386       0       0       1       0       0       0
     387       0       0       1       0       0       0
     388       0       0       1       0       0       0
     389       0       0       1       0       0       0
     390       0       0       1       0       0       0
     391       0       0       1       0       0       0
     392       0       0       1       0       0       0
     407       0       0       1       0       0       0
     408       0       0       1       0       0       0
     409       0       0       1       0       0       0
     410       0       0       1       0       0       0
     411       0       0       1       0       0       0
     412       0       0       1       0       0       0
     413       0       0       1       0       0       0
     428       0       0       1       0       0       0
     429       0       0       1       0       0       0
     430       0       0       1       0       0       0
     431       0       0       1       0       0       0
     432       0       0       1       0       0       0
     433       0       0       1       0       0       0
     434       0       0       1       0       0       0
     449       0       0       1       0       0       0
     450       0       0       1       0       0       0
     451       0       0       1       0       0       0
     452       0       0       1       0       0       0
     453       0       0       1       0       0       0
     454       0       0       1       0       0       0
     455       0       0       1       0       0       0
     470       0       0       1       0       0       0
     471       0       0       1       0       0       0
     472       0       0       1       0       0       0
     473       0       0       1       0       0       0
     474       0       0       1       0       0       0
     475       0       0       1       0       0       0
     476       0       0       1       0       0       0
     491       0       0       1       0       0       0
     492       0       0       1       0       0       0
     493       0       0       1       0       0       0
     494       0       0       1       0       0       0
     495       0       0       1       0       0       0
     496       0       0       1       0       0       0
     497       0       0       1       0       0       0

       P o l a r    S u r f a c e

     x_Coord.     y_Coord.     z_Coord.
   0.0000E+00   0.0000E+00   0.0000E+00

 FEAP *** soft tissue tube with internal hard shell ring                       

   C o o r d i n a t e    S u r f a c e   A n g l e s

      Node    1 Coord    2 Coord    3 Coord      Angle
         1  1.000E-02 -1.800E+02  0.000E+00 -1.800E+02
         2  1.000E-02 -1.800E+02  5.000E-03 -1.800E+02
         3  1.000E-02 -9.000E+01  5.000E-03 -9.000E+01
         4  1.000E-02 -9.000E+01  0.000E+00 -9.000E+01
         5  1.000E-02 -1.800E+02  2.500E-03 -1.800E+02
         6  1.000E-02 -1.350E+02  5.000E-03 -1.350E+02
         7  1.000E-02 -9.000E+01  2.500E-03 -9.000E+01
         8  1.000E-02 -1.350E+02  0.000E+00 -1.350E+02
         9  1.000E-02 -1.350E+02  2.500E-03 -1.350E+02

       N o d a l    A n g l e s

          Global Node    Angle

                 127 -9.000E+01
                 134 -9.000E+01
                 141 -9.000E+01
                 148 -1.050E+02
                 155 -1.050E+02
                 162 -1.050E+02
                 169 -1.200E+02
                 176 -1.200E+02
                 183 -1.200E+02
                 190 -1.350E+02
                 197 -1.350E+02
                 204 -1.350E+02
                 211 -1.500E+02
                 218 -1.500E+02
                 225 -1.500E+02
                 232 -1.650E+02
                 239 -1.650E+02
                 246 -1.650E+02
                 253 -1.800E+02
                 260 -1.800E+02
                 267 -1.800E+02

 FEAP *** soft tissue tube with internal hard shell ring                       

   C o o r d i n a t e    S u r f a c e   A n g l e s

      Node    1 Coord    2 Coord    3 Coord      Angle
         1  1.000E-02 -9.000E+01  0.000E+00 -9.000E+01
         2  1.000E-02 -9.000E+01  5.000E-03 -9.000E+01
         3  1.000E-02  0.000E+00  5.000E-03  0.000E+00
         4  1.000E-02  0.000E+00  0.000E+00  0.000E+00
         5  1.000E-02 -9.000E+01  2.500E-03 -9.000E+01
         6  1.000E-02 -4.500E+01  5.000E-03 -4.500E+01
         7  1.000E-02  0.000E+00  2.500E-03  0.000E+00
         8  1.000E-02 -4.500E+01  0.000E+00 -4.500E+01
         9  1.000E-02 -4.500E+01  2.500E-03 -4.500E+01

       N o d a l    A n g l e s

          Global Node    Angle

                   1 -4.996E-15
                   8 -4.996E-15
                  15 -4.996E-15
                  22 -1.500E+01
                  29 -1.500E+01
                  36 -1.500E+01
                  43 -3.000E+01
                  50 -3.000E+01
                  57 -3.000E+01
                  64 -4.500E+01
                  71 -4.500E+01
                  78 -4.500E+01
                  85 -6.000E+01
                  92 -6.000E+01
                  99 -6.000E+01
                 106 -7.500E+01
                 113 -7.500E+01
                 120 -7.500E+01
                 127 -9.000E+01
                 134 -9.000E+01
                 141 -9.000E+01
                 505  9.992E-15
                 512  9.992E-15
                 519  9.992E-15

 FEAP *** soft tissue tube with internal hard shell ring                       

   C o o r d i n a t e    S u r f a c e   A n g l e s

      Node    1 Coord    2 Coord    3 Coord      Angle
         1  1.000E-02  0.000E+00  0.000E+00  0.000E+00
         2  1.000E-02  0.000E+00  5.000E-03  0.000E+00
         3  1.000E-02  9.000E+01  5.000E-03  9.000E+01
         4  1.000E-02  9.000E+01  0.000E+00  9.000E+01
         5  1.000E-02  0.000E+00  2.500E-03  0.000E+00
         6  1.000E-02  4.500E+01  5.000E-03  4.500E+01
         7  1.000E-02  9.000E+01  2.500E-03  9.000E+01
         8  1.000E-02  4.500E+01  0.000E+00  4.500E+01
         9  1.000E-02  4.500E+01  2.500E-03  4.500E+01

       N o d a l    A n g l e s

          Global Node    Angle

                   1  4.996E-15
                   8  4.996E-15
                  15  4.996E-15
                 379  9.000E+01
                 386  9.000E+01
                 393  9.000E+01
                 400  7.500E+01
                 407  7.500E+01
                 414  7.500E+01
                 421  6.000E+01
                 428  6.000E+01
                 435  6.000E+01
                 442  4.500E+01
                 449  4.500E+01
                 456  4.500E+01
                 463  3.000E+01
                 470  3.000E+01
                 477  3.000E+01
                 484  1.500E+01
                 491  1.500E+01
                 498  1.500E+01
                 505  1.998E-14
                 512  1.998E-14
                 519  1.998E-14

 FEAP *** soft tissue tube with internal hard shell ring                       

   C o o r d i n a t e    S u r f a c e   A n g l e s

      Node    1 Coord    2 Coord    3 Coord      Angle
         1  1.000E-02  9.000E+01  0.000E+00  9.000E+01
         2  1.000E-02  9.000E+01  5.000E-03  9.000E+01
         3  1.000E-02  1.800E+02  5.000E-03  1.800E+02
         4  1.000E-02  1.800E+02  0.000E+00  1.800E+02
         5  1.000E-02  9.000E+01  2.500E-03  9.000E+01
         6  1.000E-02  1.350E+02  5.000E-03  1.350E+02
         7  1.000E-02  1.800E+02  2.500E-03  1.800E+02
         8  1.000E-02  1.350E+02  0.000E+00  1.350E+02
         9  1.000E-02  1.350E+02  2.500E-03  1.350E+02

       N o d a l    A n g l e s

          Global Node    Angle

                 253  1.800E+02
                 260  1.800E+02
                 267  1.800E+02
                 274  1.650E+02
                 281  1.650E+02
                 288  1.650E+02
                 295  1.500E+02
                 302  1.500E+02
                 309  1.500E+02
                 316  1.350E+02
                 323  1.350E+02
                 330  1.350E+02
                 337  1.200E+02
                 344  1.200E+02
                 351  1.200E+02
                 358  1.050E+02
                 365  1.050E+02
                 372  1.050E+02
                 379  9.000E+01
                 386  9.000E+01
                 393  9.000E+01

 FEAP *** soft tissue tube with internal hard shell ring                       

   C o o r d i n a t e    S u r f a c e   A n g l e s

      Node    1 Coord    2 Coord    3 Coord      Angle
         1  9.500E-03 -1.800E+02  2.000E-03 -1.800E+02
         2  9.500E-03 -1.800E+02  3.000E-03 -1.800E+02
         3  9.500E-03 -9.000E+01  3.000E-03 -9.000E+01
         4  9.500E-03 -9.000E+01  2.000E-03 -9.000E+01
         5  9.500E-03 -1.800E+02  2.500E-03 -1.800E+02
         6  9.500E-03 -1.350E+02  3.000E-03 -1.350E+02
         7  9.500E-03 -9.000E+01  2.500E-03 -9.000E+01
         8  9.500E-03 -1.350E+02  2.000E-03 -1.350E+02
         9  9.500E-03 -1.350E+02  2.500E-03 -1.350E+02

       N o d a l    A n g l e s

          Global Node    Angle

                 541 -9.000E+01
                 542 -9.600E+01
                 543 -1.020E+02
                 544 -1.080E+02
                 545 -1.140E+02
                 546 -1.200E+02
                 547 -1.260E+02
                 548 -1.320E+02
                 549 -1.380E+02
                 550 -1.440E+02
                 551 -1.500E+02
                 552 -1.560E+02
                 553 -1.620E+02
                 554 -1.680E+02
                 555 -1.740E+02
                 556 -1.800E+02
                 602 -9.000E+01
                 603 -9.600E+01
                 604 -1.020E+02
                 605 -1.080E+02
                 606 -1.140E+02
                 607 -1.200E+02
                 608 -1.260E+02
                 609 -1.320E+02
                 610 -1.380E+02
                 611 -1.440E+02
                 612 -1.500E+02
                 613 -1.560E+02
                 614 -1.620E+02
                 615 -1.680E+02
                 616 -1.740E+02
                 617 -1.800E+02

 FEAP *** soft tissue tube with internal hard shell ring                       

   C o o r d i n a t e    S u r f a c e   A n g l e s

      Node    1 Coord    2 Coord    3 Coord      Angle
         1  9.500E-03 -9.000E+01  2.000E-03 -9.000E+01
         2  9.500E-03 -9.000E+01  3.000E-03 -9.000E+01
         3  9.500E-03  0.000E+00  3.000E-03  0.000E+00
         4  9.500E-03  0.000E+00  2.000E-03  0.000E+00
         5  9.500E-03 -9.000E+01  2.500E-03 -9.000E+01
         6  9.500E-03 -4.500E+01  3.000E-03 -4.500E+01
         7  9.500E-03  0.000E+00  2.500E-03  0.000E+00
         8  9.500E-03 -4.500E+01  2.000E-03 -4.500E+01
         9  9.500E-03 -4.500E+01  2.500E-03 -4.500E+01

       N o d a l    A n g l e s

          Global Node    Angle

                 526  0.000E+00
                 527 -6.000E+00
                 528 -1.200E+01
                 529 -1.800E+01
                 530 -2.400E+01
                 531 -3.000E+01
                 532 -3.600E+01
                 533 -4.200E+01
                 534 -4.800E+01
                 535 -5.400E+01
                 536 -6.000E+01
                 537 -6.600E+01
                 538 -7.200E+01
                 539 -7.800E+01
                 540 -8.400E+01
                 541 -9.000E+01
                 586  6.994E-14
                 587  0.000E+00
                 588 -6.000E+00
                 589 -1.200E+01
                 590 -1.800E+01
                 591 -2.400E+01
                 592 -3.000E+01
                 593 -3.600E+01
                 594 -4.200E+01
                 595 -4.800E+01
                 596 -5.400E+01
                 597 -6.000E+01
                 598 -6.600E+01
                 599 -7.200E+01
                 600 -7.800E+01
                 601 -8.400E+01
                 602 -9.000E+01
                 647  6.994E-14

 FEAP *** soft tissue tube with internal hard shell ring                       

   C o o r d i n a t e    S u r f a c e   A n g l e s

      Node    1 Coord    2 Coord    3 Coord      Angle
         1  9.500E-03  0.000E+00  2.000E-03  0.000E+00
         2  9.500E-03  0.000E+00  3.000E-03  0.000E+00
         3  9.500E-03  9.000E+01  3.000E-03  9.000E+01
         4  9.500E-03  9.000E+01  2.000E-03  9.000E+01
         5  9.500E-03  0.000E+00  2.500E-03  0.000E+00
         6  9.500E-03  4.500E+01  3.000E-03  4.500E+01
         7  9.500E-03  9.000E+01  2.500E-03  9.000E+01
         8  9.500E-03  4.500E+01  2.000E-03  4.500E+01
         9  9.500E-03  4.500E+01  2.500E-03  4.500E+01

       N o d a l    A n g l e s

          Global Node    Angle

                 526  0.000E+00
                 571  9.000E+01
                 572  8.400E+01
                 573  7.800E+01
                 574  7.200E+01
                 575  6.600E+01
                 576  6.000E+01
                 577  5.400E+01
                 578  4.800E+01
                 579  4.200E+01
                 580  3.600E+01
                 581  3.000E+01
                 582  2.400E+01
                 583  1.800E+01
                 584  1.200E+01
                 585  6.000E+00
                 586  6.495E-14
                 587  0.000E+00
                 632  9.000E+01
                 633  8.400E+01
                 634  7.800E+01
                 635  7.200E+01
                 636  6.600E+01
                 637  6.000E+01
                 638  5.400E+01
                 639  4.800E+01
                 640  4.200E+01
                 641  3.600E+01
                 642  3.000E+01
                 643  2.400E+01
                 644  1.800E+01
                 645  1.200E+01
                 646  6.000E+00
                 647  6.495E-14

 FEAP *** soft tissue tube with internal hard shell ring                       

   C o o r d i n a t e    S u r f a c e   A n g l e s

      Node    1 Coord    2 Coord    3 Coord      Angle
         1  9.500E-03  9.000E+01  2.000E-03  9.000E+01
         2  9.500E-03  9.000E+01  3.000E-03  9.000E+01
         3  9.500E-03  1.800E+02  3.000E-03  1.800E+02
         4  9.500E-03  1.800E+02  2.000E-03  1.800E+02
         5  9.500E-03  9.000E+01  2.500E-03  9.000E+01
         6  9.500E-03  1.350E+02  3.000E-03  1.350E+02
         7  9.500E-03  1.800E+02  2.500E-03  1.800E+02
         8  9.500E-03  1.350E+02  2.000E-03  1.350E+02
         9  9.500E-03  1.350E+02  2.500E-03  1.350E+02

       N o d a l    A n g l e s

          Global Node    Angle

                 556  1.800E+02
                 557  1.740E+02
                 558  1.680E+02
                 559  1.620E+02
                 560  1.560E+02
                 561  1.500E+02
                 562  1.440E+02
                 563  1.380E+02
                 564  1.320E+02
                 565  1.260E+02
                 566  1.200E+02
                 567  1.140E+02
                 568  1.080E+02
                 569  1.020E+02
                 570  9.600E+01
                 571  9.000E+01
                 617  1.800E+02
                 618  1.740E+02
                 619  1.680E+02
                 620  1.620E+02
                 621  1.560E+02
                 622  1.500E+02
                 623  1.440E+02
                 624  1.380E+02
                 625  1.320E+02
                 626  1.260E+02
                 627  1.200E+02
                 628  1.140E+02
                 629  1.080E+02
                 630  1.020E+02
                 631  9.600E+01
                 632  9.000E+01

       P o l a r    S u r f a c e

     x_Coord.     y_Coord.     z_Coord.
   0.0000E+00   0.0000E+00   0.0000E+00

 FEAP *** soft tissue tube with internal hard shell ring                       

   C o o r d i n a t e   S u r f a c e   B o u n d a r y   C o n d i t i o n s

      Node    1 Coord    2 Coord    3 Coord 1-BC 2-BC 3-BC 4-BC 5-BC 6-BC
                                               0    1    0    0    0    0
         1  9.900E-03 -1.800E+02  0.000E+00
         2  9.900E-03 -9.000E+01  0.000E+00
         3  1.010E-02 -9.000E+01  0.000E+00
         4  1.010E-02 -1.800E+02  0.000E+00
         5  9.900E-03 -1.350E+02  0.000E+00
         6  1.000E-02 -9.000E+01  0.000E+00
         7  1.010E-02 -1.350E+02  0.000E+00
         8  1.000E-02 -1.800E+02  0.000E+00
         9  1.000E-02 -1.350E+02  0.000E+00

      Node  1-BC  2-BC  3-BC  4-BC  5-BC  6-BC
       134     0     1     1     0     0     0
       155     0     1     1     0     0     0
       176     0     1     1     0     0     0
       197     0     1     1     0     0     0
       218     0     1     1     0     0     0
       239     0     1     1     0     0     0
       260     0     1     1     0     0     0

 FEAP *** soft tissue tube with internal hard shell ring                       

   C o o r d i n a t e   S u r f a c e   B o u n d a r y   C o n d i t i o n s

      Node    1 Coord    2 Coord    3 Coord 1-BC 2-BC 3-BC 4-BC 5-BC 6-BC
                                               0    1    0    0    0    0
         1  9.900E-03 -9.000E+01  0.000E+00
         2  9.900E-03  0.000E+00  0.000E+00
         3  1.010E-02  0.000E+00  0.000E+00
         4  1.010E-02 -9.000E+01  0.000E+00
         5  9.900E-03 -4.500E+01  0.000E+00
         6  1.000E-02  0.000E+00  0.000E+00
         7  1.010E-02 -4.500E+01  0.000E+00
         8  1.000E-02 -9.000E+01  0.000E+00
         9  1.000E-02 -4.500E+01  0.000E+00

      Node  1-BC  2-BC  3-BC  4-BC  5-BC  6-BC
         8     0     1     1     0     0     0
        29     0     1     1     0     0     0
        50     0     1     1     0     0     0
        71     0     1     1     0     0     0
        92     0     1     1     0     0     0
       113     0     1     1     0     0     0
       134     0     2     1     0     0     0
       512     1     2     1     1     1     1

 FEAP *** soft tissue tube with internal hard shell ring                       

   C o o r d i n a t e   S u r f a c e   B o u n d a r y   C o n d i t i o n s

      Node    1 Coord    2 Coord    3 Coord 1-BC 2-BC 3-BC 4-BC 5-BC 6-BC
                                               0    1    0    0    0    0
         1  9.900E-03  0.000E+00  0.000E+00
         2  9.900E-03  9.000E+01  0.000E+00
         3  1.010E-02  9.000E+01  0.000E+00
         4  1.010E-02  0.000E+00  0.000E+00
         5  9.900E-03  4.500E+01  0.000E+00
         6  1.000E-02  9.000E+01  0.000E+00
         7  1.010E-02  4.500E+01  0.000E+00
         8  1.000E-02  0.000E+00  0.000E+00
         9  1.000E-02  4.500E+01  0.000E+00

      Node  1-BC  2-BC  3-BC  4-BC  5-BC  6-BC
         8     0     2     1     0     0     0
       386     0     1     1     0     0     0
       407     0     1     1     0     0     0
       428     0     1     1     0     0     0
       449     0     1     1     0     0     0
       470     0     1     1     0     0     0
       491     0     1     1     0     0     0
       512     1     3     1     1     1     1

 FEAP *** soft tissue tube with internal hard shell ring                       

   C o o r d i n a t e   S u r f a c e   B o u n d a r y   C o n d i t i o n s

      Node    1 Coord    2 Coord    3 Coord 1-BC 2-BC 3-BC 4-BC 5-BC 6-BC
                                               0    1    0    0    0    0
         1  9.900E-03  9.000E+01  0.000E+00
         2  9.900E-03  1.800E+02  0.000E+00
         3  1.010E-02  1.800E+02  0.000E+00
         4  1.010E-02  9.000E+01  0.000E+00
         5  9.900E-03  1.350E+02  0.000E+00
         6  1.000E-02  1.800E+02  0.000E+00
         7  1.010E-02  1.350E+02  0.000E+00
         8  1.000E-02  9.000E+01  0.000E+00
         9  1.000E-02  1.350E+02  0.000E+00

      Node  1-BC  2-BC  3-BC  4-BC  5-BC  6-BC
       260     0     2     1     0     0     0
       281     0     1     1     0     0     0
       302     0     1     1     0     0     0
       323     0     1     1     0     0     0
       344     0     1     1     0     0     0
       365     0     1     1     0     0     0
       386     0     2     1     0     0     0

 FEAP *** soft tissue tube with internal hard shell ring                       

   C o o r d i n a t e   S u r f a c e   B o u n d a r y   C o n d i t i o n s

      Node    1 Coord    2 Coord    3 Coord 1-BC 2-BC 3-BC 4-BC 5-BC 6-BC
                                               0    1    1    0    0    0
         1  9.400E-03 -1.800E+02  2.000E-03
         2  9.400E-03 -9.000E+01  2.000E-03
         3  9.600E-03 -9.000E+01  2.000E-03
         4  9.600E-03 -1.800E+02  2.000E-03
         5  9.400E-03 -1.350E+02  2.000E-03
         6  9.500E-03 -9.000E+01  2.000E-03
         7  9.600E-03 -1.350E+02  2.000E-03
         8  9.500E-03 -1.800E+02  2.000E-03
         9  9.500E-03 -1.350E+02  2.000E-03

      Node  1-BC  2-BC  3-BC  4-BC  5-BC  6-BC
       541     0     1     1     0     0     0
       542     0     1     1     0     0     0
       543     0     1     1     0     0     0
       544     0     1     1     0     0     0
       545     0     1     1     0     0     0
       546     0     1     1     0     0     0
       547     0     1     1     0     0     0
       548     0     1     1     0     0     0
       549     0     1     1     0     0     0
       550     0     1     1     0     0     0
       551     0     1     1     0     0     0
       552     0     1     1     0     0     0
       553     0     1     1     0     0     0
       554     0     1     1     0     0     0
       555     0     1     1     0     0     0
       556     0     1     1     0     0     0

 FEAP *** soft tissue tube with internal hard shell ring                       

   C o o r d i n a t e   S u r f a c e   B o u n d a r y   C o n d i t i o n s

      Node    1 Coord    2 Coord    3 Coord 1-BC 2-BC 3-BC 4-BC 5-BC 6-BC
                                               0    1    0    0    0    0
         1  9.400E-03 -9.000E+01  2.000E-03
         2  9.400E-03  0.000E+00  2.000E-03
         3  9.600E-03  0.000E+00  2.000E-03
         4  9.600E-03 -9.000E+01  2.000E-03
         5  9.400E-03 -4.500E+01  2.000E-03
         6  9.500E-03  0.000E+00  2.000E-03
         7  9.600E-03 -4.500E+01  2.000E-03
         8  9.500E-03 -9.000E+01  2.000E-03
         9  9.500E-03 -4.500E+01  2.000E-03

      Node  1-BC  2-BC  3-BC  4-BC  5-BC  6-BC
       526     0     1     0     0     0     0
       527     0     1     0     0     0     0
       528     0     1     0     0     0     0
       529     0     1     0     0     0     0
       530     0     1     0     0     0     0
       531     0     1     0     0     0     0
       532     0     1     0     0     0     0
       533     0     1     0     0     0     0
       534     0     1     0     0     0     0
       535     0     1     0     0     0     0
       536     0     1     0     0     0     0
       537     0     1     0     0     0     0
       538     0     1     0     0     0     0
       539     0     1     0     0     0     0
       540     0     1     0     0     0     0
       541     0     2     1     0     0     0
       586     1     2     1     1     1     1

 FEAP *** soft tissue tube with internal hard shell ring                       

   C o o r d i n a t e   S u r f a c e   B o u n d a r y   C o n d i t i o n s

      Node    1 Coord    2 Coord    3 Coord 1-BC 2-BC 3-BC 4-BC 5-BC 6-BC
                                               0    1    0    0    0    0
         1  9.400E-03  0.000E+00  2.000E-03
         2  9.400E-03  9.000E+01  2.000E-03
         3  9.600E-03  9.000E+01  2.000E-03
         4  9.600E-03  0.000E+00  2.000E-03
         5  9.400E-03  4.500E+01  2.000E-03
         6  9.500E-03  9.000E+01  2.000E-03
         7  9.600E-03  4.500E+01  2.000E-03
         8  9.500E-03  0.000E+00  2.000E-03
         9  9.500E-03  4.500E+01  2.000E-03

      Node  1-BC  2-BC  3-BC  4-BC  5-BC  6-BC
       526     0     2     0     0     0     0
       571     0     1     0     0     0     0
       572     0     1     0     0     0     0
       573     0     1     0     0     0     0
       574     0     1     0     0     0     0
       575     0     1     0     0     0     0
       576     0     1     0     0     0     0
       577     0     1     0     0     0     0
       578     0     1     0     0     0     0
       579     0     1     0     0     0     0
       580     0     1     0     0     0     0
       581     0     1     0     0     0     0
       582     0     1     0     0     0     0
       583     0     1     0     0     0     0
       584     0     1     0     0     0     0
       585     0     1     0     0     0     0
       586     1     3     1     1     1     1

 FEAP *** soft tissue tube with internal hard shell ring                       

   C o o r d i n a t e   S u r f a c e   B o u n d a r y   C o n d i t i o n s

      Node    1 Coord    2 Coord    3 Coord 1-BC 2-BC 3-BC 4-BC 5-BC 6-BC
                                               0    1    0    0    0    0
         1  9.400E-03  9.000E+01  2.000E-03
         2  9.400E-03  1.800E+02  2.000E-03
         3  9.600E-03  1.800E+02  2.000E-03
         4  9.600E-03  9.000E+01  2.000E-03
         5  9.400E-03  1.350E+02  2.000E-03
         6  9.500E-03  1.800E+02  2.000E-03
         7  9.600E-03  1.350E+02  2.000E-03
         8  9.500E-03  9.000E+01  2.000E-03
         9  9.500E-03  1.350E+02  2.000E-03

      Node  1-BC  2-BC  3-BC  4-BC  5-BC  6-BC
       556     0     2     1     0     0     0
       557     0     1     0     0     0     0
       558     0     1     0     0     0     0
       559     0     1     0     0     0     0
       560     0     1     0     0     0     0
       561     0     1     0     0     0     0
       562     0     1     0     0     0     0
       563     0     1     0     0     0     0
       564     0     1     0     0     0     0
       565     0     1     0     0     0     0
       566     0     1     0     0     0     0
       567     0     1     0     0     0     0
       568     0     1     0     0     0     0
       569     0     1     0     0     0     0
       570     0     1     0     0     0     0
       571     0     2     0     0     0     0

 FEAP *** soft tissue tube with internal hard shell ring                       


   C O N T A C T   I N P U T   D A T A


     C o n t a c t   S u r f a c e   D a t a

     Data Set for Surface Number          5

     Contact Facet Type                QUAD
     Max # of Nodes per Facet             4

     Three D quadrilateral facet with 4 or more nodes
       Surface Sub-command             BLOC POLA
     Block coordinates in POLAR form
       Reference location:
         x_1 =  0.0000E+00 x_2 =  0.0000E+00 x_3 =  0.0000E+00
       Surface Sub-command             BLOC MATE
       Surface Sub-command             BLOC SEGM

 FEAP *** soft tissue tube with internal hard shell ring                       

   C o n t a c t   S u r f a c e   P a t c h   C o o r d i n a t e s

         Node    X-coord.     Y-coord.     Z-coord.

           1   1.0000E-02  -1.8000E+02   0.0000E+00
           2   1.0000E-02  -1.8000E+02   5.0000E-03
           3   1.0000E-02  -9.0000E+01   5.0000E-03
           4   1.0000E-02  -9.0000E+01   0.0000E+00
           5   1.0000E-02  -1.8000E+02   2.5000E-03
           6   1.0000E-02  -1.3500E+02   5.0000E-03
           7   1.0000E-02  -9.0000E+01   2.5000E-03
           8   1.0000E-02  -1.3500E+02   0.0000E+00
           9   1.0000E-02  -1.3500E+02   2.5000E-03

     S u r f a c e    F a c e t    C o n n e c t i o n s

     Facet  1 Node  2 Node  3 Node  4 Node
         1     162     148     127     141
         2     155     162     141     134
         3     183     169     148     162
         4     176     183     162     155
         5     204     190     169     183
         6     197     204     183     176
         7     225     211     190     204
         8     218     225     204     197
         9     246     232     211     225
        10     239     246     225     218
        11     267     253     232     246
        12     260     267     246     239

     C o n t a c t   S u r f a c e   D a t a

     Data Set for Surface Number          6

     Contact Facet Type                QUAD
     Max # of Nodes per Facet             4

     Three D quadrilateral facet with 4 or more nodes
       Surface Sub-command             BLOC POLA
     Block coordinates in POLAR form
       Reference location:
         x_1 =  0.0000E+00 x_2 =  0.0000E+00 x_3 =  0.0000E+00
       Surface Sub-command             BLOC MATE
       Surface Sub-command             BLOC SEGM

 FEAP *** soft tissue tube with internal hard shell ring                       

   C o n t a c t   S u r f a c e   P a t c h   C o o r d i n a t e s

         Node    X-coord.     Y-coord.     Z-coord.

           1   1.0000E-02  -9.0000E+01   0.0000E+00
           2   1.0000E-02  -9.0000E+01   5.0000E-03
           3   1.0000E-02   0.0000E+00   5.0000E-03
           4   1.0000E-02   0.0000E+00   0.0000E+00
           5   1.0000E-02  -9.0000E+01   2.5000E-03
           6   1.0000E-02  -4.5000E+01   5.0000E-03
           7   1.0000E-02   0.0000E+00   2.5000E-03
           8   1.0000E-02  -4.5000E+01   0.0000E+00
           9   1.0000E-02  -4.5000E+01   2.5000E-03

     S u r f a c e    F a c e t    C o n n e c t i o n s

     Facet  1 Node  2 Node  3 Node  4 Node
         1      36      22       1      15
         2      29      36      15       8
         3      57      43      22      36
         4      50      57      36      29
         5      78      64      43      57
         6      71      78      57      50
         7      99      85      64      78
         8      92      99      78      71
         9     120     106      85      99
        10     113     120      99      92
        11     141     127     106     120
        12     134     141     120     113

     C o n t a c t   S u r f a c e   D a t a

     Data Set for Surface Number          7

     Contact Facet Type                QUAD
     Max # of Nodes per Facet             4

     Three D quadrilateral facet with 4 or more nodes
       Surface Sub-command             BLOC POLA
     Block coordinates in POLAR form
       Reference location:
         x_1 =  0.0000E+00 x_2 =  0.0000E+00 x_3 =  0.0000E+00
       Surface Sub-command             BLOC MATE
       Surface Sub-command             BLOC SEGM

 FEAP *** soft tissue tube with internal hard shell ring                       

   C o n t a c t   S u r f a c e   P a t c h   C o o r d i n a t e s

         Node    X-coord.     Y-coord.     Z-coord.

           1   1.0000E-02   0.0000E+00   0.0000E+00
           2   1.0000E-02   0.0000E+00   5.0000E-03
           3   1.0000E-02   9.0000E+01   5.0000E-03
           4   1.0000E-02   9.0000E+01   0.0000E+00
           5   1.0000E-02   0.0000E+00   2.5000E-03
           6   1.0000E-02   4.5000E+01   5.0000E-03
           7   1.0000E-02   9.0000E+01   2.5000E-03
           8   1.0000E-02   4.5000E+01   0.0000E+00
           9   1.0000E-02   4.5000E+01   2.5000E-03

     S u r f a c e    F a c e t    C o n n e c t i o n s

     Facet  1 Node  2 Node  3 Node  4 Node
         1     414     400     379     393
         2     407     414     393     386
         3     435     421     400     414
         4     428     435     414     407
         5     456     442     421     435
         6     449     456     435     428
         7     477     463     442     456
         8     470     477     456     449
         9     498     484     463     477
        10     491     498     477     470
        11      15       1     484     498
        12       8      15     498     491

     C o n t a c t   S u r f a c e   D a t a

     Data Set for Surface Number          8

     Contact Facet Type                QUAD
     Max # of Nodes per Facet             4

     Three D quadrilateral facet with 4 or more nodes
       Surface Sub-command             BLOC POLA
     Block coordinates in POLAR form
       Reference location:
         x_1 =  0.0000E+00 x_2 =  0.0000E+00 x_3 =  0.0000E+00
       Surface Sub-command             BLOC MATE
       Surface Sub-command             BLOC SEGM

 FEAP *** soft tissue tube with internal hard shell ring                       

   C o n t a c t   S u r f a c e   P a t c h   C o o r d i n a t e s

         Node    X-coord.     Y-coord.     Z-coord.

           1   1.0000E-02   9.0000E+01   0.0000E+00
           2   1.0000E-02   9.0000E+01   5.0000E-03
           3   1.0000E-02   1.8000E+02   5.0000E-03
           4   1.0000E-02   1.8000E+02   0.0000E+00
           5   1.0000E-02   9.0000E+01   2.5000E-03
           6   1.0000E-02   1.3500E+02   5.0000E-03
           7   1.0000E-02   1.8000E+02   2.5000E-03
           8   1.0000E-02   1.3500E+02   0.0000E+00
           9   1.0000E-02   1.3500E+02   2.5000E-03

     S u r f a c e    F a c e t    C o n n e c t i o n s

     Facet  1 Node  2 Node  3 Node  4 Node
         1     288     274     253     267
         2     281     288     267     260
         3     309     295     274     288
         4     302     309     288     281
         5     330     316     295     309
         6     323     330     309     302
         7     351     337     316     330
         8     344     351     330     323
         9     372     358     337     351
        10     365     372     351     344
        11     393     379     358     372
        12     386     393     372     365

     C o n t a c t   S u r f a c e   D a t a

     Data Set for Surface Number          1

     Contact Facet Type                QUAD
     Max # of Nodes per Facet             4

     Three D quadrilateral facet with 4 or more nodes
       Surface Sub-command             BLOC POLA
     Block coordinates in POLAR form
       Reference location:
         x_1 =  0.0000E+00 x_2 =  0.0000E+00 x_3 =  0.0000E+00
       Surface Sub-command             BLOC MATE
       Surface Sub-command             BLOC SEGM

 FEAP *** soft tissue tube with internal hard shell ring                       

   C o n t a c t   S u r f a c e   P a t c h   C o o r d i n a t e s

         Node    X-coord.     Y-coord.     Z-coord.

           1   9.5000E-03  -1.8000E+02   3.0000E-03
           2   9.5000E-03  -1.8000E+02   2.0000E-03
           3   9.5000E-03  -9.0000E+01   2.0000E-03
           4   9.5000E-03  -9.0000E+01   3.0000E-03
           5   9.5000E-03  -1.8000E+02   2.5000E-03
           6   9.5000E-03  -1.3500E+02   2.0000E-03
           7   9.5000E-03  -9.0000E+01   2.5000E-03
           8   9.5000E-03  -1.3500E+02   3.0000E-03
           9   9.5000E-03  -1.3500E+02   2.5000E-03

     S u r f a c e    F a c e t    C o n n e c t i o n s

     Facet  1 Node  2 Node  3 Node  4 Node
         1     541     602     603     542
         2     542     603     604     543
         3     543     604     605     544
         4     544     605     606     545
         5     545     606     607     546
         6     546     607     608     547
         7     547     608     609     548
         8     548     609     610     549
         9     549     610     611     550
        10     550     611     612     551
        11     551     612     613     552
        12     552     613     614     553
        13     553     614     615     554
        14     554     615     616     555
        15     555     616     617     556

     C o n t a c t   S u r f a c e   D a t a

     Data Set for Surface Number          2

     Contact Facet Type                QUAD
     Max # of Nodes per Facet             4

     Three D quadrilateral facet with 4 or more nodes
       Surface Sub-command             BLOC POLA
     Block coordinates in POLAR form
       Reference location:
         x_1 =  0.0000E+00 x_2 =  0.0000E+00 x_3 =  0.0000E+00
       Surface Sub-command             BLOC MATE
       Surface Sub-command             BLOC SEGM

 FEAP *** soft tissue tube with internal hard shell ring                       

   C o n t a c t   S u r f a c e   P a t c h   C o o r d i n a t e s

         Node    X-coord.     Y-coord.     Z-coord.

           1   9.5000E-03  -9.0000E+01   3.0000E-03
           2   9.5000E-03  -9.0000E+01   2.0000E-03
           3   9.5000E-03   0.0000E+00   2.0000E-03
           4   9.5000E-03   0.0000E+00   3.0000E-03
           5   9.5000E-03  -9.0000E+01   2.5000E-03
           6   9.5000E-03  -4.5000E+01   2.0000E-03
           7   9.5000E-03   0.0000E+00   2.5000E-03
           8   9.5000E-03  -4.5000E+01   3.0000E-03
           9   9.5000E-03  -4.5000E+01   2.5000E-03

     S u r f a c e    F a c e t    C o n n e c t i o n s

     Facet  1 Node  2 Node  3 Node  4 Node
         1     526     587     588     527
         2     527     588     589     528
         3     528     589     590     529
         4     529     590     591     530
         5     530     591     592     531
         6     531     592     593     532
         7     532     593     594     533
         8     533     594     595     534
         9     534     595     596     535
        10     535     596     597     536
        11     536     597     598     537
        12     537     598     599     538
        13     538     599     600     539
        14     539     600     601     540
        15     540     601     602     541

     C o n t a c t   S u r f a c e   D a t a

     Data Set for Surface Number          3

     Contact Facet Type                QUAD
     Max # of Nodes per Facet             4

     Three D quadrilateral facet with 4 or more nodes
       Surface Sub-command             BLOC POLA
     Block coordinates in POLAR form
       Reference location:
         x_1 =  0.0000E+00 x_2 =  0.0000E+00 x_3 =  0.0000E+00
       Surface Sub-command             BLOC MATE
       Surface Sub-command             BLOC SEGM

 FEAP *** soft tissue tube with internal hard shell ring                       

   C o n t a c t   S u r f a c e   P a t c h   C o o r d i n a t e s

         Node    X-coord.     Y-coord.     Z-coord.

           1   9.5000E-03   0.0000E+00   3.0000E-03
           2   9.5000E-03   0.0000E+00   2.0000E-03
           3   9.5000E-03   9.0000E+01   2.0000E-03
           4   9.5000E-03   9.0000E+01   3.0000E-03
           5   9.5000E-03   0.0000E+00   2.5000E-03
           6   9.5000E-03   4.5000E+01   2.0000E-03
           7   9.5000E-03   9.0000E+01   2.5000E-03
           8   9.5000E-03   4.5000E+01   3.0000E-03
           9   9.5000E-03   4.5000E+01   2.5000E-03

     S u r f a c e    F a c e t    C o n n e c t i o n s

     Facet  1 Node  2 Node  3 Node  4 Node
         1     571     632     633     572
         2     572     633     634     573
         3     573     634     635     574
         4     574     635     636     575
         5     575     636     637     576
         6     576     637     638     577
         7     577     638     639     578
         8     578     639     640     579
         9     579     640     641     580
        10     580     641     642     581
        11     581     642     643     582
        12     582     643     644     583
        13     583     644     645     584
        14     584     645     646     585
        15     585     646     587     526

     C o n t a c t   S u r f a c e   D a t a

     Data Set for Surface Number          4

     Contact Facet Type                QUAD
     Max # of Nodes per Facet             4

     Three D quadrilateral facet with 4 or more nodes
       Surface Sub-command             BLOC POLA
     Block coordinates in POLAR form
       Reference location:
         x_1 =  0.0000E+00 x_2 =  0.0000E+00 x_3 =  0.0000E+00
       Surface Sub-command             BLOC MATE
       Surface Sub-command             BLOC SEGM

 FEAP *** soft tissue tube with internal hard shell ring                       

   C o n t a c t   S u r f a c e   P a t c h   C o o r d i n a t e s

         Node    X-coord.     Y-coord.     Z-coord.

           1   9.5000E-03   9.0000E+01   3.0000E-03
           2   9.5000E-03   9.0000E+01   2.0000E-03
           3   9.5000E-03   1.8000E+02   2.0000E-03
           4   9.5000E-03   1.8000E+02   3.0000E-03
           5   9.5000E-03   9.0000E+01   2.5000E-03
           6   9.5000E-03   1.3500E+02   2.0000E-03
           7   9.5000E-03   1.8000E+02   2.5000E-03
           8   9.5000E-03   1.3500E+02   3.0000E-03
           9   9.5000E-03   1.3500E+02   2.5000E-03

     S u r f a c e    F a c e t    C o n n e c t i o n s

     Facet  1 Node  2 Node  3 Node  4 Node
         1     556     617     618     557
         2     557     618     619     558
         3     558     619     620     559
         4     559     620     621     560
         5     560     621     622     561
         6     561     622     623     562
         7     562     623     624     563
         8     563     624     625     564
         9     564     625     626     565
        10     565     626     627     566
        11     566     627     628     567
        12     567     628     629     568
        13     568     629     630     569
        14     569     630     631     570
        15     570     631     632     571

     C o n t a c t   P a i r   D a t a

     Data Set for Pair Number             1
     Contact Pair Type:                NTOS

     Node-to-Segment Contact Model
       Slave  Surface                     5
       Master Surface                     1

       P a i r   F e a t u r e:        SOLM
       Solution Method:                PENA
         PENA - Penalty                
         LAGM - Lagrangian Multiplier  
         PERT - Perterbed Tangent      
       Normal     Penalty              1.00000E+07
       Tangential Penalty              1.00000E+06
       Normal Force Limit              0.00000E+00

       P a i r   F e a t u r e:        TOLE
       Contact Tolerances:
         Initial Penetration Tolerance  1.00000E-06
         Open Gap Tolerance             1.00000E-06
         Out of Facet Tolerance         1.00000E-05

     C o n t a c t   P a i r   D a t a

     Data Set for Pair Number             2
     Contact Pair Type:                NTOS

     Node-to-Segment Contact Model
       Slave  Surface                     6
       Master Surface                     2

       P a i r   F e a t u r e:        SOLM
       Solution Method:                PENA
         PENA - Penalty                
         LAGM - Lagrangian Multiplier  
         PERT - Perterbed Tangent      
       Normal     Penalty              1.00000E+07
       Tangential Penalty              1.00000E+06
       Normal Force Limit              0.00000E+00

       P a i r   F e a t u r e:        TOLE
       Contact Tolerances:
         Initial Penetration Tolerance  1.00000E-06
         Open Gap Tolerance             1.00000E-06
         Out of Facet Tolerance         1.00000E-05

     C o n t a c t   P a i r   D a t a

     Data Set for Pair Number             3
     Contact Pair Type:                NTOS

     Node-to-Segment Contact Model
       Slave  Surface                     7
       Master Surface                     3

       P a i r   F e a t u r e:        SOLM
       Solution Method:                PENA
         PENA - Penalty                
         LAGM - Lagrangian Multiplier  
         PERT - Perterbed Tangent      
       Normal     Penalty              1.00000E+07
       Tangential Penalty              1.00000E+06
       Normal Force Limit              0.00000E+00

       P a i r   F e a t u r e:        TOLE
       Contact Tolerances:
         Initial Penetration Tolerance  1.00000E-06
         Open Gap Tolerance             1.00000E-06
         Out of Facet Tolerance         1.00000E-05

     C o n t a c t   P a i r   D a t a

     Data Set for Pair Number             4
     Contact Pair Type:                NTOS

     Node-to-Segment Contact Model
       Slave  Surface                     8
       Master Surface                     4

       P a i r   F e a t u r e:        SOLM
       Solution Method:                PENA
         PENA - Penalty                
         LAGM - Lagrangian Multiplier  
         PERT - Perterbed Tangent      
       Normal     Penalty              1.00000E+07
       Tangential Penalty              1.00000E+06
       Normal Force Limit              0.00000E+00

       P a i r   F e a t u r e:        TOLE
       Contact Tolerances:
         Initial Penetration Tolerance  1.00000E-06
         Open Gap Tolerance             1.00000E-06
         Out of Facet Tolerance         1.00000E-05

  ---------------------------- END OF CONTACT INPUTS -------------------------


    Material  Element Set  Element Type  NH1/2 History  NH3 History  NH4 History
         1            1     Solid                 2            0            0
         2            2     Pressure              0            0            0
         3            3     Shell                 0            0            0

     P a r t i t i o n   1

     E q u a t i o n / P r o b l e m   S u m m a r y:

       Mesh dimension  (ndm) =         3 :  Number nodes     =             647
       Number dof/node (ndf) =         6 :  Number elements  =             396
       Element eqs.   (nadd) =         0 :  Number materials =               4
       Number rigid bodies   =         0 :  Number equations =            1964
                                         :  Number global eq =               0
       Number joints         =         0 :  Number tang terms=          281351
       Transient integrator  = Static    :  Average col. ht. =             144


  ---------------------------- END OF MESH INPUTS ----------------------------


 FEAP *** soft tissue tube with internal hard shell ring                       

     Solution Commands       Variable 1  Variable 2  Variable 3
       PROP                  1.0000E+00  0.0000E+00  0.0000E+00
 *Command   1 * prop                v:   1.00       0.00       0.00    
                                                         t=     0.068     0.014
  Proportional Load Table Number  1
  Type 2: Piecewise Linear Function Variation
  Linear Interpolation Table
   No.    Time        Value
    1   0.00000E+00   0.00000E+00
    2   1.00000E+00   1.00000E+00
 *End of Solution Execution*                             t=     0.069     0.014

 FEAP *** soft tissue tube with internal hard shell ring                       

     Solution Commands       Variable 1  Variable 2  Variable 3
       PLOT      PERS        1.0000E+00  0.0000E+00  0.0000E+00
 *Command   1 * plot PERS           v:   1.00       0.00       0.00    
                                                         t=     0.069     0.014
 Body occupies the space with:
                 X             Y             Z
   Minimum   -1.50000E-02  -1.50000E-02   0.00000E+00
   Maximum    1.50000E-02   1.50000E-02   5.00000E-03
   View pt    0.00000E+00   0.00000E+00   6.00000E-01

   Components of vertical vector   (X,Y,Z).
          X= 0.00E+00, Y= 1.00E+00, Z= 0.00E+00

 *End of Solution Execution*                             t=     0.072     0.014

 FEAP *** soft tissue tube with internal hard shell ring                       

     Solution Commands       Variable 1  Variable 2  Variable 3
       PLOT      HIDE        0.0000E+00  0.0000E+00  0.0000E+00
       PLOT      ROTA        2.0000E+00  4.5000E+01  0.0000E+00
       PLOT      MESH        0.0000E+00  0.0000E+00  0.0000E+00
       PLOT      AXIS        0.0000E+00  0.0000E+00  0.0000E+00
       PLOT      CYLI        0.0000E+00  0.0000E+00  0.0000E+00
       PLOT      DEFO        0.0000E+00  0.0000E+00  0.0000E+00
       plot      pair        1.0000E+00  4.0000E+00  0.0000E+00
 *Command   1 * plot HIDE           v:   0.00       0.00       0.00    
                                                         t=     0.073     0.014
 *Command   2 * plot ROTA           v:   2.00       45.0       0.00    
                                                         t=     0.073     0.014
 *Command   3 * plot MESH           v:   0.00       0.00       0.00    
                                                         t=     0.074     0.016
 *Command   4 * plot AXIS           v:   0.00       0.00       0.00    
                                                         t=     0.074     0.016
 *Command   5 * plot CYLI           v:   0.00       0.00       0.00    
                                                         t=     0.074     0.016
 *Command   6 * plot DEFO           v:   0.00       0.00       0.00    
                                                         t=     0.074     0.016
  -> Plots on deformed mesh with scale: 1.00000E+00
                     Eigenvector scale: 0.00000E+00
 *Command   7 * plot pair           v:   1.00       4.00       0.00    
                                                         t=     0.074     0.017
 *End of Solution Execution*                             t=     0.074     0.017
 *End of Solution Execution*                             t=     0.074     0.017

 FEAP *** soft tissue tube with internal hard shell ring                       

     Solution Commands       Variable 1  Variable 2  Variable 3
       cyli      0           0.0000E+00  0.0000E+00  0.0000E+00
       DT                    1.0000E-02  0.0000E+00  0.0000E+00
       LOOP      time        4.0000E+01  0.0000E+00  0.0000E+00
       TIME                  0.0000E+00  0.0000E+00  0.0000E+00
       CONT      CHECK       0.0000E+00  0.0000E+00  0.0000E+00
       LOOP      newton      5.0000E+01  0.0000E+00  0.0000E+00
       UTANG                 1.0000E+00  0.0000E+00  0.0000E+00
       NEXT      newton      0.0000E+00  0.0000E+00  0.0000E+00
       PLOT      WIPE        0.0000E+00  0.0000E+00  0.0000E+00
       PLOT      UNDE        0.0000E+00  0.0000E+00  0.0000E+00
       PLOT      MESH        0.0000E+00  0.0000E+00  0.0000E+00
       PLOT      DEFO        1.0000E+00  1.0000E+00  0.0000E+00
       PLOT      PAIR        1.0000E+00  4.0000E+00  0.0000E+00
       NEXT      time        0.0000E+00  0.0000E+00  0.0000E+00
 *Command   1 * cyli 0              v:   0.00       0.00       0.00    
                                                         t=     0.074     0.017
   Coordinates in Cartesian coordinates;
 Displacements in cylindrical coordinates.
   Transformation origin located at:
    x(1) =  0.00000E+00    x(2) =  0.00000E+00    x(3) =  0.00000E+00
 *Command   2 * dt                  v:  0.100E-01   0.00       0.00    
                                                         t=     0.074     0.017
   DT: equal linear increments = 1.000000E-02
 *Command   3 * loop time           v:   40.0       15.0       0.00    
                                                         t=     0.074     0.017
 *Command   4 * time                v:   0.00       0.00       0.00    
                                                         t=     0.074     0.017

   Computing solution at time   1.0000E-02 using dt =  1.0000E-02
   Total proportional load is   1.0000E-02
 *Command   5 * cont CHECK          v:   0.00       0.00       0.00    
                                                         t=     0.076     0.017

   Pair Number =   1,  Total Slave Points =    21

    0 - Not in Contact           =    21
    1 - Number to a Facet        =     0
    2 - Number to a Concave Edge =     0
    3 - Number to a Convex  Edge =     0
    4 - Number to a Point        =     0


   Pair Number =   2,  Total Slave Points =    21

    0 - Not in Contact           =    21
    1 - Number to a Facet        =     0
    2 - Number to a Concave Edge =     0
    3 - Number to a Convex  Edge =     0
    4 - Number to a Point        =     0


   Pair Number =   3,  Total Slave Points =    21

    0 - Not in Contact           =    21
    1 - Number to a Facet        =     0
    2 - Number to a Concave Edge =     0
    3 - Number to a Convex  Edge =     0
    4 - Number to a Point        =     0


   Pair Number =   4,  Total Slave Points =    21

    0 - Not in Contact           =    21
    1 - Number to a Facet        =     0
    2 - Number to a Concave Edge =     0
    3 - Number to a Convex  Edge =     0
    4 - Number to a Point        =     0

-->Contact check
 *Command   6 * loop newton         v:   50.0       9.00       0.00    
                                                         t=     0.076     0.017
 *Command   7 * utan                v:   1.00       0.00       0.00    
                                                         t=     0.076     0.017
   Residual 1 norm =  5.8234285E-02 Rel =  1.0000000E+00 t=     0.084     0.019
      Convergence: Equations  norm   = F
      Convergence: Individual groups = F
 Condition check: D-max 0.4123E+08; D-min 0.2762E-01; Ratio 0.1493E+10
 Maximum no. diagonal digits lost:  5 in reducing equation    1961
   End Triangular Decomposition                          t=     0.103     0.020
   Number of operations =  363111 plus       51 Mega-ops
  Time: CPU =         0.10 , System =         0.02
--> SOLVE AT  5521.43 Mflops. Time=        0.02
   Energy convergence check
    Initial   =    1.518335644577311E-05 Current   =    1.518335644577311E-05
    Relative  =    1.000000000000000E+00 Tolerance =    1.000000000000000E-16
      Convergence: Energy |R*u| norm = F
      Convergence: Individual groups = F
 *Command   8 * next newton         v:   1.00       7.00       1.00    
                                                         t=     0.104     0.020
 *Command   7 * utan                v:   1.00       0.00       0.00    
                                                         t=     0.104     0.020
   Residual 1 norm =  6.5924297E-04 Rel =  1.1320530E-02 t=     0.113     0.020
      Convergence: Equations  norm   = F
      Convergence: Individual groups = F
 Condition check: D-max 0.4123E+08; D-min 0.2762E-01; Ratio 0.1493E+10
 Maximum no. diagonal digits lost:  5 in reducing equation    1961
   End Triangular Decomposition                          t=     0.132     0.021
   Number of operations =  363111 plus       51 Mega-ops
  Time: CPU =         0.13 , System =         0.02
--> SOLVE AT  5312.69 Mflops. Time=        0.02
   Energy convergence check
    Initial   =    1.518335644577311E-05 Current   =    1.694252002410357E-10
    Relative  =    1.115861310680102E-05 Tolerance =    1.000000000000000E-16
      Convergence: Energy |R*u| norm = F
      Convergence: Individual groups = F
 *Command   8 * next newton         v:   2.00       7.00       2.00    
                                                         t=     0.134     0.021
 *Command   7 * utan                v:   1.00       0.00       0.00    
                                                         t=     0.134     0.021
   Residual 1 norm =  3.4368666E-09 Rel =  5.9017924E-08 t=     0.143     0.021
      Convergence: Equations  norm   = F
      Convergence: Individual groups = F
 Condition check: D-max 0.4123E+08; D-min 0.2762E-01; Ratio 0.1493E+10
 Maximum no. diagonal digits lost:  5 in reducing equation    1961
   End Triangular Decomposition                          t=     0.163     0.021
   Number of operations =  363111 plus       51 Mega-ops
  Time: CPU =         0.16 , System =         0.02
--> SOLVE AT  5224.34 Mflops. Time=        0.02
   Energy convergence check
    Initial   =    1.518335644577311E-05 Current   =    2.080547190834372E-20
    Relative  =    1.370281464618829E-15 Tolerance =    1.000000000000000E-16
      Convergence: Energy |R*u| norm = F
      Convergence: Individual groups = F
 *Command   8 * next newton         v:   3.00       7.00       3.00    
                                                         t=     0.164     0.021
 *Command   7 * utan                v:   1.00       0.00       0.00    
                                                         t=     0.164     0.021
   Residual 1 norm =  6.3187883E-16 Rel =  1.0850633E-14 t=     0.173     0.021
      Convergence: Equations  norm   = T
      Convergence: Individual groups = T
 Condition check: D-max 0.4123E+08; D-min 0.2762E-01; Ratio 0.1493E+10
 Maximum no. diagonal digits lost:  5 in reducing equation    1961
   End Triangular Decomposition                          t=     0.192     0.021
   Number of operations =  363111 plus       51 Mega-ops
  Time: CPU =         0.19 , System =         0.02
--> SOLVE AT  5279.65 Mflops. Time=        0.02
   Energy convergence check
    Initial   =    1.518335644577311E-05 Current   =    1.804173369804928E-35
    Relative  =    1.188257271209088E-30 Tolerance =    1.000000000000000E-16
      Convergence: Energy |R*u| norm = T
      Convergence: Individual groups = T
 *Command   8 * next newton         v:   50.0       7.00       4.00    
                                                         t=     0.194     0.021
 *Command   9 * plot WIPE           v:   0.00       0.00       0.00    
                                                         t=     0.194     0.021
 *Command  10 * plot UNDE           v:   0.00       0.00       0.00    
                                                         t=     0.194     0.021
 *Command  11 * plot MESH           v:   0.00       0.00       0.00    
                                                         t=     0.194     0.021
 *Command  12 * plot DEFO           v:   1.00       1.00       0.00    
                                                         t=     0.194     0.021
  -> Plots on deformed mesh with scale: 1.00000E+00
                     Eigenvector scale: 0.00000E+00
 *Command  13 * plot PAIR           v:   1.00       4.00       0.00    
                                                         t=     0.194     0.021
 *Command  14 * next time           v:   1.00       4.00       1.00    
                                                         t=     0.194     0.022
 *Command   4 * time                v:   0.00       0.00       0.00    
                                                         t=     0.194     0.022

   Computing solution at time   2.0000E-02 using dt =  1.0000E-02
   Total proportional load is   2.0000E-02
 *Command   5 * cont CHECK          v:   0.00       0.00       0.00    
                                                         t=     0.196     0.022

   Pair Number =   1,  Total Slave Points =    21

    0 - Not in Contact           =    21
    1 - Number to a Facet        =     0
    2 - Number to a Concave Edge =     0
    3 - Number to a Convex  Edge =     0
    4 - Number to a Point        =     0


   Pair Number =   2,  Total Slave Points =    21

    0 - Not in Contact           =    21
    1 - Number to a Facet        =     0
    2 - Number to a Concave Edge =     0
    3 - Number to a Convex  Edge =     0
    4 - Number to a Point        =     0


   Pair Number =   3,  Total Slave Points =    21

    0 - Not in Contact           =    21
    1 - Number to a Facet        =     0
    2 - Number to a Concave Edge =     0
    3 - Number to a Convex  Edge =     0
    4 - Number to a Point        =     0


   Pair Number =   4,  Total Slave Points =    21

    0 - Not in Contact           =    21
    1 - Number to a Facet        =     0
    2 - Number to a Concave Edge =     0
    3 - Number to a Convex  Edge =     0
    4 - Number to a Point        =     0

-->Contact check
 *Command   6 * loop newton         v:   50.0       9.00       0.00    
                                                         t=     0.196     0.022
 *Command   7 * utan                v:   1.00       0.00       0.00    
                                                         t=     0.196     0.022
   Residual 1 norm =  5.8196053E-02 Rel =  1.0000000E+00 t=     0.205     0.022
      Convergence: Equations  norm   = F
      Convergence: Individual groups = F
 Condition check: D-max 0.4123E+08; D-min 0.2762E-01; Ratio 0.1493E+10
 Maximum no. diagonal digits lost:  5 in reducing equation    1961
   End Triangular Decomposition                          t=     0.225     0.023
   Number of operations =  363111 plus       51 Mega-ops
  Time: CPU =         0.23 , System =         0.02
--> SOLVE AT  5167.32 Mflops. Time=        0.02
   Energy convergence check
    Initial   =    1.507884016910003E-05 Current   =    1.507884016910003E-05
    Relative  =    1.000000000000000E+00 Tolerance =    1.000000000000000E-16
      Convergence: Energy |R*u| norm = F
      Convergence: Individual groups = F
 *Command   8 * next newton         v:   1.00       7.00       1.00    
                                                         t=     0.226     0.023
 *Command   7 * utan                v:   1.00       0.00       0.00    
                                                         t=     0.226     0.023
   Residual 1 norm =  6.5170387E-04 Rel =  1.1198420E-02 t=     0.235     0.023
      Convergence: Equations  norm   = F
      Convergence: Individual groups = F
 Condition check: D-max 0.4123E+08; D-min 0.2762E-01; Ratio 0.1493E+10
 Maximum no. diagonal digits lost:  5 in reducing equation    1961
   End Triangular Decomposition                          t=     0.255     0.023
   Number of operations =  363111 plus       51 Mega-ops
  Time: CPU =         0.26 , System =         0.02
--> SOLVE AT  5124.27 Mflops. Time=        0.02
   Energy convergence check
    Initial   =    1.507884016910003E-05 Current   =    1.670266674578073E-10
    Relative  =    1.107689090040777E-05 Tolerance =    1.000000000000000E-16
      Convergence: Energy |R*u| norm = F
      Convergence: Individual groups = F
 *Command   8 * next newton         v:   2.00       7.00       2.00    
                                                         t=     0.257     0.023
 *Command   7 * utan                v:   1.00       0.00       0.00    
                                                         t=     0.257     0.023
   Residual 1 norm =  3.3714688E-09 Rel =  5.7932946E-08 t=     0.265     0.023
      Convergence: Equations  norm   = F
      Convergence: Individual groups = F
 Condition check: D-max 0.4123E+08; D-min 0.2762E-01; Ratio 0.1493E+10
 Maximum no. diagonal digits lost:  5 in reducing equation    1961
   End Triangular Decomposition                          t=     0.285     0.023
   Number of operations =  363111 plus       51 Mega-ops
  Time: CPU =         0.29 , System =         0.02
--> SOLVE AT  5263.43 Mflops. Time=        0.02
   Energy convergence check
    Initial   =    1.507884016910003E-05 Current   =    2.022426126562263E-20
    Relative  =    1.341234540509736E-15 Tolerance =    1.000000000000000E-16
      Convergence: Energy |R*u| norm = F
      Convergence: Individual groups = F
 *Command   8 * next newton         v:   3.00       7.00       3.00    
                                                         t=     0.286     0.023
 *Command   7 * utan                v:   1.00       0.00       0.00    
                                                         t=     0.286     0.023
   Residual 1 norm =  1.0321580E-15 Rel =  1.7735877E-14 t=     0.295     0.023
      Convergence: Equations  norm   = T
      Convergence: Individual groups = T
 Condition check: D-max 0.4123E+08; D-min 0.2762E-01; Ratio 0.1493E+10
 Maximum no. diagonal digits lost:  5 in reducing equation    1961
   End Triangular Decomposition                          t=     0.314     0.023
   Number of operations =  363111 plus       51 Mega-ops
  Time: CPU =         0.32 , System =         0.02
--> SOLVE AT  5334.21 Mflops. Time=        0.02
   Energy convergence check
    Initial   =    1.507884016910003E-05 Current   =    5.340254328669422E-35
    Relative  =    3.541555098921212E-30 Tolerance =    1.000000000000000E-16
      Convergence: Energy |R*u| norm = T
      Convergence: Individual groups = T
 *Command   8 * next newton         v:   50.0       7.00       4.00    
                                                         t=     0.315     0.023
 *Command   9 * plot WIPE           v:   0.00       0.00       0.00    
                                                         t=     0.315     0.023
 *Command  10 * plot UNDE           v:   0.00       0.00       0.00    
                                                         t=     0.316     0.023
 *Command  11 * plot MESH           v:   0.00       0.00       0.00    
                                                         t=     0.316     0.023
 *Command  12 * plot DEFO           v:   1.00       1.00       0.00    
                                                         t=     0.316     0.023
  -> Plots on deformed mesh with scale: 1.00000E+00
                     Eigenvector scale: 0.00000E+00
 *Command  13 * plot PAIR           v:   1.00       4.00       0.00    
                                                         t=     0.316     0.023
 *Command  14 * next time           v:   2.00       4.00       2.00    
                                                         t=     0.317     0.023
 *Command   4 * time                v:   0.00       0.00       0.00    
                                                         t=     0.317     0.023

   Computing solution at time   3.0000E-02 using dt =  1.0000E-02
   Total proportional load is   3.0000E-02
 *Command   5 * cont CHECK          v:   0.00       0.00       0.00    
                                                         t=     0.318     0.023

   Pair Number =   1,  Total Slave Points =    21

    0 - Not in Contact           =    21
    1 - Number to a Facet        =     0
    2 - Number to a Concave Edge =     0
    3 - Number to a Convex  Edge =     0
    4 - Number to a Point        =     0


   Pair Number =   2,  Total Slave Points =    21

    0 - Not in Contact           =    21
    1 - Number to a Facet        =     0
    2 - Number to a Concave Edge =     0
    3 - Number to a Convex  Edge =     0
    4 - Number to a Point        =     0


   Pair Number =   3,  Total Slave Points =    21

    0 - Not in Contact           =    21
    1 - Number to a Facet        =     0
    2 - Number to a Concave Edge =     0
    3 - Number to a Convex  Edge =     0
    4 - Number to a Point        =     0


   Pair Number =   4,  Total Slave Points =    21

    0 - Not in Contact           =    21
    1 - Number to a Facet        =     0
    2 - Number to a Concave Edge =     0
    3 - Number to a Convex  Edge =     0
    4 - Number to a Point        =     0

-->Contact check
 *Command   6 * loop newton         v:   50.0       9.00       0.00    
                                                         t=     0.318     0.023
 *Command   7 * utan                v:   1.00       0.00       0.00    
                                                         t=     0.318     0.023
   Residual 1 norm =  5.8157968E-02 Rel =  1.0000000E+00 t=     0.329     0.023
      Convergence: Equations  norm   = F
      Convergence: Individual groups = F
 Condition check: D-max 0.4123E+08; D-min 0.2762E-01; Ratio 0.1493E+10
 Maximum no. diagonal digits lost:  5 in reducing equation    1961
   End Triangular Decomposition                          t=     0.350     0.023
   Number of operations =  363111 plus       51 Mega-ops
  Time: CPU =         0.35 , System =         0.02
--> SOLVE AT  4925.26 Mflops. Time=        0.02
   Energy convergence check
    Initial   =    1.497525802607937E-05 Current   =    1.497525802607937E-05
    Relative  =    1.000000000000000E+00 Tolerance =    1.000000000000000E-16
      Convergence: Energy |R*u| norm = F
      Convergence: Individual groups = F
 *Command   8 * next newton         v:   1.00       7.00       1.00    
                                                         t=     0.351     0.023
 *Command   7 * utan                v:   1.00       0.00       0.00    
                                                         t=     0.351     0.023
   Residual 1 norm =  6.4425562E-04 Rel =  1.1077684E-02 t=     0.360     0.023
      Convergence: Equations  norm   = F
      Convergence: Individual groups = F
 Condition check: D-max 0.4123E+08; D-min 0.2762E-01; Ratio 0.1493E+10
 Maximum no. diagonal digits lost:  5 in reducing equation    1961
   End Triangular Decomposition                          t=     0.382     0.023
   Number of operations =  363111 plus       51 Mega-ops
  Time: CPU =         0.38 , System =         0.02
--> SOLVE AT  4715.68 Mflops. Time=        0.02
   Energy convergence check
    Initial   =    1.497525802607937E-05 Current   =    1.646622237276738E-10
    Relative  =    1.099561846887146E-05 Tolerance =    1.000000000000000E-16
      Convergence: Energy |R*u| norm = F
      Convergence: Individual groups = F
 *Command   8 * next newton         v:   2.00       7.00       2.00    
                                                         t=     0.383     0.023
 *Command   7 * utan                v:   1.00       0.00       0.00    
                                                         t=     0.383     0.023
   Residual 1 norm =  3.3074101E-09 Rel =  5.6869423E-08 t=     0.394     0.023
      Convergence: Equations  norm   = F
      Convergence: Individual groups = F
 Condition check: D-max 0.4123E+08; D-min 0.2762E-01; Ratio 0.1493E+10
 Maximum no. diagonal digits lost:  5 in reducing equation    1961
   End Triangular Decomposition                          t=     0.419     0.024
   Number of operations =  363111 plus       51 Mega-ops
  Time: CPU =         0.42 , System =         0.02
--> SOLVE AT  4196.34 Mflops. Time=        0.02
   Energy convergence check
    Initial   =    1.497525802607937E-05 Current   =    1.965862626773047E-20
    Relative  =    1.312740403771009E-15 Tolerance =    1.000000000000000E-16
      Convergence: Energy |R*u| norm = F
      Convergence: Individual groups = F
 *Command   8 * next newton         v:   3.00       7.00       3.00    
                                                         t=     0.420     0.024
 *Command   7 * utan                v:   1.00       0.00       0.00    
                                                         t=     0.420     0.024
   Residual 1 norm =  1.4155266E-15 Rel =  2.4339341E-14 t=     0.429     0.024
      Convergence: Equations  norm   = T
      Convergence: Individual groups = T
 Condition check: D-max 0.4123E+08; D-min 0.2762E-01; Ratio 0.1493E+10
 Maximum no. diagonal digits lost:  5 in reducing equation    1961
   End Triangular Decomposition                          t=     0.448     0.024
   Number of operations =  363111 plus       51 Mega-ops
  Time: CPU =         0.45 , System =         0.02
--> SOLVE AT  5289.99 Mflops. Time=        0.02
   Energy convergence check
    Initial   =    1.497525802607937E-05 Current   =    1.202245002193677E-34
    Relative  =    8.028208930356799E-30 Tolerance =    1.000000000000000E-16
      Convergence: Energy |R*u| norm = T
      Convergence: Individual groups = T
 *Command   8 * next newton         v:   50.0       7.00       4.00    
                                                         t=     0.450     0.024
 *Command   9 * plot WIPE           v:   0.00       0.00       0.00    
                                                         t=     0.450     0.024
 *Command  10 * plot UNDE           v:   0.00       0.00       0.00    
                                                         t=     0.450     0.024
 *Command  11 * plot MESH           v:   0.00       0.00       0.00    
                                                         t=     0.450     0.024
 *Command  12 * plot DEFO           v:   1.00       1.00       0.00    
                                                         t=     0.450     0.024
  -> Plots on deformed mesh with scale: 1.00000E+00
                     Eigenvector scale: 0.00000E+00
 *Command  13 * plot PAIR           v:   1.00       4.00       0.00    
                                                         t=     0.450     0.025
 *Command  14 * next time           v:   3.00       4.00       3.00    
                                                         t=     0.450     0.025
 *Command   4 * time                v:   0.00       0.00       0.00    
                                                         t=     0.450     0.025

   Computing solution at time   4.0000E-02 using dt =  1.0000E-02
   Total proportional load is   4.0000E-02
 *Command   5 * cont CHECK          v:   0.00       0.00       0.00    
                                                         t=     0.451     0.025

   Pair Number =   1,  Total Slave Points =    21

    0 - Not in Contact           =    21
    1 - Number to a Facet        =     0
    2 - Number to a Concave Edge =     0
    3 - Number to a Convex  Edge =     0
    4 - Number to a Point        =     0


   Pair Number =   2,  Total Slave Points =    21

    0 - Not in Contact           =    21
    1 - Number to a Facet        =     0
    2 - Number to a Concave Edge =     0
    3 - Number to a Convex  Edge =     0
    4 - Number to a Point        =     0


   Pair Number =   3,  Total Slave Points =    21

    0 - Not in Contact           =    21
    1 - Number to a Facet        =     0
    2 - Number to a Concave Edge =     0
    3 - Number to a Convex  Edge =     0
    4 - Number to a Point        =     0


   Pair Number =   4,  Total Slave Points =    21

    0 - Not in Contact           =    21
    1 - Number to a Facet        =     0
    2 - Number to a Concave Edge =     0
    3 - Number to a Convex  Edge =     0
    4 - Number to a Point        =     0

-->Contact check
 *Command   6 * loop newton         v:   50.0       9.00       0.00    
                                                         t=     0.451     0.025
 *Command   7 * utan                v:   1.00       0.00       0.00    
                                                         t=     0.451     0.025
   Residual 1 norm =  5.8120029E-02 Rel =  1.0000000E+00 t=     0.460     0.025
      Convergence: Equations  norm   = F
      Convergence: Individual groups = F
 Condition check: D-max 0.4123E+08; D-min 0.2762E-01; Ratio 0.1493E+10
 Maximum no. diagonal digits lost:  5 in reducing equation    1961
   End Triangular Decomposition                          t=     0.480     0.026
   Number of operations =  363111 plus       51 Mega-ops
  Time: CPU =         0.48 , System =         0.03
--> SOLVE AT  5217.97 Mflops. Time=        0.02
   Energy convergence check
    Initial   =    1.487260331720315E-05 Current   =    1.487260331720315E-05
    Relative  =    1.000000000000000E+00 Tolerance =    1.000000000000000E-16
      Convergence: Energy |R*u| norm = F
      Convergence: Individual groups = F
 *Command   8 * next newton         v:   1.00       7.00       1.00    
                                                         t=     0.482     0.026
 *Command   7 * utan                v:   1.00       0.00       0.00    
                                                         t=     0.482     0.026
   Residual 1 norm =  6.3689725E-04 Rel =  1.0958309E-02 t=     0.490     0.026
      Convergence: Equations  norm   = F
      Convergence: Individual groups = F
 Condition check: D-max 0.4123E+08; D-min 0.2762E-01; Ratio 0.1493E+10
 Maximum no. diagonal digits lost:  5 in reducing equation    1961
   End Triangular Decomposition                          t=     0.510     0.026
   Number of operations =  363111 plus       51 Mega-ops
  Time: CPU =         0.51 , System =         0.03
--> SOLVE AT  5226.73 Mflops. Time=        0.02
   Energy convergence check
    Initial   =    1.487260331720315E-05 Current   =    1.623315073164234E-10
    Relative  =    1.091480111815087E-05 Tolerance =    1.000000000000000E-16
      Convergence: Energy |R*u| norm = F
      Convergence: Individual groups = F
 *Command   8 * next newton         v:   2.00       7.00       2.00    
                                                         t=     0.511     0.027
 *Command   7 * utan                v:   1.00       0.00       0.00    
                                                         t=     0.511     0.027
   Residual 1 norm =  3.2446630E-09 Rel =  5.5826933E-08 t=     0.520     0.027
      Convergence: Equations  norm   = F
      Convergence: Individual groups = F
 Condition check: D-max 0.4123E+08; D-min 0.2762E-01; Ratio 0.1493E+10
 Maximum no. diagonal digits lost:  5 in reducing equation    1961
   End Triangular Decomposition                          t=     0.539     0.027
   Number of operations =  363111 plus       51 Mega-ops
  Time: CPU =         0.54 , System =         0.03
--> SOLVE AT  5420.04 Mflops. Time=        0.02
   Energy convergence check
    Initial   =    1.487260331720315E-05 Current   =    1.910820990325937E-20
    Relative  =    1.284792547459185E-15 Tolerance =    1.000000000000000E-16
      Convergence: Energy |R*u| norm = F
      Convergence: Individual groups = F
 *Command   8 * next newton         v:   3.00       7.00       3.00    
                                                         t=     0.540     0.027
 *Command   7 * utan                v:   1.00       0.00       0.00    
                                                         t=     0.540     0.027
   Residual 1 norm =  2.6505501E-15 Rel =  4.5604762E-14 t=     0.548     0.027
      Convergence: Equations  norm   = T
      Convergence: Individual groups = T
 Condition check: D-max 0.4123E+08; D-min 0.2762E-01; Ratio 0.1493E+10
 Maximum no. diagonal digits lost:  5 in reducing equation    1961
   End Triangular Decomposition                          t=     0.567     0.027
   Number of operations =  363111 plus       51 Mega-ops
  Time: CPU =         0.57 , System =         0.03
--> SOLVE AT  5585.06 Mflops. Time=        0.02
   Energy convergence check
    Initial   =    1.487260331720315E-05 Current   =    2.930310544000858E-34
    Relative  =    1.970274121821944E-29 Tolerance =    1.000000000000000E-16
      Convergence: Energy |R*u| norm = T
      Convergence: Individual groups = T
 *Command   8 * next newton         v:   50.0       7.00       4.00    
                                                         t=     0.568     0.027
 *Command   9 * plot WIPE           v:   0.00       0.00       0.00    
                                                         t=     0.568     0.027
 *Command  10 * plot UNDE           v:   0.00       0.00       0.00    
                                                         t=     0.568     0.027
 *Command  11 * plot MESH           v:   0.00       0.00       0.00    
                                                         t=     0.569     0.027
 *Command  12 * plot DEFO           v:   1.00       1.00       0.00    
                                                         t=     0.569     0.027
  -> Plots on deformed mesh with scale: 1.00000E+00
                     Eigenvector scale: 0.00000E+00
 *Command  13 * plot PAIR           v:   1.00       4.00       0.00    
                                                         t=     0.569     0.027
 *Command  14 * next time           v:   4.00       4.00       4.00    
                                                         t=     0.569     0.027
 *Command   4 * time                v:   0.00       0.00       0.00    
                                                         t=     0.569     0.027

   Computing solution at time   5.0000E-02 using dt =  1.0000E-02
   Total proportional load is   5.0000E-02
 *Command   5 * cont CHECK          v:   0.00       0.00       0.00    
                                                         t=     0.571     0.027

   Pair Number =   1,  Total Slave Points =    21

    0 - Not in Contact           =    21
    1 - Number to a Facet        =     0
    2 - Number to a Concave Edge =     0
    3 - Number to a Convex  Edge =     0
    4 - Number to a Point        =     0


   Pair Number =   2,  Total Slave Points =    21

    0 - Not in Contact           =    21
    1 - Number to a Facet        =     0
    2 - Number to a Concave Edge =     0
    3 - Number to a Convex  Edge =     0
    4 - Number to a Point        =     0


   Pair Number =   3,  Total Slave Points =    21

    0 - Not in Contact           =    21
    1 - Number to a Facet        =     0
    2 - Number to a Concave Edge =     0
    3 - Number to a Convex  Edge =     0
    4 - Number to a Point        =     0


   Pair Number =   4,  Total Slave Points =    21

    0 - Not in Contact           =    21
    1 - Number to a Facet        =     0
    2 - Number to a Concave Edge =     0
    3 - Number to a Convex  Edge =     0
    4 - Number to a Point        =     0

-->Contact check
 *Command   6 * loop newton         v:   50.0       9.00       0.00    
                                                         t=     0.571     0.027
 *Command   7 * utan                v:   1.00       0.00       0.00    
                                                         t=     0.571     0.027
   Residual 1 norm =  5.8082237E-02 Rel =  1.0000000E+00 t=     0.580     0.027
      Convergence: Equations  norm   = F
      Convergence: Individual groups = F
 Condition check: D-max 0.4123E+08; D-min 0.2762E-01; Ratio 0.1493E+10
 Maximum no. diagonal digits lost:  5 in reducing equation    1961
   End Triangular Decomposition                          t=     0.600     0.027
   Number of operations =  363111 plus       51 Mega-ops
  Time: CPU =         0.60 , System =         0.03
--> SOLVE AT  5099.08 Mflops. Time=        0.02
   Energy convergence check
    Initial   =    1.477086928959158E-05 Current   =    1.477086928959158E-05
    Relative  =    1.000000000000000E+00 Tolerance =    1.000000000000000E-16
      Convergence: Energy |R*u| norm = F
      Convergence: Individual groups = F
 *Command   8 * next newton         v:   1.00       7.00       1.00    
                                                         t=     0.601     0.027
 *Command   7 * utan                v:   1.00       0.00       0.00    
                                                         t=     0.602     0.027
   Residual 1 norm =  6.2962781E-04 Rel =  1.0840282E-02 t=     0.613     0.028
      Convergence: Equations  norm   = F
      Convergence: Individual groups = F
 Condition check: D-max 0.4123E+08; D-min 0.2762E-01; Ratio 0.1493E+10
 Maximum no. diagonal digits lost:  5 in reducing equation    1961
   End Triangular Decomposition                          t=     0.636     0.030
   Number of operations =  363111 plus       51 Mega-ops
  Time: CPU =         0.64 , System =         0.03
--> SOLVE AT  4438.76 Mflops. Time=        0.02
   Energy convergence check
    Initial   =    1.477086928959158E-05 Current   =    1.600341534942513E-10
    Relative  =    1.083444382024426E-05 Tolerance =    1.000000000000000E-16
      Convergence: Energy |R*u| norm = F
      Convergence: Individual groups = F
 *Command   8 * next newton         v:   2.00       7.00       2.00    
                                                         t=     0.637     0.030
 *Command   7 * utan                v:   1.00       0.00       0.00    
                                                         t=     0.637     0.030
   Residual 1 norm =  3.1832009E-09 Rel =  5.4805067E-08 t=     0.644     0.033
      Convergence: Equations  norm   = F
      Convergence: Individual groups = F
 Condition check: D-max 0.4123E+08; D-min 0.2762E-01; Ratio 0.1493E+10
 Maximum no. diagonal digits lost:  5 in reducing equation    1961
   End Triangular Decomposition                          t=     0.663     0.033
   Number of operations =  363111 plus       51 Mega-ops
  Time: CPU =         0.66 , System =         0.03
--> SOLVE AT  5347.83 Mflops. Time=        0.02
   Energy convergence check
    Initial   =    1.477086928959158E-05 Current   =    1.857266258867569E-20
    Relative  =    1.257384533337051E-15 Tolerance =    1.000000000000000E-16
      Convergence: Energy |R*u| norm = F
      Convergence: Individual groups = F
 *Command   8 * next newton         v:   3.00       7.00       3.00    
                                                         t=     0.664     0.033
 *Command   7 * utan                v:   1.00       0.00       0.00    
                                                         t=     0.664     0.033
   Residual 1 norm =  2.4470433E-15 Rel =  4.2130665E-14 t=     0.687     0.033
      Convergence: Equations  norm   = T
      Convergence: Individual groups = T
 Condition check: D-max 0.4123E+08; D-min 0.2762E-01; Ratio 0.1493E+10
 Maximum no. diagonal digits lost:  5 in reducing equation    1961
   End Triangular Decomposition                          t=     0.706     0.034
   Number of operations =  363111 plus       51 Mega-ops
  Time: CPU =         0.71 , System =         0.03
--> SOLVE AT  5497.80 Mflops. Time=        0.02
   Energy convergence check
    Initial   =    1.477086928959158E-05 Current   =    3.085863252147858E-34
    Relative  =    2.089154803043540E-29 Tolerance =    1.000000000000000E-16
      Convergence: Energy |R*u| norm = T
      Convergence: Individual groups = T
 *Command   8 * next newton         v:   50.0       7.00       4.00    
                                                         t=     0.708     0.034
 *Command   9 * plot WIPE           v:   0.00       0.00       0.00    
                                                         t=     0.708     0.034
 *Command  10 * plot UNDE           v:   0.00       0.00       0.00    
                                                         t=     0.708     0.034
 *Command  11 * plot MESH           v:   0.00       0.00       0.00    
                                                         t=     0.708     0.034
 *Command  12 * plot DEFO           v:   1.00       1.00       0.00    
                                                         t=     0.708     0.034
  -> Plots on deformed mesh with scale: 1.00000E+00
                     Eigenvector scale: 0.00000E+00
 *Command  13 * plot PAIR           v:   1.00       4.00       0.00    
                                                         t=     0.708     0.034
 *Command  14 * next time           v:   5.00       4.00       5.00    
                                                         t=     0.708     0.034
 *Command   4 * time                v:   0.00       0.00       0.00    
                                                         t=     0.708     0.034

   Computing solution at time   6.0000E-02 using dt =  1.0000E-02
   Total proportional load is   6.0000E-02
 *Command   5 * cont CHECK          v:   0.00       0.00       0.00    
                                                         t=     0.709     0.035

   Pair Number =   1,  Total Slave Points =    21

    0 - Not in Contact           =    21
    1 - Number to a Facet        =     0
    2 - Number to a Concave Edge =     0
    3 - Number to a Convex  Edge =     0
    4 - Number to a Point        =     0


   Pair Number =   2,  Total Slave Points =    21

    0 - Not in Contact           =    21
    1 - Number to a Facet        =     0
    2 - Number to a Concave Edge =     0
    3 - Number to a Convex  Edge =     0
    4 - Number to a Point        =     0


   Pair Number =   3,  Total Slave Points =    21

    0 - Not in Contact           =    21
    1 - Number to a Facet        =     0
    2 - Number to a Concave Edge =     0
    3 - Number to a Convex  Edge =     0
    4 - Number to a Point        =     0


   Pair Number =   4,  Total Slave Points =    21

    0 - Not in Contact           =    21
    1 - Number to a Facet        =     0
    2 - Number to a Concave Edge =     0
    3 - Number to a Convex  Edge =     0
    4 - Number to a Point        =     0

-->Contact check
 *Command   6 * loop newton         v:   50.0       9.00       0.00    
                                                         t=     0.709     0.035
 *Command   7 * utan                v:   1.00       0.00       0.00    
                                                         t=     0.709     0.035
   Residual 1 norm =  5.8044591E-02 Rel =  1.0000000E+00 t=     0.718     0.035
      Convergence: Equations  norm   = F
      Convergence: Individual groups = F
 Condition check: D-max 0.4123E+08; D-min 0.2762E-01; Ratio 0.1493E+10
 Maximum no. diagonal digits lost:  5 in reducing equation    1961
   End Triangular Decomposition                          t=     0.742     0.037
   Number of operations =  363111 plus       51 Mega-ops
  Time: CPU =         0.74 , System =         0.04
--> SOLVE AT  4266.75 Mflops. Time=        0.02
   Energy convergence check
    Initial   =    1.467004914238036E-05 Current   =    1.467004914238036E-05
    Relative  =    1.000000000000000E+00 Tolerance =    1.000000000000000E-16
      Convergence: Energy |R*u| norm = F
      Convergence: Individual groups = F
 *Command   8 * next newton         v:   1.00       7.00       1.00    
                                                         t=     0.743     0.037
 *Command   7 * utan                v:   1.00       0.00       0.00    
                                                         t=     0.743     0.037
   Residual 1 norm =  6.2244635E-04 Rel =  1.0723589E-02 t=     0.752     0.037
      Convergence: Equations  norm   = F
      Convergence: Individual groups = F
 Condition check: D-max 0.4123E+08; D-min 0.2762E-01; Ratio 0.1493E+10
 Maximum no. diagonal digits lost:  5 in reducing equation    1961
   End Triangular Decomposition                          t=     0.777     0.038
   Number of operations =  363111 plus       51 Mega-ops
  Time: CPU =         0.78 , System =         0.04
--> SOLVE AT  4110.69 Mflops. Time=        0.02
   Energy convergence check
    Initial   =    1.467004914238036E-05 Current   =    1.577697949479984E-10
    Relative  =    1.075455122315962E-05 Tolerance =    1.000000000000000E-16
      Convergence: Energy |R*u| norm = F
      Convergence: Individual groups = F
 *Command   8 * next newton         v:   2.00       7.00       2.00    
                                                         t=     0.779     0.038
 *Command   7 * utan                v:   1.00       0.00       0.00    
                                                         t=     0.779     0.038
   Residual 1 norm =  3.1229972E-09 Rel =  5.3803415E-08 t=     0.787     0.038
      Convergence: Equations  norm   = F
      Convergence: Individual groups = F
 Condition check: D-max 0.4123E+08; D-min 0.2762E-01; Ratio 0.1493E+10
 Maximum no. diagonal digits lost:  5 in reducing equation    1961
   End Triangular Decomposition                          t=     0.806     0.038
   Number of operations =  363111 plus       51 Mega-ops
  Time: CPU =         0.81 , System =         0.04
--> SOLVE AT  5481.08 Mflops. Time=        0.02
   Energy convergence check
    Initial   =    1.467004914238036E-05 Current   =    1.805163605847412E-20
    Relative  =    1.230509583388149E-15 Tolerance =    1.000000000000000E-16
      Convergence: Energy |R*u| norm = F
      Convergence: Individual groups = T
 *Command   8 * next newton         v:   50.0       7.00       3.00    
                                                         t=     0.807     0.038
 *Command   9 * plot WIPE           v:   0.00       0.00       0.00    
                                                         t=     0.807     0.038
 *Command  10 * plot UNDE           v:   0.00       0.00       0.00    
                                                         t=     0.807     0.038
 *Command  11 * plot MESH           v:   0.00       0.00       0.00    
                                                         t=     0.808     0.038
 *Command  12 * plot DEFO           v:   1.00       1.00       0.00    
                                                         t=     0.808     0.038
  -> Plots on deformed mesh with scale: 1.00000E+00
                     Eigenvector scale: 0.00000E+00
 *Command  13 * plot PAIR           v:   1.00       4.00       0.00    
                                                         t=     0.808     0.038
 *Command  14 * next time           v:   6.00       4.00       6.00    
                                                         t=     0.808     0.038
 *Command   4 * time                v:   0.00       0.00       0.00    
                                                         t=     0.808     0.038

   Computing solution at time   7.0000E-02 using dt =  1.0000E-02
   Total proportional load is   7.0000E-02
 *Command   5 * cont CHECK          v:   0.00       0.00       0.00    
                                                         t=     0.810     0.038

   Pair Number =   1,  Total Slave Points =    21

    0 - Not in Contact           =    21
    1 - Number to a Facet        =     0
    2 - Number to a Concave Edge =     0
    3 - Number to a Convex  Edge =     0
    4 - Number to a Point        =     0


   Pair Number =   2,  Total Slave Points =    21

    0 - Not in Contact           =    21
    1 - Number to a Facet        =     0
    2 - Number to a Concave Edge =     0
    3 - Number to a Convex  Edge =     0
    4 - Number to a Point        =     0


   Pair Number =   3,  Total Slave Points =    21

    0 - Not in Contact           =    21
    1 - Number to a Facet        =     0
    2 - Number to a Concave Edge =     0
    3 - Number to a Convex  Edge =     0
    4 - Number to a Point        =     0


   Pair Number =   4,  Total Slave Points =    21

    0 - Not in Contact           =    21
    1 - Number to a Facet        =     0
    2 - Number to a Concave Edge =     0
    3 - Number to a Convex  Edge =     0
    4 - Number to a Point        =     0

-->Contact check
 *Command   6 * loop newton         v:   50.0       9.00       0.00    
                                                         t=     0.810     0.038
 *Command   7 * utan                v:   1.00       0.00       0.00    
                                                         t=     0.810     0.038
   Residual 1 norm =  5.8007090E-02 Rel =  1.0000000E+00 t=     0.819     0.038
      Convergence: Equations  norm   = F
      Convergence: Individual groups = F
 Condition check: D-max 0.4123E+08; D-min 0.2762E-01; Ratio 0.1493E+10
 Maximum no. diagonal digits lost:  5 in reducing equation    1961
   End Triangular Decomposition                          t=     0.839     0.038
   Number of operations =  363111 plus       51 Mega-ops
  Time: CPU =         0.84 , System =         0.04
--> SOLVE AT  5198.16 Mflops. Time=        0.02
   Energy convergence check
    Initial   =    1.457013603190552E-05 Current   =    1.457013603190552E-05
    Relative  =    1.000000000000000E+00 Tolerance =    1.000000000000000E-16
      Convergence: Energy |R*u| norm = F
      Convergence: Individual groups = F
 *Command   8 * next newton         v:   1.00       7.00       1.00    
                                                         t=     0.840     0.038
 *Command   7 * utan                v:   1.00       0.00       0.00    
                                                         t=     0.840     0.038
   Residual 1 norm =  6.1535192E-04 Rel =  1.0608219E-02 t=     0.849     0.038
      Convergence: Equations  norm   = F
      Convergence: Individual groups = F
 Condition check: D-max 0.4123E+08; D-min 0.2762E-01; Ratio 0.1493E+10
 Maximum no. diagonal digits lost:  5 in reducing equation    1961
   End Triangular Decomposition                          t=     0.869     0.038
   Number of operations =  363111 plus       51 Mega-ops
  Time: CPU =         0.87 , System =         0.04
--> SOLVE AT  5149.96 Mflops. Time=        0.02
   Energy convergence check
    Initial   =    1.457013603190552E-05 Current   =    1.555380621735930E-10
    Relative  =    1.067512766064761E-05 Tolerance =    1.000000000000000E-16
      Convergence: Energy |R*u| norm = F
      Convergence: Individual groups = F
 *Command   8 * next newton         v:   2.00       7.00       2.00    
                                                         t=     0.870     0.038
 *Command   7 * utan                v:   1.00       0.00       0.00    
                                                         t=     0.870     0.038
   Residual 1 norm =  3.0640255E-09 Rel =  5.2821568E-08 t=     0.879     0.038
      Convergence: Equations  norm   = F
      Convergence: Individual groups = F
 Condition check: D-max 0.4123E+08; D-min 0.2762E-01; Ratio 0.1493E+10
 Maximum no. diagonal digits lost:  5 in reducing equation    1961
   End Triangular Decomposition                          t=     0.898     0.038
   Number of operations =  363111 plus       51 Mega-ops
  Time: CPU =         0.90 , System =         0.04
--> SOLVE AT  5518.16 Mflops. Time=        0.02
   Energy convergence check
    Initial   =    1.457013603190552E-05 Current   =    1.754478392875980E-20
    Relative  =    1.204160612525541E-15 Tolerance =    1.000000000000000E-16
      Convergence: Energy |R*u| norm = F
      Convergence: Individual groups = T
 *Command   8 * next newton         v:   50.0       7.00       3.00    
                                                         t=     0.899     0.038
 *Command   9 * plot WIPE           v:   0.00       0.00       0.00    
                                                         t=     0.899     0.038
 *Command  10 * plot UNDE           v:   0.00       0.00       0.00    
                                                         t=     0.899     0.038
 *Command  11 * plot MESH           v:   0.00       0.00       0.00    
                                                         t=     0.899     0.038
 *Command  12 * plot DEFO           v:   1.00       1.00       0.00    
                                                         t=     0.900     0.038
  -> Plots on deformed mesh with scale: 1.00000E+00
                     Eigenvector scale: 0.00000E+00
 *Command  13 * plot PAIR           v:   1.00       4.00       0.00    
                                                         t=     0.900     0.038
 *Command  14 * next time           v:   7.00       4.00       7.00    
                                                         t=     0.900     0.038
 *Command   4 * time                v:   0.00       0.00       0.00    
                                                         t=     0.900     0.038

   Computing solution at time   8.0000E-02 using dt =  1.0000E-02
   Total proportional load is   8.0000E-02
 *Command   5 * cont CHECK          v:   0.00       0.00       0.00    
                                                         t=     0.902     0.038

   Pair Number =   1,  Total Slave Points =    21

    0 - Not in Contact           =    21
    1 - Number to a Facet        =     0
    2 - Number to a Concave Edge =     0
    3 - Number to a Convex  Edge =     0
    4 - Number to a Point        =     0


   Pair Number =   2,  Total Slave Points =    21

    0 - Not in Contact           =    21
    1 - Number to a Facet        =     0
    2 - Number to a Concave Edge =     0
    3 - Number to a Convex  Edge =     0
    4 - Number to a Point        =     0


   Pair Number =   3,  Total Slave Points =    21

    0 - Not in Contact           =    21
    1 - Number to a Facet        =     0
    2 - Number to a Concave Edge =     0
    3 - Number to a Convex  Edge =     0
    4 - Number to a Point        =     0


   Pair Number =   4,  Total Slave Points =    21

    0 - Not in Contact           =    21
    1 - Number to a Facet        =     0
    2 - Number to a Concave Edge =     0
    3 - Number to a Convex  Edge =     0
    4 - Number to a Point        =     0

-->Contact check
 *Command   6 * loop newton         v:   50.0       9.00       0.00    
                                                         t=     0.902     0.038
 *Command   7 * utan                v:   1.00       0.00       0.00    
                                                         t=     0.902     0.038
   Residual 1 norm =  5.7969736E-02 Rel =  1.0000000E+00 t=     0.911     0.038
      Convergence: Equations  norm   = F
      Convergence: Individual groups = F
 Condition check: D-max 0.4123E+08; D-min 0.2762E-01; Ratio 0.1493E+10
 Maximum no. diagonal digits lost:  5 in reducing equation    1961
   End Triangular Decomposition                          t=     0.932     0.038
   Number of operations =  363111 plus       51 Mega-ops
  Time: CPU =         0.93 , System =         0.04
--> SOLVE AT  5037.57 Mflops. Time=        0.02
   Energy convergence check
    Initial   =    1.447112307669171E-05 Current   =    1.447112307669171E-05
    Relative  =    1.000000000000000E+00 Tolerance =    1.000000000000000E-16
      Convergence: Energy |R*u| norm = F
      Convergence: Individual groups = F
 *Command   8 * next newton         v:   1.00       7.00       1.00    
                                                         t=     0.933     0.038
 *Command   7 * utan                v:   1.00       0.00       0.00    
                                                         t=     0.933     0.038
   Residual 1 norm =  6.0834356E-04 Rel =  1.0494158E-02 t=     0.942     0.038
      Convergence: Equations  norm   = F
      Convergence: Individual groups = F
 Condition check: D-max 0.4123E+08; D-min 0.2762E-01; Ratio 0.1493E+10
 Maximum no. diagonal digits lost:  5 in reducing equation    1961
   End Triangular Decomposition                          t=     0.961     0.038
   Number of operations =  363111 plus       51 Mega-ops
  Time: CPU =         0.96 , System =         0.04
--> SOLVE AT  5365.69 Mflops. Time=        0.02
   Energy convergence check
    Initial   =    1.447112307669171E-05 Current   =    1.533385838414869E-10
    Relative  =    1.059617716115383E-05 Tolerance =    1.000000000000000E-16
      Convergence: Energy |R*u| norm = F
      Convergence: Individual groups = F
 *Command   8 * next newton         v:   2.00       7.00       2.00    
                                                         t=     0.963     0.038
 *Command   7 * utan                v:   1.00       0.00       0.00    
                                                         t=     0.963     0.038
   Residual 1 norm =  3.0062612E-09 Rel =  5.1859150E-08 t=     0.971     0.039
      Convergence: Equations  norm   = F
      Convergence: Individual groups = F
 Condition check: D-max 0.4123E+08; D-min 0.2762E-01; Ratio 0.1493E+10
 Maximum no. diagonal digits lost:  5 in reducing equation    1961
   End Triangular Decomposition                          t=     0.990     0.039
   Number of operations =  363111 plus       51 Mega-ops
  Time: CPU =         0.99 , System =         0.04
--> SOLVE AT  5437.26 Mflops. Time=        0.02
   Energy convergence check
    Initial   =    1.447112307669171E-05 Current   =    1.705177182637855E-20
    Relative  =    1.178330924007096E-15 Tolerance =    1.000000000000000E-16
      Convergence: Energy |R*u| norm = F
      Convergence: Individual groups = T
 *Command   8 * next newton         v:   50.0       7.00       3.00    
                                                         t=     0.992     0.039
 *Command   9 * plot WIPE           v:   0.00       0.00       0.00    
                                                         t=     0.992     0.039
 *Command  10 * plot UNDE           v:   0.00       0.00       0.00    
                                                         t=     0.992     0.039
 *Command  11 * plot MESH           v:   0.00       0.00       0.00    
                                                         t=     0.992     0.039
 *Command  12 * plot DEFO           v:   1.00       1.00       0.00    
                                                         t=     0.992     0.039
  -> Plots on deformed mesh with scale: 1.00000E+00
                     Eigenvector scale: 0.00000E+00
 *Command  13 * plot PAIR           v:   1.00       4.00       0.00    
                                                         t=     0.993     0.039
 *Command  14 * next time           v:   8.00       4.00       8.00    
                                                         t=     0.993     0.039
 *Command   4 * time                v:   0.00       0.00       0.00    
                                                         t=     0.993     0.039

   Computing solution at time   9.0000E-02 using dt =  1.0000E-02
   Total proportional load is   9.0000E-02
 *Command   5 * cont CHECK          v:   0.00       0.00       0.00    
                                                         t=     0.994     0.039

   Pair Number =   1,  Total Slave Points =    21

    0 - Not in Contact           =    21
    1 - Number to a Facet        =     0
    2 - Number to a Concave Edge =     0
    3 - Number to a Convex  Edge =     0
    4 - Number to a Point        =     0


   Pair Number =   2,  Total Slave Points =    21

    0 - Not in Contact           =    21
    1 - Number to a Facet        =     0
    2 - Number to a Concave Edge =     0
    3 - Number to a Convex  Edge =     0
    4 - Number to a Point        =     0


   Pair Number =   3,  Total Slave Points =    21

    0 - Not in Contact           =    21
    1 - Number to a Facet        =     0
    2 - Number to a Concave Edge =     0
    3 - Number to a Convex  Edge =     0
    4 - Number to a Point        =     0


   Pair Number =   4,  Total Slave Points =    21

    0 - Not in Contact           =    21
    1 - Number to a Facet        =     0
    2 - Number to a Concave Edge =     0
    3 - Number to a Convex  Edge =     0
    4 - Number to a Point        =     0

-->Contact check
 *Command   6 * loop newton         v:   50.0       9.00       0.00    
                                                         t=     0.995     0.039
 *Command   7 * utan                v:   1.00       0.00       0.00    
                                                         t=     0.995     0.039
   Residual 1 norm =  5.7932527E-02 Rel =  1.0000000E+00 t=     1.003     0.039
      Convergence: Equations  norm   = F
      Convergence: Individual groups = F
 Condition check: D-max 0.4123E+08; D-min 0.2762E-01; Ratio 0.1493E+10
 Maximum no. diagonal digits lost:  5 in reducing equation    1961
   End Triangular Decomposition                          t=     1.021     0.041
   Number of operations =  363111 plus       51 Mega-ops
  Time: CPU =         1.02 , System =         0.04
--> SOLVE AT  5738.90 Mflops. Time=        0.02
   Energy convergence check
    Initial   =    1.437300336225044E-05 Current   =    1.437300336225044E-05
    Relative  =    1.000000000000000E+00 Tolerance =    1.000000000000000E-16
      Convergence: Energy |R*u| norm = F
      Convergence: Individual groups = F
 *Command   8 * next newton         v:   1.00       7.00       1.00    
                                                         t=     1.023     0.041
 *Command   7 * utan                v:   1.00       0.00       0.00    
                                                         t=     1.023     0.041
   Residual 1 norm =  6.0142033E-04 Rel =  1.0381393E-02 t=     1.032     0.041
      Convergence: Equations  norm   = F
      Convergence: Individual groups = F
 Condition check: D-max 0.4123E+08; D-min 0.2762E-01; Ratio 0.1493E+10
 Maximum no. diagonal digits lost:  5 in reducing equation    1961
   End Triangular Decomposition                          t=     1.050     0.042
   Number of operations =  363111 plus       51 Mega-ops
  Time: CPU =         1.05 , System =         0.04
--> SOLVE AT  5475.82 Mflops. Time=        0.02
   Energy convergence check
    Initial   =    1.437300336225044E-05 Current   =    1.511709871512212E-10
    Relative  =    1.051770345704224E-05 Tolerance =    1.000000000000000E-16
      Convergence: Energy |R*u| norm = F
      Convergence: Individual groups = F
 *Command   8 * next newton         v:   2.00       7.00       2.00    
                                                         t=     1.052     0.042
 *Command   7 * utan                v:   1.00       0.00       0.00    
                                                         t=     1.052     0.042
   Residual 1 norm =  2.9496796E-09 Rel =  5.0915777E-08 t=     1.059     0.043
      Convergence: Equations  norm   = F
      Convergence: Individual groups = F
 Condition check: D-max 0.4123E+08; D-min 0.2762E-01; Ratio 0.1493E+10
 Maximum no. diagonal digits lost:  5 in reducing equation    1961
   End Triangular Decomposition                          t=     1.077     0.045
   Number of operations =  363111 plus       51 Mega-ops
  Time: CPU =         1.08 , System =         0.04
--> SOLVE AT  5685.85 Mflops. Time=        0.02
   Energy convergence check
    Initial   =    1.437300336225044E-05 Current   =    1.657226419763525E-20
    Relative  =    1.153013311133078E-15 Tolerance =    1.000000000000000E-16
      Convergence: Energy |R*u| norm = F
      Convergence: Individual groups = T
 *Command   8 * next newton         v:   50.0       7.00       3.00    
                                                         t=     1.079     0.045
 *Command   9 * plot WIPE           v:   0.00       0.00       0.00    
                                                         t=     1.079     0.045
 *Command  10 * plot UNDE           v:   0.00       0.00       0.00    
                                                         t=     1.079     0.045
 *Command  11 * plot MESH           v:   0.00       0.00       0.00    
                                                         t=     1.079     0.045
 *Command  12 * plot DEFO           v:   1.00       1.00       0.00    
                                                         t=     1.079     0.045
  -> Plots on deformed mesh with scale: 1.00000E+00
                     Eigenvector scale: 0.00000E+00
 *Command  13 * plot PAIR           v:   1.00       4.00       0.00    
                                                         t=     1.079     0.045
 *Command  14 * next time           v:   9.00       4.00       9.00    
                                                         t=     1.080     0.045
 *Command   4 * time                v:   0.00       0.00       0.00    
                                                         t=     1.080     0.045

   Computing solution at time   1.0000E-01 using dt =  1.0000E-02
   Total proportional load is   1.0000E-01
 *Command   5 * cont CHECK          v:   0.00       0.00       0.00    
                                                         t=     1.081     0.045

   Pair Number =   1,  Total Slave Points =    21

    0 - Not in Contact           =    21
    1 - Number to a Facet        =     0
    2 - Number to a Concave Edge =     0
    3 - Number to a Convex  Edge =     0
    4 - Number to a Point        =     0


   Pair Number =   2,  Total Slave Points =    21

    0 - Not in Contact           =    21
    1 - Number to a Facet        =     0
    2 - Number to a Concave Edge =     0
    3 - Number to a Convex  Edge =     0
    4 - Number to a Point        =     0


   Pair Number =   3,  Total Slave Points =    21

    0 - Not in Contact           =    21
    1 - Number to a Facet        =     0
    2 - Number to a Concave Edge =     0
    3 - Number to a Convex  Edge =     0
    4 - Number to a Point        =     0


   Pair Number =   4,  Total Slave Points =    21

    0 - Not in Contact           =    21
    1 - Number to a Facet        =     0
    2 - Number to a Concave Edge =     0
    3 - Number to a Convex  Edge =     0
    4 - Number to a Point        =     0

-->Contact check
 *Command   6 * loop newton         v:   50.0       9.00       0.00    
                                                         t=     1.081     0.045
 *Command   7 * utan                v:   1.00       0.00       0.00    
                                                         t=     1.081     0.045
   Residual 1 norm =  5.7895463E-02 Rel =  1.0000000E+00 t=     1.091     0.045
      Convergence: Equations  norm   = F
      Convergence: Individual groups = F
 Condition check: D-max 0.4123E+08; D-min 0.2762E-01; Ratio 0.1493E+10
 Maximum no. diagonal digits lost:  5 in reducing equation    1961
   End Triangular Decomposition                          t=     1.114     0.045
   Number of operations =  363111 plus       51 Mega-ops
  Time: CPU =         1.12 , System =         0.04
--> SOLVE AT  4330.98 Mflops. Time=        0.02
   Energy convergence check
    Initial   =    1.427576994569528E-05 Current   =    1.427576994569528E-05
    Relative  =    1.000000000000000E+00 Tolerance =    1.000000000000000E-16
      Convergence: Energy |R*u| norm = F
      Convergence: Individual groups = F
 *Command   8 * next newton         v:   1.00       7.00       1.00    
                                                         t=     1.116     0.045
 *Command   7 * utan                v:   1.00       0.00       0.00    
                                                         t=     1.116     0.045
   Residual 1 norm =  5.9458129E-04 Rel =  1.0269912E-02 t=     1.124     0.045
      Convergence: Equations  norm   = F
      Convergence: Individual groups = F
 Condition check: D-max 0.4123E+08; D-min 0.2762E-01; Ratio 0.1493E+10
 Maximum no. diagonal digits lost:  5 in reducing equation    1961
   End Triangular Decomposition                          t=     1.145     0.045
   Number of operations =  363111 plus       51 Mega-ops
  Time: CPU =         1.15 , System =         0.04
--> SOLVE AT  4959.25 Mflops. Time=        0.02
   Energy convergence check
    Initial   =    1.427576994569528E-05 Current   =    1.490348981715499E-10
    Relative  =    1.043970999381998E-05 Tolerance =    1.000000000000000E-16
      Convergence: Energy |R*u| norm = F
      Convergence: Individual groups = F
 *Command   8 * next newton         v:   2.00       7.00       2.00    
                                                         t=     1.147     0.045
 *Command   7 * utan                v:   1.00       0.00       0.00    
                                                         t=     1.147     0.045
   Residual 1 norm =  2.8942531E-09 Rel =  4.9991018E-08 t=     1.155     0.045
      Convergence: Equations  norm   = F
      Convergence: Individual groups = F
 Condition check: D-max 0.4123E+08; D-min 0.2762E-01; Ratio 0.1493E+10
 Maximum no. diagonal digits lost:  5 in reducing equation    1961
   End Triangular Decomposition                          t=     1.174     0.045
   Number of operations =  363111 plus       51 Mega-ops
  Time: CPU =         1.18 , System =         0.04
--> SOLVE AT  5312.14 Mflops. Time=        0.02
   Energy convergence check
    Initial   =    1.427576994569528E-05 Current   =    1.610593096757445E-20
    Relative  =    1.128200512395553E-15 Tolerance =    1.000000000000000E-16
      Convergence: Energy |R*u| norm = F
      Convergence: Individual groups = T
 *Command   8 * next newton         v:   50.0       7.00       3.00    
                                                         t=     1.176     0.045
 *Command   9 * plot WIPE           v:   0.00       0.00       0.00    
                                                         t=     1.176     0.045
 *Command  10 * plot UNDE           v:   0.00       0.00       0.00    
                                                         t=     1.176     0.045
 *Command  11 * plot MESH           v:   0.00       0.00       0.00    
                                                         t=     1.176     0.045
 *Command  12 * plot DEFO           v:   1.00       1.00       0.00    
                                                         t=     1.176     0.045
  -> Plots on deformed mesh with scale: 1.00000E+00
                     Eigenvector scale: 0.00000E+00
 *Command  13 * plot PAIR           v:   1.00       4.00       0.00    
                                                         t=     1.176     0.045
 *Command  14 * next time           v:   10.0       4.00       10.0    
                                                         t=     1.177     0.045
 *Command   4 * time                v:   0.00       0.00       0.00    
                                                         t=     1.177     0.045

   Computing solution at time   1.1000E-01 using dt =  1.0000E-02
   Total proportional load is   1.1000E-01
 *Command   5 * cont CHECK          v:   0.00       0.00       0.00    
                                                         t=     1.179     0.045

   Pair Number =   1,  Total Slave Points =    21

    0 - Not in Contact           =    21
    1 - Number to a Facet        =     0
    2 - Number to a Concave Edge =     0
    3 - Number to a Convex  Edge =     0
    4 - Number to a Point        =     0


   Pair Number =   2,  Total Slave Points =    21

    0 - Not in Contact           =    21
    1 - Number to a Facet        =     0
    2 - Number to a Concave Edge =     0
    3 - Number to a Convex  Edge =     0
    4 - Number to a Point        =     0


   Pair Number =   3,  Total Slave Points =    21

    0 - Not in Contact           =    21
    1 - Number to a Facet        =     0
    2 - Number to a Concave Edge =     0
    3 - Number to a Convex  Edge =     0
    4 - Number to a Point        =     0


   Pair Number =   4,  Total Slave Points =    21

    0 - Not in Contact           =    21
    1 - Number to a Facet        =     0
    2 - Number to a Concave Edge =     0
    3 - Number to a Convex  Edge =     0
    4 - Number to a Point        =     0

-->Contact check
 *Command   6 * loop newton         v:   50.0       9.00       0.00    
                                                         t=     1.179     0.045
 *Command   7 * utan                v:   1.00       0.00       0.00    
                                                         t=     1.179     0.045
   Residual 1 norm =  5.7858545E-02 Rel =  1.0000000E+00 t=     1.186     0.048
      Convergence: Equations  norm   = F
      Convergence: Individual groups = F
 Condition check: D-max 0.4123E+08; D-min 0.2762E-01; Ratio 0.1493E+10
 Maximum no. diagonal digits lost:  5 in reducing equation    1961
   End Triangular Decomposition                          t=     1.207     0.048
   Number of operations =  363111 plus       51 Mega-ops
  Time: CPU =         1.21 , System =         0.05
--> SOLVE AT  4902.93 Mflops. Time=        0.02
   Energy convergence check
    Initial   =    1.417941586017627E-05 Current   =    1.417941586017627E-05
    Relative  =    1.000000000000000E+00 Tolerance =    1.000000000000000E-16
      Convergence: Energy |R*u| norm = F
      Convergence: Individual groups = F
 *Command   8 * next newton         v:   1.00       7.00       1.00    
                                                         t=     1.208     0.048
 *Command   7 * utan                v:   1.00       0.00       0.00    
                                                         t=     1.208     0.048
   Residual 1 norm =  5.8782548E-04 Rel =  1.0159700E-02 t=     1.217     0.048
      Convergence: Equations  norm   = F
      Convergence: Individual groups = F
 Condition check: D-max 0.4123E+08; D-min 0.2762E-01; Ratio 0.1493E+10
 Maximum no. diagonal digits lost:  5 in reducing equation    1961
   End Triangular Decomposition                          t=     1.237     0.048
   Number of operations =  363111 plus       51 Mega-ops
  Time: CPU =         1.24 , System =         0.05
--> SOLVE AT  5092.52 Mflops. Time=        0.02
   Energy convergence check
    Initial   =    1.417941586017627E-05 Current   =    1.469299421607700E-10
    Relative  =    1.036219993895739E-05 Tolerance =    1.000000000000000E-16
      Convergence: Energy |R*u| norm = F
      Convergence: Individual groups = F
 *Command   8 * next newton         v:   2.00       7.00       2.00    
                                                         t=     1.239     0.048
 *Command   7 * utan                v:   1.00       0.00       0.00    
                                                         t=     1.239     0.048
   Residual 1 norm =  2.8399618E-09 Rel =  4.9084570E-08 t=     1.248     0.048
      Convergence: Equations  norm   = F
      Convergence: Individual groups = F
 Condition check: D-max 0.4123E+08; D-min 0.2762E-01; Ratio 0.1493E+10
 Maximum no. diagonal digits lost:  5 in reducing equation    1961
   End Triangular Decomposition                          t=     1.266     0.050
   Number of operations =  363111 plus       51 Mega-ops
  Time: CPU =         1.27 , System =         0.05
--> SOLVE AT  5533.31 Mflops. Time=        0.02
   Energy convergence check
    Initial   =    1.417941586017627E-05 Current   =    1.565245126275745E-20
    Relative  =    1.103885478577315E-15 Tolerance =    1.000000000000000E-16
      Convergence: Energy |R*u| norm = F
      Convergence: Individual groups = T
 *Command   8 * next newton         v:   50.0       7.00       3.00    
                                                         t=     1.268     0.050
 *Command   9 * plot WIPE           v:   0.00       0.00       0.00    
                                                         t=     1.268     0.050
 *Command  10 * plot UNDE           v:   0.00       0.00       0.00    
                                                         t=     1.268     0.050
 *Command  11 * plot MESH           v:   0.00       0.00       0.00    
                                                         t=     1.268     0.050
 *Command  12 * plot DEFO           v:   1.00       1.00       0.00    
                                                         t=     1.268     0.050
  -> Plots on deformed mesh with scale: 1.00000E+00
                     Eigenvector scale: 0.00000E+00
 *Command  13 * plot PAIR           v:   1.00       4.00       0.00    
                                                         t=     1.268     0.050
 *Command  14 * next time           v:   11.0       4.00       11.0    
                                                         t=     1.269     0.050
 *Command   4 * time                v:   0.00       0.00       0.00    
                                                         t=     1.269     0.050

   Computing solution at time   1.2000E-01 using dt =  1.0000E-02
   Total proportional load is   1.2000E-01
 *Command   5 * cont CHECK          v:   0.00       0.00       0.00    
                                                         t=     1.270     0.050

   Pair Number =   1,  Total Slave Points =    21

    0 - Not in Contact           =    21
    1 - Number to a Facet        =     0
    2 - Number to a Concave Edge =     0
    3 - Number to a Convex  Edge =     0
    4 - Number to a Point        =     0


   Pair Number =   2,  Total Slave Points =    21

    0 - Not in Contact           =    21
    1 - Number to a Facet        =     0
    2 - Number to a Concave Edge =     0
    3 - Number to a Convex  Edge =     0
    4 - Number to a Point        =     0


   Pair Number =   3,  Total Slave Points =    21

    0 - Not in Contact           =    21
    1 - Number to a Facet        =     0
    2 - Number to a Concave Edge =     0
    3 - Number to a Convex  Edge =     0
    4 - Number to a Point        =     0


   Pair Number =   4,  Total Slave Points =    21

    0 - Not in Contact           =    21
    1 - Number to a Facet        =     0
    2 - Number to a Concave Edge =     0
    3 - Number to a Convex  Edge =     0
    4 - Number to a Point        =     0

-->Contact check
 *Command   6 * loop newton         v:   50.0       9.00       0.00    
                                                         t=     1.270     0.050
 *Command   7 * utan                v:   1.00       0.00       0.00    
                                                         t=     1.270     0.050
   Residual 1 norm =  5.7821771E-02 Rel =  1.0000000E+00 t=     1.279     0.050
      Convergence: Equations  norm   = F
      Convergence: Individual groups = F
 Condition check: D-max 0.4123E+08; D-min 0.2762E-01; Ratio 0.1493E+10
 Maximum no. diagonal digits lost:  5 in reducing equation    1961
   End Triangular Decomposition                          t=     1.299     0.051
   Number of operations =  363111 plus       51 Mega-ops
  Time: CPU =         1.30 , System =         0.05
--> SOLVE AT  5176.95 Mflops. Time=        0.02
   Energy convergence check
    Initial   =    1.408393411914120E-05 Current   =    1.408393411914120E-05
    Relative  =    1.000000000000000E+00 Tolerance =    1.000000000000000E-16
      Convergence: Energy |R*u| norm = F
      Convergence: Individual groups = F
 *Command   8 * next newton         v:   1.00       7.00       1.00    
                                                         t=     1.300     0.051
 *Command   7 * utan                v:   1.00       0.00       0.00    
                                                         t=     1.300     0.051
   Residual 1 norm =  5.8115197E-04 Rel =  1.0050747E-02 t=     1.309     0.051
      Convergence: Equations  norm   = F
      Convergence: Individual groups = F
 Condition check: D-max 0.4123E+08; D-min 0.2762E-01; Ratio 0.1493E+10
 Maximum no. diagonal digits lost:  5 in reducing equation    1961
   End Triangular Decomposition                          t=     1.329     0.051
   Number of operations =  363111 plus       51 Mega-ops
  Time: CPU =         1.33 , System =         0.05
--> SOLVE AT  5246.23 Mflops. Time=        0.02
   Energy convergence check
    Initial   =    1.408393411914120E-05 Current   =    1.448557438655514E-10
    Relative  =    1.028517619013006E-05 Tolerance =    1.000000000000000E-16
      Convergence: Energy |R*u| norm = F
      Convergence: Individual groups = F
 *Command   8 * next newton         v:   2.00       7.00       2.00    
                                                         t=     1.330     0.051
 *Command   7 * utan                v:   1.00       0.00       0.00    
                                                         t=     1.330     0.051
   Residual 1 norm =  2.7867763E-09 Rel =  4.8195970E-08 t=     1.339     0.051
      Convergence: Equations  norm   = F
      Convergence: Individual groups = F
 Condition check: D-max 0.4123E+08; D-min 0.2762E-01; Ratio 0.1493E+10
 Maximum no. diagonal digits lost:  5 in reducing equation    1961
   End Triangular Decomposition                          t=     1.357     0.052
   Number of operations =  363111 plus       51 Mega-ops
  Time: CPU =         1.36 , System =         0.05
--> SOLVE AT  5756.26 Mflops. Time=        0.02
   Energy convergence check
    Initial   =    1.408393411914120E-05 Current   =    1.521150025862862E-20
    Relative  =    1.080060452565947E-15 Tolerance =    1.000000000000000E-16
      Convergence: Energy |R*u| norm = F
      Convergence: Individual groups = T
 *Command   8 * next newton         v:   50.0       7.00       3.00    
                                                         t=     1.358     0.052
 *Command   9 * plot WIPE           v:   0.00       0.00       0.00    
                                                         t=     1.358     0.052
 *Command  10 * plot UNDE           v:   0.00       0.00       0.00    
                                                         t=     1.358     0.052
 *Command  11 * plot MESH           v:   0.00       0.00       0.00    
                                                         t=     1.359     0.052
 *Command  12 * plot DEFO           v:   1.00       1.00       0.00    
                                                         t=     1.359     0.052
  -> Plots on deformed mesh with scale: 1.00000E+00
                     Eigenvector scale: 0.00000E+00
 *Command  13 * plot PAIR           v:   1.00       4.00       0.00    
                                                         t=     1.359     0.052
 *Command  14 * next time           v:   12.0       4.00       12.0    
                                                         t=     1.359     0.052
 *Command   4 * time                v:   0.00       0.00       0.00    
                                                         t=     1.360     0.052

   Computing solution at time   1.3000E-01 using dt =  1.0000E-02
   Total proportional load is   1.3000E-01
 *Command   5 * cont CHECK          v:   0.00       0.00       0.00    
                                                         t=     1.361     0.052

   Pair Number =   1,  Total Slave Points =    21

    0 - Not in Contact           =    21
    1 - Number to a Facet        =     0
    2 - Number to a Concave Edge =     0
    3 - Number to a Convex  Edge =     0
    4 - Number to a Point        =     0


   Pair Number =   2,  Total Slave Points =    21

    0 - Not in Contact           =    21
    1 - Number to a Facet        =     0
    2 - Number to a Concave Edge =     0
    3 - Number to a Convex  Edge =     0
    4 - Number to a Point        =     0


   Pair Number =   3,  Total Slave Points =    21

    0 - Not in Contact           =    21
    1 - Number to a Facet        =     0
    2 - Number to a Concave Edge =     0
    3 - Number to a Convex  Edge =     0
    4 - Number to a Point        =     0


   Pair Number =   4,  Total Slave Points =    21

    0 - Not in Contact           =    21
    1 - Number to a Facet        =     0
    2 - Number to a Concave Edge =     0
    3 - Number to a Convex  Edge =     0
    4 - Number to a Point        =     0

-->Contact check
 *Command   6 * loop newton         v:   50.0       9.00       0.00    
                                                         t=     1.361     0.052
 *Command   7 * utan                v:   1.00       0.00       0.00    
                                                         t=     1.361     0.052
   Residual 1 norm =  5.7785142E-02 Rel =  1.0000000E+00 t=     1.370     0.052
      Convergence: Equations  norm   = F
      Convergence: Individual groups = F
 Condition check: D-max 0.4123E+08; D-min 0.2762E-01; Ratio 0.1493E+10
 Maximum no. diagonal digits lost:  5 in reducing equation    1961
   End Triangular Decomposition                          t=     1.390     0.052
   Number of operations =  363111 plus       51 Mega-ops
  Time: CPU =         1.39 , System =         0.05
--> SOLVE AT  5014.96 Mflops. Time=        0.02
   Energy convergence check
    Initial   =    1.398931772043002E-05 Current   =    1.398931772043002E-05
    Relative  =    1.000000000000000E+00 Tolerance =    1.000000000000000E-16
      Convergence: Energy |R*u| norm = F
      Convergence: Individual groups = F
 *Command   8 * next newton         v:   1.00       7.00       1.00    
                                                         t=     1.392     0.052
 *Command   7 * utan                v:   1.00       0.00       0.00    
                                                         t=     1.392     0.052
   Residual 1 norm =  5.7455984E-04 Rel =  9.9430376E-03 t=     1.400     0.052
      Convergence: Equations  norm   = F
      Convergence: Individual groups = F
 Condition check: D-max 0.4123E+08; D-min 0.2762E-01; Ratio 0.1493E+10
 Maximum no. diagonal digits lost:  5 in reducing equation    1961
   End Triangular Decomposition                          t=     1.420     0.052
   Number of operations =  363111 plus       51 Mega-ops
  Time: CPU =         1.42 , System =         0.05
--> SOLVE AT  5324.55 Mflops. Time=        0.02
   Energy convergence check
    Initial   =    1.398931772043002E-05 Current   =    1.428119278214660E-10
    Relative  =    1.020864138448319E-05 Tolerance =    1.000000000000000E-16
      Convergence: Energy |R*u| norm = F
      Convergence: Individual groups = F
 *Command   8 * next newton         v:   2.00       7.00       2.00    
                                                         t=     1.421     0.052
 *Command   7 * utan                v:   1.00       0.00       0.00    
                                                         t=     1.421     0.052
   Residual 1 norm =  2.7346819E-09 Rel =  4.7325001E-08 t=     1.430     0.052
      Convergence: Equations  norm   = F
      Convergence: Individual groups = F
 Condition check: D-max 0.4123E+08; D-min 0.2762E-01; Ratio 0.1493E+10
 Maximum no. diagonal digits lost:  5 in reducing equation    1961
   End Triangular Decomposition                          t=     1.449     0.052
   Number of operations =  363111 plus       51 Mega-ops
  Time: CPU =         1.45 , System =         0.05
--> SOLVE AT  5284.00 Mflops. Time=        0.02
   Energy convergence check
    Initial   =    1.398931772043002E-05 Current   =    1.478277468240729E-20
    Relative  =    1.056718774841928E-15 Tolerance =    1.000000000000000E-16
      Convergence: Energy |R*u| norm = F
      Convergence: Individual groups = T
 *Command   8 * next newton         v:   50.0       7.00       3.00    
                                                         t=     1.450     0.052
 *Command   9 * plot WIPE           v:   0.00       0.00       0.00    
                                                         t=     1.450     0.052
 *Command  10 * plot UNDE           v:   0.00       0.00       0.00    
                                                         t=     1.450     0.053
 *Command  11 * plot MESH           v:   0.00       0.00       0.00    
                                                         t=     1.450     0.053
 *Command  12 * plot DEFO           v:   1.00       1.00       0.00    
                                                         t=     1.450     0.053
  -> Plots on deformed mesh with scale: 1.00000E+00
                     Eigenvector scale: 0.00000E+00
 *Command  13 * plot PAIR           v:   1.00       4.00       0.00    
                                                         t=     1.450     0.053
 *Command  14 * next time           v:   13.0       4.00       13.0    
                                                         t=     1.451     0.054
 *Command   4 * time                v:   0.00       0.00       0.00    
                                                         t=     1.451     0.054

   Computing solution at time   1.4000E-01 using dt =  1.0000E-02
   Total proportional load is   1.4000E-01
 *Command   5 * cont CHECK          v:   0.00       0.00       0.00    
                                                         t=     1.452     0.054

   Pair Number =   1,  Total Slave Points =    21

    0 - Not in Contact           =    21
    1 - Number to a Facet        =     0
    2 - Number to a Concave Edge =     0
    3 - Number to a Convex  Edge =     0
    4 - Number to a Point        =     0


   Pair Number =   2,  Total Slave Points =    21

    0 - Not in Contact           =    21
    1 - Number to a Facet        =     0
    2 - Number to a Concave Edge =     0
    3 - Number to a Convex  Edge =     0
    4 - Number to a Point        =     0


   Pair Number =   3,  Total Slave Points =    21

    0 - Not in Contact           =    21
    1 - Number to a Facet        =     0
    2 - Number to a Concave Edge =     0
    3 - Number to a Convex  Edge =     0
    4 - Number to a Point        =     0


   Pair Number =   4,  Total Slave Points =    21

    0 - Not in Contact           =    21
    1 - Number to a Facet        =     0
    2 - Number to a Concave Edge =     0
    3 - Number to a Convex  Edge =     0
    4 - Number to a Point        =     0

-->Contact check
 *Command   6 * loop newton         v:   50.0       9.00       0.00    
                                                         t=     1.452     0.054
 *Command   7 * utan                v:   1.00       0.00       0.00    
                                                         t=     1.452     0.054
   Residual 1 norm =  5.7748657E-02 Rel =  1.0000000E+00 t=     1.461     0.055
      Convergence: Equations  norm   = F
      Convergence: Individual groups = F
 Condition check: D-max 0.4123E+08; D-min 0.2762E-01; Ratio 0.1493E+10
 Maximum no. diagonal digits lost:  5 in reducing equation    1961
   End Triangular Decomposition                          t=     1.481     0.055
   Number of operations =  363111 plus       51 Mega-ops
  Time: CPU =         1.48 , System =         0.05
--> SOLVE AT  5058.67 Mflops. Time=        0.02
   Energy convergence check
    Initial   =    1.389555965020509E-05 Current   =    1.389555965020509E-05
    Relative  =    1.000000000000000E+00 Tolerance =    1.000000000000000E-16
      Convergence: Energy |R*u| norm = F
      Convergence: Individual groups = F
 *Command   8 * next newton         v:   1.00       7.00       1.00    
                                                         t=     1.482     0.055
 *Command   7 * utan                v:   1.00       0.00       0.00    
                                                         t=     1.482     0.055
   Residual 1 norm =  5.6804813E-04 Rel =  9.8365601E-03 t=     1.491     0.055
      Convergence: Equations  norm   = F
      Convergence: Individual groups = F
 Condition check: D-max 0.4123E+08; D-min 0.2762E-01; Ratio 0.1493E+10
 Maximum no. diagonal digits lost:  5 in reducing equation    1961
   End Triangular Decomposition                          t=     1.510     0.055
   Number of operations =  363111 plus       51 Mega-ops
  Time: CPU =         1.51 , System =         0.05
--> SOLVE AT  5287.01 Mflops. Time=        0.02
   Energy convergence check
    Initial   =    1.389555965020509E-05 Current   =    1.407981186189361E-10
    Relative  =    1.013259790632888E-05 Tolerance =    1.000000000000000E-16
      Convergence: Energy |R*u| norm = F
      Convergence: Individual groups = F
 *Command   8 * next newton         v:   2.00       7.00       2.00    
                                                         t=     1.512     0.055
 *Command   7 * utan                v:   1.00       0.00       0.00    
                                                         t=     1.512     0.055
   Residual 1 norm =  2.6836503E-09 Rel =  4.6471216E-08 t=     1.520     0.055
      Convergence: Equations  norm   = F
      Convergence: Individual groups = F
 Condition check: D-max 0.4123E+08; D-min 0.2762E-01; Ratio 0.1493E+10
 Maximum no. diagonal digits lost:  5 in reducing equation    1961
   End Triangular Decomposition                          t=     1.540     0.055
   Number of operations =  363111 plus       51 Mega-ops
  Time: CPU =         1.54 , System =         0.05
--> SOLVE AT  5291.33 Mflops. Time=        0.02
   Energy convergence check
    Initial   =    1.389555965020509E-05 Current   =    1.436595837878663E-20
    Relative  =    1.033852449302004E-15 Tolerance =    1.000000000000000E-16
      Convergence: Energy |R*u| norm = F
      Convergence: Individual groups = T
 *Command   8 * next newton         v:   50.0       7.00       3.00    
                                                         t=     1.541     0.055
 *Command   9 * plot WIPE           v:   0.00       0.00       0.00    
                                                         t=     1.541     0.055
 *Command  10 * plot UNDE           v:   0.00       0.00       0.00    
                                                         t=     1.541     0.055
 *Command  11 * plot MESH           v:   0.00       0.00       0.00    
                                                         t=     1.541     0.055
 *Command  12 * plot DEFO           v:   1.00       1.00       0.00    
                                                         t=     1.541     0.055
  -> Plots on deformed mesh with scale: 1.00000E+00
                     Eigenvector scale: 0.00000E+00
 *Command  13 * plot PAIR           v:   1.00       4.00       0.00    
                                                         t=     1.541     0.055
 *Command  14 * next time           v:   14.0       4.00       14.0    
                                                         t=     1.541     0.056
 *Command   4 * time                v:   0.00       0.00       0.00    
                                                         t=     1.541     0.056

   Computing solution at time   1.5000E-01 using dt =  1.0000E-02
   Total proportional load is   1.5000E-01
 *Command   5 * cont CHECK          v:   0.00       0.00       0.00    
                                                         t=     1.542     0.057

   Pair Number =   1,  Total Slave Points =    21

    0 - Not in Contact           =    21
    1 - Number to a Facet        =     0
    2 - Number to a Concave Edge =     0
    3 - Number to a Convex  Edge =     0
    4 - Number to a Point        =     0


   Pair Number =   2,  Total Slave Points =    21

    0 - Not in Contact           =    21
    1 - Number to a Facet        =     0
    2 - Number to a Concave Edge =     0
    3 - Number to a Convex  Edge =     0
    4 - Number to a Point        =     0


   Pair Number =   3,  Total Slave Points =    21

    0 - Not in Contact           =    21
    1 - Number to a Facet        =     0
    2 - Number to a Concave Edge =     0
    3 - Number to a Convex  Edge =     0
    4 - Number to a Point        =     0


   Pair Number =   4,  Total Slave Points =    21

    0 - Not in Contact           =    21
    1 - Number to a Facet        =     0
    2 - Number to a Concave Edge =     0
    3 - Number to a Convex  Edge =     0
    4 - Number to a Point        =     0

-->Contact check
 *Command   6 * loop newton         v:   50.0       9.00       0.00    
                                                         t=     1.542     0.057
 *Command   7 * utan                v:   1.00       0.00       0.00    
                                                         t=     1.542     0.057
   Residual 1 norm =  5.7712316E-02 Rel =  1.0000000E+00 t=     1.551     0.057
      Convergence: Equations  norm   = F
      Convergence: Individual groups = F
 Condition check: D-max 0.4123E+08; D-min 0.2762E-01; Ratio 0.1493E+10
 Maximum no. diagonal digits lost:  5 in reducing equation    1961
   End Triangular Decomposition                          t=     1.571     0.057
   Number of operations =  363111 plus       51 Mega-ops
  Time: CPU =         1.57 , System =         0.06
--> SOLVE AT  5000.06 Mflops. Time=        0.02
   Energy convergence check
    Initial   =    1.380265288672476E-05 Current   =    1.380265288672476E-05
    Relative  =    1.000000000000000E+00 Tolerance =    1.000000000000000E-16
      Convergence: Energy |R*u| norm = F
      Convergence: Individual groups = F
 *Command   8 * next newton         v:   1.00       7.00       1.00    
                                                         t=     1.572     0.057
 *Command   7 * utan                v:   1.00       0.00       0.00    
                                                         t=     1.572     0.057
   Residual 1 norm =  5.6161594E-04 Rel =  9.7313014E-03 t=     1.589     0.057
      Convergence: Equations  norm   = F
      Convergence: Individual groups = F
 Condition check: D-max 0.4123E+08; D-min 0.2762E-01; Ratio 0.1493E+10
 Maximum no. diagonal digits lost:  5 in reducing equation    1961
   End Triangular Decomposition                          t=     1.608     0.057
   Number of operations =  363111 plus       51 Mega-ops
  Time: CPU =         1.61 , System =         0.06
--> SOLVE AT  5412.64 Mflops. Time=        0.02
   Energy convergence check
    Initial   =    1.380265288672476E-05 Current   =    1.388139411704021E-10
    Relative  =    1.005704789576443E-05 Tolerance =    1.000000000000000E-16
      Convergence: Energy |R*u| norm = F
      Convergence: Individual groups = F
 *Command   8 * next newton         v:   2.00       7.00       2.00    
                                                         t=     1.609     0.057
 *Command   7 * utan                v:   1.00       0.00       0.00    
                                                         t=     1.610     0.057
   Residual 1 norm =  2.6336593E-09 Rel =  4.5634269E-08 t=     1.618     0.057
      Convergence: Equations  norm   = F
      Convergence: Individual groups = F
 Condition check: D-max 0.4123E+08; D-min 0.2762E-01; Ratio 0.1493E+10
 Maximum no. diagonal digits lost:  5 in reducing equation    1961
   End Triangular Decomposition                          t=     1.637     0.058
   Number of operations =  363111 plus       51 Mega-ops
  Time: CPU =         1.64 , System =         0.06
--> SOLVE AT  5498.99 Mflops. Time=        0.02
   Energy convergence check
    Initial   =    1.380265288672476E-05 Current   =    1.396075216936957E-20
    Relative  =    1.011454267809406E-15 Tolerance =    1.000000000000000E-16
      Convergence: Energy |R*u| norm = F
      Convergence: Individual groups = T
 *Command   8 * next newton         v:   50.0       7.00       3.00    
                                                         t=     1.638     0.058
 *Command   9 * plot WIPE           v:   0.00       0.00       0.00    
                                                         t=     1.638     0.058
 *Command  10 * plot UNDE           v:   0.00       0.00       0.00    
                                                         t=     1.638     0.058
 *Command  11 * plot MESH           v:   0.00       0.00       0.00    
                                                         t=     1.638     0.058
 *Command  12 * plot DEFO           v:   1.00       1.00       0.00    
                                                         t=     1.639     0.058
  -> Plots on deformed mesh with scale: 1.00000E+00
                     Eigenvector scale: 0.00000E+00
 *Command  13 * plot PAIR           v:   1.00       4.00       0.00    
                                                         t=     1.639     0.058
 *Command  14 * next time           v:   15.0       4.00       15.0    
                                                         t=     1.639     0.058
 *Command   4 * time                v:   0.00       0.00       0.00    
                                                         t=     1.640     0.058

   Computing solution at time   1.6000E-01 using dt =  1.0000E-02
   Total proportional load is   1.6000E-01
 *Command   5 * cont CHECK          v:   0.00       0.00       0.00    
                                                         t=     1.641     0.058

   Pair Number =   1,  Total Slave Points =    21

    0 - Not in Contact           =    17
    1 - Number to a Facet        =     4
    2 - Number to a Concave Edge =     0
    3 - Number to a Convex  Edge =     0
    4 - Number to a Point        =     0


   Pair Number =   2,  Total Slave Points =    21

    0 - Not in Contact           =    17
    1 - Number to a Facet        =     4
    2 - Number to a Concave Edge =     0
    3 - Number to a Convex  Edge =     0
    4 - Number to a Point        =     0


   Pair Number =   3,  Total Slave Points =    21

    0 - Not in Contact           =    17
    1 - Number to a Facet        =     4
    2 - Number to a Concave Edge =     0
    3 - Number to a Convex  Edge =     0
    4 - Number to a Point        =     0


   Pair Number =   4,  Total Slave Points =    21

    0 - Not in Contact           =    17
    1 - Number to a Facet        =     4
    2 - Number to a Concave Edge =     0
    3 - Number to a Convex  Edge =     0
    4 - Number to a Point        =     0

-->Contact check
 *Command   6 * loop newton         v:   50.0       9.00       0.00    
                                                         t=     1.641     0.058
 *Command   7 * utan                v:   1.00       0.00       0.00    
                                                         t=     1.641     0.058
   Residual 1 norm =  5.7756848E-02 Rel =  1.0000000E+00 t=     1.650     0.059
      Convergence: Equations  norm   = F
      Convergence: Individual groups = F
 Condition check: D-max 0.4123E+08; D-min 0.2762E-01; Ratio 0.1493E+10
 Maximum no. diagonal digits lost:  5 in reducing equation    1961
   End Triangular Decomposition                          t=     1.698     0.060
   Number of operations =  602507 plus       86 Mega-ops
  Time: CPU =         1.70 , System =         0.06
--> SOLVE AT  3593.84 Mflops. Time=        0.05
   Energy convergence check
    Initial   =    1.249784897399959E-05 Current   =    1.249784897399959E-05
    Relative  =    1.000000000000000E+00 Tolerance =    1.000000000000000E-16
      Convergence: Energy |R*u| norm = F
      Convergence: Individual groups = F
 *Command   8 * next newton         v:   1.00       7.00       1.00    
                                                         t=     1.700     0.060
 *Command   7 * utan                v:   1.00       0.00       0.00    
                                                         t=     1.700     0.060
   Residual 1 norm =  4.6646934E-04 Rel =  8.0764335E-03 t=     1.709     0.060
      Convergence: Equations  norm   = F
      Convergence: Individual groups = F
 Condition check: D-max 0.4123E+08; D-min 0.2762E-01; Ratio 0.1493E+10
 Maximum no. diagonal digits lost:  5 in reducing equation    1961
   End Triangular Decomposition                          t=     1.750     0.064
   Number of operations =  602507 plus       86 Mega-ops
  Time: CPU =         1.75 , System =         0.06
--> SOLVE AT  4150.01 Mflops. Time=        0.04
   Energy convergence check
    Initial   =    1.249784897399959E-05 Current   =    9.191810934877637E-11
    Relative  =    7.354714362447647E-06 Tolerance =    1.000000000000000E-16
      Convergence: Energy |R*u| norm = F
      Convergence: Individual groups = F
 *Command   8 * next newton         v:   2.00       7.00       2.00    
                                                         t=     1.752     0.064
 *Command   7 * utan                v:   1.00       0.00       0.00    
                                                         t=     1.752     0.064
   Residual 1 norm =  6.4090228E-08 Rel =  1.1096559E-06 t=     1.760     0.065
      Convergence: Equations  norm   = F
      Convergence: Individual groups = F
 Condition check: D-max 0.4123E+08; D-min 0.2762E-01; Ratio 0.1493E+10
 Maximum no. diagonal digits lost:  5 in reducing equation    1961
   End Triangular Decomposition                          t=     1.805     0.066
   Number of operations =  602507 plus       86 Mega-ops
  Time: CPU =         1.81 , System =         0.07
--> SOLVE AT  3843.79 Mflops. Time=        0.05
   Energy convergence check
    Initial   =    1.249784897399959E-05 Current   =    5.286777711666903E-18
    Relative  =    4.230150102361988E-13 Tolerance =    1.000000000000000E-16
      Convergence: Energy |R*u| norm = F
      Convergence: Individual groups = F
 *Command   8 * next newton         v:   3.00       7.00       3.00    
                                                         t=     1.807     0.066
 *Command   7 * utan                v:   1.00       0.00       0.00    
                                                         t=     1.807     0.066
   Residual 1 norm =  5.5767905E-11 Rel =  9.6556352E-10 t=     1.815     0.066
      Convergence: Equations  norm   = T
      Convergence: Individual groups = T
 Condition check: D-max 0.4123E+08; D-min 0.2762E-01; Ratio 0.1493E+10
 Maximum no. diagonal digits lost:  5 in reducing equation    1961
   End Triangular Decomposition                          t=     1.859     0.067
   Number of operations =  602507 plus       86 Mega-ops
  Time: CPU =         1.86 , System =         0.07
--> SOLVE AT  3968.05 Mflops. Time=        0.04
   Energy convergence check
    Initial   =    1.249784897399959E-05 Current   =    4.246076553696620E-24
    Relative  =    3.397445882511557E-19 Tolerance =    1.000000000000000E-16
      Convergence: Energy |R*u| norm = T
      Convergence: Individual groups = T
 *Command   8 * next newton         v:   50.0       7.00       4.00    
                                                         t=     1.861     0.067
 *Command   9 * plot WIPE           v:   0.00       0.00       0.00    
                                                         t=     1.861     0.067
 *Command  10 * plot UNDE           v:   0.00       0.00       0.00    
                                                         t=     1.861     0.067
 *Command  11 * plot MESH           v:   0.00       0.00       0.00    
                                                         t=     1.861     0.067
 *Command  12 * plot DEFO           v:   1.00       1.00       0.00    
                                                         t=     1.861     0.067
  -> Plots on deformed mesh with scale: 1.00000E+00
                     Eigenvector scale: 0.00000E+00
 *Command  13 * plot PAIR           v:   1.00       4.00       0.00    
                                                         t=     1.861     0.067
 *Command  14 * next time           v:   16.0       4.00       16.0    
                                                         t=     1.862     0.067
 *Command   4 * time                v:   0.00       0.00       0.00    
                                                         t=     1.862     0.067

   Computing solution at time   1.7000E-01 using dt =  1.0000E-02
   Total proportional load is   1.7000E-01
 *Command   5 * cont CHECK          v:   0.00       0.00       0.00    
                                                         t=     1.863     0.067

   Pair Number =   1,  Total Slave Points =    21

    0 - Not in Contact           =    14
    1 - Number to a Facet        =     7
    2 - Number to a Concave Edge =     0
    3 - Number to a Convex  Edge =     0
    4 - Number to a Point        =     0


   Pair Number =   2,  Total Slave Points =    21

    0 - Not in Contact           =    14
    1 - Number to a Facet        =     7
    2 - Number to a Concave Edge =     0
    3 - Number to a Convex  Edge =     0
    4 - Number to a Point        =     0


   Pair Number =   3,  Total Slave Points =    21

    0 - Not in Contact           =    14
    1 - Number to a Facet        =     7
    2 - Number to a Concave Edge =     0
    3 - Number to a Convex  Edge =     0
    4 - Number to a Point        =     0


   Pair Number =   4,  Total Slave Points =    21

    0 - Not in Contact           =    14
    1 - Number to a Facet        =     7
    2 - Number to a Concave Edge =     0
    3 - Number to a Convex  Edge =     0
    4 - Number to a Point        =     0

-->Contact check
 *Command   6 * loop newton         v:   50.0       9.00       0.00    
                                                         t=     1.864     0.067
 *Command   7 * utan                v:   1.00       0.00       0.00    
                                                         t=     1.864     0.067
   Residual 1 norm =  5.8085855E-02 Rel =  1.0000000E+00 t=     1.873     0.067
      Convergence: Equations  norm   = F
      Convergence: Individual groups = F
 Condition check: D-max 0.4123E+08; D-min 0.2763E-01; Ratio 0.1492E+10
 Maximum no. diagonal digits lost:  5 in reducing equation    1961
   End Triangular Decomposition                          t=     1.958     0.067
   Number of operations =  118023 plus      129 Mega-ops
  Time: CPU =         1.96 , System =         0.07
--> SOLVE AT  3053.48 Mflops. Time=        0.08
   Energy convergence check
    Initial   =    1.108696102643900E-05 Current   =    1.108696102643900E-05
    Relative  =    1.000000000000000E+00 Tolerance =    1.000000000000000E-16
      Convergence: Energy |R*u| norm = F
      Convergence: Individual groups = F
 *Command   8 * next newton         v:   1.00       7.00       1.00    
                                                         t=     1.960     0.067
 *Command   7 * utan                v:   1.00       0.00       0.00    
                                                         t=     1.960     0.067
   Residual 1 norm =  3.8080247E-04 Rel =  6.5558555E-03 t=     1.970     0.067
      Convergence: Equations  norm   = F
      Convergence: Individual groups = F
 Condition check: D-max 0.4123E+08; D-min 0.2763E-01; Ratio 0.1492E+10
 Maximum no. diagonal digits lost:  5 in reducing equation    1961
   End Triangular Decomposition                          t=     2.055     0.067
   Number of operations =  118023 plus      129 Mega-ops
  Time: CPU =         2.06 , System =         0.07
--> SOLVE AT  3044.70 Mflops. Time=        0.08
   Energy convergence check
    Initial   =    1.108696102643900E-05 Current   =    5.716732297786520E-11
    Relative  =    5.156266251999864E-06 Tolerance =    1.000000000000000E-16
      Convergence: Energy |R*u| norm = F
      Convergence: Individual groups = F
 *Command   8 * next newton         v:   2.00       7.00       2.00    
                                                         t=     2.057     0.067
 *Command   7 * utan                v:   1.00       0.00       0.00    
                                                         t=     2.057     0.067
   Residual 1 norm =  8.7621715E-08 Rel =  1.5084863E-06 t=     2.066     0.067
      Convergence: Equations  norm   = F
      Convergence: Individual groups = F
 Condition check: D-max 0.4123E+08; D-min 0.2763E-01; Ratio 0.1492E+10
 Maximum no. diagonal digits lost:  5 in reducing equation    1961
   End Triangular Decomposition                          t=     2.152     0.067
   Number of operations =  118023 plus      129 Mega-ops
  Time: CPU =         2.15 , System =         0.07
--> SOLVE AT  3025.36 Mflops. Time=        0.09
   Energy convergence check
    Initial   =    1.108696102643900E-05 Current   =    1.267190266638265E-17
    Relative  =    1.142955462381806E-12 Tolerance =    1.000000000000000E-16
      Convergence: Energy |R*u| norm = F
      Convergence: Individual groups = F
 *Command   8 * next newton         v:   3.00       7.00       3.00    
                                                         t=     2.154     0.067
 *Command   7 * utan                v:   1.00       0.00       0.00    
                                                         t=     2.154     0.067
   Residual 1 norm =  9.2300575E-11 Rel =  1.5890370E-09 t=     2.163     0.067
      Convergence: Equations  norm   = T
      Convergence: Individual groups = T
 Condition check: D-max 0.4123E+08; D-min 0.2763E-01; Ratio 0.1492E+10
 Maximum no. diagonal digits lost:  5 in reducing equation    1961
   End Triangular Decomposition                          t=     2.248     0.067
   Number of operations =  118023 plus      129 Mega-ops
  Time: CPU =         2.25 , System =         0.07
--> SOLVE AT  3034.39 Mflops. Time=        0.09
   Energy convergence check
    Initial   =    1.108696102643900E-05 Current   =    1.577296037932966E-23
    Relative  =    1.422658593433853E-18 Tolerance =    1.000000000000000E-16
      Convergence: Energy |R*u| norm = T
      Convergence: Individual groups = T
 *Command   8 * next newton         v:   50.0       7.00       4.00    
                                                         t=     2.250     0.067
 *Command   9 * plot WIPE           v:   0.00       0.00       0.00    
                                                         t=     2.250     0.067
 *Command  10 * plot UNDE           v:   0.00       0.00       0.00    
                                                         t=     2.251     0.067
 *Command  11 * plot MESH           v:   0.00       0.00       0.00    
                                                         t=     2.251     0.067
 *Command  12 * plot DEFO           v:   1.00       1.00       0.00    
                                                         t=     2.251     0.067
  -> Plots on deformed mesh with scale: 1.00000E+00
                     Eigenvector scale: 0.00000E+00
 *Command  13 * plot PAIR           v:   1.00       4.00       0.00    
                                                         t=     2.251     0.067
 *Command  14 * next time           v:   17.0       4.00       17.0    
                                                         t=     2.252     0.067
 *Command   4 * time                v:   0.00       0.00       0.00    
                                                         t=     2.252     0.067

   Computing solution at time   1.8000E-01 using dt =  1.0000E-02
   Total proportional load is   1.8000E-01
 *Command   5 * cont CHECK          v:   0.00       0.00       0.00    
                                                         t=     2.253     0.067

   Pair Number =   1,  Total Slave Points =    21

    0 - Not in Contact           =    14
    1 - Number to a Facet        =     7
    2 - Number to a Concave Edge =     0
    3 - Number to a Convex  Edge =     0
    4 - Number to a Point        =     0


   Pair Number =   2,  Total Slave Points =    21

    0 - Not in Contact           =    14
    1 - Number to a Facet        =     7
    2 - Number to a Concave Edge =     0
    3 - Number to a Convex  Edge =     0
    4 - Number to a Point        =     0


   Pair Number =   3,  Total Slave Points =    21

    0 - Not in Contact           =    14
    1 - Number to a Facet        =     7
    2 - Number to a Concave Edge =     0
    3 - Number to a Convex  Edge =     0
    4 - Number to a Point        =     0


   Pair Number =   4,  Total Slave Points =    21

    0 - Not in Contact           =    14
    1 - Number to a Facet        =     7
    2 - Number to a Concave Edge =     0
    3 - Number to a Convex  Edge =     0
    4 - Number to a Point        =     0

-->Contact check
 *Command   6 * loop newton         v:   50.0       9.00       0.00    
                                                         t=     2.253     0.067
 *Command   7 * utan                v:   1.00       0.00       0.00    
                                                         t=     2.253     0.067
   Residual 1 norm =  5.7620868E-02 Rel =  1.0000000E+00 t=     2.263     0.067
      Convergence: Equations  norm   = F
      Convergence: Individual groups = F
 Condition check: D-max 0.4123E+08; D-min 0.2763E-01; Ratio 0.1492E+10
 Maximum no. diagonal digits lost:  5 in reducing equation    1961
   End Triangular Decomposition                          t=     2.347     0.068
   Number of operations =  118023 plus      129 Mega-ops
  Time: CPU =         2.35 , System =         0.07
--> SOLVE AT  3067.77 Mflops. Time=        0.08
   Energy convergence check
    Initial   =    1.220517942386543E-05 Current   =    1.220517942386543E-05
    Relative  =    1.000000000000000E+00 Tolerance =    1.000000000000000E-16
      Convergence: Energy |R*u| norm = F
      Convergence: Individual groups = F
 *Command   8 * next newton         v:   1.00       7.00       1.00    
                                                         t=     2.349     0.068
 *Command   7 * utan                v:   1.00       0.00       0.00    
                                                         t=     2.349     0.068
   Residual 1 norm =  4.4421253E-04 Rel =  7.7092301E-03 t=     2.358     0.068
      Convergence: Equations  norm   = F
      Convergence: Individual groups = F
 Condition check: D-max 0.4123E+08; D-min 0.2764E-01; Ratio 0.1492E+10
 Maximum no. diagonal digits lost:  5 in reducing equation    1961
   End Triangular Decomposition                          t=     2.442     0.068
   Number of operations =  118023 plus      129 Mega-ops
  Time: CPU =         2.44 , System =         0.07
--> SOLVE AT  3089.84 Mflops. Time=        0.08
   Energy convergence check
    Initial   =    1.220517942386543E-05 Current   =    6.150895367193630E-11
    Relative  =    5.039577996835066E-06 Tolerance =    1.000000000000000E-16
      Convergence: Energy |R*u| norm = F
      Convergence: Individual groups = F
 *Command   8 * next newton         v:   2.00       7.00       2.00    
                                                         t=     2.444     0.068
 *Command   7 * utan                v:   1.00       0.00       0.00    
                                                         t=     2.444     0.068
   Residual 1 norm =  1.3123490E-07 Rel =  2.2775586E-06 t=     2.453     0.068
      Convergence: Equations  norm   = F
      Convergence: Individual groups = F
 Condition check: D-max 0.4123E+08; D-min 0.2764E-01; Ratio 0.1492E+10
 Maximum no. diagonal digits lost:  5 in reducing equation    1961
   End Triangular Decomposition                          t=     2.536     0.069
   Number of operations =  118023 plus      129 Mega-ops
  Time: CPU =         2.54 , System =         0.07
--> SOLVE AT  3137.66 Mflops. Time=        0.08
   Energy convergence check
    Initial   =    1.220517942386543E-05 Current   =    2.832659171829462E-17
    Relative  =    2.320866472712900E-12 Tolerance =    1.000000000000000E-16
      Convergence: Energy |R*u| norm = F
      Convergence: Individual groups = F
 *Command   8 * next newton         v:   3.00       7.00       3.00    
                                                         t=     2.538     0.069
 *Command   7 * utan                v:   1.00       0.00       0.00    
                                                         t=     2.538     0.069
   Residual 1 norm =  1.5880671E-10 Rel =  2.7560624E-09 t=     2.550     0.069
      Convergence: Equations  norm   = T
      Convergence: Individual groups = T
 Condition check: D-max 0.4123E+08; D-min 0.2764E-01; Ratio 0.1492E+10
 Maximum no. diagonal digits lost:  5 in reducing equation    1961
   End Triangular Decomposition                          t=     2.632     0.069
   Number of operations =  118023 plus      129 Mega-ops
  Time: CPU =         2.63 , System =         0.07
--> SOLVE AT  3141.75 Mflops. Time=        0.08
   Energy convergence check
    Initial   =    1.220517942386543E-05 Current   =    4.658763062589810E-23
    Relative  =    3.817037751596086E-18 Tolerance =    1.000000000000000E-16
      Convergence: Energy |R*u| norm = T
      Convergence: Individual groups = T
 *Command   8 * next newton         v:   50.0       7.00       4.00    
                                                         t=     2.634     0.069
 *Command   9 * plot WIPE           v:   0.00       0.00       0.00    
                                                         t=     2.634     0.069
 *Command  10 * plot UNDE           v:   0.00       0.00       0.00    
                                                         t=     2.634     0.069
 *Command  11 * plot MESH           v:   0.00       0.00       0.00    
                                                         t=     2.634     0.069
 *Command  12 * plot DEFO           v:   1.00       1.00       0.00    
                                                         t=     2.634     0.069
  -> Plots on deformed mesh with scale: 1.00000E+00
                     Eigenvector scale: 0.00000E+00
 *Command  13 * plot PAIR           v:   1.00       4.00       0.00    
                                                         t=     2.634     0.070
 *Command  14 * next time           v:   18.0       4.00       18.0    
                                                         t=     2.634     0.070
 *Command   4 * time                v:   0.00       0.00       0.00    
                                                         t=     2.634     0.070

   Computing solution at time   1.9000E-01 using dt =  1.0000E-02
   Total proportional load is   1.9000E-01
 *Command   5 * cont CHECK          v:   0.00       0.00       0.00    
                                                         t=     2.634     0.071

   Pair Number =   1,  Total Slave Points =    21

    0 - Not in Contact           =    14
    1 - Number to a Facet        =     7
    2 - Number to a Concave Edge =     0
    3 - Number to a Convex  Edge =     0
    4 - Number to a Point        =     0


   Pair Number =   2,  Total Slave Points =    21

    0 - Not in Contact           =    14
    1 - Number to a Facet        =     7
    2 - Number to a Concave Edge =     0
    3 - Number to a Convex  Edge =     0
    4 - Number to a Point        =     0


   Pair Number =   3,  Total Slave Points =    21

    0 - Not in Contact           =    14
    1 - Number to a Facet        =     7
    2 - Number to a Concave Edge =     0
    3 - Number to a Convex  Edge =     0
    4 - Number to a Point        =     0


   Pair Number =   4,  Total Slave Points =    21

    0 - Not in Contact           =    14
    1 - Number to a Facet        =     7
    2 - Number to a Concave Edge =     0
    3 - Number to a Convex  Edge =     0
    4 - Number to a Point        =     0

-->Contact check
 *Command   6 * loop newton         v:   50.0       9.00       0.00    
                                                         t=     2.634     0.071
 *Command   7 * utan                v:   1.00       0.00       0.00    
                                                         t=     2.634     0.071
   Residual 1 norm =  5.7592656E-02 Rel =  1.0000000E+00 t=     2.644     0.071
      Convergence: Equations  norm   = F
      Convergence: Individual groups = F
 Condition check: D-max 0.4123E+08; D-min 0.2764E-01; Ratio 0.1492E+10
 Maximum no. diagonal digits lost:  5 in reducing equation    1961
   End Triangular Decomposition                          t=     2.723     0.075
   Number of operations =  118023 plus      129 Mega-ops
  Time: CPU =         2.73 , System =         0.08
--> SOLVE AT  3251.77 Mflops. Time=        0.08
   Energy convergence check
    Initial   =    1.214220038228923E-05 Current   =    1.214220038228923E-05
    Relative  =    1.000000000000000E+00 Tolerance =    1.000000000000000E-16
      Convergence: Energy |R*u| norm = F
      Convergence: Individual groups = F
 *Command   8 * next newton         v:   1.00       7.00       1.00    
                                                         t=     2.725     0.075
 *Command   7 * utan                v:   1.00       0.00       0.00    
                                                         t=     2.725     0.075
   Residual 1 norm =  4.5017550E-04 Rel =  7.8165436E-03 t=     2.734     0.075
      Convergence: Equations  norm   = F
      Convergence: Individual groups = F
 Condition check: D-max 0.4123E+08; D-min 0.2765E-01; Ratio 0.1491E+10
 Maximum no. diagonal digits lost:  5 in reducing equation    1961
   End Triangular Decomposition                          t=     2.833     0.076
   Number of operations =  118023 plus      129 Mega-ops
  Time: CPU =         2.83 , System =         0.08
--> SOLVE AT  2633.91 Mflops. Time=        0.10
   Energy convergence check
    Initial   =    1.214220038228923E-05 Current   =    5.525214799029436E-11
    Relative  =    4.550423008245347E-06 Tolerance =    1.000000000000000E-16
      Convergence: Energy |R*u| norm = F
      Convergence: Individual groups = F
 *Command   8 * next newton         v:   2.00       7.00       2.00    
                                                         t=     2.835     0.076
 *Command   7 * utan                v:   1.00       0.00       0.00    
                                                         t=     2.835     0.076
   Residual 1 norm =  1.5226776E-07 Rel =  2.6438746E-06 t=     2.844     0.076
      Convergence: Equations  norm   = F
      Convergence: Individual groups = F
 Condition check: D-max 0.4123E+08; D-min 0.2765E-01; Ratio 0.1491E+10
 Maximum no. diagonal digits lost:  5 in reducing equation    1961
   End Triangular Decomposition                          t=     2.925     0.077
   Number of operations =  118023 plus      129 Mega-ops
  Time: CPU =         2.93 , System =         0.08
--> SOLVE AT  3188.77 Mflops. Time=        0.08
   Energy convergence check
    Initial   =    1.214220038228923E-05 Current   =    3.819834155168438E-17
    Relative  =    3.145915925370576E-12 Tolerance =    1.000000000000000E-16
      Convergence: Energy |R*u| norm = F
      Convergence: Individual groups = F
 *Command   8 * next newton         v:   3.00       7.00       3.00    
                                                         t=     2.928     0.077
 *Command   7 * utan                v:   1.00       0.00       0.00    
                                                         t=     2.928     0.077
   Residual 1 norm =  1.7875620E-10 Rel =  3.1038020E-09 t=     2.936     0.077
      Convergence: Equations  norm   = T
      Convergence: Individual groups = T
 Condition check: D-max 0.4123E+08; D-min 0.2765E-01; Ratio 0.1491E+10
 Maximum no. diagonal digits lost:  5 in reducing equation    1961
   End Triangular Decomposition                          t=     3.018     0.078
   Number of operations =  118023 plus      129 Mega-ops
  Time: CPU =         3.02 , System =         0.08
--> SOLVE AT  3149.22 Mflops. Time=        0.08
   Energy convergence check
    Initial   =    1.214220038228923E-05 Current   =    5.872185106442686E-23
    Relative  =    4.836178716839438E-18 Tolerance =    1.000000000000000E-16
      Convergence: Energy |R*u| norm = T
      Convergence: Individual groups = T
 *Command   8 * next newton         v:   50.0       7.00       4.00    
                                                         t=     3.021     0.078
 *Command   9 * plot WIPE           v:   0.00       0.00       0.00    
                                                         t=     3.021     0.078
 *Command  10 * plot UNDE           v:   0.00       0.00       0.00    
                                                         t=     3.021     0.078
 *Command  11 * plot MESH           v:   0.00       0.00       0.00    
                                                         t=     3.021     0.078
 *Command  12 * plot DEFO           v:   1.00       1.00       0.00    
                                                         t=     3.021     0.078
  -> Plots on deformed mesh with scale: 1.00000E+00
                     Eigenvector scale: 0.00000E+00
 *Command  13 * plot PAIR           v:   1.00       4.00       0.00    
                                                         t=     3.021     0.078
 *Command  14 * next time           v:   19.0       4.00       19.0    
                                                         t=     3.021     0.079
 *Command   4 * time                v:   0.00       0.00       0.00    
                                                         t=     3.021     0.079

   Computing solution at time   2.0000E-01 using dt =  1.0000E-02
   Total proportional load is   2.0000E-01
 *Command   5 * cont CHECK          v:   0.00       0.00       0.00    
                                                         t=     3.022     0.079

   Pair Number =   1,  Total Slave Points =    21

    0 - Not in Contact           =    14
    1 - Number to a Facet        =     7
    2 - Number to a Concave Edge =     0
    3 - Number to a Convex  Edge =     0
    4 - Number to a Point        =     0


   Pair Number =   2,  Total Slave Points =    21

    0 - Not in Contact           =    14
    1 - Number to a Facet        =     7
    2 - Number to a Concave Edge =     0
    3 - Number to a Convex  Edge =     0
    4 - Number to a Point        =     0


   Pair Number =   3,  Total Slave Points =    21

    0 - Not in Contact           =    14
    1 - Number to a Facet        =     7
    2 - Number to a Concave Edge =     0
    3 - Number to a Convex  Edge =     0
    4 - Number to a Point        =     0


   Pair Number =   4,  Total Slave Points =    21

    0 - Not in Contact           =    14
    1 - Number to a Facet        =     7
    2 - Number to a Concave Edge =     0
    3 - Number to a Convex  Edge =     0
    4 - Number to a Point        =     0

-->Contact check
 *Command   6 * loop newton         v:   50.0       9.00       0.00    
                                                         t=     3.022     0.079
 *Command   7 * utan                v:   1.00       0.00       0.00    
                                                         t=     3.022     0.079
   Residual 1 norm =  5.7564476E-02 Rel =  1.0000000E+00 t=     3.030     0.080
      Convergence: Equations  norm   = F
      Convergence: Individual groups = F
 Condition check: D-max 0.4123E+08; D-min 0.2765E-01; Ratio 0.1491E+10
 Maximum no. diagonal digits lost:  5 in reducing equation    1961
   End Triangular Decomposition                          t=     3.117     0.080
   Number of operations =  118023 plus      129 Mega-ops
  Time: CPU =         3.12 , System =         0.08
--> SOLVE AT  2974.36 Mflops. Time=        0.09
   Energy convergence check
    Initial   =    1.207955757695771E-05 Current   =    1.207955757695771E-05
    Relative  =    1.000000000000000E+00 Tolerance =    1.000000000000000E-16
      Convergence: Energy |R*u| norm = F
      Convergence: Individual groups = F
 *Command   8 * next newton         v:   1.00       7.00       1.00    
                                                         t=     3.119     0.080
 *Command   7 * utan                v:   1.00       0.00       0.00    
                                                         t=     3.119     0.080
   Residual 1 norm =  4.5651839E-04 Rel =  7.9305576E-03 t=     3.128     0.080
      Convergence: Equations  norm   = F
      Convergence: Individual groups = F
 Condition check: D-max 0.4123E+08; D-min 0.2765E-01; Ratio 0.1491E+10
 Maximum no. diagonal digits lost:  5 in reducing equation    1961
   End Triangular Decomposition                          t=     3.211     0.080
   Number of operations =  118023 plus      129 Mega-ops
  Time: CPU =         3.21 , System =         0.08
--> SOLVE AT  3145.69 Mflops. Time=        0.08
   Energy convergence check
    Initial   =    1.207955757695771E-05 Current   =    5.009855356982906E-11
    Relative  =    4.147383151299701E-06 Tolerance =    1.000000000000000E-16
      Convergence: Energy |R*u| norm = F
      Convergence: Individual groups = F
 *Command   8 * next newton         v:   2.00       7.00       2.00    
                                                         t=     3.213     0.080
 *Command   7 * utan                v:   1.00       0.00       0.00    
                                                         t=     3.213     0.080
   Residual 1 norm =  1.6817679E-07 Rel =  2.9215378E-06 t=     3.222     0.080
      Convergence: Equations  norm   = F
      Convergence: Individual groups = F
 Condition check: D-max 0.4123E+08; D-min 0.2765E-01; Ratio 0.1491E+10
 Maximum no. diagonal digits lost:  5 in reducing equation    1961
   End Triangular Decomposition                          t=     3.303     0.081
   Number of operations =  118023 plus      129 Mega-ops
  Time: CPU =         3.31 , System =         0.08
--> SOLVE AT  3175.64 Mflops. Time=        0.08
   Energy convergence check
    Initial   =    1.207955757695771E-05 Current   =    4.674712058864105E-17
    Relative  =    3.869936484910113E-12 Tolerance =    1.000000000000000E-16
      Convergence: Energy |R*u| norm = F
      Convergence: Individual groups = F
 *Command   8 * next newton         v:   3.00       7.00       3.00    
                                                         t=     3.305     0.081
 *Command   7 * utan                v:   1.00       0.00       0.00    
                                                         t=     3.305     0.081
   Residual 1 norm =  2.2535447E-10 Rel =  3.9148183E-09 t=     3.315     0.081
      Convergence: Equations  norm   = T
      Convergence: Individual groups = T
 Condition check: D-max 0.4123E+08; D-min 0.2765E-01; Ratio 0.1491E+10
 Maximum no. diagonal digits lost:  5 in reducing equation    1961
   End Triangular Decomposition                          t=     3.398     0.081
   Number of operations =  118023 plus      129 Mega-ops
  Time: CPU =         3.40 , System =         0.08
--> SOLVE AT  3111.73 Mflops. Time=        0.08
   Energy convergence check
    Initial   =    1.207955757695771E-05 Current   =    9.510333265859984E-23
    Relative  =    7.873080785674934E-18 Tolerance =    1.000000000000000E-16
      Convergence: Energy |R*u| norm = T
      Convergence: Individual groups = T
 *Command   8 * next newton         v:   50.0       7.00       4.00    
                                                         t=     3.400     0.081
 *Command   9 * plot WIPE           v:   0.00       0.00       0.00    
                                                         t=     3.400     0.081
 *Command  10 * plot UNDE           v:   0.00       0.00       0.00    
                                                         t=     3.400     0.081
 *Command  11 * plot MESH           v:   0.00       0.00       0.00    
                                                         t=     3.400     0.081
 *Command  12 * plot DEFO           v:   1.00       1.00       0.00    
                                                         t=     3.400     0.081
  -> Plots on deformed mesh with scale: 1.00000E+00
                     Eigenvector scale: 0.00000E+00
 *Command  13 * plot PAIR           v:   1.00       4.00       0.00    
                                                         t=     3.400     0.081
 *Command  14 * next time           v:   20.0       4.00       20.0    
                                                         t=     3.401     0.081
 *Command   4 * time                v:   0.00       0.00       0.00    
                                                         t=     3.401     0.081

   Computing solution at time   2.1000E-01 using dt =  1.0000E-02
   Total proportional load is   2.1000E-01
 *Command   5 * cont CHECK          v:   0.00       0.00       0.00    
                                                         t=     3.402     0.081

   Pair Number =   1,  Total Slave Points =    21

    0 - Not in Contact           =    14
    1 - Number to a Facet        =     7
    2 - Number to a Concave Edge =     0
    3 - Number to a Convex  Edge =     0
    4 - Number to a Point        =     0


   Pair Number =   2,  Total Slave Points =    21

    0 - Not in Contact           =    14
    1 - Number to a Facet        =     7
    2 - Number to a Concave Edge =     0
    3 - Number to a Convex  Edge =     0
    4 - Number to a Point        =     0


   Pair Number =   3,  Total Slave Points =    21

    0 - Not in Contact           =    14
    1 - Number to a Facet        =     7
    2 - Number to a Concave Edge =     0
    3 - Number to a Convex  Edge =     0
    4 - Number to a Point        =     0


   Pair Number =   4,  Total Slave Points =    21

    0 - Not in Contact           =    14
    1 - Number to a Facet        =     7
    2 - Number to a Concave Edge =     0
    3 - Number to a Convex  Edge =     0
    4 - Number to a Point        =     0

-->Contact check
 *Command   6 * loop newton         v:   50.0       9.00       0.00    
                                                         t=     3.403     0.081
 *Command   7 * utan                v:   1.00       0.00       0.00    
                                                         t=     3.403     0.081
   Residual 1 norm =  5.7536329E-02 Rel =  1.0000000E+00 t=     3.413     0.081
      Convergence: Equations  norm   = F
      Convergence: Individual groups = F
 Condition check: D-max 0.4123E+08; D-min 0.2765E-01; Ratio 0.1491E+10
 Maximum no. diagonal digits lost:  5 in reducing equation    1961
   End Triangular Decomposition                          t=     3.497     0.081
   Number of operations =  118023 plus      129 Mega-ops
  Time: CPU =         3.50 , System =         0.08
--> SOLVE AT  3059.45 Mflops. Time=        0.08
   Energy convergence check
    Initial   =    1.201725177460532E-05 Current   =    1.201725177460532E-05
    Relative  =    1.000000000000000E+00 Tolerance =    1.000000000000000E-16
      Convergence: Energy |R*u| norm = F
      Convergence: Individual groups = F
 *Command   8 * next newton         v:   1.00       7.00       1.00    
                                                         t=     3.499     0.081
 *Command   7 * utan                v:   1.00       0.00       0.00    
                                                         t=     3.499     0.081
   Residual 1 norm =  4.6321052E-04 Rel =  8.0507486E-03 t=     3.508     0.081
      Convergence: Equations  norm   = F
      Convergence: Individual groups = F
 Condition check: D-max 0.4123E+08; D-min 0.2766E-01; Ratio 0.1491E+10
 Maximum no. diagonal digits lost:  5 in reducing equation    1961
   End Triangular Decomposition                          t=     3.590     0.081
   Number of operations =  118023 plus      129 Mega-ops
  Time: CPU =         3.59 , System =         0.08
--> SOLVE AT  3133.13 Mflops. Time=        0.08
   Energy convergence check
    Initial   =    1.201725177460532E-05 Current   =    4.600594043593843E-11
    Relative  =    3.828324586920740E-06 Tolerance =    1.000000000000000E-16
      Convergence: Energy |R*u| norm = F
      Convergence: Individual groups = F
 *Command   8 * next newton         v:   2.00       7.00       2.00    
                                                         t=     3.593     0.081
 *Command   7 * utan                v:   1.00       0.00       0.00    
                                                         t=     3.593     0.081
   Residual 1 norm =  1.7944246E-07 Rel =  3.1187680E-06 t=     3.602     0.081
      Convergence: Equations  norm   = F
      Convergence: Individual groups = F
 Condition check: D-max 0.4123E+08; D-min 0.2766E-01; Ratio 0.1491E+10
 Maximum no. diagonal digits lost:  5 in reducing equation    1961
   End Triangular Decomposition                          t=     3.683     0.081
   Number of operations =  118023 plus      129 Mega-ops
  Time: CPU =         3.69 , System =         0.08
--> SOLVE AT  3173.45 Mflops. Time=        0.08
   Energy convergence check
    Initial   =    1.201725177460532E-05 Current   =    5.351496765745585E-17
    Relative  =    4.453178535423791E-12 Tolerance =    1.000000000000000E-16
      Convergence: Energy |R*u| norm = F
      Convergence: Individual groups = F
 *Command   8 * next newton         v:   3.00       7.00       3.00    
                                                         t=     3.685     0.081
 *Command   7 * utan                v:   1.00       0.00       0.00    
                                                         t=     3.685     0.081
   Residual 1 norm =  3.1390615E-10 Rel =  5.4557904E-09 t=     3.695     0.081
      Convergence: Equations  norm   = T
      Convergence: Individual groups = T
 Condition check: D-max 0.4123E+08; D-min 0.2766E-01; Ratio 0.1491E+10
 Maximum no. diagonal digits lost:  5 in reducing equation    1961
   End Triangular Decomposition                          t=     3.776     0.081
   Number of operations =  118023 plus      129 Mega-ops
  Time: CPU =         3.78 , System =         0.08
--> SOLVE AT  3169.21 Mflops. Time=        0.08
   Energy convergence check
    Initial   =    1.201725177460532E-05 Current   =    1.871017019409260E-22
    Relative  =    1.556942514396733E-17 Tolerance =    1.000000000000000E-16
      Convergence: Energy |R*u| norm = T
      Convergence: Individual groups = F
 *Command   8 * next newton         v:   50.0       7.00       4.00    
                                                         t=     3.778     0.081
 *Command   9 * plot WIPE           v:   0.00       0.00       0.00    
                                                         t=     3.778     0.081
 *Command  10 * plot UNDE           v:   0.00       0.00       0.00    
                                                         t=     3.778     0.081
 *Command  11 * plot MESH           v:   0.00       0.00       0.00    
                                                         t=     3.778     0.081
 *Command  12 * plot DEFO           v:   1.00       1.00       0.00    
                                                         t=     3.778     0.082
  -> Plots on deformed mesh with scale: 1.00000E+00
                     Eigenvector scale: 0.00000E+00
 *Command  13 * plot PAIR           v:   1.00       4.00       0.00    
                                                         t=     3.778     0.082
 *Command  14 * next time           v:   21.0       4.00       21.0    
                                                         t=     3.778     0.082
 *Command   4 * time                v:   0.00       0.00       0.00    
                                                         t=     3.778     0.082

   Computing solution at time   2.2000E-01 using dt =  1.0000E-02
   Total proportional load is   2.2000E-01
 *Command   5 * cont CHECK          v:   0.00       0.00       0.00    
                                                         t=     3.778     0.083

   Pair Number =   1,  Total Slave Points =    21

    0 - Not in Contact           =    14
    1 - Number to a Facet        =     7
    2 - Number to a Concave Edge =     0
    3 - Number to a Convex  Edge =     0
    4 - Number to a Point        =     0


   Pair Number =   2,  Total Slave Points =    21

    0 - Not in Contact           =    14
    1 - Number to a Facet        =     7
    2 - Number to a Concave Edge =     0
    3 - Number to a Convex  Edge =     0
    4 - Number to a Point        =     0


   Pair Number =   3,  Total Slave Points =    21

    0 - Not in Contact           =    14
    1 - Number to a Facet        =     7
    2 - Number to a Concave Edge =     0
    3 - Number to a Convex  Edge =     0
    4 - Number to a Point        =     0


   Pair Number =   4,  Total Slave Points =    21

    0 - Not in Contact           =    14
    1 - Number to a Facet        =     7
    2 - Number to a Concave Edge =     0
    3 - Number to a Convex  Edge =     0
    4 - Number to a Point        =     0

-->Contact check
 *Command   6 * loop newton         v:   50.0       9.00       0.00    
                                                         t=     3.778     0.084
 *Command   7 * utan                v:   1.00       0.00       0.00    
                                                         t=     3.779     0.084
   Residual 1 norm =  5.7508215E-02 Rel =  1.0000000E+00 t=     3.788     0.084
      Convergence: Equations  norm   = F
      Convergence: Individual groups = F
 Condition check: D-max 0.4123E+08; D-min 0.2766E-01; Ratio 0.1491E+10
 Maximum no. diagonal digits lost:  5 in reducing equation    1961
   End Triangular Decomposition                          t=     3.868     0.086
   Number of operations =  118023 plus      129 Mega-ops
  Time: CPU =         3.87 , System =         0.09
--> SOLVE AT  3208.33 Mflops. Time=        0.08
   Energy convergence check
    Initial   =    1.195528366307080E-05 Current   =    1.195528366307080E-05
    Relative  =    1.000000000000000E+00 Tolerance =    1.000000000000000E-16
      Convergence: Energy |R*u| norm = F
      Convergence: Individual groups = F
 *Command   8 * next newton         v:   1.00       7.00       1.00    
                                                         t=     3.870     0.086
 *Command   7 * utan                v:   1.00       0.00       0.00    
                                                         t=     3.870     0.086
   Residual 1 norm =  4.7022248E-04 Rel =  8.1766141E-03 t=     3.879     0.086
      Convergence: Equations  norm   = F
      Convergence: Individual groups = F
 Condition check: D-max 0.4123E+08; D-min 0.2766E-01; Ratio 0.1491E+10
 Maximum no. diagonal digits lost:  5 in reducing equation    1961
   End Triangular Decomposition                          t=     3.962     0.086
   Number of operations =  118023 plus      129 Mega-ops
  Time: CPU =         3.96 , System =         0.09
--> SOLVE AT  3110.42 Mflops. Time=        0.08
   Energy convergence check
    Initial   =    1.195528366307080E-05 Current   =    4.293321180699587E-11
    Relative  =    3.591149571767515E-06 Tolerance =    1.000000000000000E-16
      Convergence: Energy |R*u| norm = F
      Convergence: Individual groups = F
 *Command   8 * next newton         v:   2.00       7.00       2.00    
                                                         t=     3.964     0.086
 *Command   7 * utan                v:   1.00       0.00       0.00    
                                                         t=     3.964     0.086
   Residual 1 norm =  1.8681338E-07 Rel =  3.2484643E-06 t=     3.973     0.086
      Convergence: Equations  norm   = F
      Convergence: Individual groups = F
 Condition check: D-max 0.4123E+08; D-min 0.2766E-01; Ratio 0.1491E+10
 Maximum no. diagonal digits lost:  5 in reducing equation    1961
   End Triangular Decomposition                          t=     4.055     0.086
   Number of operations =  118023 plus      129 Mega-ops
  Time: CPU =         4.06 , System =         0.09
--> SOLVE AT  3165.47 Mflops. Time=        0.08
   Energy convergence check
    Initial   =    1.195528366307080E-05 Current   =    5.853230523625639E-17
    Relative  =    4.895936130487593E-12 Tolerance =    1.000000000000000E-16
      Convergence: Energy |R*u| norm = F
      Convergence: Individual groups = F
 *Command   8 * next newton         v:   3.00       7.00       3.00    
                                                         t=     4.057     0.086
 *Command   7 * utan                v:   1.00       0.00       0.00    
                                                         t=     4.057     0.086
   Residual 1 norm =  4.4698794E-10 Rel =  7.7725929E-09 t=     4.067     0.086
      Convergence: Equations  norm   = T
      Convergence: Individual groups = T
 Condition check: D-max 0.4123E+08; D-min 0.2766E-01; Ratio 0.1491E+10
 Maximum no. diagonal digits lost:  5 in reducing equation    1961
   End Triangular Decomposition                          t=     4.149     0.086
   Number of operations =  118023 plus      129 Mega-ops
  Time: CPU =         4.15 , System =         0.09
--> SOLVE AT  3140.61 Mflops. Time=        0.08
   Energy convergence check
    Initial   =    1.195528366307080E-05 Current   =    3.777557507709948E-22
    Relative  =    3.159738918933903E-17 Tolerance =    1.000000000000000E-16
      Convergence: Energy |R*u| norm = T
      Convergence: Individual groups = F
 *Command   8 * next newton         v:   50.0       7.00       4.00    
                                                         t=     4.151     0.086
 *Command   9 * plot WIPE           v:   0.00       0.00       0.00    
                                                         t=     4.151     0.086
 *Command  10 * plot UNDE           v:   0.00       0.00       0.00    
                                                         t=     4.151     0.086
 *Command  11 * plot MESH           v:   0.00       0.00       0.00    
                                                         t=     4.151     0.086
 *Command  12 * plot DEFO           v:   1.00       1.00       0.00    
                                                         t=     4.152     0.086
  -> Plots on deformed mesh with scale: 1.00000E+00
                     Eigenvector scale: 0.00000E+00
 *Command  13 * plot PAIR           v:   1.00       4.00       0.00    
                                                         t=     4.152     0.086
 *Command  14 * next time           v:   22.0       4.00       22.0    
                                                         t=     4.152     0.086
 *Command   4 * time                v:   0.00       0.00       0.00    
                                                         t=     4.152     0.086

   Computing solution at time   2.3000E-01 using dt =  1.0000E-02
   Total proportional load is   2.3000E-01
 *Command   5 * cont CHECK          v:   0.00       0.00       0.00    
                                                         t=     4.153     0.086

   Pair Number =   1,  Total Slave Points =    21

    0 - Not in Contact           =    14
    1 - Number to a Facet        =     7
    2 - Number to a Concave Edge =     0
    3 - Number to a Convex  Edge =     0
    4 - Number to a Point        =     0


   Pair Number =   2,  Total Slave Points =    21

    0 - Not in Contact           =    14
    1 - Number to a Facet        =     7
    2 - Number to a Concave Edge =     0
    3 - Number to a Convex  Edge =     0
    4 - Number to a Point        =     0


   Pair Number =   3,  Total Slave Points =    21

    0 - Not in Contact           =    14
    1 - Number to a Facet        =     7
    2 - Number to a Concave Edge =     0
    3 - Number to a Convex  Edge =     0
    4 - Number to a Point        =     0


   Pair Number =   4,  Total Slave Points =    21

    0 - Not in Contact           =    14
    1 - Number to a Facet        =     7
    2 - Number to a Concave Edge =     0
    3 - Number to a Convex  Edge =     0
    4 - Number to a Point        =     0

-->Contact check
 *Command   6 * loop newton         v:   50.0       9.00       0.00    
                                                         t=     4.154     0.086
 *Command   7 * utan                v:   1.00       0.00       0.00    
                                                         t=     4.154     0.086
   Residual 1 norm =  5.7480135E-02 Rel =  1.0000000E+00 t=     4.163     0.086
      Convergence: Equations  norm   = F
      Convergence: Individual groups = F
 Condition check: D-max 0.4123E+08; D-min 0.2766E-01; Ratio 0.1491E+10
 Maximum no. diagonal digits lost:  5 in reducing equation    1961
   End Triangular Decomposition                          t=     4.249     0.087
   Number of operations =  118023 plus      129 Mega-ops
  Time: CPU =         4.25 , System =         0.09
--> SOLVE AT  2981.04 Mflops. Time=        0.09
   Energy convergence check
    Initial   =    1.189365385334578E-05 Current   =    1.189365385334578E-05
    Relative  =    1.000000000000000E+00 Tolerance =    1.000000000000000E-16
      Convergence: Energy |R*u| norm = F
      Convergence: Individual groups = F
 *Command   8 * next newton         v:   1.00       7.00       1.00    
                                                         t=     4.252     0.087
 *Command   7 * utan                v:   1.00       0.00       0.00    
                                                         t=     4.252     0.087
   Residual 1 norm =  4.7752629E-04 Rel =  8.3076752E-03 t=     4.261     0.087
      Convergence: Equations  norm   = F
      Convergence: Individual groups = F
 Condition check: D-max 0.4123E+08; D-min 0.2767E-01; Ratio 0.1490E+10
 Maximum no. diagonal digits lost:  5 in reducing equation    1961
   End Triangular Decomposition                          t=     4.344     0.087
   Number of operations =  118023 plus      129 Mega-ops
  Time: CPU =         4.35 , System =         0.09
--> SOLVE AT  3097.09 Mflops. Time=        0.08
   Energy convergence check
    Initial   =    1.189365385334578E-05 Current   =    4.084038325780855E-11
    Relative  =    3.433796187562648E-06 Tolerance =    1.000000000000000E-16
      Convergence: Energy |R*u| norm = F
      Convergence: Individual groups = F
 *Command   8 * next newton         v:   2.00       7.00       2.00    
                                                         t=     4.346     0.087
 *Command   7 * utan                v:   1.00       0.00       0.00    
                                                         t=     4.346     0.087
   Residual 1 norm =  1.9132194E-07 Rel =  3.3284880E-06 t=     4.355     0.087
      Convergence: Equations  norm   = F
      Convergence: Individual groups = F
 Condition check: D-max 0.4123E+08; D-min 0.2767E-01; Ratio 0.1490E+10
 Maximum no. diagonal digits lost:  5 in reducing equation    1961
   End Triangular Decomposition                          t=     4.438     0.087
   Number of operations =  118023 plus      129 Mega-ops
  Time: CPU =         4.44 , System =         0.09
--> SOLVE AT  3116.16 Mflops. Time=        0.08
   Energy convergence check
    Initial   =    1.189365385334578E-05 Current   =    6.226695190537015E-17
    Relative  =    5.235308902810716E-12 Tolerance =    1.000000000000000E-16
      Convergence: Energy |R*u| norm = F
      Convergence: Individual groups = F
 *Command   8 * next newton         v:   3.00       7.00       3.00    
                                                         t=     4.440     0.087
 *Command   7 * utan                v:   1.00       0.00       0.00    
                                                         t=     4.440     0.087
   Residual 1 norm =  6.2319607E-10 Rel =  1.0841938E-08 t=     4.449     0.087
      Convergence: Equations  norm   = F
      Convergence: Individual groups = T
 Condition check: D-max 0.4123E+08; D-min 0.2767E-01; Ratio 0.1490E+10
 Maximum no. diagonal digits lost:  5 in reducing equation    1961
   End Triangular Decomposition                          t=     4.533     0.088
   Number of operations =  118023 plus      129 Mega-ops
  Time: CPU =         4.54 , System =         0.09
--> SOLVE AT  3065.05 Mflops. Time=        0.08
   Energy convergence check
    Initial   =    1.189365385334578E-05 Current   =    7.224879869849394E-22
    Relative  =    6.074567125406105E-17 Tolerance =    1.000000000000000E-16
      Convergence: Energy |R*u| norm = T
      Convergence: Individual groups = F
 *Command   8 * next newton         v:   50.0       7.00       4.00    
                                                         t=     4.536     0.088
 *Command   9 * plot WIPE           v:   0.00       0.00       0.00    
                                                         t=     4.536     0.088
 *Command  10 * plot UNDE           v:   0.00       0.00       0.00    
                                                         t=     4.536     0.089
 *Command  11 * plot MESH           v:   0.00       0.00       0.00    
                                                         t=     4.536     0.089
 *Command  12 * plot DEFO           v:   1.00       1.00       0.00    
                                                         t=     4.536     0.089
  -> Plots on deformed mesh with scale: 1.00000E+00
                     Eigenvector scale: 0.00000E+00
 *Command  13 * plot PAIR           v:   1.00       4.00       0.00    
                                                         t=     4.536     0.089
 *Command  14 * next time           v:   23.0       4.00       23.0    
                                                         t=     4.536     0.090
 *Command   4 * time                v:   0.00       0.00       0.00    
                                                         t=     4.536     0.090

   Computing solution at time   2.4000E-01 using dt =  1.0000E-02
   Total proportional load is   2.4000E-01
 *Command   5 * cont CHECK          v:   0.00       0.00       0.00    
                                                         t=     4.537     0.090

   Pair Number =   1,  Total Slave Points =    21

    0 - Not in Contact           =    14
    1 - Number to a Facet        =     7
    2 - Number to a Concave Edge =     0
    3 - Number to a Convex  Edge =     0
    4 - Number to a Point        =     0


   Pair Number =   2,  Total Slave Points =    21

    0 - Not in Contact           =    14
    1 - Number to a Facet        =     7
    2 - Number to a Concave Edge =     0
    3 - Number to a Convex  Edge =     0
    4 - Number to a Point        =     0


   Pair Number =   3,  Total Slave Points =    21

    0 - Not in Contact           =    14
    1 - Number to a Facet        =     7
    2 - Number to a Concave Edge =     0
    3 - Number to a Convex  Edge =     0
    4 - Number to a Point        =     0


   Pair Number =   4,  Total Slave Points =    21

    0 - Not in Contact           =    14
    1 - Number to a Facet        =     7
    2 - Number to a Concave Edge =     0
    3 - Number to a Convex  Edge =     0
    4 - Number to a Point        =     0

-->Contact check
 *Command   6 * loop newton         v:   50.0       9.00       0.00    
                                                         t=     4.537     0.090
 *Command   7 * utan                v:   1.00       0.00       0.00    
                                                         t=     4.537     0.090
   Residual 1 norm =  5.7452091E-02 Rel =  1.0000000E+00 t=     4.547     0.090
      Convergence: Equations  norm   = F
      Convergence: Individual groups = F
 Condition check: D-max 0.4123E+08; D-min 0.2767E-01; Ratio 0.1490E+10
 Maximum no. diagonal digits lost:  5 in reducing equation    1961
   End Triangular Decomposition                          t=     4.632     0.090
   Number of operations =  118023 plus      129 Mega-ops
  Time: CPU =         4.63 , System =         0.09
--> SOLVE AT  3043.33 Mflops. Time=        0.08
   Energy convergence check
    Initial   =    1.183236288161931E-05 Current   =    1.183236288161931E-05
    Relative  =    1.000000000000000E+00 Tolerance =    1.000000000000000E-16
      Convergence: Energy |R*u| norm = F
      Convergence: Individual groups = F
 *Command   8 * next newton         v:   1.00       7.00       1.00    
                                                         t=     4.634     0.090
 *Command   7 * utan                v:   1.00       0.00       0.00    
                                                         t=     4.634     0.090
   Residual 1 norm =  4.8509541E-04 Rel =  8.4434771E-03 t=     4.643     0.090
      Convergence: Equations  norm   = F
      Convergence: Individual groups = F
 Condition check: D-max 0.4123E+08; D-min 0.2767E-01; Ratio 0.1490E+10
 Maximum no. diagonal digits lost:  5 in reducing equation    1961
   End Triangular Decomposition                          t=     4.726     0.090
   Number of operations =  118023 plus      129 Mega-ops
  Time: CPU =         4.73 , System =         0.09
--> SOLVE AT  3117.47 Mflops. Time=        0.08
   Energy convergence check
    Initial   =    1.183236288161931E-05 Current   =    3.968856190118277E-11
    Relative  =    3.354238058641354E-06 Tolerance =    1.000000000000000E-16
      Convergence: Energy |R*u| norm = F
      Convergence: Individual groups = F
 *Command   8 * next newton         v:   2.00       7.00       2.00    
                                                         t=     4.728     0.090
 *Command   7 * utan                v:   1.00       0.00       0.00    
                                                         t=     4.728     0.090
   Residual 1 norm =  1.9434063E-07 Rel =  3.3826555E-06 t=     4.737     0.090
      Convergence: Equations  norm   = F
      Convergence: Individual groups = F
 Condition check: D-max 0.4123E+08; D-min 0.2767E-01; Ratio 0.1490E+10
 Maximum no. diagonal digits lost:  5 in reducing equation    1961
   End Triangular Decomposition                          t=     4.820     0.090
   Number of operations =  118023 plus      129 Mega-ops
  Time: CPU =         4.82 , System =         0.09
--> SOLVE AT  3106.97 Mflops. Time=        0.08
   Energy convergence check
    Initial   =    1.183236288161931E-05 Current   =    6.557643525946555E-17
    Relative  =    5.542125095008169E-12 Tolerance =    1.000000000000000E-16
      Convergence: Energy |R*u| norm = F
      Convergence: Individual groups = F
 *Command   8 * next newton         v:   3.00       7.00       3.00    
                                                         t=     4.822     0.090
 *Command   7 * utan                v:   1.00       0.00       0.00    
                                                         t=     4.822     0.090
   Residual 1 norm =  8.4199369E-10 Rel =  1.4655580E-08 t=     4.831     0.090
      Convergence: Equations  norm   = F
      Convergence: Individual groups = T
 Condition check: D-max 0.4123E+08; D-min 0.2767E-01; Ratio 0.1490E+10
 Maximum no. diagonal digits lost:  5 in reducing equation    1961
   End Triangular Decomposition                          t=     4.913     0.091
   Number of operations =  118023 plus      129 Mega-ops
  Time: CPU =         4.91 , System =         0.09
--> SOLVE AT  3166.94 Mflops. Time=        0.08
   Energy convergence check
    Initial   =    1.183236288161931E-05 Current   =    1.289931228731790E-21
    Relative  =    1.090172133526771E-16 Tolerance =    1.000000000000000E-16
      Convergence: Energy |R*u| norm = F
      Convergence: Individual groups = F
 *Command   8 * next newton         v:   50.0       7.00       4.00    
                                                         t=     4.915     0.091
 *Command   9 * plot WIPE           v:   0.00       0.00       0.00    
                                                         t=     4.915     0.091
 *Command  10 * plot UNDE           v:   0.00       0.00       0.00    
                                                         t=     4.915     0.091
 *Command  11 * plot MESH           v:   0.00       0.00       0.00    
                                                         t=     4.915     0.091
 *Command  12 * plot DEFO           v:   1.00       1.00       0.00    
                                                         t=     4.915     0.091
  -> Plots on deformed mesh with scale: 1.00000E+00
                     Eigenvector scale: 0.00000E+00
 *Command  13 * plot PAIR           v:   1.00       4.00       0.00    
                                                         t=     4.916     0.091
 *Command  14 * next time           v:   24.0       4.00       24.0    
                                                         t=     4.916     0.091
 *Command   4 * time                v:   0.00       0.00       0.00    
                                                         t=     4.916     0.091

   Computing solution at time   2.5000E-01 using dt =  1.0000E-02
   Total proportional load is   2.5000E-01
 *Command   5 * cont CHECK          v:   0.00       0.00       0.00    
                                                         t=     4.917     0.091

   Pair Number =   1,  Total Slave Points =    21

    0 - Not in Contact           =    14
    1 - Number to a Facet        =     7
    2 - Number to a Concave Edge =     0
    3 - Number to a Convex  Edge =     0
    4 - Number to a Point        =     0


   Pair Number =   2,  Total Slave Points =    21

    0 - Not in Contact           =    14
    1 - Number to a Facet        =     7
    2 - Number to a Concave Edge =     0
    3 - Number to a Convex  Edge =     0
    4 - Number to a Point        =     0


   Pair Number =   3,  Total Slave Points =    21

    0 - Not in Contact           =    14
    1 - Number to a Facet        =     7
    2 - Number to a Concave Edge =     0
    3 - Number to a Convex  Edge =     0
    4 - Number to a Point        =     0


   Pair Number =   4,  Total Slave Points =    21

    0 - Not in Contact           =    14
    1 - Number to a Facet        =     7
    2 - Number to a Concave Edge =     0
    3 - Number to a Convex  Edge =     0
    4 - Number to a Point        =     0

-->Contact check
 *Command   6 * loop newton         v:   50.0       9.00       0.00    
                                                         t=     4.918     0.091
 *Command   7 * utan                v:   1.00       0.00       0.00    
                                                         t=     4.918     0.091
   Residual 1 norm =  5.7424082E-02 Rel =  1.0000000E+00 t=     4.927     0.091
      Convergence: Equations  norm   = F
      Convergence: Individual groups = F
 Condition check: D-max 0.4123E+08; D-min 0.2767E-01; Ratio 0.1490E+10
 Maximum no. diagonal digits lost:  5 in reducing equation    1961
   End Triangular Decomposition                          t=     5.013     0.091
   Number of operations =  118023 plus      129 Mega-ops
  Time: CPU =         5.01 , System =         0.09
--> SOLVE AT  3006.83 Mflops. Time=        0.09
   Energy convergence check
    Initial   =    1.177141121130057E-05 Current   =    1.177141121130057E-05
    Relative  =    1.000000000000000E+00 Tolerance =    1.000000000000000E-16
      Convergence: Energy |R*u| norm = F
      Convergence: Individual groups = F
 *Command   8 * next newton         v:   1.00       7.00       1.00    
                                                         t=     5.015     0.091
 *Command   7 * utan                v:   1.00       0.00       0.00    
                                                         t=     5.015     0.091
   Residual 1 norm =  4.9290480E-04 Rel =  8.5835904E-03 t=     5.024     0.091
      Convergence: Equations  norm   = F
      Convergence: Individual groups = F
 Condition check: D-max 0.4123E+08; D-min 0.2768E-01; Ratio 0.1490E+10
 Maximum no. diagonal digits lost:  5 in reducing equation    1961
   End Triangular Decomposition                          t=     5.110     0.091
   Number of operations =  118023 plus      129 Mega-ops
  Time: CPU =         5.11 , System =         0.09
--> SOLVE AT  3019.77 Mflops. Time=        0.09
   Energy convergence check
    Initial   =    1.177141121130057E-05 Current   =    3.943992559361843E-11
    Relative  =    3.350484057149924E-06 Tolerance =    1.000000000000000E-16
      Convergence: Energy |R*u| norm = F
      Convergence: Individual groups = F
 *Command   8 * next newton         v:   2.00       7.00       2.00    
                                                         t=     5.112     0.091
 *Command   7 * utan                v:   1.00       0.00       0.00    
                                                         t=     5.112     0.091
   Residual 1 norm =  1.9762582E-07 Rel =  3.4415147E-06 t=     5.121     0.091
      Convergence: Equations  norm   = F
      Convergence: Individual groups = F
 Condition check: D-max 0.4123E+08; D-min 0.2768E-01; Ratio 0.1490E+10
 Maximum no. diagonal digits lost:  5 in reducing equation    1961
   End Triangular Decomposition                          t=     5.206     0.091
   Number of operations =  118023 plus      129 Mega-ops
  Time: CPU =         5.21 , System =         0.09
--> SOLVE AT  3060.61 Mflops. Time=        0.08
   Energy convergence check
    Initial   =    1.177141121130057E-05 Current   =    6.966345734990350E-17
    Relative  =    5.918020881219959E-12 Tolerance =    1.000000000000000E-16
      Convergence: Energy |R*u| norm = F
      Convergence: Individual groups = F
 *Command   8 * next newton         v:   3.00       7.00       3.00    
                                                         t=     5.208     0.091
 *Command   7 * utan                v:   1.00       0.00       0.00    
                                                         t=     5.208     0.091
   Residual 1 norm =  1.1041223E-09 Rel =  1.9227513E-08 t=     5.217     0.091
      Convergence: Equations  norm   = F
      Convergence: Individual groups = T
 Condition check: D-max 0.4123E+08; D-min 0.2768E-01; Ratio 0.1490E+10
 Maximum no. diagonal digits lost:  5 in reducing equation    1961
   End Triangular Decomposition                          t=     5.301     0.091
   Number of operations =  118023 plus      129 Mega-ops
  Time: CPU =         5.30 , System =         0.09
--> SOLVE AT  3063.05 Mflops. Time=        0.08
   Energy convergence check
    Initial   =    1.177141121130057E-05 Current   =    2.162806484411234E-21
    Relative  =    1.837338315337193E-16 Tolerance =    1.000000000000000E-16
      Convergence: Energy |R*u| norm = F
      Convergence: Individual groups = F
 *Command   8 * next newton         v:   50.0       7.00       4.00    
                                                         t=     5.304     0.091
 *Command   9 * plot WIPE           v:   0.00       0.00       0.00    
                                                         t=     5.304     0.091
 *Command  10 * plot UNDE           v:   0.00       0.00       0.00    
                                                         t=     5.304     0.091
 *Command  11 * plot MESH           v:   0.00       0.00       0.00    
                                                         t=     5.304     0.091
 *Command  12 * plot DEFO           v:   1.00       1.00       0.00    
                                                         t=     5.304     0.091
  -> Plots on deformed mesh with scale: 1.00000E+00
                     Eigenvector scale: 0.00000E+00
 *Command  13 * plot PAIR           v:   1.00       4.00       0.00    
                                                         t=     5.304     0.091
 *Command  14 * next time           v:   25.0       4.00       25.0    
                                                         t=     5.305     0.091
 *Command   4 * time                v:   0.00       0.00       0.00    
                                                         t=     5.305     0.091

   Computing solution at time   2.6000E-01 using dt =  1.0000E-02
   Total proportional load is   2.6000E-01
 *Command   5 * cont CHECK          v:   0.00       0.00       0.00    
                                                         t=     5.306     0.091

   Pair Number =   1,  Total Slave Points =    21

    0 - Not in Contact           =    14
    1 - Number to a Facet        =     7
    2 - Number to a Concave Edge =     0
    3 - Number to a Convex  Edge =     0
    4 - Number to a Point        =     0


   Pair Number =   2,  Total Slave Points =    21

    0 - Not in Contact           =    14
    1 - Number to a Facet        =     7
    2 - Number to a Concave Edge =     0
    3 - Number to a Convex  Edge =     0
    4 - Number to a Point        =     0


   Pair Number =   3,  Total Slave Points =    21

    0 - Not in Contact           =    14
    1 - Number to a Facet        =     7
    2 - Number to a Concave Edge =     0
    3 - Number to a Convex  Edge =     0
    4 - Number to a Point        =     0


   Pair Number =   4,  Total Slave Points =    21

    0 - Not in Contact           =    14
    1 - Number to a Facet        =     7
    2 - Number to a Concave Edge =     0
    3 - Number to a Convex  Edge =     0
    4 - Number to a Point        =     0

-->Contact check
 *Command   6 * loop newton         v:   50.0       9.00       0.00    
                                                         t=     5.306     0.091
 *Command   7 * utan                v:   1.00       0.00       0.00    
                                                         t=     5.306     0.091
   Residual 1 norm =  5.7396110E-02 Rel =  1.0000000E+00 t=     5.316     0.091
      Convergence: Equations  norm   = F
      Convergence: Individual groups = F
 Condition check: D-max 0.4123E+08; D-min 0.2768E-01; Ratio 0.1490E+10
 Maximum no. diagonal digits lost:  5 in reducing equation    1961
   End Triangular Decomposition                          t=     5.404     0.091
   Number of operations =  118023 plus      129 Mega-ops
  Time: CPU =         5.41 , System =         0.09
--> SOLVE AT  2943.02 Mflops. Time=        0.09
   Energy convergence check
    Initial   =    1.171079923502335E-05 Current   =    1.171079923502335E-05
    Relative  =    1.000000000000000E+00 Tolerance =    1.000000000000000E-16
      Convergence: Energy |R*u| norm = F
      Convergence: Individual groups = F
 *Command   8 * next newton         v:   1.00       7.00       1.00    
                                                         t=     5.406     0.091
 *Command   7 * utan                v:   1.00       0.00       0.00    
                                                         t=     5.406     0.091
   Residual 1 norm =  5.0093093E-04 Rel =  8.7276112E-03 t=     5.415     0.091
      Convergence: Equations  norm   = F
      Convergence: Individual groups = F
 Condition check: D-max 0.4123E+08; D-min 0.2769E-01; Ratio 0.1489E+10
 Maximum no. diagonal digits lost:  5 in reducing equation    1961
   End Triangular Decomposition                          t=     5.499     0.091
   Number of operations =  118023 plus      129 Mega-ops
  Time: CPU =         5.50 , System =         0.09
--> SOLVE AT  3056.59 Mflops. Time=        0.08
   Energy convergence check
    Initial   =    1.171079923502335E-05 Current   =    4.005770219263252E-11
    Relative  =    3.420577997173106E-06 Tolerance =    1.000000000000000E-16
      Convergence: Energy |R*u| norm = F
      Convergence: Individual groups = F
 *Command   8 * next newton         v:   2.00       7.00       2.00    
                                                         t=     5.502     0.091
 *Command   7 * utan                v:   1.00       0.00       0.00    
                                                         t=     5.502     0.091
   Residual 1 norm =  2.0327417E-07 Rel =  3.5416018E-06 t=     5.519     0.091
      Convergence: Equations  norm   = F
      Convergence: Individual groups = F
 Condition check: D-max 0.4123E+08; D-min 0.2769E-01; Ratio 0.1489E+10
 Maximum no. diagonal digits lost:  5 in reducing equation    1961
   End Triangular Decomposition                          t=     5.602     0.091
   Number of operations =  118023 plus      129 Mega-ops
  Time: CPU =         5.60 , System =         0.09
--> SOLVE AT  3105.70 Mflops. Time=        0.08
   Energy convergence check
    Initial   =    1.171079923502335E-05 Current   =    7.603435957419823E-17
    Relative  =    6.492670401760722E-12 Tolerance =    1.000000000000000E-16
      Convergence: Energy |R*u| norm = F
      Convergence: Individual groups = F
 *Command   8 * next newton         v:   3.00       7.00       3.00    
                                                         t=     5.604     0.091
 *Command   7 * utan                v:   1.00       0.00       0.00    
                                                         t=     5.604     0.091
   Residual 1 norm =  1.4110947E-09 Rel =  2.4585197E-08 t=     5.613     0.091
      Convergence: Equations  norm   = F
      Convergence: Individual groups = T
 Condition check: D-max 0.4123E+08; D-min 0.2769E-01; Ratio 0.1489E+10
 Maximum no. diagonal digits lost:  5 in reducing equation    1961
   End Triangular Decomposition                          t=     5.703     0.092
   Number of operations =  118023 plus      129 Mega-ops
  Time: CPU =         5.70 , System =         0.09
--> SOLVE AT  2874.46 Mflops. Time=        0.09
   Energy convergence check
    Initial   =    1.171079923502335E-05 Current   =    3.438805195948269E-21
    Relative  =    2.936439372697872E-16 Tolerance =    1.000000000000000E-16
      Convergence: Energy |R*u| norm = F
      Convergence: Individual groups = F
 *Command   8 * next newton         v:   50.0       7.00       4.00    
                                                         t=     5.705     0.092
 *Command   9 * plot WIPE           v:   0.00       0.00       0.00    
                                                         t=     5.705     0.092
 *Command  10 * plot UNDE           v:   0.00       0.00       0.00    
                                                         t=     5.705     0.092
 *Command  11 * plot MESH           v:   0.00       0.00       0.00    
                                                         t=     5.705     0.092
 *Command  12 * plot DEFO           v:   1.00       1.00       0.00    
                                                         t=     5.706     0.092
  -> Plots on deformed mesh with scale: 1.00000E+00
                     Eigenvector scale: 0.00000E+00
 *Command  13 * plot PAIR           v:   1.00       4.00       0.00    
                                                         t=     5.706     0.092
 *Command  14 * next time           v:   26.0       4.00       26.0    
                                                         t=     5.706     0.092
 *Command   4 * time                v:   0.00       0.00       0.00    
                                                         t=     5.706     0.092

   Computing solution at time   2.7000E-01 using dt =  1.0000E-02
   Total proportional load is   2.7000E-01
 *Command   5 * cont CHECK          v:   0.00       0.00       0.00    
                                                         t=     5.708     0.092

   Pair Number =   1,  Total Slave Points =    21

    0 - Not in Contact           =    14
    1 - Number to a Facet        =     7
    2 - Number to a Concave Edge =     0
    3 - Number to a Convex  Edge =     0
    4 - Number to a Point        =     0


   Pair Number =   2,  Total Slave Points =    21

    0 - Not in Contact           =    14
    1 - Number to a Facet        =     7
    2 - Number to a Concave Edge =     0
    3 - Number to a Convex  Edge =     0
    4 - Number to a Point        =     0


   Pair Number =   3,  Total Slave Points =    21

    0 - Not in Contact           =    14
    1 - Number to a Facet        =     7
    2 - Number to a Concave Edge =     0
    3 - Number to a Convex  Edge =     0
    4 - Number to a Point        =     0


   Pair Number =   4,  Total Slave Points =    21

    0 - Not in Contact           =    14
    1 - Number to a Facet        =     7
    2 - Number to a Concave Edge =     0
    3 - Number to a Convex  Edge =     0
    4 - Number to a Point        =     0

-->Contact check
 *Command   6 * loop newton         v:   50.0       9.00       0.00    
                                                         t=     5.708     0.092
 *Command   7 * utan                v:   1.00       0.00       0.00    
                                                         t=     5.708     0.092
   Residual 1 norm =  5.7368175E-02 Rel =  1.0000000E+00 t=     5.717     0.092
      Convergence: Equations  norm   = F
      Convergence: Individual groups = F
 Condition check: D-max 0.4123E+08; D-min 0.2769E-01; Ratio 0.1489E+10
 Maximum no. diagonal digits lost:  5 in reducing equation    1961
   End Triangular Decomposition                          t=     5.809     0.093
   Number of operations =  118023 plus      129 Mega-ops
  Time: CPU =         5.81 , System =         0.09
--> SOLVE AT  2817.22 Mflops. Time=        0.09
   Energy convergence check
    Initial   =    1.165052727662456E-05 Current   =    1.165052727662456E-05
    Relative  =    1.000000000000000E+00 Tolerance =    1.000000000000000E-16
      Convergence: Energy |R*u| norm = F
      Convergence: Individual groups = F
 *Command   8 * next newton         v:   1.00       7.00       1.00    
                                                         t=     5.811     0.093
 *Command   7 * utan                v:   1.00       0.00       0.00    
                                                         t=     5.811     0.093
   Residual 1 norm =  5.0915175E-04 Rel =  8.8751603E-03 t=     5.820     0.093
      Convergence: Equations  norm   = F
      Convergence: Individual groups = F
 Condition check: D-max 0.4123E+08; D-min 0.2769E-01; Ratio 0.1489E+10
 Maximum no. diagonal digits lost:  5 in reducing equation    1961
   End Triangular Decomposition                          t=     5.908     0.093
   Number of operations =  118023 plus      129 Mega-ops
  Time: CPU =         5.91 , System =         0.09
--> SOLVE AT  2932.17 Mflops. Time=        0.09
   Energy convergence check
    Initial   =    1.165052727662456E-05 Current   =    4.150614884419543E-11
    Relative  =    3.562598314968347E-06 Tolerance =    1.000000000000000E-16
      Convergence: Energy |R*u| norm = F
      Convergence: Individual groups = F
 *Command   8 * next newton         v:   2.00       7.00       2.00    
                                                         t=     5.910     0.093
 *Command   7 * utan                v:   1.00       0.00       0.00    
                                                         t=     5.910     0.093
   Residual 1 norm =  2.1350516E-07 Rel =  3.7216655E-06 t=     5.919     0.093
      Convergence: Equations  norm   = F
      Convergence: Individual groups = F
 Condition check: D-max 0.4123E+08; D-min 0.2769E-01; Ratio 0.1489E+10
 Maximum no. diagonal digits lost:  5 in reducing equation    1961
   End Triangular Decomposition                          t=     6.004     0.093
   Number of operations =  118023 plus      129 Mega-ops
  Time: CPU =         6.01 , System =         0.09
--> SOLVE AT  3061.05 Mflops. Time=        0.08
   Energy convergence check
    Initial   =    1.165052727662456E-05 Current   =    8.646044346256319E-17
    Relative  =    7.421161412671519E-12 Tolerance =    1.000000000000000E-16
      Convergence: Energy |R*u| norm = F
      Convergence: Individual groups = F
 *Command   8 * next newton         v:   3.00       7.00       3.00    
                                                         t=     6.006     0.093
 *Command   7 * utan                v:   1.00       0.00       0.00    
                                                         t=     6.006     0.093
   Residual 1 norm =  1.7649049E-09 Rel =  3.0764529E-08 t=     6.015     0.093
      Convergence: Equations  norm   = F
      Convergence: Individual groups = F
 Condition check: D-max 0.4123E+08; D-min 0.2769E-01; Ratio 0.1489E+10
 Maximum no. diagonal digits lost:  5 in reducing equation    1961
   End Triangular Decomposition                          t=     6.098     0.094
   Number of operations =  118023 plus      129 Mega-ops
  Time: CPU =         6.10 , System =         0.09
--> SOLVE AT  3130.04 Mflops. Time=        0.08
   Energy convergence check
    Initial   =    1.165052727662456E-05 Current   =    5.231406809349204E-21
    Relative  =    4.490274719021016E-16 Tolerance =    1.000000000000000E-16
      Convergence: Energy |R*u| norm = F
      Convergence: Individual groups = F
 *Command   8 * next newton         v:   4.00       7.00       4.00    
                                                         t=     6.100     0.094
 *Command   7 * utan                v:   1.00       0.00       0.00    
                                                         t=     6.100     0.094
   Residual 1 norm =  4.6290060E-12 Rel =  8.0689441E-11 t=     6.109     0.094
      Convergence: Equations  norm   = T
      Convergence: Individual groups = T
 Condition check: D-max 0.4123E+08; D-min 0.2769E-01; Ratio 0.1489E+10
 Maximum no. diagonal digits lost:  5 in reducing equation    1961
   End Triangular Decomposition                          t=     6.193     0.094
   Number of operations =  118023 plus      129 Mega-ops
  Time: CPU =         6.20 , System =         0.09
--> SOLVE AT  3066.16 Mflops. Time=        0.08
   Energy convergence check
    Initial   =    1.165052727662456E-05 Current   =    4.344690133739425E-26
    Relative  =    3.729178972402858E-21 Tolerance =    1.000000000000000E-16
      Convergence: Energy |R*u| norm = T
      Convergence: Individual groups = T
 *Command   8 * next newton         v:   50.0       7.00       5.00    
                                                         t=     6.195     0.094
 *Command   9 * plot WIPE           v:   0.00       0.00       0.00    
                                                         t=     6.196     0.094
 *Command  10 * plot UNDE           v:   0.00       0.00       0.00    
                                                         t=     6.196     0.095
 *Command  11 * plot MESH           v:   0.00       0.00       0.00    
                                                         t=     6.196     0.095
 *Command  12 * plot DEFO           v:   1.00       1.00       0.00    
                                                         t=     6.196     0.095
  -> Plots on deformed mesh with scale: 1.00000E+00
                     Eigenvector scale: 0.00000E+00
 *Command  13 * plot PAIR           v:   1.00       4.00       0.00    
                                                         t=     6.196     0.095
 *Command  14 * next time           v:   27.0       4.00       27.0    
                                                         t=     6.196     0.096
 *Command   4 * time                v:   0.00       0.00       0.00    
                                                         t=     6.196     0.096

   Computing solution at time   2.8000E-01 using dt =  1.0000E-02
   Total proportional load is   2.8000E-01
 *Command   5 * cont CHECK          v:   0.00       0.00       0.00    
                                                         t=     6.197     0.096

   Pair Number =   1,  Total Slave Points =    21

    0 - Not in Contact           =    14
    1 - Number to a Facet        =     7
    2 - Number to a Concave Edge =     0
    3 - Number to a Convex  Edge =     0
    4 - Number to a Point        =     0


   Pair Number =   2,  Total Slave Points =    21

    0 - Not in Contact           =    14
    1 - Number to a Facet        =     7
    2 - Number to a Concave Edge =     0
    3 - Number to a Convex  Edge =     0
    4 - Number to a Point        =     0


   Pair Number =   3,  Total Slave Points =    21

    0 - Not in Contact           =    14
    1 - Number to a Facet        =     7
    2 - Number to a Concave Edge =     0
    3 - Number to a Convex  Edge =     0
    4 - Number to a Point        =     0


   Pair Number =   4,  Total Slave Points =    21

    0 - Not in Contact           =    14
    1 - Number to a Facet        =     7
    2 - Number to a Concave Edge =     0
    3 - Number to a Convex  Edge =     0
    4 - Number to a Point        =     0

-->Contact check
 *Command   6 * loop newton         v:   50.0       9.00       0.00    
                                                         t=     6.197     0.096
 *Command   7 * utan                v:   1.00       0.00       0.00    
                                                         t=     6.197     0.096
   Residual 1 norm =  5.7340278E-02 Rel =  1.0000000E+00 t=     6.206     0.096
      Convergence: Equations  norm   = F
      Convergence: Individual groups = F
 Condition check: D-max 0.4123E+08; D-min 0.2769E-01; Ratio 0.1489E+10
 Maximum no. diagonal digits lost:  5 in reducing equation    1961
   End Triangular Decomposition                          t=     6.298     0.097
   Number of operations =  118023 plus      129 Mega-ops
  Time: CPU =         6.30 , System =         0.10
--> SOLVE AT  2811.43 Mflops. Time=        0.09
   Energy convergence check
    Initial   =    1.159059559354498E-05 Current   =    1.159059559354498E-05
    Relative  =    1.000000000000000E+00 Tolerance =    1.000000000000000E-16
      Convergence: Energy |R*u| norm = F
      Convergence: Individual groups = F
 *Command   8 * next newton         v:   1.00       7.00       1.00    
                                                         t=     6.300     0.097
 *Command   7 * utan                v:   1.00       0.00       0.00    
                                                         t=     6.300     0.097
   Residual 1 norm =  5.1754667E-04 Rel =  9.0258835E-03 t=     6.309     0.097
      Convergence: Equations  norm   = F
      Convergence: Individual groups = F
 Condition check: D-max 0.4123E+08; D-min 0.2770E-01; Ratio 0.1489E+10
 Maximum no. diagonal digits lost:  5 in reducing equation    1961
   End Triangular Decomposition                          t=     6.392     0.097
   Number of operations =  118023 plus      129 Mega-ops
  Time: CPU =         6.39 , System =         0.10
--> SOLVE AT  3121.89 Mflops. Time=        0.08
   Energy convergence check
    Initial   =    1.159059559354498E-05 Current   =    4.375053139074017E-11
    Relative  =    3.774657741928782E-06 Tolerance =    1.000000000000000E-16
      Convergence: Energy |R*u| norm = F
      Convergence: Individual groups = F
 *Command   8 * next newton         v:   2.00       7.00       2.00    
                                                         t=     6.394     0.097
 *Command   7 * utan                v:   1.00       0.00       0.00    
                                                         t=     6.394     0.097
   Residual 1 norm =  2.3026655E-07 Rel =  4.0157906E-06 t=     6.403     0.097
      Convergence: Equations  norm   = F
      Convergence: Individual groups = F
 Condition check: D-max 0.4123E+08; D-min 0.2770E-01; Ratio 0.1489E+10
 Maximum no. diagonal digits lost:  5 in reducing equation    1961
   End Triangular Decomposition                          t=     6.486     0.097
   Number of operations =  118023 plus      129 Mega-ops
  Time: CPU =         6.49 , System =         0.10
--> SOLVE AT  3103.39 Mflops. Time=        0.08
   Energy convergence check
    Initial   =    1.159059559354498E-05 Current   =    1.029419948015582E-16
    Relative  =    8.881510356455586E-12 Tolerance =    1.000000000000000E-16
      Convergence: Energy |R*u| norm = F
      Convergence: Individual groups = F
 *Command   8 * next newton         v:   3.00       7.00       3.00    
                                                         t=     6.488     0.097
 *Command   7 * utan                v:   1.00       0.00       0.00    
                                                         t=     6.489     0.097
   Residual 1 norm =  2.1678092E-09 Rel =  3.7806046E-08 t=     6.498     0.097
      Convergence: Equations  norm   = F
      Convergence: Individual groups = F
 Condition check: D-max 0.4123E+08; D-min 0.2770E-01; Ratio 0.1489E+10
 Maximum no. diagonal digits lost:  5 in reducing equation    1961
   End Triangular Decomposition                          t=     6.581     0.097
   Number of operations =  118023 plus      129 Mega-ops
  Time: CPU =         6.58 , System =         0.10
--> SOLVE AT  3121.83 Mflops. Time=        0.08
   Energy convergence check
    Initial   =    1.159059559354498E-05 Current   =    7.670644708862157E-21
    Relative  =    6.617990117034267E-16 Tolerance =    1.000000000000000E-16
      Convergence: Energy |R*u| norm = F
      Convergence: Individual groups = F
 *Command   8 * next newton         v:   4.00       7.00       4.00    
                                                         t=     6.583     0.097
 *Command   7 * utan                v:   1.00       0.00       0.00    
                                                         t=     6.583     0.097
   Residual 1 norm =  5.6450477E-12 Rel =  9.8448209E-11 t=     6.592     0.097
      Convergence: Equations  norm   = T
      Convergence: Individual groups = T
 Condition check: D-max 0.4123E+08; D-min 0.2770E-01; Ratio 0.1489E+10
 Maximum no. diagonal digits lost:  5 in reducing equation    1961
   End Triangular Decomposition                          t=     6.674     0.097
   Number of operations =  118023 plus      129 Mega-ops
  Time: CPU =         6.68 , System =         0.10
--> SOLVE AT  3128.72 Mflops. Time=        0.08
   Energy convergence check
    Initial   =    1.159059559354498E-05 Current   =    6.476513210546494E-26
    Relative  =    5.587731155207751E-21 Tolerance =    1.000000000000000E-16
      Convergence: Energy |R*u| norm = T
      Convergence: Individual groups = T
 *Command   8 * next newton         v:   50.0       7.00       5.00    
                                                         t=     6.676     0.097
 *Command   9 * plot WIPE           v:   0.00       0.00       0.00    
                                                         t=     6.676     0.097
 *Command  10 * plot UNDE           v:   0.00       0.00       0.00    
                                                         t=     6.677     0.097
 *Command  11 * plot MESH           v:   0.00       0.00       0.00    
                                                         t=     6.677     0.097
 *Command  12 * plot DEFO           v:   1.00       1.00       0.00    
                                                         t=     6.677     0.097
  -> Plots on deformed mesh with scale: 1.00000E+00
                     Eigenvector scale: 0.00000E+00
 *Command  13 * plot PAIR           v:   1.00       4.00       0.00    
                                                         t=     6.677     0.097
 *Command  14 * next time           v:   28.0       4.00       28.0    
                                                         t=     6.677     0.097
 *Command   4 * time                v:   0.00       0.00       0.00    
                                                         t=     6.678     0.097

   Computing solution at time   2.9000E-01 using dt =  1.0000E-02
   Total proportional load is   2.9000E-01
 *Command   5 * cont CHECK          v:   0.00       0.00       0.00    
                                                         t=     6.679     0.097

   Pair Number =   1,  Total Slave Points =    21

    0 - Not in Contact           =    14
    1 - Number to a Facet        =     7
    2 - Number to a Concave Edge =     0
    3 - Number to a Convex  Edge =     0
    4 - Number to a Point        =     0


   Pair Number =   2,  Total Slave Points =    21

    0 - Not in Contact           =    14
    1 - Number to a Facet        =     7
    2 - Number to a Concave Edge =     0
    3 - Number to a Convex  Edge =     0
    4 - Number to a Point        =     0


   Pair Number =   3,  Total Slave Points =    21

    0 - Not in Contact           =    14
    1 - Number to a Facet        =     7
    2 - Number to a Concave Edge =     0
    3 - Number to a Convex  Edge =     0
    4 - Number to a Point        =     0


   Pair Number =   4,  Total Slave Points =    21

    0 - Not in Contact           =    14
    1 - Number to a Facet        =     7
    2 - Number to a Concave Edge =     0
    3 - Number to a Convex  Edge =     0
    4 - Number to a Point        =     0

-->Contact check
 *Command   6 * loop newton         v:   50.0       9.00       0.00    
                                                         t=     6.679     0.097
 *Command   7 * utan                v:   1.00       0.00       0.00    
                                                         t=     6.679     0.097
   Residual 1 norm =  5.7312420E-02 Rel =  1.0000000E+00 t=     6.688     0.097
      Convergence: Equations  norm   = F
      Convergence: Individual groups = F
 Condition check: D-max 0.4123E+08; D-min 0.2770E-01; Ratio 0.1489E+10
 Maximum no. diagonal digits lost:  5 in reducing equation    1961
   End Triangular Decomposition                          t=     6.776     0.097
   Number of operations =  118023 plus      129 Mega-ops
  Time: CPU =         6.78 , System =         0.10
--> SOLVE AT  2940.51 Mflops. Time=        0.09
   Energy convergence check
    Initial   =    1.153100437704599E-05 Current   =    1.153100437704599E-05
    Relative  =    1.000000000000000E+00 Tolerance =    1.000000000000000E-16
      Convergence: Energy |R*u| norm = F
      Convergence: Individual groups = F
 *Command   8 * next newton         v:   1.00       7.00       1.00    
                                                         t=     6.778     0.097
 *Command   7 * utan                v:   1.00       0.00       0.00    
                                                         t=     6.778     0.097
   Residual 1 norm =  5.2609650E-04 Rel =  9.1794502E-03 t=     6.788     0.097
      Convergence: Equations  norm   = F
      Convergence: Individual groups = F
 Condition check: D-max 0.4123E+08; D-min 0.2770E-01; Ratio 0.1489E+10
 Maximum no. diagonal digits lost:  5 in reducing equation    1961
   End Triangular Decomposition                          t=     6.873     0.097
   Number of operations =  118023 plus      129 Mega-ops
  Time: CPU =         6.88 , System =         0.10
--> SOLVE AT  3014.28 Mflops. Time=        0.09
   Energy convergence check
    Initial   =    1.153100437704599E-05 Current   =    4.675710389029382E-11
    Relative  =    4.054902969542715E-06 Tolerance =    1.000000000000000E-16
      Convergence: Energy |R*u| norm = F
      Convergence: Individual groups = F
 *Command   8 * next newton         v:   2.00       7.00       2.00    
                                                         t=     6.875     0.097
 *Command   7 * utan                v:   1.00       0.00       0.00    
                                                         t=     6.875     0.097
   Residual 1 norm =  2.5484202E-07 Rel =  4.4465409E-06 t=     6.884     0.097
      Convergence: Equations  norm   = F
      Convergence: Individual groups = F
 Condition check: D-max 0.4123E+08; D-min 0.2770E-01; Ratio 0.1489E+10
 Maximum no. diagonal digits lost:  5 in reducing equation    1961
   End Triangular Decomposition                          t=     6.969     0.097
   Number of operations =  118023 plus      129 Mega-ops
  Time: CPU =         6.97 , System =         0.10
--> SOLVE AT  3063.50 Mflops. Time=        0.08
   Energy convergence check
    Initial   =    1.153100437704599E-05 Current   =    1.276749091133640E-16
    Relative  =    1.107231468643946E-11 Tolerance =    1.000000000000000E-16
      Convergence: Energy |R*u| norm = F
      Convergence: Individual groups = F
 *Command   8 * next newton         v:   3.00       7.00       3.00    
                                                         t=     6.971     0.097
 *Command   7 * utan                v:   1.00       0.00       0.00    
                                                         t=     6.971     0.097
   Residual 1 norm =  2.6222126E-09 Rel =  4.5752955E-08 t=     6.980     0.097
      Convergence: Equations  norm   = F
      Convergence: Individual groups = F
 Condition check: D-max 0.4123E+08; D-min 0.2770E-01; Ratio 0.1489E+10
 Maximum no. diagonal digits lost:  5 in reducing equation    1961
   End Triangular Decomposition                          t=     7.064     0.097
   Number of operations =  118023 plus      129 Mega-ops
  Time: CPU =         7.07 , System =         0.10
--> SOLVE AT  3061.57 Mflops. Time=        0.08
   Energy convergence check
    Initial   =    1.153100437704599E-05 Current   =    1.090374533693197E-20
    Relative  =    9.456023933732384E-16 Tolerance =    1.000000000000000E-16
      Convergence: Energy |R*u| norm = F
      Convergence: Individual groups = F
 *Command   8 * next newton         v:   4.00       7.00       4.00    
                                                         t=     7.066     0.097
 *Command   7 * utan                v:   1.00       0.00       0.00    
                                                         t=     7.066     0.097
   Residual 1 norm =  6.8465066E-12 Rel =  1.1945939E-10 t=     7.075     0.097
      Convergence: Equations  norm   = T
      Convergence: Individual groups = T
 Condition check: D-max 0.4123E+08; D-min 0.2770E-01; Ratio 0.1489E+10
 Maximum no. diagonal digits lost:  5 in reducing equation    1961
   End Triangular Decomposition                          t=     7.159     0.097
   Number of operations =  118023 plus      129 Mega-ops
  Time: CPU =         7.16 , System =         0.10
--> SOLVE AT  3090.27 Mflops. Time=        0.08
   Energy convergence check
    Initial   =    1.153100437704599E-05 Current   =    9.545176260010883E-26
    Relative  =    8.277835952444731E-21 Tolerance =    1.000000000000000E-16
      Convergence: Energy |R*u| norm = T
      Convergence: Individual groups = T
 *Command   8 * next newton         v:   50.0       7.00       5.00    
                                                         t=     7.161     0.097
 *Command   9 * plot WIPE           v:   0.00       0.00       0.00    
                                                         t=     7.161     0.097
 *Command  10 * plot UNDE           v:   0.00       0.00       0.00    
                                                         t=     7.161     0.097
 *Command  11 * plot MESH           v:   0.00       0.00       0.00    
                                                         t=     7.161     0.097
 *Command  12 * plot DEFO           v:   1.00       1.00       0.00    
                                                         t=     7.162     0.097
  -> Plots on deformed mesh with scale: 1.00000E+00
                     Eigenvector scale: 0.00000E+00
 *Command  13 * plot PAIR           v:   1.00       4.00       0.00    
                                                         t=     7.162     0.097
 *Command  14 * next time           v:   29.0       4.00       29.0    
                                                         t=     7.162     0.098
 *Command   4 * time                v:   0.00       0.00       0.00    
                                                         t=     7.162     0.098

   Computing solution at time   3.0000E-01 using dt =  1.0000E-02
   Total proportional load is   3.0000E-01
 *Command   5 * cont CHECK          v:   0.00       0.00       0.00    
                                                         t=     7.163     0.098

   Pair Number =   1,  Total Slave Points =    21

    0 - Not in Contact           =    14
    1 - Number to a Facet        =     7
    2 - Number to a Concave Edge =     0
    3 - Number to a Convex  Edge =     0
    4 - Number to a Point        =     0


   Pair Number =   2,  Total Slave Points =    21

    0 - Not in Contact           =    14
    1 - Number to a Facet        =     7
    2 - Number to a Concave Edge =     0
    3 - Number to a Convex  Edge =     0
    4 - Number to a Point        =     0


   Pair Number =   3,  Total Slave Points =    21

    0 - Not in Contact           =    14
    1 - Number to a Facet        =     7
    2 - Number to a Concave Edge =     0
    3 - Number to a Convex  Edge =     0
    4 - Number to a Point        =     0


   Pair Number =   4,  Total Slave Points =    21

    0 - Not in Contact           =    14
    1 - Number to a Facet        =     7
    2 - Number to a Concave Edge =     0
    3 - Number to a Convex  Edge =     0
    4 - Number to a Point        =     0

-->Contact check
 *Command   6 * loop newton         v:   50.0       9.00       0.00    
                                                         t=     7.163     0.098
 *Command   7 * utan                v:   1.00       0.00       0.00    
                                                         t=     7.163     0.098
   Residual 1 norm =  5.7284601E-02 Rel =  1.0000000E+00 t=     7.171     0.100
      Convergence: Equations  norm   = F
      Convergence: Individual groups = F
 Condition check: D-max 0.4123E+08; D-min 0.2770E-01; Ratio 0.1489E+10
 Maximum no. diagonal digits lost:  5 in reducing equation    1961
   End Triangular Decomposition                          t=     7.260     0.100
   Number of operations =  118023 plus      129 Mega-ops
  Time: CPU =         7.26 , System =         0.10
--> SOLVE AT  2901.43 Mflops. Time=        0.09
   Energy convergence check
    Initial   =    1.147175375665043E-05 Current   =    1.147175375665043E-05
    Relative  =    1.000000000000000E+00 Tolerance =    1.000000000000000E-16
      Convergence: Energy |R*u| norm = F
      Convergence: Individual groups = F
 *Command   8 * next newton         v:   1.00       7.00       1.00    
                                                         t=     7.263     0.100
 *Command   7 * utan                v:   1.00       0.00       0.00    
                                                         t=     7.263     0.100
   Residual 1 norm =  5.3478342E-04 Rel =  9.3355528E-03 t=     7.272     0.100
      Convergence: Equations  norm   = F
      Convergence: Individual groups = F
 Condition check: D-max 0.4123E+08; D-min 0.2771E-01; Ratio 0.1488E+10
 Maximum no. diagonal digits lost:  5 in reducing equation    1961
   End Triangular Decomposition                          t=     7.376     0.100
   Number of operations =  118023 plus      129 Mega-ops
  Time: CPU =         7.38 , System =         0.10
--> SOLVE AT  2487.59 Mflops. Time=        0.10
   Energy convergence check
    Initial   =    1.147175375665043E-05 Current   =    5.049308818824327E-11
    Relative  =    4.401514298454261E-06 Tolerance =    1.000000000000000E-16
      Convergence: Energy |R*u| norm = F
      Convergence: Individual groups = F
 *Command   8 * next newton         v:   2.00       7.00       2.00    
                                                         t=     7.378     0.100
 *Command   7 * utan                v:   1.00       0.00       0.00    
                                                         t=     7.378     0.100
   Residual 1 norm =  2.8771254E-07 Rel =  5.0225111E-06 t=     7.387     0.100
      Convergence: Equations  norm   = F
      Convergence: Individual groups = F
 Condition check: D-max 0.4123E+08; D-min 0.2771E-01; Ratio 0.1488E+10
 Maximum no. diagonal digits lost:  5 in reducing equation    1961
   End Triangular Decomposition                          t=     7.481     0.100
   Number of operations =  118023 plus      129 Mega-ops
  Time: CPU =         7.48 , System =         0.10
--> SOLVE AT  2737.71 Mflops. Time=        0.09
   Energy convergence check
    Initial   =    1.147175375665043E-05 Current   =    1.630197207147439E-16
    Relative  =    1.421053172626179E-11 Tolerance =    1.000000000000000E-16
      Convergence: Energy |R*u| norm = F
      Convergence: Individual groups = F
 *Command   8 * next newton         v:   3.00       7.00       3.00    
                                                         t=     7.484     0.100
 *Command   7 * utan                v:   1.00       0.00       0.00    
                                                         t=     7.484     0.100
   Residual 1 norm =  3.1306073E-09 Rel =  5.4650067E-08 t=     7.492     0.100
      Convergence: Equations  norm   = F
      Convergence: Individual groups = F
 Condition check: D-max 0.4123E+08; D-min 0.2771E-01; Ratio 0.1488E+10
 Maximum no. diagonal digits lost:  5 in reducing equation    1961
   End Triangular Decomposition                          t=     7.574     0.100
   Number of operations =  118023 plus      129 Mega-ops
  Time: CPU =         7.58 , System =         0.10
--> SOLVE AT  3148.53 Mflops. Time=        0.08
   Energy convergence check
    Initial   =    1.147175375665043E-05 Current   =    1.509565535540355E-20
    Relative  =    1.315897784735159E-15 Tolerance =    1.000000000000000E-16
      Convergence: Energy |R*u| norm = F
      Convergence: Individual groups = F
 *Command   8 * next newton         v:   4.00       7.00       4.00    
                                                         t=     7.577     0.100
 *Command   7 * utan                v:   1.00       0.00       0.00    
                                                         t=     7.577     0.100
   Residual 1 norm =  8.2710699E-12 Rel =  1.4438557E-10 t=     7.585     0.100
      Convergence: Equations  norm   = T
      Convergence: Individual groups = T
 Condition check: D-max 0.4123E+08; D-min 0.2771E-01; Ratio 0.1488E+10
 Maximum no. diagonal digits lost:  5 in reducing equation    1961
   End Triangular Decomposition                          t=     7.667     0.100
   Number of operations =  118023 plus      129 Mega-ops
  Time: CPU =         7.67 , System =         0.10
--> SOLVE AT  3150.69 Mflops. Time=        0.08
   Energy convergence check
    Initial   =    1.147175375665043E-05 Current   =    1.390484310160328E-25
    Relative  =    1.212093930585141E-20 Tolerance =    1.000000000000000E-16
      Convergence: Energy |R*u| norm = T
      Convergence: Individual groups = T
 *Command   8 * next newton         v:   50.0       7.00       5.00    
                                                         t=     7.669     0.100
 *Command   9 * plot WIPE           v:   0.00       0.00       0.00    
                                                         t=     7.669     0.100
 *Command  10 * plot UNDE           v:   0.00       0.00       0.00    
                                                         t=     7.669     0.100
 *Command  11 * plot MESH           v:   0.00       0.00       0.00    
                                                         t=     7.669     0.100
 *Command  12 * plot DEFO           v:   1.00       1.00       0.00    
                                                         t=     7.669     0.100
  -> Plots on deformed mesh with scale: 1.00000E+00
                     Eigenvector scale: 0.00000E+00
 *Command  13 * plot PAIR           v:   1.00       4.00       0.00    
                                                         t=     7.669     0.100
 *Command  14 * next time           v:   30.0       4.00       30.0    
                                                         t=     7.670     0.101
 *Command   4 * time                v:   0.00       0.00       0.00    
                                                         t=     7.670     0.101

   Computing solution at time   3.1000E-01 using dt =  1.0000E-02
   Total proportional load is   3.1000E-01
 *Command   5 * cont CHECK          v:   0.00       0.00       0.00    
                                                         t=     7.671     0.101

   Pair Number =   1,  Total Slave Points =    21

    0 - Not in Contact           =    14
    1 - Number to a Facet        =     7
    2 - Number to a Concave Edge =     0
    3 - Number to a Convex  Edge =     0
    4 - Number to a Point        =     0


   Pair Number =   2,  Total Slave Points =    21

    0 - Not in Contact           =    14
    1 - Number to a Facet        =     7
    2 - Number to a Concave Edge =     0
    3 - Number to a Convex  Edge =     0
    4 - Number to a Point        =     0


   Pair Number =   3,  Total Slave Points =    21

    0 - Not in Contact           =    14
    1 - Number to a Facet        =     7
    2 - Number to a Concave Edge =     0
    3 - Number to a Convex  Edge =     0
    4 - Number to a Point        =     0


   Pair Number =   4,  Total Slave Points =    21

    0 - Not in Contact           =    14
    1 - Number to a Facet        =     7
    2 - Number to a Concave Edge =     0
    3 - Number to a Convex  Edge =     0
    4 - Number to a Point        =     0

-->Contact check
 *Command   6 * loop newton         v:   50.0       9.00       0.00    
                                                         t=     7.671     0.101
 *Command   7 * utan                v:   1.00       0.00       0.00    
                                                         t=     7.671     0.101
   Residual 1 norm =  5.7256823E-02 Rel =  1.0000000E+00 t=     7.682     0.102
      Convergence: Equations  norm   = F
      Convergence: Individual groups = F
 Condition check: D-max 0.4123E+08; D-min 0.2771E-01; Ratio 0.1488E+10
 Maximum no. diagonal digits lost:  5 in reducing equation    1961
   End Triangular Decomposition                          t=     7.765     0.104
   Number of operations =  118023 plus      129 Mega-ops
  Time: CPU =         7.77 , System =         0.10
--> SOLVE AT  3101.08 Mflops. Time=        0.08
   Energy convergence check
    Initial   =    1.141284380039553E-05 Current   =    1.141284380039553E-05
    Relative  =    1.000000000000000E+00 Tolerance =    1.000000000000000E-16
      Convergence: Energy |R*u| norm = F
      Convergence: Individual groups = F
 *Command   8 * next newton         v:   1.00       7.00       1.00    
                                                         t=     7.768     0.104
 *Command   7 * utan                v:   1.00       0.00       0.00    
                                                         t=     7.768     0.104
   Residual 1 norm =  5.4359086E-04 Rel =  9.4939055E-03 t=     7.776     0.105
      Convergence: Equations  norm   = F
      Convergence: Individual groups = F
 Condition check: D-max 0.4123E+08; D-min 0.2771E-01; Ratio 0.1488E+10
 Maximum no. diagonal digits lost:  5 in reducing equation    1961
   End Triangular Decomposition                          t=     7.860     0.105
   Number of operations =  118023 plus      129 Mega-ops
  Time: CPU =         7.86 , System =         0.10
--> SOLVE AT  3081.32 Mflops. Time=        0.08
   Energy convergence check
    Initial   =    1.141284380039553E-05 Current   =    5.492665371953695E-11
    Relative  =    4.812705288898579E-06 Tolerance =    1.000000000000000E-16
      Convergence: Energy |R*u| norm = F
      Convergence: Individual groups = F
 *Command   8 * next newton         v:   2.00       7.00       2.00    
                                                         t=     7.862     0.105
 *Command   7 * utan                v:   1.00       0.00       0.00    
                                                         t=     7.862     0.105
   Residual 1 norm =  3.2872273E-07 Rel =  5.7411976E-06 t=     7.870     0.106
      Convergence: Equations  norm   = F
      Convergence: Individual groups = F
 Condition check: D-max 0.4123E+08; D-min 0.2771E-01; Ratio 0.1488E+10
 Maximum no. diagonal digits lost:  5 in reducing equation    1961
   End Triangular Decomposition                          t=     7.956     0.106
   Number of operations =  118023 plus      129 Mega-ops
  Time: CPU =         7.96 , System =         0.11
--> SOLVE AT  3007.21 Mflops. Time=        0.09
   Energy convergence check
    Initial   =    1.141284380039553E-05 Current   =    2.114729906194379E-16
    Relative  =    1.852938621766723E-11 Tolerance =    1.000000000000000E-16
      Convergence: Energy |R*u| norm = F
      Convergence: Individual groups = F
 *Command   8 * next newton         v:   3.00       7.00       3.00    
                                                         t=     7.958     0.106
 *Command   7 * utan                v:   1.00       0.00       0.00    
                                                         t=     7.958     0.106
   Residual 1 norm =  3.6955384E-09 Rel =  6.4543197E-08 t=     7.967     0.106
      Convergence: Equations  norm   = F
      Convergence: Individual groups = F
 Condition check: D-max 0.4123E+08; D-min 0.2771E-01; Ratio 0.1488E+10
 Maximum no. diagonal digits lost:  5 in reducing equation    1961
   End Triangular Decomposition                          t=     8.050     0.107
   Number of operations =  118023 plus      129 Mega-ops
  Time: CPU =         8.05 , System =         0.11
--> SOLVE AT  3099.06 Mflops. Time=        0.08
   Energy convergence check
    Initial   =    1.141284380039553E-05 Current   =    2.042941387141880E-20
    Relative  =    1.790037104574302E-15 Tolerance =    1.000000000000000E-16
      Convergence: Energy |R*u| norm = F
      Convergence: Individual groups = F
 *Command   8 * next newton         v:   4.00       7.00       4.00    
                                                         t=     8.053     0.107
 *Command   7 * utan                v:   1.00       0.00       0.00    
                                                         t=     8.053     0.107
   Residual 1 norm =  9.9402740E-12 Rel =  1.7360855E-10 t=     8.062     0.107
      Convergence: Equations  norm   = T
      Convergence: Individual groups = T
 Condition check: D-max 0.4123E+08; D-min 0.2771E-01; Ratio 0.1488E+10
 Maximum no. diagonal digits lost:  5 in reducing equation    1961
   End Triangular Decomposition                          t=     8.145     0.108
   Number of operations =  118023 plus      129 Mega-ops
  Time: CPU =         8.15 , System =         0.11
--> SOLVE AT  3094.98 Mflops. Time=        0.08
   Energy convergence check
    Initial   =    1.141284380039553E-05 Current   =    2.001237703339124E-25
    Relative  =    1.753496094697947E-20 Tolerance =    1.000000000000000E-16
      Convergence: Energy |R*u| norm = T
      Convergence: Individual groups = T
 *Command   8 * next newton         v:   50.0       7.00       5.00    
                                                         t=     8.147     0.108
 *Command   9 * plot WIPE           v:   0.00       0.00       0.00    
                                                         t=     8.147     0.108
 *Command  10 * plot UNDE           v:   0.00       0.00       0.00    
                                                         t=     8.148     0.108
 *Command  11 * plot MESH           v:   0.00       0.00       0.00    
                                                         t=     8.148     0.108
 *Command  12 * plot DEFO           v:   1.00       1.00       0.00    
                                                         t=     8.148     0.108
  -> Plots on deformed mesh with scale: 1.00000E+00
                     Eigenvector scale: 0.00000E+00
 *Command  13 * plot PAIR           v:   1.00       4.00       0.00    
                                                         t=     8.148     0.108
 *Command  14 * next time           v:   31.0       4.00       31.0    
                                                         t=     8.148     0.108
 *Command   4 * time                v:   0.00       0.00       0.00    
                                                         t=     8.148     0.108

   Computing solution at time   3.2000E-01 using dt =  1.0000E-02
   Total proportional load is   3.2000E-01
 *Command   5 * cont CHECK          v:   0.00       0.00       0.00    
                                                         t=     8.149     0.109

   Pair Number =   1,  Total Slave Points =    21

    0 - Not in Contact           =    14
    1 - Number to a Facet        =     7
    2 - Number to a Concave Edge =     0
    3 - Number to a Convex  Edge =     0
    4 - Number to a Point        =     0


   Pair Number =   2,  Total Slave Points =    21

    0 - Not in Contact           =    14
    1 - Number to a Facet        =     7
    2 - Number to a Concave Edge =     0
    3 - Number to a Convex  Edge =     0
    4 - Number to a Point        =     0


   Pair Number =   3,  Total Slave Points =    21

    0 - Not in Contact           =    14
    1 - Number to a Facet        =     7
    2 - Number to a Concave Edge =     0
    3 - Number to a Convex  Edge =     0
    4 - Number to a Point        =     0


   Pair Number =   4,  Total Slave Points =    21

    0 - Not in Contact           =    14
    1 - Number to a Facet        =     7
    2 - Number to a Concave Edge =     0
    3 - Number to a Convex  Edge =     0
    4 - Number to a Point        =     0

-->Contact check
 *Command   6 * loop newton         v:   50.0       9.00       0.00    
                                                         t=     8.149     0.109
 *Command   7 * utan                v:   1.00       0.00       0.00    
                                                         t=     8.149     0.109
   Residual 1 norm =  5.7229085E-02 Rel =  1.0000000E+00 t=     8.158     0.109
      Convergence: Equations  norm   = F
      Convergence: Individual groups = F
 Condition check: D-max 0.4123E+08; D-min 0.2771E-01; Ratio 0.1488E+10
 Maximum no. diagonal digits lost:  5 in reducing equation    1961
   End Triangular Decomposition                          t=     8.244     0.109
   Number of operations =  118023 plus      129 Mega-ops
  Time: CPU =         8.24 , System =         0.11
--> SOLVE AT  3020.18 Mflops. Time=        0.09
   Energy convergence check
    Initial   =    1.135427451710737E-05 Current   =    1.135427451710737E-05
    Relative  =    1.000000000000000E+00 Tolerance =    1.000000000000000E-16
      Convergence: Energy |R*u| norm = F
      Convergence: Individual groups = F
 *Command   8 * next newton         v:   1.00       7.00       1.00    
                                                         t=     8.245     0.110
 *Command   7 * utan                v:   1.00       0.00       0.00    
                                                         t=     8.245     0.110
   Residual 1 norm =  5.5250350E-04 Rel =  9.6542432E-03 t=     8.254     0.110
      Convergence: Equations  norm   = F
      Convergence: Individual groups = F
 Condition check: D-max 0.4123E+08; D-min 0.2772E-01; Ratio 0.1488E+10
 Maximum no. diagonal digits lost:  5 in reducing equation    1961
   End Triangular Decomposition                          t=     8.339     0.110
   Number of operations =  118023 plus      129 Mega-ops
  Time: CPU =         8.34 , System =         0.11
--> SOLVE AT  3066.00 Mflops. Time=        0.08
   Energy convergence check
    Initial   =    1.135427451710737E-05 Current   =    6.002689738247901E-11
    Relative  =    5.286722396225060E-06 Tolerance =    1.000000000000000E-16
      Convergence: Energy |R*u| norm = F
      Convergence: Individual groups = F
 *Command   8 * next newton         v:   2.00       7.00       2.00    
                                                         t=     8.341     0.110
 *Command   7 * utan                v:   1.00       0.00       0.00    
                                                         t=     8.341     0.110
   Residual 1 norm =  3.7737308E-07 Rel =  6.5940785E-06 t=     8.350     0.110
      Convergence: Equations  norm   = F
      Convergence: Individual groups = F
 Condition check: D-max 0.4123E+08; D-min 0.2772E-01; Ratio 0.1488E+10
 Maximum no. diagonal digits lost:  5 in reducing equation    1961
   End Triangular Decomposition                          t=     8.441     0.110
   Number of operations =  118023 plus      129 Mega-ops
  Time: CPU =         8.44 , System =         0.11
--> SOLVE AT  2843.40 Mflops. Time=        0.09
   Energy convergence check
    Initial   =    1.135427451710737E-05 Current   =    2.756408700990587E-16
    Relative  =    2.427639649576496E-11 Tolerance =    1.000000000000000E-16
      Convergence: Energy |R*u| norm = F
      Convergence: Individual groups = F
 *Command   8 * next newton         v:   3.00       7.00       3.00    
                                                         t=     8.443     0.110
 *Command   7 * utan                v:   1.00       0.00       0.00    
                                                         t=     8.443     0.110
   Residual 1 norm =  4.3195544E-09 Rel =  7.5478307E-08 t=     8.452     0.110
      Convergence: Equations  norm   = F
      Convergence: Individual groups = F
 Condition check: D-max 0.4123E+08; D-min 0.2772E-01; Ratio 0.1488E+10
 Maximum no. diagonal digits lost:  5 in reducing equation    1961
   End Triangular Decomposition                          t=     8.535     0.110
   Number of operations =  118023 plus      129 Mega-ops
  Time: CPU =         8.54 , System =         0.11
--> SOLVE AT  3123.65 Mflops. Time=        0.08
   Energy convergence check
    Initial   =    1.135427451710737E-05 Current   =    2.710643555087199E-20
    Relative  =    2.387333114945477E-15 Tolerance =    1.000000000000000E-16
      Convergence: Energy |R*u| norm = F
      Convergence: Individual groups = F
 *Command   8 * next newton         v:   4.00       7.00       4.00    
                                                         t=     8.537     0.110
 *Command   7 * utan                v:   1.00       0.00       0.00    
                                                         t=     8.537     0.110
   Residual 1 norm =  1.1872014E-11 Rel =  2.0744721E-10 t=     8.546     0.110
      Convergence: Equations  norm   = T
      Convergence: Individual groups = T
 Condition check: D-max 0.4123E+08; D-min 0.2772E-01; Ratio 0.1488E+10
 Maximum no. diagonal digits lost:  5 in reducing equation    1961
   End Triangular Decomposition                          t=     8.630     0.110
   Number of operations =  118023 plus      129 Mega-ops
  Time: CPU =         8.63 , System =         0.11
--> SOLVE AT  3099.02 Mflops. Time=        0.08
   Energy convergence check
    Initial   =    1.135427451710737E-05 Current   =    2.846582749377144E-25
    Relative  =    2.507058240566781E-20 Tolerance =    1.000000000000000E-16
      Convergence: Energy |R*u| norm = T
      Convergence: Individual groups = T
 *Command   8 * next newton         v:   50.0       7.00       5.00    
                                                         t=     8.632     0.110
 *Command   9 * plot WIPE           v:   0.00       0.00       0.00    
                                                         t=     8.632     0.110
 *Command  10 * plot UNDE           v:   0.00       0.00       0.00    
                                                         t=     8.632     0.110
 *Command  11 * plot MESH           v:   0.00       0.00       0.00    
                                                         t=     8.632     0.110
 *Command  12 * plot DEFO           v:   1.00       1.00       0.00    
                                                         t=     8.632     0.110
  -> Plots on deformed mesh with scale: 1.00000E+00
                     Eigenvector scale: 0.00000E+00
 *Command  13 * plot PAIR           v:   1.00       4.00       0.00    
                                                         t=     8.632     0.110
 *Command  14 * next time           v:   32.0       4.00       32.0    
                                                         t=     8.632     0.110
 *Command   4 * time                v:   0.00       0.00       0.00    
                                                         t=     8.632     0.110

   Computing solution at time   3.3000E-01 using dt =  1.0000E-02
   Total proportional load is   3.3000E-01
 *Command   5 * cont CHECK          v:   0.00       0.00       0.00    
                                                         t=     8.633     0.110

   Pair Number =   1,  Total Slave Points =    21

    0 - Not in Contact           =    14
    1 - Number to a Facet        =     7
    2 - Number to a Concave Edge =     0
    3 - Number to a Convex  Edge =     0
    4 - Number to a Point        =     0


   Pair Number =   2,  Total Slave Points =    21

    0 - Not in Contact           =    14
    1 - Number to a Facet        =     7
    2 - Number to a Concave Edge =     0
    3 - Number to a Convex  Edge =     0
    4 - Number to a Point        =     0


   Pair Number =   3,  Total Slave Points =    21

    0 - Not in Contact           =    14
    1 - Number to a Facet        =     7
    2 - Number to a Concave Edge =     0
    3 - Number to a Convex  Edge =     0
    4 - Number to a Point        =     0


   Pair Number =   4,  Total Slave Points =    21

    0 - Not in Contact           =    14
    1 - Number to a Facet        =     7
    2 - Number to a Concave Edge =     0
    3 - Number to a Convex  Edge =     0
    4 - Number to a Point        =     0

-->Contact check
 *Command   6 * loop newton         v:   50.0       9.00       0.00    
                                                         t=     8.634     0.110
 *Command   7 * utan                v:   1.00       0.00       0.00    
                                                         t=     8.634     0.110
   Residual 1 norm =  5.7201388E-02 Rel =  1.0000000E+00 t=     8.643     0.110
      Convergence: Equations  norm   = F
      Convergence: Individual groups = F
 Condition check: D-max 0.4123E+08; D-min 0.2772E-01; Ratio 0.1488E+10
 Maximum no. diagonal digits lost:  5 in reducing equation    1961
   End Triangular Decomposition                          t=     8.728     0.110
   Number of operations =  118023 plus      129 Mega-ops
  Time: CPU =         8.73 , System =         0.11
--> SOLVE AT  3020.58 Mflops. Time=        0.09
   Energy convergence check
    Initial   =    1.129604585825282E-05 Current   =    1.129604585825282E-05
    Relative  =    1.000000000000000E+00 Tolerance =    1.000000000000000E-16
      Convergence: Energy |R*u| norm = F
      Convergence: Individual groups = F
 *Command   8 * next newton         v:   1.00       7.00       1.00    
                                                         t=     8.730     0.110
 *Command   7 * utan                v:   1.00       0.00       0.00    
                                                         t=     8.730     0.110
   Residual 1 norm =  5.6150715E-04 Rel =  9.8163203E-03 t=     8.739     0.110
      Convergence: Equations  norm   = F
      Convergence: Individual groups = F
 Condition check: D-max 0.4123E+08; D-min 0.2772E-01; Ratio 0.1487E+10
 Maximum no. diagonal digits lost:  5 in reducing equation    1961
   End Triangular Decomposition                          t=     8.822     0.110
   Number of operations =  118023 plus      129 Mega-ops
  Time: CPU =         8.82 , System =         0.11
--> SOLVE AT  3133.96 Mflops. Time=        0.08
   Energy convergence check
    Initial   =    1.129604585825282E-05 Current   =    6.576382362175990E-11
    Relative  =    5.821844603588722E-06 Tolerance =    1.000000000000000E-16
      Convergence: Energy |R*u| norm = F
      Convergence: Individual groups = F
 *Command   8 * next newton         v:   2.00       7.00       2.00    
                                                         t=     8.824     0.110
 *Command   7 * utan                v:   1.00       0.00       0.00    
                                                         t=     8.824     0.110
   Residual 1 norm =  4.3305800E-07 Rel =  7.5707604E-06 t=     8.833     0.110
      Convergence: Equations  norm   = F
      Convergence: Individual groups = F
 Condition check: D-max 0.4123E+08; D-min 0.2772E-01; Ratio 0.1487E+10
 Maximum no. diagonal digits lost:  5 in reducing equation    1961
   End Triangular Decomposition                          t=     8.931     0.110
   Number of operations =  118023 plus      129 Mega-ops
  Time: CPU =         8.93 , System =         0.11
--> SOLVE AT  2636.56 Mflops. Time=        0.10
   Energy convergence check
    Initial   =    1.129604585825282E-05 Current   =    3.582147235420215E-16
    Relative  =    3.171151463415068E-11 Tolerance =    1.000000000000000E-16
      Convergence: Energy |R*u| norm = F
      Convergence: Individual groups = F
 *Command   8 * next newton         v:   3.00       7.00       3.00    
                                                         t=     8.933     0.110
 *Command   7 * utan                v:   1.00       0.00       0.00    
                                                         t=     8.933     0.111
   Residual 1 norm =  5.0052287E-09 Rel =  8.7501874E-08 t=     8.941     0.112
      Convergence: Equations  norm   = F
      Convergence: Individual groups = F
 Condition check: D-max 0.4123E+08; D-min 0.2772E-01; Ratio 0.1487E+10
 Maximum no. diagonal digits lost:  5 in reducing equation    1961
   End Triangular Decomposition                          t=     9.025     0.112
   Number of operations =  118023 plus      129 Mega-ops
  Time: CPU =         9.03 , System =         0.11
--> SOLVE AT  3084.58 Mflops. Time=        0.08
   Energy convergence check
    Initial   =    1.129604585825282E-05 Current   =    3.534653707220967E-20
    Relative  =    3.129107080101460E-15 Tolerance =    1.000000000000000E-16
      Convergence: Energy |R*u| norm = F
      Convergence: Individual groups = F
 *Command   8 * next newton         v:   4.00       7.00       4.00    
                                                         t=     9.027     0.112
 *Command   7 * utan                v:   1.00       0.00       0.00    
                                                         t=     9.027     0.112
   Residual 1 norm =  1.4123961E-11 Rel =  2.4691641E-10 t=     9.036     0.112
      Convergence: Equations  norm   = T
      Convergence: Individual groups = T
 Condition check: D-max 0.4123E+08; D-min 0.2772E-01; Ratio 0.1487E+10
 Maximum no. diagonal digits lost:  5 in reducing equation    1961
   End Triangular Decomposition                          t=     9.118     0.112
   Number of operations =  118023 plus      129 Mega-ops
  Time: CPU =         9.12 , System =         0.11
--> SOLVE AT  3170.32 Mflops. Time=        0.08
   Energy convergence check
    Initial   =    1.129604585825282E-05 Current   =    4.001998701166808E-25
    Relative  =    3.542831492882948E-20 Tolerance =    1.000000000000000E-16
      Convergence: Energy |R*u| norm = T
      Convergence: Individual groups = T
 *Command   8 * next newton         v:   50.0       7.00       5.00    
                                                         t=     9.120     0.112
 *Command   9 * plot WIPE           v:   0.00       0.00       0.00    
                                                         t=     9.120     0.112
 *Command  10 * plot UNDE           v:   0.00       0.00       0.00    
                                                         t=     9.120     0.112
 *Command  11 * plot MESH           v:   0.00       0.00       0.00    
                                                         t=     9.120     0.112
 *Command  12 * plot DEFO           v:   1.00       1.00       0.00    
                                                         t=     9.121     0.112
  -> Plots on deformed mesh with scale: 1.00000E+00
                     Eigenvector scale: 0.00000E+00
 *Command  13 * plot PAIR           v:   1.00       4.00       0.00    
                                                         t=     9.121     0.112
 *Command  14 * next time           v:   33.0       4.00       33.0    
                                                         t=     9.121     0.112
 *Command   4 * time                v:   0.00       0.00       0.00    
                                                         t=     9.121     0.112

   Computing solution at time   3.4000E-01 using dt =  1.0000E-02
   Total proportional load is   3.4000E-01
 *Command   5 * cont CHECK          v:   0.00       0.00       0.00    
                                                         t=     9.123     0.112

   Pair Number =   1,  Total Slave Points =    21

    0 - Not in Contact           =    14
    1 - Number to a Facet        =     7
    2 - Number to a Concave Edge =     0
    3 - Number to a Convex  Edge =     0
    4 - Number to a Point        =     0


   Pair Number =   2,  Total Slave Points =    21

    0 - Not in Contact           =    14
    1 - Number to a Facet        =     7
    2 - Number to a Concave Edge =     0
    3 - Number to a Convex  Edge =     0
    4 - Number to a Point        =     0


   Pair Number =   3,  Total Slave Points =    21

    0 - Not in Contact           =    14
    1 - Number to a Facet        =     7
    2 - Number to a Concave Edge =     0
    3 - Number to a Convex  Edge =     0
    4 - Number to a Point        =     0


   Pair Number =   4,  Total Slave Points =    21

    0 - Not in Contact           =    14
    1 - Number to a Facet        =     7
    2 - Number to a Concave Edge =     0
    3 - Number to a Convex  Edge =     0
    4 - Number to a Point        =     0

-->Contact check
 *Command   6 * loop newton         v:   50.0       9.00       0.00    
                                                         t=     9.123     0.112
 *Command   7 * utan                v:   1.00       0.00       0.00    
                                                         t=     9.123     0.112
   Residual 1 norm =  5.7173733E-02 Rel =  1.0000000E+00 t=     9.130     0.114
      Convergence: Equations  norm   = F
      Convergence: Individual groups = F
 Condition check: D-max 0.4123E+08; D-min 0.2772E-01; Ratio 0.1487E+10
 Maximum no. diagonal digits lost:  5 in reducing equation    1961
   End Triangular Decomposition                          t=     9.214     0.115
   Number of operations =  118023 plus      129 Mega-ops
  Time: CPU =         9.22 , System =         0.12
--> SOLVE AT  3087.29 Mflops. Time=        0.08
   Energy convergence check
    Initial   =    1.123815771977366E-05 Current   =    1.123815771977366E-05
    Relative  =    1.000000000000000E+00 Tolerance =    1.000000000000000E-16
      Convergence: Energy |R*u| norm = F
      Convergence: Individual groups = F
 *Command   8 * next newton         v:   1.00       7.00       1.00    
                                                         t=     9.216     0.115
 *Command   7 * utan                v:   1.00       0.00       0.00    
                                                         t=     9.216     0.115
   Residual 1 norm =  5.7058869E-04 Rel =  9.9799096E-03 t=     9.225     0.115
      Convergence: Equations  norm   = F
      Convergence: Individual groups = F
 Condition check: D-max 0.4123E+08; D-min 0.2773E-01; Ratio 0.1487E+10
 Maximum no. diagonal digits lost:  5 in reducing equation    1961
   End Triangular Decomposition                          t=     9.312     0.116
   Number of operations =  118023 plus      129 Mega-ops
  Time: CPU =         9.31 , System =         0.12
--> SOLVE AT  2959.18 Mflops. Time=        0.09
   Energy convergence check
    Initial   =    1.123815771977366E-05 Current   =    7.210832466175794E-11
    Relative  =    6.416383046029206E-06 Tolerance =    1.000000000000000E-16
      Convergence: Energy |R*u| norm = F
      Convergence: Individual groups = F
 *Command   8 * next newton         v:   2.00       7.00       2.00    
                                                         t=     9.315     0.116
 *Command   7 * utan                v:   1.00       0.00       0.00    
                                                         t=     9.315     0.116
   Residual 1 norm =  4.9519574E-07 Rel =  8.6612456E-06 t=     9.324     0.116
      Convergence: Equations  norm   = F
      Convergence: Individual groups = F
 Condition check: D-max 0.4123E+08; D-min 0.2773E-01; Ratio 0.1487E+10
 Maximum no. diagonal digits lost:  5 in reducing equation    1961
   End Triangular Decomposition                          t=     9.421     0.116
   Number of operations =  118023 plus      129 Mega-ops
  Time: CPU =         9.42 , System =         0.12
--> SOLVE AT  2668.86 Mflops. Time=        0.10
   Energy convergence check
    Initial   =    1.123815771977366E-05 Current   =    4.619487553149833E-16
    Relative  =    4.110538104498921E-11 Tolerance =    1.000000000000000E-16
      Convergence: Energy |R*u| norm = F
      Convergence: Individual groups = F
 *Command   8 * next newton         v:   3.00       7.00       3.00    
                                                         t=     9.423     0.116
 *Command   7 * utan                v:   1.00       0.00       0.00    
                                                         t=     9.423     0.116
   Residual 1 norm =  5.7550693E-09 Rel =  1.0065932E-07 t=     9.430     0.118
      Convergence: Equations  norm   = F
      Convergence: Individual groups = F
 Condition check: D-max 0.4123E+08; D-min 0.2773E-01; Ratio 0.1487E+10
 Maximum no. diagonal digits lost:  5 in reducing equation    1961
   End Triangular Decomposition                          t=     9.512     0.118
   Number of operations =  118023 plus      129 Mega-ops
  Time: CPU =         9.51 , System =         0.12
--> SOLVE AT  3138.79 Mflops. Time=        0.08
   Energy convergence check
    Initial   =    1.123815771977366E-05 Current   =    4.538796088539780E-20
    Relative  =    4.038736776717167E-15 Tolerance =    1.000000000000000E-16
      Convergence: Energy |R*u| norm = F
      Convergence: Individual groups = F
 *Command   8 * next newton         v:   4.00       7.00       4.00    
                                                         t=     9.514     0.118
 *Command   7 * utan                v:   1.00       0.00       0.00    
                                                         t=     9.514     0.118
   Residual 1 norm =  1.6685417E-11 Rel =  2.9183711E-10 t=     9.522     0.120
      Convergence: Equations  norm   = T
      Convergence: Individual groups = T
 Condition check: D-max 0.4123E+08; D-min 0.2773E-01; Ratio 0.1487E+10
 Maximum no. diagonal digits lost:  5 in reducing equation    1961
   End Triangular Decomposition                          t=     9.603     0.121
   Number of operations =  118023 plus      129 Mega-ops
  Time: CPU =         9.60 , System =         0.12
--> SOLVE AT  3211.68 Mflops. Time=        0.08
   Energy convergence check
    Initial   =    1.123815771977366E-05 Current   =    5.563081142147339E-25
    Relative  =    4.950171799385801E-20 Tolerance =    1.000000000000000E-16
      Convergence: Energy |R*u| norm = T
      Convergence: Individual groups = T
 *Command   8 * next newton         v:   50.0       7.00       5.00    
                                                         t=     9.605     0.121
 *Command   9 * plot WIPE           v:   0.00       0.00       0.00    
                                                         t=     9.605     0.121
 *Command  10 * plot UNDE           v:   0.00       0.00       0.00    
                                                         t=     9.605     0.121
 *Command  11 * plot MESH           v:   0.00       0.00       0.00    
                                                         t=     9.605     0.121
 *Command  12 * plot DEFO           v:   1.00       1.00       0.00    
                                                         t=     9.605     0.121
  -> Plots on deformed mesh with scale: 1.00000E+00
                     Eigenvector scale: 0.00000E+00
 *Command  13 * plot PAIR           v:   1.00       4.00       0.00    
                                                         t=     9.605     0.121
 *Command  14 * next time           v:   34.0       4.00       34.0    
                                                         t=     9.606     0.121
 *Command   4 * time                v:   0.00       0.00       0.00    
                                                         t=     9.606     0.121

   Computing solution at time   3.5000E-01 using dt =  1.0000E-02
   Total proportional load is   3.5000E-01
 *Command   5 * cont CHECK          v:   0.00       0.00       0.00    
                                                         t=     9.607     0.121

   Pair Number =   1,  Total Slave Points =    21

    0 - Not in Contact           =    14
    1 - Number to a Facet        =     7
    2 - Number to a Concave Edge =     0
    3 - Number to a Convex  Edge =     0
    4 - Number to a Point        =     0


   Pair Number =   2,  Total Slave Points =    21

    0 - Not in Contact           =    14
    1 - Number to a Facet        =     7
    2 - Number to a Concave Edge =     0
    3 - Number to a Convex  Edge =     0
    4 - Number to a Point        =     0


   Pair Number =   3,  Total Slave Points =    21

    0 - Not in Contact           =    14
    1 - Number to a Facet        =     7
    2 - Number to a Concave Edge =     0
    3 - Number to a Convex  Edge =     0
    4 - Number to a Point        =     0


   Pair Number =   4,  Total Slave Points =    21

    0 - Not in Contact           =    14
    1 - Number to a Facet        =     7
    2 - Number to a Concave Edge =     0
    3 - Number to a Convex  Edge =     0
    4 - Number to a Point        =     0

-->Contact check
 *Command   6 * loop newton         v:   50.0       9.00       0.00    
                                                         t=     9.607     0.121
 *Command   7 * utan                v:   1.00       0.00       0.00    
                                                         t=     9.607     0.121
   Residual 1 norm =  5.7146121E-02 Rel =  1.0000000E+00 t=     9.617     0.121
      Convergence: Equations  norm   = F
      Convergence: Individual groups = F
 Condition check: D-max 0.4123E+08; D-min 0.2773E-01; Ratio 0.1487E+10
 Maximum no. diagonal digits lost:  5 in reducing equation    1961
   End Triangular Decomposition                          t=     9.703     0.122
   Number of operations =  118023 plus      129 Mega-ops
  Time: CPU =         9.71 , System =         0.12
--> SOLVE AT  2980.98 Mflops. Time=        0.09
   Energy convergence check
    Initial   =    1.118060994389575E-05 Current   =    1.118060994389575E-05
    Relative  =    1.000000000000000E+00 Tolerance =    1.000000000000000E-16
      Convergence: Energy |R*u| norm = F
      Convergence: Individual groups = F
 *Command   8 * next newton         v:   1.00       7.00       1.00    
                                                         t=     9.706     0.122
 *Command   7 * utan                v:   1.00       0.00       0.00    
                                                         t=     9.706     0.122
   Residual 1 norm =  5.7973603E-04 Rel =  1.0144801E-02 t=     9.715     0.122
      Convergence: Equations  norm   = F
      Convergence: Individual groups = F
 Condition check: D-max 0.4123E+08; D-min 0.2773E-01; Ratio 0.1487E+10
 Maximum no. diagonal digits lost:  5 in reducing equation    1961
   End Triangular Decomposition                          t=     9.802     0.122
   Number of operations =  118023 plus      129 Mega-ops
  Time: CPU =         9.80 , System =         0.12
--> SOLVE AT  2954.47 Mflops. Time=        0.09
   Energy convergence check
    Initial   =    1.118060994389575E-05 Current   =    7.903216097344915E-11
    Relative  =    7.068680632812716E-06 Tolerance =    1.000000000000000E-16
      Convergence: Energy |R*u| norm = F
      Convergence: Individual groups = F
 *Command   8 * next newton         v:   2.00       7.00       2.00    
                                                         t=     9.805     0.122
 *Command   7 * utan                v:   1.00       0.00       0.00    
                                                         t=     9.805     0.122
   Residual 1 norm =  5.6327728E-07 Rel =  9.8567894E-06 t=     9.814     0.122
      Convergence: Equations  norm   = F
      Convergence: Individual groups = F
 Condition check: D-max 0.4123E+08; D-min 0.2773E-01; Ratio 0.1487E+10
 Maximum no. diagonal digits lost:  5 in reducing equation    1961
   End Triangular Decomposition                          t=     9.900     0.122
   Number of operations =  118023 plus      129 Mega-ops
  Time: CPU =         9.90 , System =         0.12
--> SOLVE AT  3002.80 Mflops. Time=        0.09
   Energy convergence check
    Initial   =    1.118060994389575E-05 Current   =    5.896394524487031E-16
    Relative  =    5.273768205916414E-11 Tolerance =    1.000000000000000E-16
      Convergence: Energy |R*u| norm = F
      Convergence: Individual groups = F
 *Command   8 * next newton         v:   3.00       7.00       3.00    
                                                         t=     9.902     0.122
 *Command   7 * utan                v:   1.00       0.00       0.00    
                                                         t=     9.902     0.122
   Residual 1 norm =  6.5715807E-09 Rel =  1.1499609E-07 t=     9.911     0.122
      Convergence: Equations  norm   = F
      Convergence: Individual groups = F
 Condition check: D-max 0.4123E+08; D-min 0.2773E-01; Ratio 0.1487E+10
 Maximum no. diagonal digits lost:  5 in reducing equation    1961
   End Triangular Decomposition                          t=     9.996     0.122
   Number of operations =  118023 plus      129 Mega-ops
  Time: CPU =        10.00 , System =         0.12
--> SOLVE AT  3055.73 Mflops. Time=        0.08
   Energy convergence check
    Initial   =    1.118060994389575E-05 Current   =    5.748708346498066E-20
    Relative  =    5.141676863198930E-15 Tolerance =    1.000000000000000E-16
      Convergence: Energy |R*u| norm = F
      Convergence: Individual groups = F
 *Command   8 * next newton         v:   4.00       7.00       4.00    
                                                         t=     9.998     0.122
 *Command   7 * utan                v:   1.00       0.00       0.00    
                                                         t=     9.998     0.122
   Residual 1 norm =  1.9643361E-11 Rel =  3.4373918E-10 t=    10.008     0.122
      Convergence: Equations  norm   = T
      Convergence: Individual groups = T
 Condition check: D-max 0.4123E+08; D-min 0.2773E-01; Ratio 0.1487E+10
 Maximum no. diagonal digits lost:  5 in reducing equation    1961
   End Triangular Decomposition                          t=    10.091     0.122
   Number of operations =  118023 plus      129 Mega-ops
  Time: CPU =        10.09 , System =         0.12
--> SOLVE AT  3088.84 Mflops. Time=        0.08
   Energy convergence check
    Initial   =    1.118060994389575E-05 Current   =    7.647616553613417E-25
    Relative  =    6.840070972862055E-20 Tolerance =    1.000000000000000E-16
      Convergence: Energy |R*u| norm = T
      Convergence: Individual groups = T
 *Command   8 * next newton         v:   50.0       7.00       5.00    
                                                         t=    10.094     0.122
 *Command   9 * plot WIPE           v:   0.00       0.00       0.00    
                                                         t=    10.094     0.122
 *Command  10 * plot UNDE           v:   0.00       0.00       0.00    
                                                         t=    10.094     0.122
 *Command  11 * plot MESH           v:   0.00       0.00       0.00    
                                                         t=    10.094     0.122
 *Command  12 * plot DEFO           v:   1.00       1.00       0.00    
                                                         t=    10.094     0.122
  -> Plots on deformed mesh with scale: 1.00000E+00
                     Eigenvector scale: 0.00000E+00
 *Command  13 * plot PAIR           v:   1.00       4.00       0.00    
                                                         t=    10.094     0.122
 *Command  14 * next time           v:   35.0       4.00       35.0    
                                                         t=    10.095     0.122
 *Command   4 * time                v:   0.00       0.00       0.00    
                                                         t=    10.095     0.122

   Computing solution at time   3.6000E-01 using dt =  1.0000E-02
   Total proportional load is   3.6000E-01
 *Command   5 * cont CHECK          v:   0.00       0.00       0.00    
                                                         t=    10.096     0.122

   Pair Number =   1,  Total Slave Points =    21

    0 - Not in Contact           =    14
    1 - Number to a Facet        =     7
    2 - Number to a Concave Edge =     0
    3 - Number to a Convex  Edge =     0
    4 - Number to a Point        =     0


   Pair Number =   2,  Total Slave Points =    21

    0 - Not in Contact           =    14
    1 - Number to a Facet        =     7
    2 - Number to a Concave Edge =     0
    3 - Number to a Convex  Edge =     0
    4 - Number to a Point        =     0


   Pair Number =   3,  Total Slave Points =    21

    0 - Not in Contact           =    14
    1 - Number to a Facet        =     7
    2 - Number to a Concave Edge =     0
    3 - Number to a Convex  Edge =     0
    4 - Number to a Point        =     0


   Pair Number =   4,  Total Slave Points =    21

    0 - Not in Contact           =    14
    1 - Number to a Facet        =     7
    2 - Number to a Concave Edge =     0
    3 - Number to a Convex  Edge =     0
    4 - Number to a Point        =     0

-->Contact check
 *Command   6 * loop newton         v:   50.0       9.00       0.00    
                                                         t=    10.096     0.122
 *Command   7 * utan                v:   1.00       0.00       0.00    
                                                         t=    10.096     0.122
   Residual 1 norm =  5.7118552E-02 Rel =  1.0000000E+00 t=    10.106     0.122
      Convergence: Equations  norm   = F
      Convergence: Individual groups = F
 Condition check: D-max 0.4123E+08; D-min 0.2773E-01; Ratio 0.1487E+10
 Maximum no. diagonal digits lost:  5 in reducing equation    1961
   End Triangular Decomposition                          t=    10.194     0.123
   Number of operations =  118023 plus      129 Mega-ops
  Time: CPU =        10.20 , System =         0.12
--> SOLVE AT  2931.25 Mflops. Time=        0.09
   Energy convergence check
    Initial   =    1.112340232092186E-05 Current   =    1.112340232092186E-05
    Relative  =    1.000000000000000E+00 Tolerance =    1.000000000000000E-16
      Convergence: Energy |R*u| norm = F
      Convergence: Individual groups = F
 *Command   8 * next newton         v:   1.00       7.00       1.00    
                                                         t=    10.196     0.123
 *Command   7 * utan                v:   1.00       0.00       0.00    
                                                         t=    10.196     0.123
   Residual 1 norm =  5.8893800E-04 Rel =  1.0310801E-02 t=    10.205     0.123
      Convergence: Equations  norm   = F
      Convergence: Individual groups = F
 Condition check: D-max 0.4123E+08; D-min 0.2774E-01; Ratio 0.1487E+10
 Maximum no. diagonal digits lost:  5 in reducing equation    1961
   End Triangular Decomposition                          t=    10.292     0.123
   Number of operations =  118023 plus      129 Mega-ops
  Time: CPU =        10.29 , System =         0.12
--> SOLVE AT  2983.21 Mflops. Time=        0.09
   Energy convergence check
    Initial   =    1.112340232092186E-05 Current   =    8.650794188005698E-11
    Relative  =    7.777111659203888E-06 Tolerance =    1.000000000000000E-16
      Convergence: Energy |R*u| norm = F
      Convergence: Individual groups = F
 *Command   8 * next newton         v:   2.00       7.00       2.00    
                                                         t=    10.294     0.123
 *Command   7 * utan                v:   1.00       0.00       0.00    
                                                         t=    10.294     0.123
   Residual 1 norm =  6.3687342E-07 Rel =  1.1150027E-05 t=    10.304     0.123
      Convergence: Equations  norm   = F
      Convergence: Individual groups = F
 Condition check: D-max 0.4123E+08; D-min 0.2774E-01; Ratio 0.1487E+10
 Maximum no. diagonal digits lost:  5 in reducing equation    1961
   End Triangular Decomposition                          t=    10.390     0.123
   Number of operations =  118023 plus      129 Mega-ops
  Time: CPU =        10.39 , System =         0.12
--> SOLVE AT  2988.78 Mflops. Time=        0.09
   Energy convergence check
    Initial   =    1.112340232092186E-05 Current   =    7.441068139524816E-16
    Relative  =    6.689561273468469E-11 Tolerance =    1.000000000000000E-16
      Convergence: Energy |R*u| norm = F
      Convergence: Individual groups = F
 *Command   8 * next newton         v:   3.00       7.00       3.00    
                                                         t=    10.392     0.123
 *Command   7 * utan                v:   1.00       0.00       0.00    
                                                         t=    10.392     0.123
   Residual 1 norm =  7.4572282E-09 Rel =  1.3055702E-07 t=    10.401     0.123
      Convergence: Equations  norm   = F
      Convergence: Individual groups = F
 Condition check: D-max 0.4123E+08; D-min 0.2774E-01; Ratio 0.1487E+10
 Maximum no. diagonal digits lost:  5 in reducing equation    1961
   End Triangular Decomposition                          t=    10.485     0.123
   Number of operations =  118023 plus      129 Mega-ops
  Time: CPU =        10.49 , System =         0.12
--> SOLVE AT  3103.67 Mflops. Time=        0.08
   Energy convergence check
    Initial   =    1.112340232092186E-05 Current   =    7.191812373048080E-20
    Relative  =    6.465478965479020E-15 Tolerance =    1.000000000000000E-16
      Convergence: Energy |R*u| norm = F
      Convergence: Individual groups = F
 *Command   8 * next newton         v:   4.00       7.00       4.00    
                                                         t=    10.487     0.123
 *Command   7 * utan                v:   1.00       0.00       0.00    
                                                         t=    10.487     0.123
   Residual 1 norm =  2.2998092E-11 Rel =  4.0263787E-10 t=    10.497     0.123
      Convergence: Equations  norm   = T
      Convergence: Individual groups = T
 Condition check: D-max 0.4123E+08; D-min 0.2774E-01; Ratio 0.1487E+10
 Maximum no. diagonal digits lost:  5 in reducing equation    1961
   End Triangular Decomposition                          t=    10.580     0.123
   Number of operations =  118023 plus      129 Mega-ops
  Time: CPU =        10.58 , System =         0.12
--> SOLVE AT  3088.73 Mflops. Time=        0.08
   Energy convergence check
    Initial   =    1.112340232092186E-05 Current   =    1.040107361646379E-24
    Relative  =    9.350622513132112E-20 Tolerance =    1.000000000000000E-16
      Convergence: Energy |R*u| norm = T
      Convergence: Individual groups = T
 *Command   8 * next newton         v:   50.0       7.00       5.00    
                                                         t=    10.583     0.123
 *Command   9 * plot WIPE           v:   0.00       0.00       0.00    
                                                         t=    10.583     0.123
 *Command  10 * plot UNDE           v:   0.00       0.00       0.00    
                                                         t=    10.583     0.123
 *Command  11 * plot MESH           v:   0.00       0.00       0.00    
                                                         t=    10.583     0.123
 *Command  12 * plot DEFO           v:   1.00       1.00       0.00    
                                                         t=    10.583     0.123
  -> Plots on deformed mesh with scale: 1.00000E+00
                     Eigenvector scale: 0.00000E+00
 *Command  13 * plot PAIR           v:   1.00       4.00       0.00    
                                                         t=    10.583     0.123
 *Command  14 * next time           v:   36.0       4.00       36.0    
                                                         t=    10.584     0.123
 *Command   4 * time                v:   0.00       0.00       0.00    
                                                         t=    10.584     0.123

   Computing solution at time   3.7000E-01 using dt =  1.0000E-02
   Total proportional load is   3.7000E-01
 *Command   5 * cont CHECK          v:   0.00       0.00       0.00    
                                                         t=    10.585     0.123

   Pair Number =   1,  Total Slave Points =    21

    0 - Not in Contact           =    14
    1 - Number to a Facet        =     7
    2 - Number to a Concave Edge =     0
    3 - Number to a Convex  Edge =     0
    4 - Number to a Point        =     0


   Pair Number =   2,  Total Slave Points =    21

    0 - Not in Contact           =    14
    1 - Number to a Facet        =     7
    2 - Number to a Concave Edge =     0
    3 - Number to a Convex  Edge =     0
    4 - Number to a Point        =     0


   Pair Number =   3,  Total Slave Points =    21

    0 - Not in Contact           =    14
    1 - Number to a Facet        =     7
    2 - Number to a Concave Edge =     0
    3 - Number to a Convex  Edge =     0
    4 - Number to a Point        =     0


   Pair Number =   4,  Total Slave Points =    21

    0 - Not in Contact           =    14
    1 - Number to a Facet        =     7
    2 - Number to a Concave Edge =     0
    3 - Number to a Convex  Edge =     0
    4 - Number to a Point        =     0

-->Contact check
 *Command   6 * loop newton         v:   50.0       9.00       0.00    
                                                         t=    10.585     0.123
 *Command   7 * utan                v:   1.00       0.00       0.00    
                                                         t=    10.585     0.123
   Residual 1 norm =  5.7091027E-02 Rel =  1.0000000E+00 t=    10.595     0.123
      Convergence: Equations  norm   = F
      Convergence: Individual groups = F
 Condition check: D-max 0.4123E+08; D-min 0.2774E-01; Ratio 0.1487E+10
 Maximum no. diagonal digits lost:  5 in reducing equation    1961
   End Triangular Decomposition                          t=    10.681     0.123
   Number of operations =  118023 plus      129 Mega-ops
  Time: CPU =        10.68 , System =         0.12
--> SOLVE AT  2993.57 Mflops. Time=        0.09
   Energy convergence check
    Initial   =    1.106653459100215E-05 Current   =    1.106653459100215E-05
    Relative  =    1.000000000000000E+00 Tolerance =    1.000000000000000E-16
      Convergence: Energy |R*u| norm = F
      Convergence: Individual groups = F
 *Command   8 * next newton         v:   1.00       7.00       1.00    
                                                         t=    10.683     0.123
 *Command   7 * utan                v:   1.00       0.00       0.00    
                                                         t=    10.683     0.123
   Residual 1 norm =  5.9818431E-04 Rel =  1.0477729E-02 t=    10.693     0.123
      Convergence: Equations  norm   = F
      Convergence: Individual groups = F
 Condition check: D-max 0.4123E+08; D-min 0.2774E-01; Ratio 0.1486E+10
 Maximum no. diagonal digits lost:  5 in reducing equation    1961
   End Triangular Decomposition                          t=    10.777     0.123
   Number of operations =  118023 plus      129 Mega-ops
  Time: CPU =        10.78 , System =         0.12
--> SOLVE AT  3042.78 Mflops. Time=        0.08
   Energy convergence check
    Initial   =    1.106653459100215E-05 Current   =    9.450910640991166E-11
    Relative  =    8.540081416883118E-06 Tolerance =    1.000000000000000E-16
      Convergence: Energy |R*u| norm = F
      Convergence: Individual groups = F
 *Command   8 * next newton         v:   2.00       7.00       2.00    
                                                         t=    10.780     0.123
 *Command   7 * utan                v:   1.00       0.00       0.00    
                                                         t=    10.780     0.123
   Residual 1 norm =  7.1562536E-07 Rel =  1.2534813E-05 t=    10.789     0.123
      Convergence: Equations  norm   = F
      Convergence: Individual groups = F
 Condition check: D-max 0.4123E+08; D-min 0.2774E-01; Ratio 0.1486E+10
 Maximum no. diagonal digits lost:  5 in reducing equation    1961
   End Triangular Decomposition                          t=    10.875     0.123
   Number of operations =  118023 plus      129 Mega-ops
  Time: CPU =        10.88 , System =         0.12
--> SOLVE AT  3024.80 Mflops. Time=        0.09
   Energy convergence check
    Initial   =    1.106653459100215E-05 Current   =    9.281771870727842E-16
    Relative  =    8.387243354640177E-11 Tolerance =    1.000000000000000E-16
      Convergence: Energy |R*u| norm = F
      Convergence: Individual groups = F
 *Command   8 * next newton         v:   3.00       7.00       3.00    
                                                         t=    10.877     0.123
 *Command   7 * utan                v:   1.00       0.00       0.00    
                                                         t=    10.877     0.123
   Residual 1 norm =  8.4143914E-09 Rel =  1.4738553E-07 t=    10.886     0.123
      Convergence: Equations  norm   = F
      Convergence: Individual groups = F
 Condition check: D-max 0.4123E+08; D-min 0.2774E-01; Ratio 0.1486E+10
 Maximum no. diagonal digits lost:  5 in reducing equation    1961
   End Triangular Decomposition                          t=    10.970     0.123
   Number of operations =  118023 plus      129 Mega-ops
  Time: CPU =        10.97 , System =         0.12
--> SOLVE AT  3076.59 Mflops. Time=        0.08
   Energy convergence check
    Initial   =    1.106653459100215E-05 Current   =    8.897263668564005E-20
    Relative  =    8.039792037335779E-15 Tolerance =    1.000000000000000E-16
      Convergence: Energy |R*u| norm = F
      Convergence: Individual groups = F
 *Command   8 * next newton         v:   4.00       7.00       4.00    
                                                         t=    10.973     0.123
 *Command   7 * utan                v:   1.00       0.00       0.00    
                                                         t=    10.973     0.123
   Residual 1 norm =  2.6791972E-11 Rel =  4.6928516E-10 t=    10.982     0.123
      Convergence: Equations  norm   = T
      Convergence: Individual groups = T
 Condition check: D-max 0.4123E+08; D-min 0.2774E-01; Ratio 0.1486E+10
 Maximum no. diagonal digits lost:  5 in reducing equation    1961
   End Triangular Decomposition                          t=    11.068     0.123
   Number of operations =  118023 plus      129 Mega-ops
  Time: CPU =        11.07 , System =         0.12
--> SOLVE AT  3001.30 Mflops. Time=        0.09
   Energy convergence check
    Initial   =    1.106653459100215E-05 Current   =    1.400069494532081E-24
    Relative  =    1.265138136079594E-19 Tolerance =    1.000000000000000E-16
      Convergence: Energy |R*u| norm = T
      Convergence: Individual groups = T
 *Command   8 * next newton         v:   50.0       7.00       5.00    
                                                         t=    11.070     0.123
 *Command   9 * plot WIPE           v:   0.00       0.00       0.00    
                                                         t=    11.070     0.123
 *Command  10 * plot UNDE           v:   0.00       0.00       0.00    
                                                         t=    11.070     0.123
 *Command  11 * plot MESH           v:   0.00       0.00       0.00    
                                                         t=    11.070     0.123
 *Command  12 * plot DEFO           v:   1.00       1.00       0.00    
                                                         t=    11.071     0.123
  -> Plots on deformed mesh with scale: 1.00000E+00
                     Eigenvector scale: 0.00000E+00
 *Command  13 * plot PAIR           v:   1.00       4.00       0.00    
                                                         t=    11.071     0.123
 *Command  14 * next time           v:   37.0       4.00       37.0    
                                                         t=    11.071     0.123
 *Command   4 * time                v:   0.00       0.00       0.00    
                                                         t=    11.071     0.123

   Computing solution at time   3.8000E-01 using dt =  1.0000E-02
   Total proportional load is   3.8000E-01
 *Command   5 * cont CHECK          v:   0.00       0.00       0.00    
                                                         t=    11.073     0.123

   Pair Number =   1,  Total Slave Points =    21

    0 - Not in Contact           =    14
    1 - Number to a Facet        =     7
    2 - Number to a Concave Edge =     0
    3 - Number to a Convex  Edge =     0
    4 - Number to a Point        =     0


   Pair Number =   2,  Total Slave Points =    21

    0 - Not in Contact           =    14
    1 - Number to a Facet        =     7
    2 - Number to a Concave Edge =     0
    3 - Number to a Convex  Edge =     0
    4 - Number to a Point        =     0


   Pair Number =   3,  Total Slave Points =    21

    0 - Not in Contact           =    14
    1 - Number to a Facet        =     7
    2 - Number to a Concave Edge =     0
    3 - Number to a Convex  Edge =     0
    4 - Number to a Point        =     0


   Pair Number =   4,  Total Slave Points =    21

    0 - Not in Contact           =    14
    1 - Number to a Facet        =     7
    2 - Number to a Concave Edge =     0
    3 - Number to a Convex  Edge =     0
    4 - Number to a Point        =     0

-->Contact check
 *Command   6 * loop newton         v:   50.0       9.00       0.00    
                                                         t=    11.073     0.123
 *Command   7 * utan                v:   1.00       0.00       0.00    
                                                         t=    11.073     0.123
   Residual 1 norm =  5.7063546E-02 Rel =  1.0000000E+00 t=    11.082     0.123
      Convergence: Equations  norm   = F
      Convergence: Individual groups = F
 Condition check: D-max 0.4123E+08; D-min 0.2774E-01; Ratio 0.1486E+10
 Maximum no. diagonal digits lost:  5 in reducing equation    1961
   End Triangular Decomposition                          t=    11.168     0.123
   Number of operations =  118023 plus      129 Mega-ops
  Time: CPU =        11.17 , System =         0.12
--> SOLVE AT  3023.42 Mflops. Time=        0.09
   Energy convergence check
    Initial   =    1.101000644588491E-05 Current   =    1.101000644588491E-05
    Relative  =    1.000000000000000E+00 Tolerance =    1.000000000000000E-16
      Convergence: Energy |R*u| norm = F
      Convergence: Individual groups = F
 *Command   8 * next newton         v:   1.00       7.00       1.00    
                                                         t=    11.170     0.123
 *Command   7 * utan                v:   1.00       0.00       0.00    
                                                         t=    11.170     0.123
   Residual 1 norm =  6.0746548E-04 Rel =  1.0645421E-02 t=    11.179     0.123
      Convergence: Equations  norm   = F
      Convergence: Individual groups = F
 Condition check: D-max 0.4123E+08; D-min 0.2774E-01; Ratio 0.1486E+10
 Maximum no. diagonal digits lost:  5 in reducing equation    1961
   End Triangular Decomposition                          t=    11.267     0.123
   Number of operations =  118023 plus      129 Mega-ops
  Time: CPU =        11.27 , System =         0.12
--> SOLVE AT  2936.18 Mflops. Time=        0.09
   Energy convergence check
    Initial   =    1.101000644588491E-05 Current   =    1.030099043746672E-10
    Relative  =    9.356025800799427E-06 Tolerance =    1.000000000000000E-16
      Convergence: Energy |R*u| norm = F
      Convergence: Individual groups = F
 *Command   8 * next newton         v:   2.00       7.00       2.00    
                                                         t=    11.270     0.123
 *Command   7 * utan                v:   1.00       0.00       0.00    
                                                         t=    11.270     0.123
   Residual 1 norm =  7.9923161E-07 Rel =  1.4005993E-05 t=    11.279     0.123
      Convergence: Equations  norm   = F
      Convergence: Individual groups = F
 Condition check: D-max 0.4123E+08; D-min 0.2774E-01; Ratio 0.1486E+10
 Maximum no. diagonal digits lost:  5 in reducing equation    1961
   End Triangular Decomposition                          t=    11.363     0.123
   Number of operations =  118023 plus      129 Mega-ops
  Time: CPU =        11.36 , System =         0.12
--> SOLVE AT  3079.57 Mflops. Time=        0.08
   Energy convergence check
    Initial   =    1.101000644588491E-05 Current   =    1.144667686593773E-15
    Relative  =    1.039661232007365E-10 Tolerance =    1.000000000000000E-16
      Convergence: Energy |R*u| norm = F
      Convergence: Individual groups = F
 *Command   8 * next newton         v:   3.00       7.00       3.00    
                                                         t=    11.365     0.123
 *Command   7 * utan                v:   1.00       0.00       0.00    
                                                         t=    11.365     0.123
   Residual 1 norm =  9.4454149E-09 Rel =  1.6552450E-07 t=    11.374     0.123
      Convergence: Equations  norm   = F
      Convergence: Individual groups = F
 Condition check: D-max 0.4123E+08; D-min 0.2774E-01; Ratio 0.1486E+10
 Maximum no. diagonal digits lost:  5 in reducing equation    1961
   End Triangular Decomposition                          t=    11.459     0.123
   Number of operations =  118023 plus      129 Mega-ops
  Time: CPU =        11.46 , System =         0.12
--> SOLVE AT  3056.11 Mflops. Time=        0.08
   Energy convergence check
    Initial   =    1.101000644588491E-05 Current   =    1.089589406769136E-19
    Relative  =    9.896355757142904E-15 Tolerance =    1.000000000000000E-16
      Convergence: Energy |R*u| norm = F
      Convergence: Individual groups = F
 *Command   8 * next newton         v:   4.00       7.00       4.00    
                                                         t=    11.461     0.123
 *Command   7 * utan                v:   1.00       0.00       0.00    
                                                         t=    11.461     0.123
   Residual 1 norm =  3.1077250E-11 Rel =  5.4460775E-10 t=    11.470     0.123
      Convergence: Equations  norm   = T
      Convergence: Individual groups = T
 Condition check: D-max 0.4123E+08; D-min 0.2774E-01; Ratio 0.1486E+10
 Maximum no. diagonal digits lost:  5 in reducing equation    1961
   End Triangular Decomposition                          t=    11.557     0.123
   Number of operations =  118023 plus      129 Mega-ops
  Time: CPU =        11.56 , System =         0.12
--> SOLVE AT  2987.42 Mflops. Time=        0.09
   Energy convergence check
    Initial   =    1.101000644588491E-05 Current   =    1.865956049508497E-24
    Relative  =    1.694781977358346E-19 Tolerance =    1.000000000000000E-16
      Convergence: Energy |R*u| norm = T
      Convergence: Individual groups = T
 *Command   8 * next newton         v:   50.0       7.00       5.00    
                                                         t=    11.559     0.123
 *Command   9 * plot WIPE           v:   0.00       0.00       0.00    
                                                         t=    11.559     0.123
 *Command  10 * plot UNDE           v:   0.00       0.00       0.00    
                                                         t=    11.559     0.123
 *Command  11 * plot MESH           v:   0.00       0.00       0.00    
                                                         t=    11.559     0.123
 *Command  12 * plot DEFO           v:   1.00       1.00       0.00    
                                                         t=    11.559     0.124
  -> Plots on deformed mesh with scale: 1.00000E+00
                     Eigenvector scale: 0.00000E+00
 *Command  13 * plot PAIR           v:   1.00       4.00       0.00    
                                                         t=    11.559     0.124
 *Command  14 * next time           v:   38.0       4.00       38.0    
                                                         t=    11.559     0.124
 *Command   4 * time                v:   0.00       0.00       0.00    
                                                         t=    11.559     0.124

   Computing solution at time   3.9000E-01 using dt =  1.0000E-02
   Total proportional load is   3.9000E-01
 *Command   5 * cont CHECK          v:   0.00       0.00       0.00    
                                                         t=    11.560     0.124

   Pair Number =   1,  Total Slave Points =    21

    0 - Not in Contact           =    14
    1 - Number to a Facet        =     7
    2 - Number to a Concave Edge =     0
    3 - Number to a Convex  Edge =     0
    4 - Number to a Point        =     0


   Pair Number =   2,  Total Slave Points =    21

    0 - Not in Contact           =    14
    1 - Number to a Facet        =     7
    2 - Number to a Concave Edge =     0
    3 - Number to a Convex  Edge =     0
    4 - Number to a Point        =     0


   Pair Number =   3,  Total Slave Points =    21

    0 - Not in Contact           =    14
    1 - Number to a Facet        =     7
    2 - Number to a Concave Edge =     0
    3 - Number to a Convex  Edge =     0
    4 - Number to a Point        =     0


   Pair Number =   4,  Total Slave Points =    21

    0 - Not in Contact           =    14
    1 - Number to a Facet        =     7
    2 - Number to a Concave Edge =     0
    3 - Number to a Convex  Edge =     0
    4 - Number to a Point        =     0

-->Contact check
 *Command   6 * loop newton         v:   50.0       9.00       0.00    
                                                         t=    11.560     0.124
 *Command   7 * utan                v:   1.00       0.00       0.00    
                                                         t=    11.560     0.124
   Residual 1 norm =  5.7036110E-02 Rel =  1.0000000E+00 t=    11.569     0.126
      Convergence: Equations  norm   = F
      Convergence: Individual groups = F
 Condition check: D-max 0.4123E+08; D-min 0.2774E-01; Ratio 0.1486E+10
 Maximum no. diagonal digits lost:  5 in reducing equation    1961
   End Triangular Decomposition                          t=    11.663     0.126
   Number of operations =  118023 plus      129 Mega-ops
  Time: CPU =        11.67 , System =         0.13
--> SOLVE AT  2745.36 Mflops. Time=        0.09
   Energy convergence check
    Initial   =    1.095381753065013E-05 Current   =    1.095381753065013E-05
    Relative  =    1.000000000000000E+00 Tolerance =    1.000000000000000E-16
      Convergence: Energy |R*u| norm = F
      Convergence: Individual groups = F
 *Command   8 * next newton         v:   1.00       7.00       1.00    
                                                         t=    11.666     0.126
 *Command   7 * utan                v:   1.00       0.00       0.00    
                                                         t=    11.666     0.126
   Residual 1 norm =  6.1677278E-04 Rel =  1.0813725E-02 t=    11.676     0.126
      Convergence: Equations  norm   = F
      Convergence: Individual groups = F
 Condition check: D-max 0.4123E+08; D-min 0.2775E-01; Ratio 0.1486E+10
 Maximum no. diagonal digits lost:  5 in reducing equation    1961
   End Triangular Decomposition                          t=    11.770     0.127
   Number of operations =  118023 plus      129 Mega-ops
  Time: CPU =        11.77 , System =         0.13
--> SOLVE AT  2742.91 Mflops. Time=        0.09
   Energy convergence check
    Initial   =    1.095381753065013E-05 Current   =    1.119853776753098E-10
    Relative  =    1.022341091240208E-05 Tolerance =    1.000000000000000E-16
      Convergence: Energy |R*u| norm = F
      Convergence: Individual groups = F
 *Command   8 * next newton         v:   2.00       7.00       2.00    
                                                         t=    11.772     0.127
 *Command   7 * utan                v:   1.00       0.00       0.00    
                                                         t=    11.772     0.127
   Residual 1 norm =  8.8743573E-07 Rel =  1.5559191E-05 t=    11.780     0.128
      Convergence: Equations  norm   = F
      Convergence: Individual groups = F
 Condition check: D-max 0.4123E+08; D-min 0.2775E-01; Ratio 0.1486E+10
 Maximum no. diagonal digits lost:  5 in reducing equation    1961
   End Triangular Decomposition                          t=    11.862     0.128
   Number of operations =  118023 plus      129 Mega-ops
  Time: CPU =        11.86 , System =         0.13
--> SOLVE AT  3130.59 Mflops. Time=        0.08
   Energy convergence check
    Initial   =    1.095381753065013E-05 Current   =    1.396372098213850E-15
    Relative  =    1.274781229746277E-10 Tolerance =    1.000000000000000E-16
      Convergence: Energy |R*u| norm = F
      Convergence: Individual groups = F
 *Command   8 * next newton         v:   3.00       7.00       3.00    
                                                         t=    11.864     0.128
 *Command   7 * utan                v:   1.00       0.00       0.00    
                                                         t=    11.865     0.128
   Residual 1 norm =  1.0552580E-08 Rel =  1.8501578E-07 t=    11.872     0.129
      Convergence: Equations  norm   = F
      Convergence: Individual groups = F
 Condition check: D-max 0.4123E+08; D-min 0.2775E-01; Ratio 0.1486E+10
 Maximum no. diagonal digits lost:  5 in reducing equation    1961
   End Triangular Decomposition                          t=    11.958     0.131
   Number of operations =  118023 plus      129 Mega-ops
  Time: CPU =        11.96 , System =         0.13
--> SOLVE AT  3028.42 Mflops. Time=        0.09
   Energy convergence check
    Initial   =    1.095381753065013E-05 Current   =    1.322013224733079E-19
    Relative  =    1.206897249323282E-14 Tolerance =    1.000000000000000E-16
      Convergence: Energy |R*u| norm = F
      Convergence: Individual groups = F
 *Command   8 * next newton         v:   4.00       7.00       4.00    
                                                         t=    11.960     0.131
 *Command   7 * utan                v:   1.00       0.00       0.00    
                                                         t=    11.960     0.131
   Residual 1 norm =  3.5883698E-11 Rel =  6.2914001E-10 t=    11.969     0.131
      Convergence: Equations  norm   = T
      Convergence: Individual groups = T
 Condition check: D-max 0.4123E+08; D-min 0.2775E-01; Ratio 0.1486E+10
 Maximum no. diagonal digits lost:  5 in reducing equation    1961
   End Triangular Decomposition                          t=    12.049     0.131
   Number of operations =  118023 plus      129 Mega-ops
  Time: CPU =        12.05 , System =         0.13
--> SOLVE AT  3203.29 Mflops. Time=        0.08
   Energy convergence check
    Initial   =    1.095381753065013E-05 Current   =    2.463245119241551E-24
    Relative  =    2.248754931647425E-19 Tolerance =    1.000000000000000E-16
      Convergence: Energy |R*u| norm = T
      Convergence: Individual groups = T
 *Command   8 * next newton         v:   50.0       7.00       5.00    
                                                         t=    12.052     0.131
 *Command   9 * plot WIPE           v:   0.00       0.00       0.00    
                                                         t=    12.052     0.131
 *Command  10 * plot UNDE           v:   0.00       0.00       0.00    
                                                         t=    12.052     0.131
 *Command  11 * plot MESH           v:   0.00       0.00       0.00    
                                                         t=    12.052     0.131
 *Command  12 * plot DEFO           v:   1.00       1.00       0.00    
                                                         t=    12.052     0.131
  -> Plots on deformed mesh with scale: 1.00000E+00
                     Eigenvector scale: 0.00000E+00
 *Command  13 * plot PAIR           v:   1.00       4.00       0.00    
                                                         t=    12.052     0.132
 *Command  14 * next time           v:   39.0       4.00       39.0    
                                                         t=    12.052     0.132
 *Command   4 * time                v:   0.00       0.00       0.00    
                                                         t=    12.052     0.132

   Computing solution at time   4.0000E-01 using dt =  1.0000E-02
   Total proportional load is   4.0000E-01
 *Command   5 * cont CHECK          v:   0.00       0.00       0.00    
                                                         t=    12.053     0.132

   Pair Number =   1,  Total Slave Points =    21

    0 - Not in Contact           =    14
    1 - Number to a Facet        =     7
    2 - Number to a Concave Edge =     0
    3 - Number to a Convex  Edge =     0
    4 - Number to a Point        =     0


   Pair Number =   2,  Total Slave Points =    21

    0 - Not in Contact           =    14
    1 - Number to a Facet        =     7
    2 - Number to a Concave Edge =     0
    3 - Number to a Convex  Edge =     0
    4 - Number to a Point        =     0


   Pair Number =   3,  Total Slave Points =    21

    0 - Not in Contact           =    14
    1 - Number to a Facet        =     7
    2 - Number to a Concave Edge =     0
    3 - Number to a Convex  Edge =     0
    4 - Number to a Point        =     0


   Pair Number =   4,  Total Slave Points =    21

    0 - Not in Contact           =    14
    1 - Number to a Facet        =     7
    2 - Number to a Concave Edge =     0
    3 - Number to a Convex  Edge =     0
    4 - Number to a Point        =     0

-->Contact check
 *Command   6 * loop newton         v:   50.0       9.00       0.00    
                                                         t=    12.053     0.132
 *Command   7 * utan                v:   1.00       0.00       0.00    
                                                         t=    12.053     0.132
   Residual 1 norm =  5.7008719E-02 Rel =  1.0000000E+00 t=    12.061     0.133
      Convergence: Equations  norm   = F
      Convergence: Individual groups = F
 Condition check: D-max 0.4123E+08; D-min 0.2775E-01; Ratio 0.1486E+10
 Maximum no. diagonal digits lost:  5 in reducing equation    1961
   End Triangular Decomposition                          t=    12.146     0.133
   Number of operations =  118023 plus      129 Mega-ops
  Time: CPU =        12.15 , System =         0.13
--> SOLVE AT  3059.70 Mflops. Time=        0.08
   Energy convergence check
    Initial   =    1.089796744542381E-05 Current   =    1.089796744542381E-05
    Relative  =    1.000000000000000E+00 Tolerance =    1.000000000000000E-16
      Convergence: Energy |R*u| norm = F
      Convergence: Individual groups = F
 *Command   8 * next newton         v:   1.00       7.00       1.00    
                                                         t=    12.148     0.133
 *Command   7 * utan                v:   1.00       0.00       0.00    
                                                         t=    12.148     0.133
   Residual 1 norm =  6.2609819E-04 Rel =  1.0982499E-02 t=    12.157     0.134
      Convergence: Equations  norm   = F
      Convergence: Individual groups = F
 Condition check: D-max 0.4123E+08; D-min 0.2775E-01; Ratio 0.1486E+10
 Maximum no. diagonal digits lost:  5 in reducing equation    1961
   End Triangular Decomposition                          t=    12.239     0.134
   Number of operations =  118023 plus      129 Mega-ops
  Time: CPU =        12.24 , System =         0.13
--> SOLVE AT  3144.88 Mflops. Time=        0.08
   Energy convergence check
    Initial   =    1.089796744542381E-05 Current   =    1.214113418088377E-10
    Relative  =    1.114073265651200E-05 Tolerance =    1.000000000000000E-16
      Convergence: Energy |R*u| norm = F
      Convergence: Individual groups = F
 *Command   8 * next newton         v:   2.00       7.00       2.00    
                                                         t=    12.241     0.134
 *Command   7 * utan                v:   1.00       0.00       0.00    
                                                         t=    12.241     0.134
   Residual 1 norm =  9.8001627E-07 Rel =  1.7190638E-05 t=    12.250     0.134
      Convergence: Equations  norm   = F
      Convergence: Individual groups = F
 Condition check: D-max 0.4123E+08; D-min 0.2775E-01; Ratio 0.1486E+10
 Maximum no. diagonal digits lost:  5 in reducing equation    1961
   End Triangular Decomposition                          t=    12.332     0.134
   Number of operations =  118023 plus      129 Mega-ops
  Time: CPU =        12.33 , System =         0.13
--> SOLVE AT  3168.28 Mflops. Time=        0.08
   Energy convergence check
    Initial   =    1.089796744542381E-05 Current   =    1.686048092396567E-15
    Relative  =    1.547121608538625E-10 Tolerance =    1.000000000000000E-16
      Convergence: Energy |R*u| norm = F
      Convergence: Individual groups = F
 *Command   8 * next newton         v:   3.00       7.00       3.00    
                                                         t=    12.334     0.134
 *Command   7 * utan                v:   1.00       0.00       0.00    
                                                         t=    12.334     0.134
   Residual 1 norm =  1.1738078E-08 Rel =  2.0589969E-07 t=    12.342     0.135
      Convergence: Equations  norm   = F
      Convergence: Individual groups = F
 Condition check: D-max 0.4123E+08; D-min 0.2775E-01; Ratio 0.1486E+10
 Maximum no. diagonal digits lost:  5 in reducing equation    1961
   End Triangular Decomposition                          t=    12.422     0.135
   Number of operations =  118023 plus      129 Mega-ops
  Time: CPU =        12.42 , System =         0.14
--> SOLVE AT  3215.46 Mflops. Time=        0.08
   Energy convergence check
    Initial   =    1.089796744542381E-05 Current   =    1.590392337399686E-19
    Relative  =    1.459347667685969E-14 Tolerance =    1.000000000000000E-16
      Convergence: Energy |R*u| norm = F
      Convergence: Individual groups = F
 *Command   8 * next newton         v:   4.00       7.00       4.00    
                                                         t=    12.425     0.135
 *Command   7 * utan                v:   1.00       0.00       0.00    
                                                         t=    12.425     0.135
   Residual 1 norm =  4.1254827E-11 Rel =  7.2365821E-10 t=    12.434     0.135
      Convergence: Equations  norm   = T
      Convergence: Individual groups = T
 Condition check: D-max 0.4123E+08; D-min 0.2775E-01; Ratio 0.1486E+10
 Maximum no. diagonal digits lost:  5 in reducing equation    1961
   End Triangular Decomposition                          t=    12.515     0.135
   Number of operations =  118023 plus      129 Mega-ops
  Time: CPU =        12.52 , System =         0.14
--> SOLVE AT  3196.14 Mflops. Time=        0.08
   Energy convergence check
    Initial   =    1.089796744542381E-05 Current   =    3.222077898480076E-24
    Relative  =    2.956586092421357E-19 Tolerance =    1.000000000000000E-16
      Convergence: Energy |R*u| norm = T
      Convergence: Individual groups = T
 *Command   8 * next newton         v:   50.0       7.00       5.00    
                                                         t=    12.517     0.135
 *Command   9 * plot WIPE           v:   0.00       0.00       0.00    
                                                         t=    12.517     0.135
 *Command  10 * plot UNDE           v:   0.00       0.00       0.00    
                                                         t=    12.517     0.135
 *Command  11 * plot MESH           v:   0.00       0.00       0.00    
                                                         t=    12.517     0.135
 *Command  12 * plot DEFO           v:   1.00       1.00       0.00    
                                                         t=    12.518     0.135
  -> Plots on deformed mesh with scale: 1.00000E+00
                     Eigenvector scale: 0.00000E+00
 *Command  13 * plot PAIR           v:   1.00       4.00       0.00    
                                                         t=    12.518     0.135
 *Command  14 * next time           v:   40.0       4.00       40.0    
                                                         t=    12.518     0.136
 *End of Solution Execution*                             t=    12.518     0.136
 *Command   1 * plot cvar           v:   9.00       0.00       0.00    
                                                         t=    12.518     0.136
    Minimum is  -9.28E-01 Maximum is   9.31E-01
                      10%   20%   30%   40%   50%   60%   70%   80%   90%
    Profile above is: 857.1 857.1 857.1 857.1 190.5  47.6  47.6  47.6  47.6
    Minimum is  -9.30E-01 Maximum is   9.31E-01
                      10%   20%   30%   40%   50%   60%   70%   80%   90%
    Profile above is:1714.31714.31714.31714.3 333.3  95.2  95.2  95.2  95.2
    Minimum is  -9.30E-01 Maximum is   9.31E-01
                      10%   20%   30%   40%   50%   60%   70%   80%   90%
    Profile above is:2619.02619.02619.02619.0 523.8 190.5 190.5 190.5 190.5
    Minimum is  -9.30E-01 Maximum is   9.32E-01
                      10%   20%   30%   40%   50%   60%   70%   80%   90%
    Profile above is:3476.23476.23476.23476.2 714.3 238.1 238.1 238.1 238.1
   ------ Contour Values for Plot ------
     -0.775005E+00  -0.619815E+00  -0.464624E+00  -0.309434E+00  -0.154243E+00
      0.947750E-03   0.156138E+00   0.311329E+00   0.466520E+00   0.621710E+00
      0.776901E+00
   ------ Contour Values for Plot ------
     -0.775005E+00  -0.619815E+00  -0.464624E+00  -0.309434E+00  -0.154243E+00
      0.947750E-03   0.156138E+00   0.311329E+00   0.466520E+00   0.621710E+00
      0.776901E+00
   ------ Contour Values for Plot ------
     -0.775005E+00  -0.619815E+00  -0.464624E+00  -0.309434E+00  -0.154243E+00
      0.947750E-03   0.156138E+00   0.311329E+00   0.466520E+00   0.621710E+00
      0.776901E+00
   ------ Contour Values for Plot ------
     -0.775005E+00  -0.619815E+00  -0.464624E+00  -0.309434E+00  -0.154243E+00
      0.947750E-03   0.156138E+00   0.311329E+00   0.466520E+00   0.621710E+00
      0.776901E+00
 *Command   1 * plot bound          v:   0.00       0.00       0.00    
                                                         t=    12.522     0.142
 *Command   1 * plot wipe           v:   0.00       0.00       0.00    
                                                         t=    12.522     0.142
 *Command   1 * plot mesh           v:   0.00       0.00       0.00    
                                                         t=    12.523     0.142
 *Command   1 * plot bound          v:   0.00       0.00       0.00    
                                                         t=    12.523     0.143
 *Command   1 * plot vipe           v:   0.00       0.00       0.00    
                                                         t=    12.524     0.143
 *Command   1 * plot wipe           v:   0.00       0.00       0.00    
                                                         t=    12.524     0.143
 *Command   1 * plot mate           v:   3.00       0.00       0.00    
                                                         t=    12.525     0.143
 *Command   1 * plot bound          v:   3.00       0.00       0.00    
                                                         t=    12.525     0.143
 *Command   1 * plot mesh           v:   0.00       0.00       0.00    
                                                         t=    12.525     0.143
 *Command   1 * plot bound          v:   0.00       0.00       0.00    
                                                         t=    12.525     0.144
 *Command   1 * plot wipe           v:   0.00       0.00       0.00    
                                                         t=    12.525     0.145
 *Command   1 * plot mesh           v:   0.00       0.00       0.00    
                                                         t=    12.525     0.145
 *Command   1 * plot bound          v:   0.00       0.00       0.00    
                                                         t=    12.525     0.145
 *Command   1 * plot cont           v:   3.00       0.00       0.00    
                                                         t=    12.526     0.145
    Minimum is  -1.76E-08 Maximum is   3.22E-05
 *Command   1 * plot conr           v:   1.00       0.00       0.00    
                                                         t=    12.529     0.145
 *Command   1 * plot cont           v:   1.00       0.00       0.00    
                                                         t=    12.529     0.145
