 FEAP *** soft tissue tube with internal hard shell ring                        

     Solution date: Wed Sep  9 14:36:14 2026

              Release 8.7.1b      
              03 July 2026        

     Input Data Filename: IsweepS3                                                                                                                        

     Number of Nodal Points  - - - - - - :      647
     Number of Elements  - - - - - - - - :      396

     Spatial Dimension of Mesh - - - - - :        3
     Degrees-of-Freedom/Node (Maximum) - :        6
     Equations/Element       (Maximum) - :        0
     Number Element Nodes    (Maximum) - :        8

     Number of Material Sets - - - - - - :        4
     Number Parameters/Set   (Program) - :      350
     Number Parameters/Set   (Users  ) - :      150

     Number Added Element Equations  - - :        0

  C o n s t a n t    V a l u e s

     Constant pi =  3.14159265E+00
     Constant pr =  1.00000000E+05
     Constant ri =  1.00000000E-02
     Constant ro =  1.50000000E-02
     Constant ht =  5.00000000E-03
     Constant nl =  6.00000000E+00
     Constant lt =  8.33333333E-04
     Constant to =  1.00000000E-04
     Constant em =  1.00000000E+06
     Constant nu =  4.20000000E-01
     Constant rh =  1.06000000E+03
     Constant dt =  1.00000000E-02
     Constant ta =  1.00000000E+00
     Constant ln =  5.00000000E+01
     Constant la =  3.00000000E+00
     Constant rs =  1.00000000E-03

 FEAP *** soft tissue tube with internal hard shell ring                       

   M a t e r i a l    P r o p e r t i e s

     Material Set Number   1: Element Type: SOLID:                           
     Degree of Freedom Assignments    Local    Global
                                     Number    Number
                                        1         1
                                        2         2
                                        3         3
                                        4         4
                                        5         5
                                        6         6

     T h r e e   D i m e n s i o n a l   S o l i d   E l e m e n t

     M e c h a n i c a l   P r o p e r t i e s

     NeoHookean Stored Energy Function 

          3-Dimensional Analysis

          Modulus E        1.00000E+06
          Poisson ratio    0.42000
          Bulk Modulus     2.08333E+06
          Shear Modulus    3.52113E+05

          Volume Model     2
               1: U(J) = 0.25*(J**2 - 1 - 2 * ln J)
               2: U(J) = 0.50*(J - 1)**2
               3: U(J) = 0.50*(ln J)**2
               4: U(J) = 2.00*(J - 1 - ln J)
               5: None: Incompressible

          Density          1.06000E+03

          1-Gravity Load   0.00000E+00
          2-Gravity Load   0.00000E+00
          3-Gravity Load   0.00000E+00
          Wave speed - c_o 4.90746E+01
          Implicit time integration: theta =:, 0.00000

     C o n s t i t u t i v e    S t a r t

          Start state  : Elastic

     E l e m e n t    M o d e l

          Formulation  : Finite Deformation Mixed       
          Element type : Mixed
          Plot Output  : On
          Augmenting   : Off
          Interpolation: Lagrangian Polynomials
          Mass type    : Consistent.
          History terms/pt  =     0

 FEAP *** soft tissue tube with internal hard shell ring                       

   M a t e r i a l    P r o p e r t i e s

     Material Set Number   2: Element Type: PRESs:                           
     Degree of Freedom Assignments    Local    Global
                                     Number    Number
                                        1         1
                                        2         2
                                        3         3
                                        4         4
                                        5         5
                                        6         6

     P r e s s u r e   L o a d i n g

          Loading Intensity      1.0000E+05
          Proportional Load No.           1
          Gradient Intensity     0.0000E+00
          Proportional Load No.           0
          Follower Loading
          Three dimensional analysis
          Gauss quadrature
          Surface plot on 

 FEAP *** soft tissue tube with internal hard shell ring                       

   M a t e r i a l    P r o p e r t i e s

     Material Set Number   3: Element Type: SHELL:                           
     Degree of Freedom Assignments    Local    Global
                                     Number    Number
                                        1         1
                                        2         2
                                        3         3
                                        4         4
                                        5         5
                                        6         6

     T h r e e   D i m e n s i o n a l   S h e l l   E l e m e n t
     M e c h a n i c a l   P r o p e r t i e s

          Plate & Shell Analysis

          Modulus E        2.10000E+11
          Poisson ratio    0.30000

          Thickness        2.00000E-04
          Loading - q      0.00000E+00
          q Prop. load     0

          Density          0.00000E+00

          1-Gravity Load   0.00000E+00
          2-Gravity Load   0.00000E+00
          3-Gravity Load   0.00000E+00

     C o n s t i t u t i v e    S t a r t

          Start state  : Elastic

     E l e m e n t    M o d e l

          Formulation  : Small Deformation.
          Plot Output  : On
          Interpolation: Lagrangian Polynomials
          History terms/pt  =     0

     W a r n i n g s   &   E r r o r s
          Material density is zero.

 FEAP *** soft tissue tube with internal hard shell ring                         

   3-D   M e s h   f r o m   2-D   M e s h

           2-d File Name: IsectS2L.rev   

           Spline Definition for 3-d mesh

            Cylindrical sweep
           Generate   24 segments

           Rotate on   4 axis

           Center at:  0.0000E+00  0.0000E+00  0.0000E+00

           Node     1-Coord     2-Coord     3-Coord
              1  0.0000E+00  0.0000E+00  0.0000E+00
              2 -3.6000E+02  0.0000E+00  0.0000E+00

 FEAP *** soft tissue tube with internal hard shell ring                         

   N o d a l   C o o r d i n a t e s

      Node     1-Coord     2-Coord     3-Coord
         1  1.0000E-02  0.0000E+00  5.0000E-03
         2  1.0833E-02  0.0000E+00  5.0000E-03
         3  1.1667E-02  0.0000E+00  5.0000E-03
         4  1.2500E-02  0.0000E+00  5.0000E-03
         5  1.3333E-02  0.0000E+00  5.0000E-03
         6  1.4167E-02  0.0000E+00  5.0000E-03
         7  1.5000E-02  0.0000E+00  5.0000E-03
         8  1.0000E-02  0.0000E+00  0.0000E+00
         9  1.0833E-02  0.0000E+00  0.0000E+00
        10  1.1667E-02  0.0000E+00  0.0000E+00
        11  1.2500E-02  0.0000E+00  0.0000E+00
        12  1.3333E-02  0.0000E+00  0.0000E+00
        13  1.4167E-02  0.0000E+00  0.0000E+00
        14  1.5000E-02  0.0000E+00  0.0000E+00
        15  1.0000E-02  0.0000E+00  2.5000E-03
        16  1.0833E-02  0.0000E+00  2.5000E-03
        17  1.1667E-02  0.0000E+00  2.5000E-03
        18  1.2500E-02  0.0000E+00  2.5000E-03
        19  1.3333E-02  0.0000E+00  2.5000E-03
        20  1.4167E-02  0.0000E+00  2.5000E-03
        21  1.5000E-02  0.0000E+00  2.5000E-03
        22  9.6593E-03 -2.5882E-03  5.0000E-03
        23  1.0464E-02 -2.8039E-03  5.0000E-03
        24  1.1269E-02 -3.0196E-03  5.0000E-03
        25  1.2074E-02 -3.2352E-03  5.0000E-03
        26  1.2879E-02 -3.4509E-03  5.0000E-03
        27  1.3684E-02 -3.6666E-03  5.0000E-03
        28  1.4489E-02 -3.8823E-03  5.0000E-03
        29  9.6593E-03 -2.5882E-03  0.0000E+00
        30  1.0464E-02 -2.8039E-03  0.0000E+00
        31  1.1269E-02 -3.0196E-03  0.0000E+00
        32  1.2074E-02 -3.2352E-03  0.0000E+00
        33  1.2879E-02 -3.4509E-03  0.0000E+00
        34  1.3684E-02 -3.6666E-03  0.0000E+00
        35  1.4489E-02 -3.8823E-03  0.0000E+00
        36  9.6593E-03 -2.5882E-03  2.5000E-03
        37  1.0464E-02 -2.8039E-03  2.5000E-03
        38  1.1269E-02 -3.0196E-03  2.5000E-03
        39  1.2074E-02 -3.2352E-03  2.5000E-03
        40  1.2879E-02 -3.4509E-03  2.5000E-03
        41  1.3684E-02 -3.6666E-03  2.5000E-03
        42  1.4489E-02 -3.8823E-03  2.5000E-03
        43  8.6603E-03 -5.0000E-03  5.0000E-03
        44  9.3819E-03 -5.4167E-03  5.0000E-03
        45  1.0104E-02 -5.8333E-03  5.0000E-03
        46  1.0825E-02 -6.2500E-03  5.0000E-03
        47  1.1547E-02 -6.6667E-03  5.0000E-03
        48  1.2269E-02 -7.0833E-03  5.0000E-03
        49  1.2990E-02 -7.5000E-03  5.0000E-03
        50  8.6603E-03 -5.0000E-03  0.0000E+00
        51  9.3819E-03 -5.4167E-03  0.0000E+00
        52  1.0104E-02 -5.8333E-03  0.0000E+00
        53  1.0825E-02 -6.2500E-03  0.0000E+00
        54  1.1547E-02 -6.6667E-03  0.0000E+00
        55  1.2269E-02 -7.0833E-03  0.0000E+00
        56  1.2990E-02 -7.5000E-03  0.0000E+00
        57  8.6603E-03 -5.0000E-03  2.5000E-03
        58  9.3819E-03 -5.4167E-03  2.5000E-03
        59  1.0104E-02 -5.8333E-03  2.5000E-03
        60  1.0825E-02 -6.2500E-03  2.5000E-03
        61  1.1547E-02 -6.6667E-03  2.5000E-03
        62  1.2269E-02 -7.0833E-03  2.5000E-03
        63  1.2990E-02 -7.5000E-03  2.5000E-03
        64  7.0711E-03 -7.0711E-03  5.0000E-03
        65  7.6603E-03 -7.6603E-03  5.0000E-03
        66  8.2496E-03 -8.2496E-03  5.0000E-03
        67  8.8388E-03 -8.8388E-03  5.0000E-03
        68  9.4281E-03 -9.4281E-03  5.0000E-03
        69  1.0017E-02 -1.0017E-02  5.0000E-03
        70  1.0607E-02 -1.0607E-02  5.0000E-03
        71  7.0711E-03 -7.0711E-03  0.0000E+00
        72  7.6603E-03 -7.6603E-03  0.0000E+00
        73  8.2496E-03 -8.2496E-03  0.0000E+00
        74  8.8388E-03 -8.8388E-03  0.0000E+00
        75  9.4281E-03 -9.4281E-03  0.0000E+00
        76  1.0017E-02 -1.0017E-02  0.0000E+00
        77  1.0607E-02 -1.0607E-02  0.0000E+00
        78  7.0711E-03 -7.0711E-03  2.5000E-03
        79  7.6603E-03 -7.6603E-03  2.5000E-03
        80  8.2496E-03 -8.2496E-03  2.5000E-03
        81  8.8388E-03 -8.8388E-03  2.5000E-03
        82  9.4281E-03 -9.4281E-03  2.5000E-03
        83  1.0017E-02 -1.0017E-02  2.5000E-03
        84  1.0607E-02 -1.0607E-02  2.5000E-03
        85  5.0000E-03 -8.6603E-03  5.0000E-03
        86  5.4167E-03 -9.3819E-03  5.0000E-03
        87  5.8333E-03 -1.0104E-02  5.0000E-03
        88  6.2500E-03 -1.0825E-02  5.0000E-03
        89  6.6667E-03 -1.1547E-02  5.0000E-03
        90  7.0833E-03 -1.2269E-02  5.0000E-03
        91  7.5000E-03 -1.2990E-02  5.0000E-03
        92  5.0000E-03 -8.6603E-03  0.0000E+00
        93  5.4167E-03 -9.3819E-03  0.0000E+00
        94  5.8333E-03 -1.0104E-02  0.0000E+00
        95  6.2500E-03 -1.0825E-02  0.0000E+00
        96  6.6667E-03 -1.1547E-02  0.0000E+00
        97  7.0833E-03 -1.2269E-02  0.0000E+00
        98  7.5000E-03 -1.2990E-02  0.0000E+00
        99  5.0000E-03 -8.6603E-03  2.5000E-03
       100  5.4167E-03 -9.3819E-03  2.5000E-03
       101  5.8333E-03 -1.0104E-02  2.5000E-03
       102  6.2500E-03 -1.0825E-02  2.5000E-03
       103  6.6667E-03 -1.1547E-02  2.5000E-03
       104  7.0833E-03 -1.2269E-02  2.5000E-03
       105  7.5000E-03 -1.2990E-02  2.5000E-03
       106  2.5882E-03 -9.6593E-03  5.0000E-03
       107  2.8039E-03 -1.0464E-02  5.0000E-03
       108  3.0196E-03 -1.1269E-02  5.0000E-03
       109  3.2352E-03 -1.2074E-02  5.0000E-03
       110  3.4509E-03 -1.2879E-02  5.0000E-03
       111  3.6666E-03 -1.3684E-02  5.0000E-03
       112  3.8823E-03 -1.4489E-02  5.0000E-03
       113  2.5882E-03 -9.6593E-03  0.0000E+00
       114  2.8039E-03 -1.0464E-02  0.0000E+00
       115  3.0196E-03 -1.1269E-02  0.0000E+00
       116  3.2352E-03 -1.2074E-02  0.0000E+00
       117  3.4509E-03 -1.2879E-02  0.0000E+00
       118  3.6666E-03 -1.3684E-02  0.0000E+00
       119  3.8823E-03 -1.4489E-02  0.0000E+00
       120  2.5882E-03 -9.6593E-03  2.5000E-03
       121  2.8039E-03 -1.0464E-02  2.5000E-03
       122  3.0196E-03 -1.1269E-02  2.5000E-03
       123  3.2352E-03 -1.2074E-02  2.5000E-03
       124  3.4509E-03 -1.2879E-02  2.5000E-03
       125  3.6666E-03 -1.3684E-02  2.5000E-03
       126  3.8823E-03 -1.4489E-02  2.5000E-03
       127  6.1232E-19 -1.0000E-02  5.0000E-03
       128  6.6335E-19 -1.0833E-02  5.0000E-03
       129  7.1438E-19 -1.1667E-02  5.0000E-03
       130  7.6540E-19 -1.2500E-02  5.0000E-03
       131  8.1643E-19 -1.3333E-02  5.0000E-03
       132  8.6746E-19 -1.4167E-02  5.0000E-03
       133  9.1849E-19 -1.5000E-02  5.0000E-03
       134  6.1232E-19 -1.0000E-02  0.0000E+00
       135  6.6335E-19 -1.0833E-02  0.0000E+00
       136  7.1438E-19 -1.1667E-02  0.0000E+00
       137  7.6540E-19 -1.2500E-02  0.0000E+00
       138  8.1643E-19 -1.3333E-02  0.0000E+00
       139  8.6746E-19 -1.4167E-02  0.0000E+00
       140  9.1849E-19 -1.5000E-02  0.0000E+00
       141  6.1232E-19 -1.0000E-02  2.5000E-03
       142  6.6335E-19 -1.0833E-02  2.5000E-03
       143  7.1438E-19 -1.1667E-02  2.5000E-03
       144  7.6540E-19 -1.2500E-02  2.5000E-03
       145  8.1643E-19 -1.3333E-02  2.5000E-03
       146  8.6746E-19 -1.4167E-02  2.5000E-03
       147  9.1849E-19 -1.5000E-02  2.5000E-03
       148 -2.5882E-03 -9.6593E-03  5.0000E-03
       149 -2.8039E-03 -1.0464E-02  5.0000E-03
       150 -3.0196E-03 -1.1269E-02  5.0000E-03
       151 -3.2352E-03 -1.2074E-02  5.0000E-03
       152 -3.4509E-03 -1.2879E-02  5.0000E-03
       153 -3.6666E-03 -1.3684E-02  5.0000E-03
       154 -3.8823E-03 -1.4489E-02  5.0000E-03
       155 -2.5882E-03 -9.6593E-03  0.0000E+00
       156 -2.8039E-03 -1.0464E-02  0.0000E+00
       157 -3.0196E-03 -1.1269E-02  0.0000E+00
       158 -3.2352E-03 -1.2074E-02  0.0000E+00
       159 -3.4509E-03 -1.2879E-02  0.0000E+00
       160 -3.6666E-03 -1.3684E-02  0.0000E+00
       161 -3.8823E-03 -1.4489E-02  0.0000E+00
       162 -2.5882E-03 -9.6593E-03  2.5000E-03
       163 -2.8039E-03 -1.0464E-02  2.5000E-03
       164 -3.0196E-03 -1.1269E-02  2.5000E-03
       165 -3.2352E-03 -1.2074E-02  2.5000E-03
       166 -3.4509E-03 -1.2879E-02  2.5000E-03
       167 -3.6666E-03 -1.3684E-02  2.5000E-03
       168 -3.8823E-03 -1.4489E-02  2.5000E-03
       169 -5.0000E-03 -8.6603E-03  5.0000E-03
       170 -5.4167E-03 -9.3819E-03  5.0000E-03
       171 -5.8333E-03 -1.0104E-02  5.0000E-03
       172 -6.2500E-03 -1.0825E-02  5.0000E-03
       173 -6.6667E-03 -1.1547E-02  5.0000E-03
       174 -7.0833E-03 -1.2269E-02  5.0000E-03
       175 -7.5000E-03 -1.2990E-02  5.0000E-03
       176 -5.0000E-03 -8.6603E-03  0.0000E+00
       177 -5.4167E-03 -9.3819E-03  0.0000E+00
       178 -5.8333E-03 -1.0104E-02  0.0000E+00
       179 -6.2500E-03 -1.0825E-02  0.0000E+00
       180 -6.6667E-03 -1.1547E-02  0.0000E+00
       181 -7.0833E-03 -1.2269E-02  0.0000E+00
       182 -7.5000E-03 -1.2990E-02  0.0000E+00
       183 -5.0000E-03 -8.6603E-03  2.5000E-03
       184 -5.4167E-03 -9.3819E-03  2.5000E-03
       185 -5.8333E-03 -1.0104E-02  2.5000E-03
       186 -6.2500E-03 -1.0825E-02  2.5000E-03
       187 -6.6667E-03 -1.1547E-02  2.5000E-03
       188 -7.0833E-03 -1.2269E-02  2.5000E-03
       189 -7.5000E-03 -1.2990E-02  2.5000E-03
       190 -7.0711E-03 -7.0711E-03  5.0000E-03
       191 -7.6603E-03 -7.6603E-03  5.0000E-03
       192 -8.2496E-03 -8.2496E-03  5.0000E-03
       193 -8.8388E-03 -8.8388E-03  5.0000E-03
       194 -9.4281E-03 -9.4281E-03  5.0000E-03
       195 -1.0017E-02 -1.0017E-02  5.0000E-03
       196 -1.0607E-02 -1.0607E-02  5.0000E-03
       197 -7.0711E-03 -7.0711E-03  0.0000E+00
       198 -7.6603E-03 -7.6603E-03  0.0000E+00
       199 -8.2496E-03 -8.2496E-03  0.0000E+00
       200 -8.8388E-03 -8.8388E-03  0.0000E+00
       201 -9.4281E-03 -9.4281E-03  0.0000E+00
       202 -1.0017E-02 -1.0017E-02  0.0000E+00
       203 -1.0607E-02 -1.0607E-02  0.0000E+00
       204 -7.0711E-03 -7.0711E-03  2.5000E-03
       205 -7.6603E-03 -7.6603E-03  2.5000E-03
       206 -8.2496E-03 -8.2496E-03  2.5000E-03
       207 -8.8388E-03 -8.8388E-03  2.5000E-03
       208 -9.4281E-03 -9.4281E-03  2.5000E-03
       209 -1.0017E-02 -1.0017E-02  2.5000E-03
       210 -1.0607E-02 -1.0607E-02  2.5000E-03
       211 -8.6603E-03 -5.0000E-03  5.0000E-03
       212 -9.3819E-03 -5.4167E-03  5.0000E-03
       213 -1.0104E-02 -5.8333E-03  5.0000E-03
       214 -1.0825E-02 -6.2500E-03  5.0000E-03
       215 -1.1547E-02 -6.6667E-03  5.0000E-03
       216 -1.2269E-02 -7.0833E-03  5.0000E-03
       217 -1.2990E-02 -7.5000E-03  5.0000E-03
       218 -8.6603E-03 -5.0000E-03  0.0000E+00
       219 -9.3819E-03 -5.4167E-03  0.0000E+00
       220 -1.0104E-02 -5.8333E-03  0.0000E+00
       221 -1.0825E-02 -6.2500E-03  0.0000E+00
       222 -1.1547E-02 -6.6667E-03  0.0000E+00
       223 -1.2269E-02 -7.0833E-03  0.0000E+00
       224 -1.2990E-02 -7.5000E-03  0.0000E+00
       225 -8.6603E-03 -5.0000E-03  2.5000E-03
       226 -9.3819E-03 -5.4167E-03  2.5000E-03
       227 -1.0104E-02 -5.8333E-03  2.5000E-03
       228 -1.0825E-02 -6.2500E-03  2.5000E-03
       229 -1.1547E-02 -6.6667E-03  2.5000E-03
       230 -1.2269E-02 -7.0833E-03  2.5000E-03
       231 -1.2990E-02 -7.5000E-03  2.5000E-03
       232 -9.6593E-03 -2.5882E-03  5.0000E-03
       233 -1.0464E-02 -2.8039E-03  5.0000E-03
       234 -1.1269E-02 -3.0196E-03  5.0000E-03
       235 -1.2074E-02 -3.2352E-03  5.0000E-03
       236 -1.2879E-02 -3.4509E-03  5.0000E-03
       237 -1.3684E-02 -3.6666E-03  5.0000E-03
       238 -1.4489E-02 -3.8823E-03  5.0000E-03
       239 -9.6593E-03 -2.5882E-03  0.0000E+00
       240 -1.0464E-02 -2.8039E-03  0.0000E+00
       241 -1.1269E-02 -3.0196E-03  0.0000E+00
       242 -1.2074E-02 -3.2352E-03  0.0000E+00
       243 -1.2879E-02 -3.4509E-03  0.0000E+00
       244 -1.3684E-02 -3.6666E-03  0.0000E+00
       245 -1.4489E-02 -3.8823E-03  0.0000E+00
       246 -9.6593E-03 -2.5882E-03  2.5000E-03
       247 -1.0464E-02 -2.8039E-03  2.5000E-03
       248 -1.1269E-02 -3.0196E-03  2.5000E-03
       249 -1.2074E-02 -3.2352E-03  2.5000E-03
       250 -1.2879E-02 -3.4509E-03  2.5000E-03
       251 -1.3684E-02 -3.6666E-03  2.5000E-03
       252 -1.4489E-02 -3.8823E-03  2.5000E-03
       253 -1.0000E-02 -1.2246E-18  5.0000E-03
       254 -1.0833E-02 -1.3267E-18  5.0000E-03
       255 -1.1667E-02 -1.4288E-18  5.0000E-03
       256 -1.2500E-02 -1.5308E-18  5.0000E-03
       257 -1.3333E-02 -1.6329E-18  5.0000E-03
       258 -1.4167E-02 -1.7349E-18  5.0000E-03
       259 -1.5000E-02 -1.8370E-18  5.0000E-03
       260 -1.0000E-02 -1.2246E-18  0.0000E+00
       261 -1.0833E-02 -1.3267E-18  0.0000E+00
       262 -1.1667E-02 -1.4288E-18  0.0000E+00
       263 -1.2500E-02 -1.5308E-18  0.0000E+00
       264 -1.3333E-02 -1.6329E-18  0.0000E+00
       265 -1.4167E-02 -1.7349E-18  0.0000E+00
       266 -1.5000E-02 -1.8370E-18  0.0000E+00
       267 -1.0000E-02 -1.2246E-18  2.5000E-03
       268 -1.0833E-02 -1.3267E-18  2.5000E-03
       269 -1.1667E-02 -1.4288E-18  2.5000E-03
       270 -1.2500E-02 -1.5308E-18  2.5000E-03
       271 -1.3333E-02 -1.6329E-18  2.5000E-03
       272 -1.4167E-02 -1.7349E-18  2.5000E-03
       273 -1.5000E-02 -1.8370E-18  2.5000E-03
       274 -9.6593E-03  2.5882E-03  5.0000E-03
       275 -1.0464E-02  2.8039E-03  5.0000E-03
       276 -1.1269E-02  3.0196E-03  5.0000E-03
       277 -1.2074E-02  3.2352E-03  5.0000E-03
       278 -1.2879E-02  3.4509E-03  5.0000E-03
       279 -1.3684E-02  3.6666E-03  5.0000E-03
       280 -1.4489E-02  3.8823E-03  5.0000E-03
       281 -9.6593E-03  2.5882E-03  0.0000E+00
       282 -1.0464E-02  2.8039E-03  0.0000E+00
       283 -1.1269E-02  3.0196E-03  0.0000E+00
       284 -1.2074E-02  3.2352E-03  0.0000E+00
       285 -1.2879E-02  3.4509E-03  0.0000E+00
       286 -1.3684E-02  3.6666E-03  0.0000E+00
       287 -1.4489E-02  3.8823E-03  0.0000E+00
       288 -9.6593E-03  2.5882E-03  2.5000E-03
       289 -1.0464E-02  2.8039E-03  2.5000E-03
       290 -1.1269E-02  3.0196E-03  2.5000E-03
       291 -1.2074E-02  3.2352E-03  2.5000E-03
       292 -1.2879E-02  3.4509E-03  2.5000E-03
       293 -1.3684E-02  3.6666E-03  2.5000E-03
       294 -1.4489E-02  3.8823E-03  2.5000E-03
       295 -8.6603E-03  5.0000E-03  5.0000E-03
       296 -9.3819E-03  5.4167E-03  5.0000E-03
       297 -1.0104E-02  5.8333E-03  5.0000E-03
       298 -1.0825E-02  6.2500E-03  5.0000E-03
       299 -1.1547E-02  6.6667E-03  5.0000E-03
       300 -1.2269E-02  7.0833E-03  5.0000E-03
       301 -1.2990E-02  7.5000E-03  5.0000E-03
       302 -8.6603E-03  5.0000E-03  0.0000E+00
       303 -9.3819E-03  5.4167E-03  0.0000E+00
       304 -1.0104E-02  5.8333E-03  0.0000E+00
       305 -1.0825E-02  6.2500E-03  0.0000E+00
       306 -1.1547E-02  6.6667E-03  0.0000E+00
       307 -1.2269E-02  7.0833E-03  0.0000E+00
       308 -1.2990E-02  7.5000E-03  0.0000E+00
       309 -8.6603E-03  5.0000E-03  2.5000E-03
       310 -9.3819E-03  5.4167E-03  2.5000E-03
       311 -1.0104E-02  5.8333E-03  2.5000E-03
       312 -1.0825E-02  6.2500E-03  2.5000E-03
       313 -1.1547E-02  6.6667E-03  2.5000E-03
       314 -1.2269E-02  7.0833E-03  2.5000E-03
       315 -1.2990E-02  7.5000E-03  2.5000E-03
       316 -7.0711E-03  7.0711E-03  5.0000E-03
       317 -7.6603E-03  7.6603E-03  5.0000E-03
       318 -8.2496E-03  8.2496E-03  5.0000E-03
       319 -8.8388E-03  8.8388E-03  5.0000E-03
       320 -9.4281E-03  9.4281E-03  5.0000E-03
       321 -1.0017E-02  1.0017E-02  5.0000E-03
       322 -1.0607E-02  1.0607E-02  5.0000E-03
       323 -7.0711E-03  7.0711E-03  0.0000E+00
       324 -7.6603E-03  7.6603E-03  0.0000E+00
       325 -8.2496E-03  8.2496E-03  0.0000E+00
       326 -8.8388E-03  8.8388E-03  0.0000E+00
       327 -9.4281E-03  9.4281E-03  0.0000E+00
       328 -1.0017E-02  1.0017E-02  0.0000E+00
       329 -1.0607E-02  1.0607E-02  0.0000E+00
       330 -7.0711E-03  7.0711E-03  2.5000E-03
       331 -7.6603E-03  7.6603E-03  2.5000E-03
       332 -8.2496E-03  8.2496E-03  2.5000E-03
       333 -8.8388E-03  8.8388E-03  2.5000E-03
       334 -9.4281E-03  9.4281E-03  2.5000E-03
       335 -1.0017E-02  1.0017E-02  2.5000E-03
       336 -1.0607E-02  1.0607E-02  2.5000E-03
       337 -5.0000E-03  8.6603E-03  5.0000E-03
       338 -5.4167E-03  9.3819E-03  5.0000E-03
       339 -5.8333E-03  1.0104E-02  5.0000E-03
       340 -6.2500E-03  1.0825E-02  5.0000E-03
       341 -6.6667E-03  1.1547E-02  5.0000E-03
       342 -7.0833E-03  1.2269E-02  5.0000E-03
       343 -7.5000E-03  1.2990E-02  5.0000E-03
       344 -5.0000E-03  8.6603E-03  0.0000E+00
       345 -5.4167E-03  9.3819E-03  0.0000E+00
       346 -5.8333E-03  1.0104E-02  0.0000E+00
       347 -6.2500E-03  1.0825E-02  0.0000E+00
       348 -6.6667E-03  1.1547E-02  0.0000E+00
       349 -7.0833E-03  1.2269E-02  0.0000E+00
       350 -7.5000E-03  1.2990E-02  0.0000E+00
       351 -5.0000E-03  8.6603E-03  2.5000E-03
       352 -5.4167E-03  9.3819E-03  2.5000E-03
       353 -5.8333E-03  1.0104E-02  2.5000E-03
       354 -6.2500E-03  1.0825E-02  2.5000E-03
       355 -6.6667E-03  1.1547E-02  2.5000E-03
       356 -7.0833E-03  1.2269E-02  2.5000E-03
       357 -7.5000E-03  1.2990E-02  2.5000E-03
       358 -2.5882E-03  9.6593E-03  5.0000E-03
       359 -2.8039E-03  1.0464E-02  5.0000E-03
       360 -3.0196E-03  1.1269E-02  5.0000E-03
       361 -3.2352E-03  1.2074E-02  5.0000E-03
       362 -3.4509E-03  1.2879E-02  5.0000E-03
       363 -3.6666E-03  1.3684E-02  5.0000E-03
       364 -3.8823E-03  1.4489E-02  5.0000E-03
       365 -2.5882E-03  9.6593E-03  0.0000E+00
       366 -2.8039E-03  1.0464E-02  0.0000E+00
       367 -3.0196E-03  1.1269E-02  0.0000E+00
       368 -3.2352E-03  1.2074E-02  0.0000E+00
       369 -3.4509E-03  1.2879E-02  0.0000E+00
       370 -3.6666E-03  1.3684E-02  0.0000E+00
       371 -3.8823E-03  1.4489E-02  0.0000E+00
       372 -2.5882E-03  9.6593E-03  2.5000E-03
       373 -2.8039E-03  1.0464E-02  2.5000E-03
       374 -3.0196E-03  1.1269E-02  2.5000E-03
       375 -3.2352E-03  1.2074E-02  2.5000E-03
       376 -3.4509E-03  1.2879E-02  2.5000E-03
       377 -3.6666E-03  1.3684E-02  2.5000E-03
       378 -3.8823E-03  1.4489E-02  2.5000E-03
       379 -1.8370E-18  1.0000E-02  5.0000E-03
       380 -1.9901E-18  1.0833E-02  5.0000E-03
       381 -2.1431E-18  1.1667E-02  5.0000E-03
       382 -2.2962E-18  1.2500E-02  5.0000E-03
       383 -2.4493E-18  1.3333E-02  5.0000E-03
       384 -2.6024E-18  1.4167E-02  5.0000E-03
       385 -2.7555E-18  1.5000E-02  5.0000E-03
       386 -1.8370E-18  1.0000E-02  0.0000E+00
       387 -1.9901E-18  1.0833E-02  0.0000E+00
       388 -2.1431E-18  1.1667E-02  0.0000E+00
       389 -2.2962E-18  1.2500E-02  0.0000E+00
       390 -2.4493E-18  1.3333E-02  0.0000E+00
       391 -2.6024E-18  1.4167E-02  0.0000E+00
       392 -2.7555E-18  1.5000E-02  0.0000E+00
       393 -1.8370E-18  1.0000E-02  2.5000E-03
       394 -1.9901E-18  1.0833E-02  2.5000E-03
       395 -2.1431E-18  1.1667E-02  2.5000E-03
       396 -2.2962E-18  1.2500E-02  2.5000E-03
       397 -2.4493E-18  1.3333E-02  2.5000E-03
       398 -2.6024E-18  1.4167E-02  2.5000E-03
       399 -2.7555E-18  1.5000E-02  2.5000E-03
       400  2.5882E-03  9.6593E-03  5.0000E-03
       401  2.8039E-03  1.0464E-02  5.0000E-03
       402  3.0196E-03  1.1269E-02  5.0000E-03
       403  3.2352E-03  1.2074E-02  5.0000E-03
       404  3.4509E-03  1.2879E-02  5.0000E-03
       405  3.6666E-03  1.3684E-02  5.0000E-03
       406  3.8823E-03  1.4489E-02  5.0000E-03
       407  2.5882E-03  9.6593E-03  0.0000E+00
       408  2.8039E-03  1.0464E-02  0.0000E+00
       409  3.0196E-03  1.1269E-02  0.0000E+00
       410  3.2352E-03  1.2074E-02  0.0000E+00
       411  3.4509E-03  1.2879E-02  0.0000E+00
       412  3.6666E-03  1.3684E-02  0.0000E+00
       413  3.8823E-03  1.4489E-02  0.0000E+00
       414  2.5882E-03  9.6593E-03  2.5000E-03
       415  2.8039E-03  1.0464E-02  2.5000E-03
       416  3.0196E-03  1.1269E-02  2.5000E-03
       417  3.2352E-03  1.2074E-02  2.5000E-03
       418  3.4509E-03  1.2879E-02  2.5000E-03
       419  3.6666E-03  1.3684E-02  2.5000E-03
       420  3.8823E-03  1.4489E-02  2.5000E-03
       421  5.0000E-03  8.6603E-03  5.0000E-03
       422  5.4167E-03  9.3819E-03  5.0000E-03
       423  5.8333E-03  1.0104E-02  5.0000E-03
       424  6.2500E-03  1.0825E-02  5.0000E-03
       425  6.6667E-03  1.1547E-02  5.0000E-03
       426  7.0833E-03  1.2269E-02  5.0000E-03
       427  7.5000E-03  1.2990E-02  5.0000E-03
       428  5.0000E-03  8.6603E-03  0.0000E+00
       429  5.4167E-03  9.3819E-03  0.0000E+00
       430  5.8333E-03  1.0104E-02  0.0000E+00
       431  6.2500E-03  1.0825E-02  0.0000E+00
       432  6.6667E-03  1.1547E-02  0.0000E+00
       433  7.0833E-03  1.2269E-02  0.0000E+00
       434  7.5000E-03  1.2990E-02  0.0000E+00
       435  5.0000E-03  8.6603E-03  2.5000E-03
       436  5.4167E-03  9.3819E-03  2.5000E-03
       437  5.8333E-03  1.0104E-02  2.5000E-03
       438  6.2500E-03  1.0825E-02  2.5000E-03
       439  6.6667E-03  1.1547E-02  2.5000E-03
       440  7.0833E-03  1.2269E-02  2.5000E-03
       441  7.5000E-03  1.2990E-02  2.5000E-03
       442  7.0711E-03  7.0711E-03  5.0000E-03
       443  7.6603E-03  7.6603E-03  5.0000E-03
       444  8.2496E-03  8.2496E-03  5.0000E-03
       445  8.8388E-03  8.8388E-03  5.0000E-03
       446  9.4281E-03  9.4281E-03  5.0000E-03
       447  1.0017E-02  1.0017E-02  5.0000E-03
       448  1.0607E-02  1.0607E-02  5.0000E-03
       449  7.0711E-03  7.0711E-03  0.0000E+00
       450  7.6603E-03  7.6603E-03  0.0000E+00
       451  8.2496E-03  8.2496E-03  0.0000E+00
       452  8.8388E-03  8.8388E-03  0.0000E+00
       453  9.4281E-03  9.4281E-03  0.0000E+00
       454  1.0017E-02  1.0017E-02  0.0000E+00
       455  1.0607E-02  1.0607E-02  0.0000E+00
       456  7.0711E-03  7.0711E-03  2.5000E-03
       457  7.6603E-03  7.6603E-03  2.5000E-03
       458  8.2496E-03  8.2496E-03  2.5000E-03
       459  8.8388E-03  8.8388E-03  2.5000E-03
       460  9.4281E-03  9.4281E-03  2.5000E-03
       461  1.0017E-02  1.0017E-02  2.5000E-03
       462  1.0607E-02  1.0607E-02  2.5000E-03
       463  8.6603E-03  5.0000E-03  5.0000E-03
       464  9.3819E-03  5.4167E-03  5.0000E-03
       465  1.0104E-02  5.8333E-03  5.0000E-03
       466  1.0825E-02  6.2500E-03  5.0000E-03
       467  1.1547E-02  6.6667E-03  5.0000E-03
       468  1.2269E-02  7.0833E-03  5.0000E-03
       469  1.2990E-02  7.5000E-03  5.0000E-03
       470  8.6603E-03  5.0000E-03  0.0000E+00
       471  9.3819E-03  5.4167E-03  0.0000E+00
       472  1.0104E-02  5.8333E-03  0.0000E+00
       473  1.0825E-02  6.2500E-03  0.0000E+00
       474  1.1547E-02  6.6667E-03  0.0000E+00
       475  1.2269E-02  7.0833E-03  0.0000E+00
       476  1.2990E-02  7.5000E-03  0.0000E+00
       477  8.6603E-03  5.0000E-03  2.5000E-03
       478  9.3819E-03  5.4167E-03  2.5000E-03
       479  1.0104E-02  5.8333E-03  2.5000E-03
       480  1.0825E-02  6.2500E-03  2.5000E-03
       481  1.1547E-02  6.6667E-03  2.5000E-03
       482  1.2269E-02  7.0833E-03  2.5000E-03
       483  1.2990E-02  7.5000E-03  2.5000E-03
       484  9.6593E-03  2.5882E-03  5.0000E-03
       485  1.0464E-02  2.8039E-03  5.0000E-03
       486  1.1269E-02  3.0196E-03  5.0000E-03
       487  1.2074E-02  3.2352E-03  5.0000E-03
       488  1.2879E-02  3.4509E-03  5.0000E-03
       489  1.3684E-02  3.6666E-03  5.0000E-03
       490  1.4489E-02  3.8823E-03  5.0000E-03
       491  9.6593E-03  2.5882E-03  0.0000E+00
       492  1.0464E-02  2.8039E-03  0.0000E+00
       493  1.1269E-02  3.0196E-03  0.0000E+00
       494  1.2074E-02  3.2352E-03  0.0000E+00
       495  1.2879E-02  3.4509E-03  0.0000E+00
       496  1.3684E-02  3.6666E-03  0.0000E+00
       497  1.4489E-02  3.8823E-03  0.0000E+00
       498  9.6593E-03  2.5882E-03  2.5000E-03
       499  1.0464E-02  2.8039E-03  2.5000E-03
       500  1.1269E-02  3.0196E-03  2.5000E-03
       501  1.2074E-02  3.2352E-03  2.5000E-03
       502  1.2879E-02  3.4509E-03  2.5000E-03
       503  1.3684E-02  3.6666E-03  2.5000E-03
       504  1.4489E-02  3.8823E-03  2.5000E-03
       505  1.0000E-02  2.4493E-18  5.0000E-03
       506  1.0833E-02  2.6534E-18  5.0000E-03
       507  1.1667E-02  2.8575E-18  5.0000E-03
       508  1.2500E-02  3.0616E-18  5.0000E-03
       509  1.3333E-02  3.2657E-18  5.0000E-03
       510  1.4167E-02  3.4698E-18  5.0000E-03
       511  1.5000E-02  3.6739E-18  5.0000E-03
       512  1.0000E-02  2.4493E-18  0.0000E+00
       513  1.0833E-02  2.6534E-18  0.0000E+00
       514  1.1667E-02  2.8575E-18  0.0000E+00
       515  1.2500E-02  3.0616E-18  0.0000E+00
       516  1.3333E-02  3.2657E-18  0.0000E+00
       517  1.4167E-02  3.4698E-18  0.0000E+00
       518  1.5000E-02  3.6739E-18  0.0000E+00
       519  1.0000E-02  2.4493E-18  2.5000E-03
       520  1.0833E-02  2.6534E-18  2.5000E-03
       521  1.1667E-02  2.8575E-18  2.5000E-03
       522  1.2500E-02  3.0616E-18  2.5000E-03
       523  1.3333E-02  3.2657E-18  2.5000E-03
       524  1.4167E-02  3.4698E-18  2.5000E-03
       525  1.5000E-02  3.6739E-18  2.5000E-03

 FEAP *** soft tissue tube with internal hard shell ring                         

   E l e m e n t   C o n n e c t i o n s

    Elem Mat Reg  1-Node  2-Node  3-Node  4-Node  5-Node  6-Node  7-Node  8-Node
       1   1   0      22      23      37      36       1       2      16      15
       2   1   0      23      24      38      37       2       3      17      16
       3   1   0      24      25      39      38       3       4      18      17
       4   1   0      25      26      40      39       4       5      19      18
       5   1   0      26      27      41      40       5       6      20      19
       6   1   0      27      28      42      41       6       7      21      20
       7   2   0       7      21      42      28
       8   1   0      36      37      30      29      15      16       9       8
       9   1   0      37      38      31      30      16      17      10       9
      10   1   0      38      39      32      31      17      18      11      10
      11   1   0      39      40      33      32      18      19      12      11
      12   1   0      40      41      34      33      19      20      13      12
      13   1   0      41      42      35      34      20      21      14      13
      14   2   0      21      14      35      42
      15   1   0      43      44      58      57      22      23      37      36
      16   1   0      44      45      59      58      23      24      38      37
      17   1   0      45      46      60      59      24      25      39      38
      18   1   0      46      47      61      60      25      26      40      39
      19   1   0      47      48      62      61      26      27      41      40
      20   1   0      48      49      63      62      27      28      42      41
      21   2   0      28      42      63      49
      22   1   0      57      58      51      50      36      37      30      29
      23   1   0      58      59      52      51      37      38      31      30
      24   1   0      59      60      53      52      38      39      32      31
      25   1   0      60      61      54      53      39      40      33      32
      26   1   0      61      62      55      54      40      41      34      33
      27   1   0      62      63      56      55      41      42      35      34
      28   2   0      42      35      56      63
      29   1   0      64      65      79      78      43      44      58      57
      30   1   0      65      66      80      79      44      45      59      58
      31   1   0      66      67      81      80      45      46      60      59
      32   1   0      67      68      82      81      46      47      61      60
      33   1   0      68      69      83      82      47      48      62      61
      34   1   0      69      70      84      83      48      49      63      62
      35   2   0      49      63      84      70
      36   1   0      78      79      72      71      57      58      51      50
      37   1   0      79      80      73      72      58      59      52      51
      38   1   0      80      81      74      73      59      60      53      52
      39   1   0      81      82      75      74      60      61      54      53
      40   1   0      82      83      76      75      61      62      55      54
      41   1   0      83      84      77      76      62      63      56      55
      42   2   0      63      56      77      84
      43   1   0      85      86     100      99      64      65      79      78
      44   1   0      86      87     101     100      65      66      80      79
      45   1   0      87      88     102     101      66      67      81      80
      46   1   0      88      89     103     102      67      68      82      81
      47   1   0      89      90     104     103      68      69      83      82
      48   1   0      90      91     105     104      69      70      84      83
      49   2   0      70      84     105      91
      50   1   0      99     100      93      92      78      79      72      71
      51   1   0     100     101      94      93      79      80      73      72
      52   1   0     101     102      95      94      80      81      74      73
      53   1   0     102     103      96      95      81      82      75      74
      54   1   0     103     104      97      96      82      83      76      75
      55   1   0     104     105      98      97      83      84      77      76
      56   2   0      84      77      98     105
      57   1   0     106     107     121     120      85      86     100      99
      58   1   0     107     108     122     121      86      87     101     100
      59   1   0     108     109     123     122      87      88     102     101
      60   1   0     109     110     124     123      88      89     103     102
      61   1   0     110     111     125     124      89      90     104     103
      62   1   0     111     112     126     125      90      91     105     104
      63   2   0      91     105     126     112
      64   1   0     120     121     114     113      99     100      93      92
      65   1   0     121     122     115     114     100     101      94      93
      66   1   0     122     123     116     115     101     102      95      94
      67   1   0     123     124     117     116     102     103      96      95
      68   1   0     124     125     118     117     103     104      97      96
      69   1   0     125     126     119     118     104     105      98      97
      70   2   0     105      98     119     126
      71   1   0     127     128     142     141     106     107     121     120
      72   1   0     128     129     143     142     107     108     122     121
      73   1   0     129     130     144     143     108     109     123     122
      74   1   0     130     131     145     144     109     110     124     123
      75   1   0     131     132     146     145     110     111     125     124
      76   1   0     132     133     147     146     111     112     126     125
      77   2   0     112     126     147     133
      78   1   0     141     142     135     134     120     121     114     113
      79   1   0     142     143     136     135     121     122     115     114
      80   1   0     143     144     137     136     122     123     116     115
      81   1   0     144     145     138     137     123     124     117     116
      82   1   0     145     146     139     138     124     125     118     117
      83   1   0     146     147     140     139     125     126     119     118
      84   2   0     126     119     140     147
      85   1   0     148     149     163     162     127     128     142     141
      86   1   0     149     150     164     163     128     129     143     142
      87   1   0     150     151     165     164     129     130     144     143
      88   1   0     151     152     166     165     130     131     145     144
      89   1   0     152     153     167     166     131     132     146     145
      90   1   0     153     154     168     167     132     133     147     146
      91   2   0     133     147     168     154
      92   1   0     162     163     156     155     141     142     135     134
      93   1   0     163     164     157     156     142     143     136     135
      94   1   0     164     165     158     157     143     144     137     136
      95   1   0     165     166     159     158     144     145     138     137
      96   1   0     166     167     160     159     145     146     139     138
      97   1   0     167     168     161     160     146     147     140     139
      98   2   0     147     140     161     168
      99   1   0     169     170     184     183     148     149     163     162
     100   1   0     170     171     185     184     149     150     164     163
     101   1   0     171     172     186     185     150     151     165     164
     102   1   0     172     173     187     186     151     152     166     165
     103   1   0     173     174     188     187     152     153     167     166
     104   1   0     174     175     189     188     153     154     168     167
     105   2   0     154     168     189     175
     106   1   0     183     184     177     176     162     163     156     155
     107   1   0     184     185     178     177     163     164     157     156
     108   1   0     185     186     179     178     164     165     158     157
     109   1   0     186     187     180     179     165     166     159     158
     110   1   0     187     188     181     180     166     167     160     159
     111   1   0     188     189     182     181     167     168     161     160
     112   2   0     168     161     182     189
     113   1   0     190     191     205     204     169     170     184     183
     114   1   0     191     192     206     205     170     171     185     184
     115   1   0     192     193     207     206     171     172     186     185
     116   1   0     193     194     208     207     172     173     187     186
     117   1   0     194     195     209     208     173     174     188     187
     118   1   0     195     196     210     209     174     175     189     188
     119   2   0     175     189     210     196
     120   1   0     204     205     198     197     183     184     177     176
     121   1   0     205     206     199     198     184     185     178     177
     122   1   0     206     207     200     199     185     186     179     178
     123   1   0     207     208     201     200     186     187     180     179
     124   1   0     208     209     202     201     187     188     181     180
     125   1   0     209     210     203     202     188     189     182     181
     126   2   0     189     182     203     210
     127   1   0     211     212     226     225     190     191     205     204
     128   1   0     212     213     227     226     191     192     206     205
     129   1   0     213     214     228     227     192     193     207     206
     130   1   0     214     215     229     228     193     194     208     207
     131   1   0     215     216     230     229     194     195     209     208
     132   1   0     216     217     231     230     195     196     210     209
     133   2   0     196     210     231     217
     134   1   0     225     226     219     218     204     205     198     197
     135   1   0     226     227     220     219     205     206     199     198
     136   1   0     227     228     221     220     206     207     200     199
     137   1   0     228     229     222     221     207     208     201     200
     138   1   0     229     230     223     222     208     209     202     201
     139   1   0     230     231     224     223     209     210     203     202
     140   2   0     210     203     224     231
     141   1   0     232     233     247     246     211     212     226     225
     142   1   0     233     234     248     247     212     213     227     226
     143   1   0     234     235     249     248     213     214     228     227
     144   1   0     235     236     250     249     214     215     229     228
     145   1   0     236     237     251     250     215     216     230     229
     146   1   0     237     238     252     251     216     217     231     230
     147   2   0     217     231     252     238
     148   1   0     246     247     240     239     225     226     219     218
     149   1   0     247     248     241     240     226     227     220     219
     150   1   0     248     249     242     241     227     228     221     220
     151   1   0     249     250     243     242     228     229     222     221
     152   1   0     250     251     244     243     229     230     223     222
     153   1   0     251     252     245     244     230     231     224     223
     154   2   0     231     224     245     252
     155   1   0     253     254     268     267     232     233     247     246
     156   1   0     254     255     269     268     233     234     248     247
     157   1   0     255     256     270     269     234     235     249     248
     158   1   0     256     257     271     270     235     236     250     249
     159   1   0     257     258     272     271     236     237     251     250
     160   1   0     258     259     273     272     237     238     252     251
     161   2   0     238     252     273     259
     162   1   0     267     268     261     260     246     247     240     239
     163   1   0     268     269     262     261     247     248     241     240
     164   1   0     269     270     263     262     248     249     242     241
     165   1   0     270     271     264     263     249     250     243     242
     166   1   0     271     272     265     264     250     251     244     243
     167   1   0     272     273     266     265     251     252     245     244
     168   2   0     252     245     266     273
     169   1   0     274     275     289     288     253     254     268     267
     170   1   0     275     276     290     289     254     255     269     268
     171   1   0     276     277     291     290     255     256     270     269
     172   1   0     277     278     292     291     256     257     271     270
     173   1   0     278     279     293     292     257     258     272     271
     174   1   0     279     280     294     293     258     259     273     272
     175   2   0     259     273     294     280
     176   1   0     288     289     282     281     267     268     261     260
     177   1   0     289     290     283     282     268     269     262     261
     178   1   0     290     291     284     283     269     270     263     262
     179   1   0     291     292     285     284     270     271     264     263
     180   1   0     292     293     286     285     271     272     265     264
     181   1   0     293     294     287     286     272     273     266     265
     182   2   0     273     266     287     294
     183   1   0     295     296     310     309     274     275     289     288
     184   1   0     296     297     311     310     275     276     290     289
     185   1   0     297     298     312     311     276     277     291     290
     186   1   0     298     299     313     312     277     278     292     291
     187   1   0     299     300     314     313     278     279     293     292
     188   1   0     300     301     315     314     279     280     294     293
     189   2   0     280     294     315     301
     190   1   0     309     310     303     302     288     289     282     281
     191   1   0     310     311     304     303     289     290     283     282
     192   1   0     311     312     305     304     290     291     284     283
     193   1   0     312     313     306     305     291     292     285     284
     194   1   0     313     314     307     306     292     293     286     285
     195   1   0     314     315     308     307     293     294     287     286
     196   2   0     294     287     308     315
     197   1   0     316     317     331     330     295     296     310     309
     198   1   0     317     318     332     331     296     297     311     310
     199   1   0     318     319     333     332     297     298     312     311
     200   1   0     319     320     334     333     298     299     313     312
     201   1   0     320     321     335     334     299     300     314     313
     202   1   0     321     322     336     335     300     301     315     314
     203   2   0     301     315     336     322
     204   1   0     330     331     324     323     309     310     303     302
     205   1   0     331     332     325     324     310     311     304     303
     206   1   0     332     333     326     325     311     312     305     304
     207   1   0     333     334     327     326     312     313     306     305
     208   1   0     334     335     328     327     313     314     307     306
     209   1   0     335     336     329     328     314     315     308     307
     210   2   0     315     308     329     336
     211   1   0     337     338     352     351     316     317     331     330
     212   1   0     338     339     353     352     317     318     332     331
     213   1   0     339     340     354     353     318     319     333     332
     214   1   0     340     341     355     354     319     320     334     333
     215   1   0     341     342     356     355     320     321     335     334
     216   1   0     342     343     357     356     321     322     336     335
     217   2   0     322     336     357     343
     218   1   0     351     352     345     344     330     331     324     323
     219   1   0     352     353     346     345     331     332     325     324
     220   1   0     353     354     347     346     332     333     326     325
     221   1   0     354     355     348     347     333     334     327     326
     222   1   0     355     356     349     348     334     335     328     327
     223   1   0     356     357     350     349     335     336     329     328
     224   2   0     336     329     350     357
     225   1   0     358     359     373     372     337     338     352     351
     226   1   0     359     360     374     373     338     339     353     352
     227   1   0     360     361     375     374     339     340     354     353
     228   1   0     361     362     376     375     340     341     355     354
     229   1   0     362     363     377     376     341     342     356     355
     230   1   0     363     364     378     377     342     343     357     356
     231   2   0     343     357     378     364
     232   1   0     372     373     366     365     351     352     345     344
     233   1   0     373     374     367     366     352     353     346     345
     234   1   0     374     375     368     367     353     354     347     346
     235   1   0     375     376     369     368     354     355     348     347
     236   1   0     376     377     370     369     355     356     349     348
     237   1   0     377     378     371     370     356     357     350     349
     238   2   0     357     350     371     378
     239   1   0     379     380     394     393     358     359     373     372
     240   1   0     380     381     395     394     359     360     374     373
     241   1   0     381     382     396     395     360     361     375     374
     242   1   0     382     383     397     396     361     362     376     375
     243   1   0     383     384     398     397     362     363     377     376
     244   1   0     384     385     399     398     363     364     378     377
     245   2   0     364     378     399     385
     246   1   0     393     394     387     386     372     373     366     365
     247   1   0     394     395     388     387     373     374     367     366
     248   1   0     395     396     389     388     374     375     368     367
     249   1   0     396     397     390     389     375     376     369     368
     250   1   0     397     398     391     390     376     377     370     369
     251   1   0     398     399     392     391     377     378     371     370
     252   2   0     378     371     392     399
     253   1   0     400     401     415     414     379     380     394     393
     254   1   0     401     402     416     415     380     381     395     394
     255   1   0     402     403     417     416     381     382     396     395
     256   1   0     403     404     418     417     382     383     397     396
     257   1   0     404     405     419     418     383     384     398     397
     258   1   0     405     406     420     419     384     385     399     398
     259   2   0     385     399     420     406
     260   1   0     414     415     408     407     393     394     387     386
     261   1   0     415     416     409     408     394     395     388     387
     262   1   0     416     417     410     409     395     396     389     388
     263   1   0     417     418     411     410     396     397     390     389
     264   1   0     418     419     412     411     397     398     391     390
     265   1   0     419     420     413     412     398     399     392     391
     266   2   0     399     392     413     420
     267   1   0     421     422     436     435     400     401     415     414
     268   1   0     422     423     437     436     401     402     416     415
     269   1   0     423     424     438     437     402     403     417     416
     270   1   0     424     425     439     438     403     404     418     417
     271   1   0     425     426     440     439     404     405     419     418
     272   1   0     426     427     441     440     405     406     420     419
     273   2   0     406     420     441     427
     274   1   0     435     436     429     428     414     415     408     407
     275   1   0     436     437     430     429     415     416     409     408
     276   1   0     437     438     431     430     416     417     410     409
     277   1   0     438     439     432     431     417     418     411     410
     278   1   0     439     440     433     432     418     419     412     411
     279   1   0     440     441     434     433     419     420     413     412
     280   2   0     420     413     434     441
     281   1   0     442     443     457     456     421     422     436     435
     282   1   0     443     444     458     457     422     423     437     436
     283   1   0     444     445     459     458     423     424     438     437
     284   1   0     445     446     460     459     424     425     439     438
     285   1   0     446     447     461     460     425     426     440     439
     286   1   0     447     448     462     461     426     427     441     440
     287   2   0     427     441     462     448
     288   1   0     456     457     450     449     435     436     429     428
     289   1   0     457     458     451     450     436     437     430     429
     290   1   0     458     459     452     451     437     438     431     430
     291   1   0     459     460     453     452     438     439     432     431
     292   1   0     460     461     454     453     439     440     433     432
     293   1   0     461     462     455     454     440     441     434     433
     294   2   0     441     434     455     462
     295   1   0     463     464     478     477     442     443     457     456
     296   1   0     464     465     479     478     443     444     458     457
     297   1   0     465     466     480     479     444     445     459     458
     298   1   0     466     467     481     480     445     446     460     459
     299   1   0     467     468     482     481     446     447     461     460
     300   1   0     468     469     483     482     447     448     462     461
     301   2   0     448     462     483     469
     302   1   0     477     478     471     470     456     457     450     449
     303   1   0     478     479     472     471     457     458     451     450
     304   1   0     479     480     473     472     458     459     452     451
     305   1   0     480     481     474     473     459     460     453     452
     306   1   0     481     482     475     474     460     461     454     453
     307   1   0     482     483     476     475     461     462     455     454
     308   2   0     462     455     476     483
     309   1   0     484     485     499     498     463     464     478     477
     310   1   0     485     486     500     499     464     465     479     478
     311   1   0     486     487     501     500     465     466     480     479
     312   1   0     487     488     502     501     466     467     481     480
     313   1   0     488     489     503     502     467     468     482     481
     314   1   0     489     490     504     503     468     469     483     482
     315   2   0     469     483     504     490
     316   1   0     498     499     492     491     477     478     471     470
     317   1   0     499     500     493     492     478     479     472     471
     318   1   0     500     501     494     493     479     480     473     472
     319   1   0     501     502     495     494     480     481     474     473
     320   1   0     502     503     496     495     481     482     475     474
     321   1   0     503     504     497     496     482     483     476     475
     322   2   0     483     476     497     504
     323   1   0     505     506     520     519     484     485     499     498
     324   1   0     506     507     521     520     485     486     500     499
     325   1   0     507     508     522     521     486     487     501     500
     326   1   0     508     509     523     522     487     488     502     501
     327   1   0     509     510     524     523     488     489     503     502
     328   1   0     510     511     525     524     489     490     504     503
     329   2   0     490     504     525     511
     330   1   0     519     520     513     512     498     499     492     491
     331   1   0     520     521     514     513     499     500     493     492
     332   1   0     521     522     515     514     500     501     494     493
     333   1   0     522     523     516     515     501     502     495     494
     334   1   0     523     524     517     516     502     503     496     495
     335   1   0     524     525     518     517     503     504     497     496
     336   2   0     504     497     518     525

          Part(   1) = PART0001       

 FEAP *** soft tissue tube with internal hard shell ring                       

   N o d e   G e n e r a t i o n s

          Number of xi_1-increments       60
          Number of xi_2-increments        1
          Number of xi_3-increments        1
          First node number              526
          First element number           337
          Element material number          3
          Node line increment              0
          Block type (0-40)                0


     Block coordinates specified as: CYLI           

     node     1 coord     2 coord     3 coord
        1   9.500E-03   0.000E+00   2.000E-03
        2   9.500E-03  -3.600E+02   2.000E-03
        3   9.500E-03  -3.600E+02   3.000E-03
        4   9.500E-03   0.000E+00   3.000E-03

 FEAP *** soft tissue tube with internal hard shell ring                       


  N o d a l   C o o r d i n a t e s

      Node      1 coord      2 coord      3 coord
       526   9.5000E-03   0.0000E+00   2.0000E-03
       527   9.4480E-03  -9.9302E-04   2.0000E-03
       528   9.2924E-03  -1.9752E-03   2.0000E-03
       529   9.0350E-03  -2.9357E-03   2.0000E-03
       530   8.6787E-03  -3.8640E-03   2.0000E-03
       531   8.2272E-03  -4.7500E-03   2.0000E-03
       532   7.6857E-03  -5.5840E-03   2.0000E-03
       533   7.0599E-03  -6.3567E-03   2.0000E-03
       534   6.3567E-03  -7.0599E-03   2.0000E-03
       535   5.5840E-03  -7.6857E-03   2.0000E-03
       536   4.7500E-03  -8.2272E-03   2.0000E-03
       537   3.8640E-03  -8.6787E-03   2.0000E-03
       538   2.9357E-03  -9.0350E-03   2.0000E-03
       539   1.9752E-03  -9.2924E-03   2.0000E-03
       540   9.9302E-04  -9.4480E-03   2.0000E-03
       541   2.6911E-18  -9.5000E-03   2.0000E-03
       542  -9.9302E-04  -9.4480E-03   2.0000E-03
       543  -1.9752E-03  -9.2924E-03   2.0000E-03
       544  -2.9357E-03  -9.0350E-03   2.0000E-03
       545  -3.8640E-03  -8.6787E-03   2.0000E-03
       546  -4.7500E-03  -8.2272E-03   2.0000E-03
       547  -5.5840E-03  -7.6857E-03   2.0000E-03
       548  -6.3567E-03  -7.0599E-03   2.0000E-03
       549  -7.0599E-03  -6.3567E-03   2.0000E-03
       550  -7.6857E-03  -5.5840E-03   2.0000E-03
       551  -8.2272E-03  -4.7500E-03   2.0000E-03
       552  -8.6787E-03  -3.8640E-03   2.0000E-03
       553  -9.0350E-03  -2.9357E-03   2.0000E-03
       554  -9.2924E-03  -1.9752E-03   2.0000E-03
       555  -9.4480E-03  -9.9302E-04   2.0000E-03
       556  -9.5000E-03  -5.3823E-18   2.0000E-03
       557  -9.4480E-03   9.9302E-04   2.0000E-03
       558  -9.2924E-03   1.9752E-03   2.0000E-03
       559  -9.0350E-03   2.9357E-03   2.0000E-03
       560  -8.6787E-03   3.8640E-03   2.0000E-03
       561  -8.2272E-03   4.7500E-03   2.0000E-03
       562  -7.6857E-03   5.5840E-03   2.0000E-03
       563  -7.0599E-03   6.3567E-03   2.0000E-03
       564  -6.3567E-03   7.0599E-03   2.0000E-03
       565  -5.5840E-03   7.6857E-03   2.0000E-03
       566  -4.7500E-03   8.2272E-03   2.0000E-03
       567  -3.8640E-03   8.6787E-03   2.0000E-03
       568  -2.9357E-03   9.0350E-03   2.0000E-03
       569  -1.9752E-03   9.2924E-03   2.0000E-03
       570  -9.9302E-04   9.4480E-03   2.0000E-03
       571  -1.0183E-17   9.5000E-03   2.0000E-03
       572   9.9302E-04   9.4480E-03   2.0000E-03
       573   1.9752E-03   9.2924E-03   2.0000E-03
       574   2.9357E-03   9.0350E-03   2.0000E-03
       575   3.8640E-03   8.6787E-03   2.0000E-03

 FEAP *** soft tissue tube with internal hard shell ring                       


  N o d a l   C o o r d i n a t e s

      Node      1 coord      2 coord      3 coord
       576   4.7500E-03   8.2272E-03   2.0000E-03
       577   5.5840E-03   7.6857E-03   2.0000E-03
       578   6.3567E-03   7.0599E-03   2.0000E-03
       579   7.0599E-03   6.3567E-03   2.0000E-03
       580   7.6857E-03   5.5840E-03   2.0000E-03
       581   8.2272E-03   4.7500E-03   2.0000E-03
       582   8.6787E-03   3.8640E-03   2.0000E-03
       583   9.0350E-03   2.9357E-03   2.0000E-03
       584   9.2924E-03   1.9752E-03   2.0000E-03
       585   9.4480E-03   9.9302E-04   2.0000E-03
       586   9.5000E-03   1.0765E-17   2.0000E-03
       587   9.5000E-03   0.0000E+00   3.0000E-03
       588   9.4480E-03  -9.9302E-04   3.0000E-03
       589   9.2924E-03  -1.9752E-03   3.0000E-03
       590   9.0350E-03  -2.9357E-03   3.0000E-03
       591   8.6787E-03  -3.8640E-03   3.0000E-03
       592   8.2272E-03  -4.7500E-03   3.0000E-03
       593   7.6857E-03  -5.5840E-03   3.0000E-03
       594   7.0599E-03  -6.3567E-03   3.0000E-03
       595   6.3567E-03  -7.0599E-03   3.0000E-03
       596   5.5840E-03  -7.6857E-03   3.0000E-03
       597   4.7500E-03  -8.2272E-03   3.0000E-03
       598   3.8640E-03  -8.6787E-03   3.0000E-03
       599   2.9357E-03  -9.0350E-03   3.0000E-03
       600   1.9752E-03  -9.2924E-03   3.0000E-03
       601   9.9302E-04  -9.4480E-03   3.0000E-03
       602   2.6911E-18  -9.5000E-03   3.0000E-03
       603  -9.9302E-04  -9.4480E-03   3.0000E-03
       604  -1.9752E-03  -9.2924E-03   3.0000E-03
       605  -2.9357E-03  -9.0350E-03   3.0000E-03
       606  -3.8640E-03  -8.6787E-03   3.0000E-03
       607  -4.7500E-03  -8.2272E-03   3.0000E-03
       608  -5.5840E-03  -7.6857E-03   3.0000E-03
       609  -6.3567E-03  -7.0599E-03   3.0000E-03
       610  -7.0599E-03  -6.3567E-03   3.0000E-03
       611  -7.6857E-03  -5.5840E-03   3.0000E-03
       612  -8.2272E-03  -4.7500E-03   3.0000E-03
       613  -8.6787E-03  -3.8640E-03   3.0000E-03
       614  -9.0350E-03  -2.9357E-03   3.0000E-03
       615  -9.2924E-03  -1.9752E-03   3.0000E-03
       616  -9.4480E-03  -9.9302E-04   3.0000E-03
       617  -9.5000E-03  -5.3823E-18   3.0000E-03
       618  -9.4480E-03   9.9302E-04   3.0000E-03
       619  -9.2924E-03   1.9752E-03   3.0000E-03
       620  -9.0350E-03   2.9357E-03   3.0000E-03
       621  -8.6787E-03   3.8640E-03   3.0000E-03
       622  -8.2272E-03   4.7500E-03   3.0000E-03
       623  -7.6857E-03   5.5840E-03   3.0000E-03
       624  -7.0599E-03   6.3567E-03   3.0000E-03
       625  -6.3567E-03   7.0599E-03   3.0000E-03

 FEAP *** soft tissue tube with internal hard shell ring                       


  N o d a l   C o o r d i n a t e s

      Node      1 coord      2 coord      3 coord
       626  -5.5840E-03   7.6857E-03   3.0000E-03
       627  -4.7500E-03   8.2272E-03   3.0000E-03
       628  -3.8640E-03   8.6787E-03   3.0000E-03
       629  -2.9357E-03   9.0350E-03   3.0000E-03
       630  -1.9752E-03   9.2924E-03   3.0000E-03
       631  -9.9302E-04   9.4480E-03   3.0000E-03
       632  -1.0183E-17   9.5000E-03   3.0000E-03
       633   9.9302E-04   9.4480E-03   3.0000E-03
       634   1.9752E-03   9.2924E-03   3.0000E-03
       635   2.9357E-03   9.0350E-03   3.0000E-03
       636   3.8640E-03   8.6787E-03   3.0000E-03
       637   4.7500E-03   8.2272E-03   3.0000E-03
       638   5.5840E-03   7.6857E-03   3.0000E-03
       639   6.3567E-03   7.0599E-03   3.0000E-03
       640   7.0599E-03   6.3567E-03   3.0000E-03
       641   7.6857E-03   5.5840E-03   3.0000E-03
       642   8.2272E-03   4.7500E-03   3.0000E-03
       643   8.6787E-03   3.8640E-03   3.0000E-03
       644   9.0350E-03   2.9357E-03   3.0000E-03
       645   9.2924E-03   1.9752E-03   3.0000E-03
       646   9.4480E-03   9.9302E-04   3.0000E-03
       647   9.5000E-03   1.0765E-17   3.0000E-03

 FEAP *** soft tissue tube with internal hard shell ring                       

   E l e m e n t   C o n n e c t i o n s

    Elmt Mat Reg  Type  1-node  2-node  3-node  4-node  5-node  6-node  7-node
                        8-node
     337   3   0 Quadr     526     527     588     587
     338   3   0 Quadr     527     528     589     588
     339   3   0 Quadr     528     529     590     589
     340   3   0 Quadr     529     530     591     590
     341   3   0 Quadr     530     531     592     591
     342   3   0 Quadr     531     532     593     592
     343   3   0 Quadr     532     533     594     593
     344   3   0 Quadr     533     534     595     594
     345   3   0 Quadr     534     535     596     595
     346   3   0 Quadr     535     536     597     596
     347   3   0 Quadr     536     537     598     597
     348   3   0 Quadr     537     538     599     598
     349   3   0 Quadr     538     539     600     599
     350   3   0 Quadr     539     540     601     600
     351   3   0 Quadr     540     541     602     601
     352   3   0 Quadr     541     542     603     602
     353   3   0 Quadr     542     543     604     603
     354   3   0 Quadr     543     544     605     604
     355   3   0 Quadr     544     545     606     605
     356   3   0 Quadr     545     546     607     606
     357   3   0 Quadr     546     547     608     607
     358   3   0 Quadr     547     548     609     608
     359   3   0 Quadr     548     549     610     609
     360   3   0 Quadr     549     550     611     610
     361   3   0 Quadr     550     551     612     611
     362   3   0 Quadr     551     552     613     612
     363   3   0 Quadr     552     553     614     613
     364   3   0 Quadr     553     554     615     614
     365   3   0 Quadr     554     555     616     615
     366   3   0 Quadr     555     556     617     616
     367   3   0 Quadr     556     557     618     617
     368   3   0 Quadr     557     558     619     618
     369   3   0 Quadr     558     559     620     619
     370   3   0 Quadr     559     560     621     620
     371   3   0 Quadr     560     561     622     621
     372   3   0 Quadr     561     562     623     622
     373   3   0 Quadr     562     563     624     623
     374   3   0 Quadr     563     564     625     624
     375   3   0 Quadr     564     565     626     625
     376   3   0 Quadr     565     566     627     626
     377   3   0 Quadr     566     567     628     627
     378   3   0 Quadr     567     568     629     628
     379   3   0 Quadr     568     569     630     629
     380   3   0 Quadr     569     570     631     630
     381   3   0 Quadr     570     571     632     631
     382   3   0 Quadr     571     572     633     632
     383   3   0 Quadr     572     573     634     633
     384   3   0 Quadr     573     574     635     634
     385   3   0 Quadr     574     575     636     635
     386   3   0 Quadr     575     576     637     636

 FEAP *** soft tissue tube with internal hard shell ring                       

   E l e m e n t   C o n n e c t i o n s

    Elmt Mat Reg  Type  1-node  2-node  3-node  4-node  5-node  6-node  7-node
                        8-node
     387   3   0 Quadr     576     577     638     637
     388   3   0 Quadr     577     578     639     638
     389   3   0 Quadr     578     579     640     639
     390   3   0 Quadr     579     580     641     640
     391   3   0 Quadr     580     581     642     641
     392   3   0 Quadr     581     582     643     642
     393   3   0 Quadr     582     583     644     643
     394   3   0 Quadr     583     584     645     644
     395   3   0 Quadr     584     585     646     645
     396   3   0 Quadr     585     586     647     646

          Part(   1): Elm start =       1
                      Elm last  =     396
                      Nodes/el. =       4

     E l e m e n t   S i z e   V a l u e s
          h-minimum =  9.9438E-04
          h-maximum =  4.6458E-03

     Tie all nodes with common coordinates


      Gap Tolerance =  3.9314E-05



       T i e  - - -  N o d a l   C o o r d i n a t e s

          The following nodes have been deleted:

          505    506    507    508    509    510    511    512    513    514
          515    516    517    518    519    520    521    522    523    524
          525    586    647

         23 nodes merged by the tie command


       P o l a r    S u r f a c e

     x_Coord.     y_Coord.     z_Coord.
   0.0000E+00   0.0000E+00   0.0000E+00

 FEAP *** soft tissue tube with internal hard shell ring                       

   C o o r d i n a t e    S u r f a c e   A n g l e s

      Node    1 Coord    2 Coord    3 Coord      Angle
         1  1.000E-02 -1.800E+02  0.000E+00 -1.800E+02
         2  1.000E-02 -1.800E+02  5.000E-03 -1.800E+02
         3  1.000E-02 -9.000E+01  5.000E-03 -9.000E+01
         4  1.000E-02 -9.000E+01  0.000E+00 -9.000E+01
         5  1.000E-02 -1.800E+02  2.500E-03 -1.800E+02
         6  1.000E-02 -1.350E+02  5.000E-03 -1.350E+02
         7  1.000E-02 -9.000E+01  2.500E-03 -9.000E+01
         8  1.000E-02 -1.350E+02  0.000E+00 -1.350E+02
         9  1.000E-02 -1.350E+02  2.500E-03 -1.350E+02

       N o d a l    A n g l e s

          Global Node    Angle

                 127 -9.000E+01
                 134 -9.000E+01
                 141 -9.000E+01
                 148 -1.050E+02
                 155 -1.050E+02
                 162 -1.050E+02
                 169 -1.200E+02
                 176 -1.200E+02
                 183 -1.200E+02
                 190 -1.350E+02
                 197 -1.350E+02
                 204 -1.350E+02
                 211 -1.500E+02
                 218 -1.500E+02
                 225 -1.500E+02
                 232 -1.650E+02
                 239 -1.650E+02
                 246 -1.650E+02
                 253 -1.800E+02
                 260 -1.800E+02
                 267 -1.800E+02

 FEAP *** soft tissue tube with internal hard shell ring                       

   C o o r d i n a t e    S u r f a c e   A n g l e s

      Node    1 Coord    2 Coord    3 Coord      Angle
         1  1.000E-02 -9.000E+01  0.000E+00 -9.000E+01
         2  1.000E-02 -9.000E+01  5.000E-03 -9.000E+01
         3  1.000E-02  0.000E+00  5.000E-03  0.000E+00
         4  1.000E-02  0.000E+00  0.000E+00  0.000E+00
         5  1.000E-02 -9.000E+01  2.500E-03 -9.000E+01
         6  1.000E-02 -4.500E+01  5.000E-03 -4.500E+01
         7  1.000E-02  0.000E+00  2.500E-03  0.000E+00
         8  1.000E-02 -4.500E+01  0.000E+00 -4.500E+01
         9  1.000E-02 -4.500E+01  2.500E-03 -4.500E+01

       N o d a l    A n g l e s

          Global Node    Angle

                   1 -4.996E-15
                   8 -4.996E-15
                  15 -4.996E-15
                  22 -1.500E+01
                  29 -1.500E+01
                  36 -1.500E+01
                  43 -3.000E+01
                  50 -3.000E+01
                  57 -3.000E+01
                  64 -4.500E+01
                  71 -4.500E+01
                  78 -4.500E+01
                  85 -6.000E+01
                  92 -6.000E+01
                  99 -6.000E+01
                 106 -7.500E+01
                 113 -7.500E+01
                 120 -7.500E+01
                 127 -9.000E+01
                 134 -9.000E+01
                 141 -9.000E+01
                 505  9.992E-15
                 512  9.992E-15
                 519  9.992E-15

 FEAP *** soft tissue tube with internal hard shell ring                       

   C o o r d i n a t e    S u r f a c e   A n g l e s

      Node    1 Coord    2 Coord    3 Coord      Angle
         1  1.000E-02  0.000E+00  0.000E+00  0.000E+00
         2  1.000E-02  0.000E+00  5.000E-03  0.000E+00
         3  1.000E-02  9.000E+01  5.000E-03  9.000E+01
         4  1.000E-02  9.000E+01  0.000E+00  9.000E+01
         5  1.000E-02  0.000E+00  2.500E-03  0.000E+00
         6  1.000E-02  4.500E+01  5.000E-03  4.500E+01
         7  1.000E-02  9.000E+01  2.500E-03  9.000E+01
         8  1.000E-02  4.500E+01  0.000E+00  4.500E+01
         9  1.000E-02  4.500E+01  2.500E-03  4.500E+01

       N o d a l    A n g l e s

          Global Node    Angle

                   1  4.996E-15
                   8  4.996E-15
                  15  4.996E-15
                 379  9.000E+01
                 386  9.000E+01
                 393  9.000E+01
                 400  7.500E+01
                 407  7.500E+01
                 414  7.500E+01
                 421  6.000E+01
                 428  6.000E+01
                 435  6.000E+01
                 442  4.500E+01
                 449  4.500E+01
                 456  4.500E+01
                 463  3.000E+01
                 470  3.000E+01
                 477  3.000E+01
                 484  1.500E+01
                 491  1.500E+01
                 498  1.500E+01
                 505  1.998E-14
                 512  1.998E-14
                 519  1.998E-14

 FEAP *** soft tissue tube with internal hard shell ring                       

   C o o r d i n a t e    S u r f a c e   A n g l e s

      Node    1 Coord    2 Coord    3 Coord      Angle
         1  1.000E-02  9.000E+01  0.000E+00  9.000E+01
         2  1.000E-02  9.000E+01  5.000E-03  9.000E+01
         3  1.000E-02  1.800E+02  5.000E-03  1.800E+02
         4  1.000E-02  1.800E+02  0.000E+00  1.800E+02
         5  1.000E-02  9.000E+01  2.500E-03  9.000E+01
         6  1.000E-02  1.350E+02  5.000E-03  1.350E+02
         7  1.000E-02  1.800E+02  2.500E-03  1.800E+02
         8  1.000E-02  1.350E+02  0.000E+00  1.350E+02
         9  1.000E-02  1.350E+02  2.500E-03  1.350E+02

       N o d a l    A n g l e s

          Global Node    Angle

                 253  1.800E+02
                 260  1.800E+02
                 267  1.800E+02
                 274  1.650E+02
                 281  1.650E+02
                 288  1.650E+02
                 295  1.500E+02
                 302  1.500E+02
                 309  1.500E+02
                 316  1.350E+02
                 323  1.350E+02
                 330  1.350E+02
                 337  1.200E+02
                 344  1.200E+02
                 351  1.200E+02
                 358  1.050E+02
                 365  1.050E+02
                 372  1.050E+02
                 379  9.000E+01
                 386  9.000E+01
                 393  9.000E+01

 FEAP *** soft tissue tube with internal hard shell ring                       

   C o o r d i n a t e    S u r f a c e   A n g l e s

      Node    1 Coord    2 Coord    3 Coord      Angle
         1  9.500E-03 -1.800E+02  2.000E-03 -1.800E+02
         2  9.500E-03 -1.800E+02  3.000E-03 -1.800E+02
         3  9.500E-03 -9.000E+01  3.000E-03 -9.000E+01
         4  9.500E-03 -9.000E+01  2.000E-03 -9.000E+01
         5  9.500E-03 -1.800E+02  2.500E-03 -1.800E+02
         6  9.500E-03 -1.350E+02  3.000E-03 -1.350E+02
         7  9.500E-03 -9.000E+01  2.500E-03 -9.000E+01
         8  9.500E-03 -1.350E+02  2.000E-03 -1.350E+02
         9  9.500E-03 -1.350E+02  2.500E-03 -1.350E+02

       N o d a l    A n g l e s

          Global Node    Angle

                 541 -9.000E+01
                 542 -9.600E+01
                 543 -1.020E+02
                 544 -1.080E+02
                 545 -1.140E+02
                 546 -1.200E+02
                 547 -1.260E+02
                 548 -1.320E+02
                 549 -1.380E+02
                 550 -1.440E+02
                 551 -1.500E+02
                 552 -1.560E+02
                 553 -1.620E+02
                 554 -1.680E+02
                 555 -1.740E+02
                 556 -1.800E+02
                 602 -9.000E+01
                 603 -9.600E+01
                 604 -1.020E+02
                 605 -1.080E+02
                 606 -1.140E+02
                 607 -1.200E+02
                 608 -1.260E+02
                 609 -1.320E+02
                 610 -1.380E+02
                 611 -1.440E+02
                 612 -1.500E+02
                 613 -1.560E+02
                 614 -1.620E+02
                 615 -1.680E+02
                 616 -1.740E+02
                 617 -1.800E+02

 FEAP *** soft tissue tube with internal hard shell ring                       

   C o o r d i n a t e    S u r f a c e   A n g l e s

      Node    1 Coord    2 Coord    3 Coord      Angle
         1  9.500E-03 -9.000E+01  2.000E-03 -9.000E+01
         2  9.500E-03 -9.000E+01  3.000E-03 -9.000E+01
         3  9.500E-03  0.000E+00  3.000E-03  0.000E+00
         4  9.500E-03  0.000E+00  2.000E-03  0.000E+00
         5  9.500E-03 -9.000E+01  2.500E-03 -9.000E+01
         6  9.500E-03 -4.500E+01  3.000E-03 -4.500E+01
         7  9.500E-03  0.000E+00  2.500E-03  0.000E+00
         8  9.500E-03 -4.500E+01  2.000E-03 -4.500E+01
         9  9.500E-03 -4.500E+01  2.500E-03 -4.500E+01

       N o d a l    A n g l e s

          Global Node    Angle

                 526  0.000E+00
                 527 -6.000E+00
                 528 -1.200E+01
                 529 -1.800E+01
                 530 -2.400E+01
                 531 -3.000E+01
                 532 -3.600E+01
                 533 -4.200E+01
                 534 -4.800E+01
                 535 -5.400E+01
                 536 -6.000E+01
                 537 -6.600E+01
                 538 -7.200E+01
                 539 -7.800E+01
                 540 -8.400E+01
                 541 -9.000E+01
                 586  6.994E-14
                 587  0.000E+00
                 588 -6.000E+00
                 589 -1.200E+01
                 590 -1.800E+01
                 591 -2.400E+01
                 592 -3.000E+01
                 593 -3.600E+01
                 594 -4.200E+01
                 595 -4.800E+01
                 596 -5.400E+01
                 597 -6.000E+01
                 598 -6.600E+01
                 599 -7.200E+01
                 600 -7.800E+01
                 601 -8.400E+01
                 602 -9.000E+01
                 647  6.994E-14

 FEAP *** soft tissue tube with internal hard shell ring                       

   C o o r d i n a t e    S u r f a c e   A n g l e s

      Node    1 Coord    2 Coord    3 Coord      Angle
         1  9.500E-03  0.000E+00  2.000E-03  0.000E+00
         2  9.500E-03  0.000E+00  3.000E-03  0.000E+00
         3  9.500E-03  9.000E+01  3.000E-03  9.000E+01
         4  9.500E-03  9.000E+01  2.000E-03  9.000E+01
         5  9.500E-03  0.000E+00  2.500E-03  0.000E+00
         6  9.500E-03  4.500E+01  3.000E-03  4.500E+01
         7  9.500E-03  9.000E+01  2.500E-03  9.000E+01
         8  9.500E-03  4.500E+01  2.000E-03  4.500E+01
         9  9.500E-03  4.500E+01  2.500E-03  4.500E+01

       N o d a l    A n g l e s

          Global Node    Angle

                 526  0.000E+00
                 571  9.000E+01
                 572  8.400E+01
                 573  7.800E+01
                 574  7.200E+01
                 575  6.600E+01
                 576  6.000E+01
                 577  5.400E+01
                 578  4.800E+01
                 579  4.200E+01
                 580  3.600E+01
                 581  3.000E+01
                 582  2.400E+01
                 583  1.800E+01
                 584  1.200E+01
                 585  6.000E+00
                 586  6.495E-14
                 587  0.000E+00
                 632  9.000E+01
                 633  8.400E+01
                 634  7.800E+01
                 635  7.200E+01
                 636  6.600E+01
                 637  6.000E+01
                 638  5.400E+01
                 639  4.800E+01
                 640  4.200E+01
                 641  3.600E+01
                 642  3.000E+01
                 643  2.400E+01
                 644  1.800E+01
                 645  1.200E+01
                 646  6.000E+00
                 647  6.495E-14

 FEAP *** soft tissue tube with internal hard shell ring                       

   C o o r d i n a t e    S u r f a c e   A n g l e s

      Node    1 Coord    2 Coord    3 Coord      Angle
         1  9.500E-03  9.000E+01  2.000E-03  9.000E+01
         2  9.500E-03  9.000E+01  3.000E-03  9.000E+01
         3  9.500E-03  1.800E+02  3.000E-03  1.800E+02
         4  9.500E-03  1.800E+02  2.000E-03  1.800E+02
         5  9.500E-03  9.000E+01  2.500E-03  9.000E+01
         6  9.500E-03  1.350E+02  3.000E-03  1.350E+02
         7  9.500E-03  1.800E+02  2.500E-03  1.800E+02
         8  9.500E-03  1.350E+02  2.000E-03  1.350E+02
         9  9.500E-03  1.350E+02  2.500E-03  1.350E+02

       N o d a l    A n g l e s

          Global Node    Angle

                 556  1.800E+02
                 557  1.740E+02
                 558  1.680E+02
                 559  1.620E+02
                 560  1.560E+02
                 561  1.500E+02
                 562  1.440E+02
                 563  1.380E+02
                 564  1.320E+02
                 565  1.260E+02
                 566  1.200E+02
                 567  1.140E+02
                 568  1.080E+02
                 569  1.020E+02
                 570  9.600E+01
                 571  9.000E+01
                 617  1.800E+02
                 618  1.740E+02
                 619  1.680E+02
                 620  1.620E+02
                 621  1.560E+02
                 622  1.500E+02
                 623  1.440E+02
                 624  1.380E+02
                 625  1.320E+02
                 626  1.260E+02
                 627  1.200E+02
                 628  1.140E+02
                 629  1.080E+02
                 630  1.020E+02
                 631  9.600E+01
                 632  9.000E+01

       P o l a r    S u r f a c e

     x_Coord.     y_Coord.     z_Coord.
   0.0000E+00   0.0000E+00   0.0000E+00

 FEAP *** soft tissue tube with internal hard shell ring                       

   C o o r d i n a t e   S u r f a c e   B o u n d a r y   C o n d i t i o n s

      Node    1 Coord    2 Coord    3 Coord 1-BC 2-BC 3-BC 4-BC 5-BC 6-BC
                                               0    1    0    0    0    0
         1  9.900E-03 -1.800E+02  0.000E+00
         2  9.900E-03 -9.000E+01  0.000E+00
         3  1.010E-02 -9.000E+01  0.000E+00
         4  1.010E-02 -1.800E+02  0.000E+00
         5  9.900E-03 -1.350E+02  0.000E+00
         6  1.000E-02 -9.000E+01  0.000E+00
         7  1.010E-02 -1.350E+02  0.000E+00
         8  1.000E-02 -1.800E+02  0.000E+00
         9  1.000E-02 -1.350E+02  0.000E+00

      Node  1-BC  2-BC  3-BC  4-BC  5-BC  6-BC
       134     0     1     0     0     0     0
       155     0     1     0     0     0     0
       176     0     1     0     0     0     0
       197     0     1     0     0     0     0
       218     0     1     0     0     0     0
       239     0     1     0     0     0     0
       260     0     1     0     0     0     0

 FEAP *** soft tissue tube with internal hard shell ring                       

   C o o r d i n a t e   S u r f a c e   B o u n d a r y   C o n d i t i o n s

      Node    1 Coord    2 Coord    3 Coord 1-BC 2-BC 3-BC 4-BC 5-BC 6-BC
                                               0    1    0    0    0    0
         1  9.900E-03 -9.000E+01  0.000E+00
         2  9.900E-03  0.000E+00  0.000E+00
         3  1.010E-02  0.000E+00  0.000E+00
         4  1.010E-02 -9.000E+01  0.000E+00
         5  9.900E-03 -4.500E+01  0.000E+00
         6  1.000E-02  0.000E+00  0.000E+00
         7  1.010E-02 -4.500E+01  0.000E+00
         8  1.000E-02 -9.000E+01  0.000E+00
         9  1.000E-02 -4.500E+01  0.000E+00

      Node  1-BC  2-BC  3-BC  4-BC  5-BC  6-BC
         8     0     1     0     0     0     0
        29     0     1     0     0     0     0
        50     0     1     0     0     0     0
        71     0     1     0     0     0     0
        92     0     1     0     0     0     0
       113     0     1     0     0     0     0
       134     0     2     0     0     0     0
       512     1     2     1     1     1     1

 FEAP *** soft tissue tube with internal hard shell ring                       

   C o o r d i n a t e   S u r f a c e   B o u n d a r y   C o n d i t i o n s

      Node    1 Coord    2 Coord    3 Coord 1-BC 2-BC 3-BC 4-BC 5-BC 6-BC
                                               0    1    0    0    0    0
         1  9.900E-03  0.000E+00  0.000E+00
         2  9.900E-03  9.000E+01  0.000E+00
         3  1.010E-02  9.000E+01  0.000E+00
         4  1.010E-02  0.000E+00  0.000E+00
         5  9.900E-03  4.500E+01  0.000E+00
         6  1.000E-02  9.000E+01  0.000E+00
         7  1.010E-02  4.500E+01  0.000E+00
         8  1.000E-02  0.000E+00  0.000E+00
         9  1.000E-02  4.500E+01  0.000E+00

      Node  1-BC  2-BC  3-BC  4-BC  5-BC  6-BC
         8     0     2     0     0     0     0
       386     0     1     0     0     0     0
       407     0     1     0     0     0     0
       428     0     1     0     0     0     0
       449     0     1     0     0     0     0
       470     0     1     0     0     0     0
       491     0     1     0     0     0     0
       512     1     3     1     1     1     1

 FEAP *** soft tissue tube with internal hard shell ring                       

   C o o r d i n a t e   S u r f a c e   B o u n d a r y   C o n d i t i o n s

      Node    1 Coord    2 Coord    3 Coord 1-BC 2-BC 3-BC 4-BC 5-BC 6-BC
                                               0    1    0    0    0    0
         1  9.900E-03  9.000E+01  0.000E+00
         2  9.900E-03  1.800E+02  0.000E+00
         3  1.010E-02  1.800E+02  0.000E+00
         4  1.010E-02  9.000E+01  0.000E+00
         5  9.900E-03  1.350E+02  0.000E+00
         6  1.000E-02  1.800E+02  0.000E+00
         7  1.010E-02  1.350E+02  0.000E+00
         8  1.000E-02  9.000E+01  0.000E+00
         9  1.000E-02  1.350E+02  0.000E+00

      Node  1-BC  2-BC  3-BC  4-BC  5-BC  6-BC
       260     0     2     0     0     0     0
       281     0     1     0     0     0     0
       302     0     1     0     0     0     0
       323     0     1     0     0     0     0
       344     0     1     0     0     0     0
       365     0     1     0     0     0     0
       386     0     2     0     0     0     0

 FEAP *** soft tissue tube with internal hard shell ring                       

   C o o r d i n a t e   S u r f a c e   B o u n d a r y   C o n d i t i o n s

      Node    1 Coord    2 Coord    3 Coord 1-BC 2-BC 3-BC 4-BC 5-BC 6-BC
                                               0    1    1    0    0    0
         1  9.400E-03 -1.800E+02  2.000E-03
         2  9.400E-03 -9.000E+01  2.000E-03
         3  9.600E-03 -9.000E+01  2.000E-03
         4  9.600E-03 -1.800E+02  2.000E-03
         5  9.400E-03 -1.350E+02  2.000E-03
         6  9.500E-03 -9.000E+01  2.000E-03
         7  9.600E-03 -1.350E+02  2.000E-03
         8  9.500E-03 -1.800E+02  2.000E-03
         9  9.500E-03 -1.350E+02  2.000E-03

      Node  1-BC  2-BC  3-BC  4-BC  5-BC  6-BC
       541     0     1     1     0     0     0
       542     0     1     1     0     0     0
       543     0     1     1     0     0     0
       544     0     1     1     0     0     0
       545     0     1     1     0     0     0
       546     0     1     1     0     0     0
       547     0     1     1     0     0     0
       548     0     1     1     0     0     0
       549     0     1     1     0     0     0
       550     0     1     1     0     0     0
       551     0     1     1     0     0     0
       552     0     1     1     0     0     0
       553     0     1     1     0     0     0
       554     0     1     1     0     0     0
       555     0     1     1     0     0     0
       556     0     1     1     0     0     0

 FEAP *** soft tissue tube with internal hard shell ring                       

   C o o r d i n a t e   S u r f a c e   B o u n d a r y   C o n d i t i o n s

      Node    1 Coord    2 Coord    3 Coord 1-BC 2-BC 3-BC 4-BC 5-BC 6-BC
                                               0    1    0    0    0    0
         1  9.400E-03 -9.000E+01  2.000E-03
         2  9.400E-03  0.000E+00  2.000E-03
         3  9.600E-03  0.000E+00  2.000E-03
         4  9.600E-03 -9.000E+01  2.000E-03
         5  9.400E-03 -4.500E+01  2.000E-03
         6  9.500E-03  0.000E+00  2.000E-03
         7  9.600E-03 -4.500E+01  2.000E-03
         8  9.500E-03 -9.000E+01  2.000E-03
         9  9.500E-03 -4.500E+01  2.000E-03

      Node  1-BC  2-BC  3-BC  4-BC  5-BC  6-BC
       526     0     1     0     0     0     0
       527     0     1     0     0     0     0
       528     0     1     0     0     0     0
       529     0     1     0     0     0     0
       530     0     1     0     0     0     0
       531     0     1     0     0     0     0
       532     0     1     0     0     0     0
       533     0     1     0     0     0     0
       534     0     1     0     0     0     0
       535     0     1     0     0     0     0
       536     0     1     0     0     0     0
       537     0     1     0     0     0     0
       538     0     1     0     0     0     0
       539     0     1     0     0     0     0
       540     0     1     0     0     0     0
       541     0     2     1     0     0     0
       586     1     2     1     1     1     1

 FEAP *** soft tissue tube with internal hard shell ring                       

   C o o r d i n a t e   S u r f a c e   B o u n d a r y   C o n d i t i o n s

      Node    1 Coord    2 Coord    3 Coord 1-BC 2-BC 3-BC 4-BC 5-BC 6-BC
                                               0    1    0    0    0    0
         1  9.400E-03  0.000E+00  2.000E-03
         2  9.400E-03  9.000E+01  2.000E-03
         3  9.600E-03  9.000E+01  2.000E-03
         4  9.600E-03  0.000E+00  2.000E-03
         5  9.400E-03  4.500E+01  2.000E-03
         6  9.500E-03  9.000E+01  2.000E-03
         7  9.600E-03  4.500E+01  2.000E-03
         8  9.500E-03  0.000E+00  2.000E-03
         9  9.500E-03  4.500E+01  2.000E-03

      Node  1-BC  2-BC  3-BC  4-BC  5-BC  6-BC
       526     0     2     0     0     0     0
       571     0     1     0     0     0     0
       572     0     1     0     0     0     0
       573     0     1     0     0     0     0
       574     0     1     0     0     0     0
       575     0     1     0     0     0     0
       576     0     1     0     0     0     0
       577     0     1     0     0     0     0
       578     0     1     0     0     0     0
       579     0     1     0     0     0     0
       580     0     1     0     0     0     0
       581     0     1     0     0     0     0
       582     0     1     0     0     0     0
       583     0     1     0     0     0     0
       584     0     1     0     0     0     0
       585     0     1     0     0     0     0
       586     1     3     1     1     1     1

 FEAP *** soft tissue tube with internal hard shell ring                       

   C o o r d i n a t e   S u r f a c e   B o u n d a r y   C o n d i t i o n s

      Node    1 Coord    2 Coord    3 Coord 1-BC 2-BC 3-BC 4-BC 5-BC 6-BC
                                               0    1    0    0    0    0
         1  9.400E-03  9.000E+01  2.000E-03
         2  9.400E-03  1.800E+02  2.000E-03
         3  9.600E-03  1.800E+02  2.000E-03
         4  9.600E-03  9.000E+01  2.000E-03
         5  9.400E-03  1.350E+02  2.000E-03
         6  9.500E-03  1.800E+02  2.000E-03
         7  9.600E-03  1.350E+02  2.000E-03
         8  9.500E-03  9.000E+01  2.000E-03
         9  9.500E-03  1.350E+02  2.000E-03

      Node  1-BC  2-BC  3-BC  4-BC  5-BC  6-BC
       556     0     2     1     0     0     0
       557     0     1     0     0     0     0
       558     0     1     0     0     0     0
       559     0     1     0     0     0     0
       560     0     1     0     0     0     0
       561     0     1     0     0     0     0
       562     0     1     0     0     0     0
       563     0     1     0     0     0     0
       564     0     1     0     0     0     0
       565     0     1     0     0     0     0
       566     0     1     0     0     0     0
       567     0     1     0     0     0     0
       568     0     1     0     0     0     0
       569     0     1     0     0     0     0
       570     0     1     0     0     0     0
       571     0     2     0     0     0     0

 FEAP *** soft tissue tube with internal hard shell ring                       


   C O N T A C T   I N P U T   D A T A


     C o n t a c t   S u r f a c e   D a t a

     Data Set for Surface Number          5

     Contact Facet Type                QUAD
     Max # of Nodes per Facet             4

     Three D quadrilateral facet with 4 or more nodes
       Surface Sub-command             BLOC POLA
     Block coordinates in POLAR form
       Reference location:
         x_1 =  0.0000E+00 x_2 =  0.0000E+00 x_3 =  0.0000E+00
       Surface Sub-command             BLOC MATE
       Surface Sub-command             BLOC SEGM

 FEAP *** soft tissue tube with internal hard shell ring                       

   C o n t a c t   S u r f a c e   P a t c h   C o o r d i n a t e s

         Node    X-coord.     Y-coord.     Z-coord.

           1   1.0000E-02  -1.8000E+02   0.0000E+00
           2   1.0000E-02  -1.8000E+02   5.0000E-03
           3   1.0000E-02  -9.0000E+01   5.0000E-03
           4   1.0000E-02  -9.0000E+01   0.0000E+00
           5   1.0000E-02  -1.8000E+02   2.5000E-03
           6   1.0000E-02  -1.3500E+02   5.0000E-03
           7   1.0000E-02  -9.0000E+01   2.5000E-03
           8   1.0000E-02  -1.3500E+02   0.0000E+00
           9   1.0000E-02  -1.3500E+02   2.5000E-03

     S u r f a c e    F a c e t    C o n n e c t i o n s

     Facet  1 Node  2 Node  3 Node  4 Node
         1     162     148     127     141
         2     155     162     141     134
         3     183     169     148     162
         4     176     183     162     155
         5     204     190     169     183
         6     197     204     183     176
         7     225     211     190     204
         8     218     225     204     197
         9     246     232     211     225
        10     239     246     225     218
        11     267     253     232     246
        12     260     267     246     239

     C o n t a c t   S u r f a c e   D a t a

     Data Set for Surface Number          6

     Contact Facet Type                QUAD
     Max # of Nodes per Facet             4

     Three D quadrilateral facet with 4 or more nodes
       Surface Sub-command             BLOC POLA
     Block coordinates in POLAR form
       Reference location:
         x_1 =  0.0000E+00 x_2 =  0.0000E+00 x_3 =  0.0000E+00
       Surface Sub-command             BLOC MATE
       Surface Sub-command             BLOC SEGM

 FEAP *** soft tissue tube with internal hard shell ring                       

   C o n t a c t   S u r f a c e   P a t c h   C o o r d i n a t e s

         Node    X-coord.     Y-coord.     Z-coord.

           1   1.0000E-02  -9.0000E+01   0.0000E+00
           2   1.0000E-02  -9.0000E+01   5.0000E-03
           3   1.0000E-02   0.0000E+00   5.0000E-03
           4   1.0000E-02   0.0000E+00   0.0000E+00
           5   1.0000E-02  -9.0000E+01   2.5000E-03
           6   1.0000E-02  -4.5000E+01   5.0000E-03
           7   1.0000E-02   0.0000E+00   2.5000E-03
           8   1.0000E-02  -4.5000E+01   0.0000E+00
           9   1.0000E-02  -4.5000E+01   2.5000E-03

     S u r f a c e    F a c e t    C o n n e c t i o n s

     Facet  1 Node  2 Node  3 Node  4 Node
         1      36      22       1      15
         2      29      36      15       8
         3      57      43      22      36
         4      50      57      36      29
         5      78      64      43      57
         6      71      78      57      50
         7      99      85      64      78
         8      92      99      78      71
         9     120     106      85      99
        10     113     120      99      92
        11     141     127     106     120
        12     134     141     120     113

     C o n t a c t   S u r f a c e   D a t a

     Data Set for Surface Number          7

     Contact Facet Type                QUAD
     Max # of Nodes per Facet             4

     Three D quadrilateral facet with 4 or more nodes
       Surface Sub-command             BLOC POLA
     Block coordinates in POLAR form
       Reference location:
         x_1 =  0.0000E+00 x_2 =  0.0000E+00 x_3 =  0.0000E+00
       Surface Sub-command             BLOC MATE
       Surface Sub-command             BLOC SEGM

 FEAP *** soft tissue tube with internal hard shell ring                       

   C o n t a c t   S u r f a c e   P a t c h   C o o r d i n a t e s

         Node    X-coord.     Y-coord.     Z-coord.

           1   1.0000E-02   0.0000E+00   0.0000E+00
           2   1.0000E-02   0.0000E+00   5.0000E-03
           3   1.0000E-02   9.0000E+01   5.0000E-03
           4   1.0000E-02   9.0000E+01   0.0000E+00
           5   1.0000E-02   0.0000E+00   2.5000E-03
           6   1.0000E-02   4.5000E+01   5.0000E-03
           7   1.0000E-02   9.0000E+01   2.5000E-03
           8   1.0000E-02   4.5000E+01   0.0000E+00
           9   1.0000E-02   4.5000E+01   2.5000E-03

     S u r f a c e    F a c e t    C o n n e c t i o n s

     Facet  1 Node  2 Node  3 Node  4 Node
         1     414     400     379     393
         2     407     414     393     386
         3     435     421     400     414
         4     428     435     414     407
         5     456     442     421     435
         6     449     456     435     428
         7     477     463     442     456
         8     470     477     456     449
         9     498     484     463     477
        10     491     498     477     470
        11      15       1     484     498
        12       8      15     498     491

     C o n t a c t   S u r f a c e   D a t a

     Data Set for Surface Number          8

     Contact Facet Type                QUAD
     Max # of Nodes per Facet             4

     Three D quadrilateral facet with 4 or more nodes
       Surface Sub-command             BLOC POLA
     Block coordinates in POLAR form
       Reference location:
         x_1 =  0.0000E+00 x_2 =  0.0000E+00 x_3 =  0.0000E+00
       Surface Sub-command             BLOC MATE
       Surface Sub-command             BLOC SEGM

 FEAP *** soft tissue tube with internal hard shell ring                       

   C o n t a c t   S u r f a c e   P a t c h   C o o r d i n a t e s

         Node    X-coord.     Y-coord.     Z-coord.

           1   1.0000E-02   9.0000E+01   0.0000E+00
           2   1.0000E-02   9.0000E+01   5.0000E-03
           3   1.0000E-02   1.8000E+02   5.0000E-03
           4   1.0000E-02   1.8000E+02   0.0000E+00
           5   1.0000E-02   9.0000E+01   2.5000E-03
           6   1.0000E-02   1.3500E+02   5.0000E-03
           7   1.0000E-02   1.8000E+02   2.5000E-03
           8   1.0000E-02   1.3500E+02   0.0000E+00
           9   1.0000E-02   1.3500E+02   2.5000E-03

     S u r f a c e    F a c e t    C o n n e c t i o n s

     Facet  1 Node  2 Node  3 Node  4 Node
         1     288     274     253     267
         2     281     288     267     260
         3     309     295     274     288
         4     302     309     288     281
         5     330     316     295     309
         6     323     330     309     302
         7     351     337     316     330
         8     344     351     330     323
         9     372     358     337     351
        10     365     372     351     344
        11     393     379     358     372
        12     386     393     372     365

     C o n t a c t   S u r f a c e   D a t a

     Data Set for Surface Number          1

     Contact Facet Type                QUAD
     Max # of Nodes per Facet             4

     Three D quadrilateral facet with 4 or more nodes
       Surface Sub-command             BLOC POLA
     Block coordinates in POLAR form
       Reference location:
         x_1 =  0.0000E+00 x_2 =  0.0000E+00 x_3 =  0.0000E+00
       Surface Sub-command             BLOC MATE
       Surface Sub-command             BLOC SEGM

 FEAP *** soft tissue tube with internal hard shell ring                       

   C o n t a c t   S u r f a c e   P a t c h   C o o r d i n a t e s

         Node    X-coord.     Y-coord.     Z-coord.

           1   9.5000E-03  -1.8000E+02   2.0000E-03
           2   9.5000E-03  -1.8000E+02   3.0000E-03
           3   9.5000E-03  -9.0000E+01   3.0000E-03
           4   9.5000E-03  -9.0000E+01   2.0000E-03
           5   9.5000E-03  -1.8000E+02   2.5000E-03
           6   9.5000E-03  -1.3500E+02   3.0000E-03
           7   9.5000E-03  -9.0000E+01   2.5000E-03
           8   9.5000E-03  -1.3500E+02   2.0000E-03
           9   9.5000E-03  -1.3500E+02   2.5000E-03

     S u r f a c e    F a c e t    C o n n e c t i o n s

     Facet  1 Node  2 Node  3 Node  4 Node
         1     541     542     603     602
         2     542     543     604     603
         3     543     544     605     604
         4     544     545     606     605
         5     545     546     607     606
         6     546     547     608     607
         7     547     548     609     608
         8     548     549     610     609
         9     549     550     611     610
        10     550     551     612     611
        11     551     552     613     612
        12     552     553     614     613
        13     553     554     615     614
        14     554     555     616     615
        15     555     556     617     616

     C o n t a c t   S u r f a c e   D a t a

     Data Set for Surface Number          2

     Contact Facet Type                QUAD
     Max # of Nodes per Facet             4

     Three D quadrilateral facet with 4 or more nodes
       Surface Sub-command             BLOC POLA
     Block coordinates in POLAR form
       Reference location:
         x_1 =  0.0000E+00 x_2 =  0.0000E+00 x_3 =  0.0000E+00
       Surface Sub-command             BLOC MATE
       Surface Sub-command             BLOC SEGM

 FEAP *** soft tissue tube with internal hard shell ring                       

   C o n t a c t   S u r f a c e   P a t c h   C o o r d i n a t e s

         Node    X-coord.     Y-coord.     Z-coord.

           1   9.5000E-03  -9.0000E+01   2.0000E-03
           2   9.5000E-03  -9.0000E+01   3.0000E-03
           3   9.5000E-03   0.0000E+00   3.0000E-03
           4   9.5000E-03   0.0000E+00   2.0000E-03
           5   9.5000E-03  -9.0000E+01   2.5000E-03
           6   9.5000E-03  -4.5000E+01   3.0000E-03
           7   9.5000E-03   0.0000E+00   2.5000E-03
           8   9.5000E-03  -4.5000E+01   2.0000E-03
           9   9.5000E-03  -4.5000E+01   2.5000E-03

     S u r f a c e    F a c e t    C o n n e c t i o n s

     Facet  1 Node  2 Node  3 Node  4 Node
         1     526     527     588     587
         2     527     528     589     588
         3     528     529     590     589
         4     529     530     591     590
         5     530     531     592     591
         6     531     532     593     592
         7     532     533     594     593
         8     533     534     595     594
         9     534     535     596     595
        10     535     536     597     596
        11     536     537     598     597
        12     537     538     599     598
        13     538     539     600     599
        14     539     540     601     600
        15     540     541     602     601

     C o n t a c t   S u r f a c e   D a t a

     Data Set for Surface Number          3

     Contact Facet Type                QUAD
     Max # of Nodes per Facet             4

     Three D quadrilateral facet with 4 or more nodes
       Surface Sub-command             BLOC POLA
     Block coordinates in POLAR form
       Reference location:
         x_1 =  0.0000E+00 x_2 =  0.0000E+00 x_3 =  0.0000E+00
       Surface Sub-command             BLOC MATE
       Surface Sub-command             BLOC SEGM

 FEAP *** soft tissue tube with internal hard shell ring                       

   C o n t a c t   S u r f a c e   P a t c h   C o o r d i n a t e s

         Node    X-coord.     Y-coord.     Z-coord.

           1   9.5000E-03   0.0000E+00   2.0000E-03
           2   9.5000E-03   0.0000E+00   3.0000E-03
           3   9.5000E-03   9.0000E+01   3.0000E-03
           4   9.5000E-03   9.0000E+01   2.0000E-03
           5   9.5000E-03   0.0000E+00   2.5000E-03
           6   9.5000E-03   4.5000E+01   3.0000E-03
           7   9.5000E-03   9.0000E+01   2.5000E-03
           8   9.5000E-03   4.5000E+01   2.0000E-03
           9   9.5000E-03   4.5000E+01   2.5000E-03

     S u r f a c e    F a c e t    C o n n e c t i o n s

     Facet  1 Node  2 Node  3 Node  4 Node
         1     571     572     633     632
         2     572     573     634     633
         3     573     574     635     634
         4     574     575     636     635
         5     575     576     637     636
         6     576     577     638     637
         7     577     578     639     638
         8     578     579     640     639
         9     579     580     641     640
        10     580     581     642     641
        11     581     582     643     642
        12     582     583     644     643
        13     583     584     645     644
        14     584     585     646     645
        15     585     526     587     646

     C o n t a c t   S u r f a c e   D a t a

     Data Set for Surface Number          4

     Contact Facet Type                QUAD
     Max # of Nodes per Facet             4

     Three D quadrilateral facet with 4 or more nodes
       Surface Sub-command             BLOC POLA
     Block coordinates in POLAR form
       Reference location:
         x_1 =  0.0000E+00 x_2 =  0.0000E+00 x_3 =  0.0000E+00
       Surface Sub-command             BLOC MATE
       Surface Sub-command             BLOC SEGM

 FEAP *** soft tissue tube with internal hard shell ring                       

   C o n t a c t   S u r f a c e   P a t c h   C o o r d i n a t e s

         Node    X-coord.     Y-coord.     Z-coord.

           1   9.5000E-03   9.0000E+01   2.0000E-03
           2   9.5000E-03   9.0000E+01   3.0000E-03
           3   9.5000E-03   1.8000E+02   3.0000E-03
           4   9.5000E-03   1.8000E+02   2.0000E-03
           5   9.5000E-03   9.0000E+01   2.5000E-03
           6   9.5000E-03   1.3500E+02   3.0000E-03
           7   9.5000E-03   1.8000E+02   2.5000E-03
           8   9.5000E-03   1.3500E+02   2.0000E-03
           9   9.5000E-03   1.3500E+02   2.5000E-03

     S u r f a c e    F a c e t    C o n n e c t i o n s

     Facet  1 Node  2 Node  3 Node  4 Node
         1     556     557     618     617
         2     557     558     619     618
         3     558     559     620     619
         4     559     560     621     620
         5     560     561     622     621
         6     561     562     623     622
         7     562     563     624     623
         8     563     564     625     624
         9     564     565     626     625
        10     565     566     627     626
        11     566     567     628     627
        12     567     568     629     628
        13     568     569     630     629
        14     569     570     631     630
        15     570     571     632     631

     C o n t a c t   P a i r   D a t a

     Data Set for Pair Number             1
     Contact Pair Type:                NTOS

     Node-to-Segment Contact Model
       Slave  Surface                     1
       Master Surface                     5

       P a i r   F e a t u r e:        SOLM
       Solution Method:                PENA
         PENA - Penalty                
         LAGM - Lagrangian Multiplier  
         PERT - Perterbed Tangent      
       Normal     Penalty              1.00000E+07
       Tangential Penalty              1.00000E+06
       Normal Force Limit              0.00000E+00

       P a i r   F e a t u r e:        TOLE
       Contact Tolerances:
         Initial Penetration Tolerance  1.00000E-06
         Open Gap Tolerance             1.00000E-06
         Out of Facet Tolerance         1.00000E-05

     C o n t a c t   P a i r   D a t a

     Data Set for Pair Number             2
     Contact Pair Type:                NTOS

     Node-to-Segment Contact Model
       Slave  Surface                     2
       Master Surface                     6

       P a i r   F e a t u r e:        SOLM
       Solution Method:                PENA
         PENA - Penalty                
         LAGM - Lagrangian Multiplier  
         PERT - Perterbed Tangent      
       Normal     Penalty              1.00000E+07
       Tangential Penalty              1.00000E+06
       Normal Force Limit              0.00000E+00

       P a i r   F e a t u r e:        TOLE
       Contact Tolerances:
         Initial Penetration Tolerance  1.00000E-06
         Open Gap Tolerance             1.00000E-06
         Out of Facet Tolerance         1.00000E-05

     C o n t a c t   P a i r   D a t a

     Data Set for Pair Number             3
     Contact Pair Type:                NTOS

     Node-to-Segment Contact Model
       Slave  Surface                     3
       Master Surface                     7

       P a i r   F e a t u r e:        SOLM
       Solution Method:                PENA
         PENA - Penalty                
         LAGM - Lagrangian Multiplier  
         PERT - Perterbed Tangent      
       Normal     Penalty              1.00000E+07
       Tangential Penalty              1.00000E+06
       Normal Force Limit              0.00000E+00

       P a i r   F e a t u r e:        TOLE
       Contact Tolerances:
         Initial Penetration Tolerance  1.00000E-06
         Open Gap Tolerance             1.00000E-06
         Out of Facet Tolerance         1.00000E-05

     C o n t a c t   P a i r   D a t a

     Data Set for Pair Number             4
     Contact Pair Type:                NTOS

     Node-to-Segment Contact Model
       Slave  Surface                     4
       Master Surface                     8

       P a i r   F e a t u r e:        SOLM
       Solution Method:                PENA
         PENA - Penalty                
         LAGM - Lagrangian Multiplier  
         PERT - Perterbed Tangent      
       Normal     Penalty              1.00000E+07
       Tangential Penalty              1.00000E+06
       Normal Force Limit              0.00000E+00

       P a i r   F e a t u r e:        TOLE
       Contact Tolerances:
         Initial Penetration Tolerance  1.00000E-06
         Open Gap Tolerance             1.00000E-06
         Out of Facet Tolerance         1.00000E-05

  ---------------------------- END OF CONTACT INPUTS -------------------------


    Material  Element Set  Element Type  NH1/2 History  NH3 History  NH4 History
         1            1     Solid                 2            0            0
         2            2     Pressure              0            0            0
         3            3     Shell                 0            0            0

     P a r t i t i o n   1

     E q u a t i o n / P r o b l e m   S u m m a r y:

       Mesh dimension  (ndm) =         3 :  Number nodes     =             647
       Number dof/node (ndf) =         6 :  Number elements  =             396
       Element eqs.   (nadd) =         0 :  Number materials =               4
       Number rigid bodies   =         0 :  Number equations =            2132
                                         :  Number global eq =               0
       Number joints         =         0 :  Number tang terms=          322742
       Transient integrator  = Static    :  Average col. ht. =             152


  ---------------------------- END OF MESH INPUTS ----------------------------


 FEAP *** soft tissue tube with internal hard shell ring                       

     Solution Commands       Variable 1  Variable 2  Variable 3
       PROP                  1.0000E+00  0.0000E+00  0.0000E+00
 *Command   1 * prop                v:   1.00       0.00       0.00    
                                                         t=     0.137     0.018
  Proportional Load Table Number  1
  Type 2: Piecewise Linear Function Variation
  Linear Interpolation Table
   No.    Time        Value
    1   0.00000E+00   0.00000E+00
    2   1.00000E+00   1.00000E+00
 *End of Solution Execution*                             t=     0.137     0.019

 FEAP *** soft tissue tube with internal hard shell ring                       

     Solution Commands       Variable 1  Variable 2  Variable 3
       PLOT      PERS        1.0000E+00  0.0000E+00  0.0000E+00
 *Command   1 * plot PERS           v:   1.00       0.00       0.00    
                                                         t=     0.137     0.019
 Body occupies the space with:
                 X             Y             Z
   Minimum   -1.50000E-02  -1.50000E-02   0.00000E+00
   Maximum    1.50000E-02   1.50000E-02   5.00000E-03
   View pt    0.00000E+00   0.00000E+00   6.00000E-01

   Components of vertical vector   (X,Y,Z).
          X= 0.00E+00, Y= 1.00E+00, Z= 0.00E+00

 *End of Solution Execution*                             t=     0.143     0.019

 FEAP *** soft tissue tube with internal hard shell ring                       

     Solution Commands       Variable 1  Variable 2  Variable 3
       PLOT      HIDE        0.0000E+00  0.0000E+00  0.0000E+00
       PLOT      ROTA        2.0000E+00  4.5000E+01  0.0000E+00
       PLOT      MESH        0.0000E+00  0.0000E+00  0.0000E+00
       PLOT      AXIS        0.0000E+00  0.0000E+00  0.0000E+00
       PLOT      CYLI        0.0000E+00  0.0000E+00  0.0000E+00
       PLOT      DEFO        0.0000E+00  0.0000E+00  0.0000E+00
       plot      pair        1.0000E+00  4.0000E+00  0.0000E+00
 *Command   1 * plot HIDE           v:   0.00       0.00       0.00    
                                                         t=     0.144     0.019
 *Command   2 * plot ROTA           v:   2.00       45.0       0.00    
                                                         t=     0.144     0.019
 *Command   3 * plot MESH           v:   0.00       0.00       0.00    
                                                         t=     0.145     0.023
 *Command   4 * plot AXIS           v:   0.00       0.00       0.00    
                                                         t=     0.145     0.023
 *Command   5 * plot CYLI           v:   0.00       0.00       0.00    
                                                         t=     0.146     0.023
 *Command   6 * plot DEFO           v:   0.00       0.00       0.00    
                                                         t=     0.146     0.023
  -> Plots on deformed mesh with scale: 1.00000E+00
                     Eigenvector scale: 0.00000E+00
 *Command   7 * plot pair           v:   1.00       4.00       0.00    
                                                         t=     0.146     0.023
 *End of Solution Execution*                             t=     0.147     0.023
 *End of Solution Execution*                             t=     0.147     0.023

 FEAP *** soft tissue tube with internal hard shell ring                       

     Solution Commands       Variable 1  Variable 2  Variable 3
       cyli      0           0.0000E+00  0.0000E+00  0.0000E+00
       DT                    1.0000E-02  0.0000E+00  0.0000E+00
       LOOP      time        4.0000E+01  0.0000E+00  0.0000E+00
       TIME                  0.0000E+00  0.0000E+00  0.0000E+00
       CONT      CHECK       0.0000E+00  0.0000E+00  0.0000E+00
       LOOP      newton      5.0000E+01  0.0000E+00  0.0000E+00
       UTANG                 1.0000E+00  0.0000E+00  0.0000E+00
       NEXT      newton      0.0000E+00  0.0000E+00  0.0000E+00
       PLOT      WIPE        0.0000E+00  0.0000E+00  0.0000E+00
       PLOT      UNDE        0.0000E+00  0.0000E+00  0.0000E+00
       PLOT      MESH        0.0000E+00  0.0000E+00  0.0000E+00
       PLOT      DEFO        1.0000E+00  1.0000E+00  0.0000E+00
       PLOT      PAIR        1.0000E+00  4.0000E+00  0.0000E+00
       NEXT      time        0.0000E+00  0.0000E+00  0.0000E+00
 *Command   1 * cyli 0              v:   0.00       0.00       0.00    
                                                         t=     0.148     0.024
   Coordinates in Cartesian coordinates;
 Displacements in cylindrical coordinates.
   Transformation origin located at:
    x(1) =  0.00000E+00    x(2) =  0.00000E+00    x(3) =  0.00000E+00
 *Command   2 * dt                  v:  0.100E-01   0.00       0.00    
                                                         t=     0.149     0.024
   DT: equal linear increments = 1.000000E-02
 *Command   3 * loop time           v:   40.0       15.0       0.00    
                                                         t=     0.149     0.024
 *Command   4 * time                v:   0.00       0.00       0.00    
                                                         t=     0.149     0.024

   Computing solution at time   1.0000E-02 using dt =  1.0000E-02
   Total proportional load is   1.0000E-02
 *Command   5 * cont CHECK          v:   0.00       0.00       0.00    
                                                         t=     0.151     0.024

   Pair Number =   1,  Total Slave Points =    32

    0 - Not in Contact           =    32
    1 - Number to a Facet        =     0
    2 - Number to a Concave Edge =     0
    3 - Number to a Convex  Edge =     0
    4 - Number to a Point        =     0


   Pair Number =   2,  Total Slave Points =    32

    0 - Not in Contact           =    32
    1 - Number to a Facet        =     0
    2 - Number to a Concave Edge =     0
    3 - Number to a Convex  Edge =     0
    4 - Number to a Point        =     0


   Pair Number =   3,  Total Slave Points =    32

    0 - Not in Contact           =    32
    1 - Number to a Facet        =     0
    2 - Number to a Concave Edge =     0
    3 - Number to a Convex  Edge =     0
    4 - Number to a Point        =     0


   Pair Number =   4,  Total Slave Points =    32

    0 - Not in Contact           =    32
    1 - Number to a Facet        =     0
    2 - Number to a Concave Edge =     0
    3 - Number to a Convex  Edge =     0
    4 - Number to a Point        =     0

-->Contact check
 *Command   6 * loop newton         v:   50.0       9.00       0.00    
                                                         t=     0.151     0.024
 *Command   7 * utan                v:   1.00       0.00       0.00    
                                                         t=     0.151     0.024
   Residual 1 norm =  5.8234285E-02 Rel =  1.0000000E+00 t=     0.170     0.028
      Convergence: Equations  norm   = F
      Convergence: Individual groups = F
 *D4TRIU WARNING* Lost at least 7 digits in reducing diagonals of         1 equations.
                 Step:      1 Iteration:     0
 *D4TRIU WARNING* Sign of diagonal changed when reducing         1 equations.
                 Step:      1 Iteration:     0
 Condition check: D-max 0.4123E+08; D-min 0.3683E-10; Ratio 0.1119E+19
 Maximum no. diagonal digits lost: 14 in reducing equation    1488
   End Triangular Decomposition                          t=     0.217     0.030
   Number of operations =  580485 plus       59 Mega-ops
  Time: CPU =         0.22 , System =         0.03
--> SOLVE AT  2564.59 Mflops. Time=        0.05
   Energy convergence check
    Initial   =    1.512086106822611E-05 Current   =    1.512086106822611E-05
    Relative  =    1.000000000000000E+00 Tolerance =    1.000000000000000E-16
      Convergence: Energy |R*u| norm = F
      Convergence: Individual groups = F
 *Command   8 * next newton         v:   1.00       7.00       1.00    
                                                         t=     0.219     0.030
 *Command   7 * utan                v:   1.00       0.00       0.00    
                                                         t=     0.219     0.030
   Residual 1 norm =  7.0152704E-04 Rel =  1.2046633E-02 t=     0.234     0.030
      Convergence: Equations  norm   = F
      Convergence: Individual groups = F
 *D4TRIU WARNING* Lost at least 7 digits in reducing diagonals of         1 equations.
                 Step:      1 Iteration:     1
 *D4TRIU WARNING* Sign of diagonal changed when reducing         2 equations.
                 Step:      1 Iteration:     1
 Condition check: D-max 0.4123E+08; D-min 0.1683E-10; Ratio 0.2451E+19
 Maximum no. diagonal digits lost: 15 in reducing equation    1488
   End Triangular Decomposition                          t=     0.272     0.030
   Number of operations =  580485 plus       59 Mega-ops
  Time: CPU =         0.27 , System =         0.03
--> SOLVE AT  3124.39 Mflops. Time=        0.04
   Energy convergence check
    Initial   =    1.512086106822611E-05 Current   =    1.686978873279893E-10
    Relative  =    1.115663232185097E-05 Tolerance =    1.000000000000000E-16
      Convergence: Energy |R*u| norm = F
      Convergence: Individual groups = F
 *Command   8 * next newton         v:   2.00       7.00       2.00    
                                                         t=     0.274     0.030
 *Command   7 * utan                v:   1.00       0.00       0.00    
                                                         t=     0.274     0.030
   Residual 1 norm =  3.5603151E-09 Rel =  6.1137784E-08 t=     0.289     0.030
      Convergence: Equations  norm   = F
      Convergence: Individual groups = F
 *D4TRIU WARNING* Lost at least 7 digits in reducing diagonals of         3 equations.
                 Step:      1 Iteration:     2
 *D4TRIU WARNING* Sign of diagonal changed when reducing         3 equations.
                 Step:      1 Iteration:     2
 Condition check: D-max 0.4123E+08; D-min 0.3001E-10; Ratio 0.1374E+19
 Maximum no. diagonal digits lost: 15 in reducing equation    1488
   End Triangular Decomposition                          t=     0.328     0.031
   Number of operations =  580485 plus       59 Mega-ops
  Time: CPU =         0.33 , System =         0.03
--> SOLVE AT  3023.08 Mflops. Time=        0.04
   Energy convergence check
    Initial   =    1.512086106822611E-05 Current   =    1.993859399872058E-20
    Relative  =    1.318614985532677E-15 Tolerance =    1.000000000000000E-16
      Convergence: Energy |R*u| norm = F
      Convergence: Individual groups = F
 *Command   8 * next newton         v:   3.00       7.00       3.00    
                                                         t=     0.331     0.031
 *Command   7 * utan                v:   1.00       0.00       0.00    
                                                         t=     0.331     0.031
   Residual 1 norm =  5.5180649E-13 Rel =  9.4756291E-12 t=     0.345     0.031
      Convergence: Equations  norm   = T
      Convergence: Individual groups = T
 *D4TRIU WARNING* Lost at least 7 digits in reducing diagonals of         3 equations.
                 Step:      1 Iteration:     3
 Condition check: D-max 0.4123E+08; D-min 0.5457E-11; Ratio 0.7556E+19
 Maximum no. diagonal digits lost: 15 in reducing equation    1488
   End Triangular Decomposition                          t=     0.383     0.031
   Number of operations =  580485 plus       59 Mega-ops
  Time: CPU =         0.39 , System =         0.03
--> SOLVE AT  3113.69 Mflops. Time=        0.04
   Energy convergence check
    Initial   =    1.512086106822611E-05 Current   =    3.488782121800084E-23
    Relative  =    2.307264186912715E-18 Tolerance =    1.000000000000000E-16
      Convergence: Energy |R*u| norm = T
      Convergence: Individual groups = F
 *Command   8 * next newton         v:   50.0       7.00       4.00    
                                                         t=     0.386     0.031
 *Command   9 * plot WIPE           v:   0.00       0.00       0.00    
                                                         t=     0.386     0.031
 *Command  10 * plot UNDE           v:   0.00       0.00       0.00    
                                                         t=     0.386     0.031
 *Command  11 * plot MESH           v:   0.00       0.00       0.00    
                                                         t=     0.387     0.031
 *Command  12 * plot DEFO           v:   1.00       1.00       0.00    
                                                         t=     0.387     0.031
  -> Plots on deformed mesh with scale: 1.00000E+00
                     Eigenvector scale: 0.00000E+00
 *Command  13 * plot PAIR           v:   1.00       4.00       0.00    
                                                         t=     0.387     0.031
 *Command  14 * next time           v:   1.00       4.00       1.00    
                                                         t=     0.387     0.032
 *Command   4 * time                v:   0.00       0.00       0.00    
                                                         t=     0.387     0.032

   Computing solution at time   2.0000E-02 using dt =  1.0000E-02
   Total proportional load is   2.0000E-02
 *Command   5 * cont CHECK          v:   0.00       0.00       0.00    
                                                         t=     0.391     0.032

   Pair Number =   1,  Total Slave Points =    32

    0 - Not in Contact           =    32
    1 - Number to a Facet        =     0
    2 - Number to a Concave Edge =     0
    3 - Number to a Convex  Edge =     0
    4 - Number to a Point        =     0


   Pair Number =   2,  Total Slave Points =    32

    0 - Not in Contact           =    32
    1 - Number to a Facet        =     0
    2 - Number to a Concave Edge =     0
    3 - Number to a Convex  Edge =     0
    4 - Number to a Point        =     0


   Pair Number =   3,  Total Slave Points =    32

    0 - Not in Contact           =    32
    1 - Number to a Facet        =     0
    2 - Number to a Concave Edge =     0
    3 - Number to a Convex  Edge =     0
    4 - Number to a Point        =     0


   Pair Number =   4,  Total Slave Points =    32

    0 - Not in Contact           =    32
    1 - Number to a Facet        =     0
    2 - Number to a Concave Edge =     0
    3 - Number to a Convex  Edge =     0
    4 - Number to a Point        =     0

-->Contact check
 *Command   6 * loop newton         v:   50.0       9.00       0.00    
                                                         t=     0.391     0.032
 *Command   7 * utan                v:   1.00       0.00       0.00    
                                                         t=     0.391     0.032
   Residual 1 norm =  5.8196238E-02 Rel =  1.0000000E+00 t=     0.414     0.032
      Convergence: Equations  norm   = F
      Convergence: Individual groups = F
 *D4TRIU WARNING* Lost at least 7 digits in reducing diagonals of         1 equations.
                 Step:      2 Iteration:     0
 *D4TRIU WARNING* Sign of diagonal changed when reducing         1 equations.
                 Step:      2 Iteration:     0
 Condition check: D-max 0.4123E+08; D-min 0.6366E-11; Ratio 0.6477E+19
 Maximum no. diagonal digits lost: 15 in reducing equation    1488
   End Triangular Decomposition                          t=     0.470     0.033
   Number of operations =  580485 plus       59 Mega-ops
  Time: CPU =         0.47 , System =         0.03
--> SOLVE AT  2153.14 Mflops. Time=        0.06
   Energy convergence check
    Initial   =    1.495879560101743E-05 Current   =    1.495879560101743E-05
    Relative  =    1.000000000000000E+00 Tolerance =    1.000000000000000E-16
      Convergence: Energy |R*u| norm = F
      Convergence: Individual groups = F
 *Command   8 * next newton         v:   1.00       7.00       1.00    
                                                         t=     0.473     0.033
 *Command   7 * utan                v:   1.00       0.00       0.00    
                                                         t=     0.473     0.033
   Residual 1 norm =  6.9339466E-04 Rel =  1.1914768E-02 t=     0.487     0.033
      Convergence: Equations  norm   = F
      Convergence: Individual groups = F
 *D4TRIU WARNING* Lost at least 7 digits in reducing diagonals of         1 equations.
                 Step:      2 Iteration:     1
 *D4TRIU WARNING* Sign of diagonal changed when reducing         2 equations.
                 Step:      2 Iteration:     1
 Condition check: D-max 0.4123E+08; D-min 0.1501E-10; Ratio 0.2748E+19
 Maximum no. diagonal digits lost: 15 in reducing equation    1488
   End Triangular Decomposition                          t=     0.526     0.034
   Number of operations =  580485 plus       59 Mega-ops
  Time: CPU =         0.53 , System =         0.03
--> SOLVE AT  3124.88 Mflops. Time=        0.04
   Energy convergence check
    Initial   =    1.495879560101743E-05 Current   =    1.655566410039141E-10
    Relative  =    1.106751141065486E-05 Tolerance =    1.000000000000000E-16
      Convergence: Energy |R*u| norm = F
      Convergence: Individual groups = F
 *Command   8 * next newton         v:   2.00       7.00       2.00    
                                                         t=     0.528     0.034
 *Command   7 * utan                v:   1.00       0.00       0.00    
                                                         t=     0.528     0.034
   Residual 1 norm =  3.4907704E-09 Rel =  5.9982750E-08 t=     0.542     0.034
      Convergence: Equations  norm   = F
      Convergence: Individual groups = F
 *D4TRIU WARNING* Lost at least 7 digits in reducing diagonals of         3 equations.
                 Step:      2 Iteration:     2
 *D4TRIU WARNING* Sign of diagonal changed when reducing         1 equations.
                 Step:      2 Iteration:     2
 Condition check: D-max 0.4123E+08; D-min 0.5002E-11; Ratio 0.8243E+19
 Maximum no. diagonal digits lost: 15 in reducing equation    1488
   End Triangular Decomposition                          t=     0.581     0.034
   Number of operations =  580485 plus       59 Mega-ops
  Time: CPU =         0.58 , System =         0.03
--> SOLVE AT  2996.03 Mflops. Time=        0.04
   Energy convergence check
    Initial   =    1.495879560101743E-05 Current   =    4.147783463747410E-20
    Relative  =    2.772805762159954E-15 Tolerance =    1.000000000000000E-16
      Convergence: Energy |R*u| norm = F
      Convergence: Individual groups = F
 *Command   8 * next newton         v:   3.00       7.00       3.00    
                                                         t=     0.584     0.034
 *Command   7 * utan                v:   1.00       0.00       0.00    
                                                         t=     0.584     0.034
   Residual 1 norm =  8.7590302E-08 Rel =  1.5050853E-06 t=     0.599     0.034
      Convergence: Equations  norm   = F
      Convergence: Individual groups = F
 *D4TRIU WARNING* Lost at least 7 digits in reducing diagonals of         1 equations.
                 Step:      2 Iteration:     3
 Condition check: D-max 0.4123E+08; D-min 0.1137E-10; Ratio 0.3627E+19
 Maximum no. diagonal digits lost: 15 in reducing equation    1488
   End Triangular Decomposition                          t=     0.637     0.036
   Number of operations =  580485 plus       59 Mega-ops
  Time: CPU =         0.64 , System =         0.04
--> SOLVE AT  3131.62 Mflops. Time=        0.04
   Energy convergence check
    Initial   =    1.495879560101743E-05 Current   =    1.111088907630160E-18
    Relative  =    7.427662876512522E-14 Tolerance =    1.000000000000000E-16
      Convergence: Energy |R*u| norm = F
      Convergence: Individual groups = F
 *Command   8 * next newton         v:   4.00       7.00       4.00    
                                                         t=     0.640     0.036
 *Command   7 * utan                v:   1.00       0.00       0.00    
                                                         t=     0.640     0.036
   Residual 1 norm =  1.7230348E-14 Rel =  2.9607323E-13 t=     0.655     0.037
      Convergence: Equations  norm   = T
      Convergence: Individual groups = T
 *D4TRIU WARNING* Lost at least 7 digits in reducing diagonals of         3 equations.
                 Step:      2 Iteration:     4
 *D4TRIU WARNING* Sign of diagonal changed when reducing         1 equations.
                 Step:      2 Iteration:     4
 Condition check: D-max 0.4123E+08; D-min 0.4547E-12; Ratio 0.9067E+20
 Maximum no. diagonal digits lost: 16 in reducing equation    1488
   End Triangular Decomposition                          t=     0.700     0.037
   Number of operations =  580485 plus       59 Mega-ops
  Time: CPU =         0.70 , System =         0.04
--> SOLVE AT  2704.94 Mflops. Time=        0.04
   Energy convergence check
    Initial   =    1.495879560101743E-05 Current   =    7.072677871861624E-22
    Relative  =    4.728106500352591E-17 Tolerance =    1.000000000000000E-16
      Convergence: Energy |R*u| norm = T
      Convergence: Individual groups = F
 *Command   8 * next newton         v:   50.0       7.00       5.00    
                                                         t=     0.702     0.037
 *Command   9 * plot WIPE           v:   0.00       0.00       0.00    
                                                         t=     0.702     0.037
 *Command  10 * plot UNDE           v:   0.00       0.00       0.00    
                                                         t=     0.702     0.037
 *Command  11 * plot MESH           v:   0.00       0.00       0.00    
                                                         t=     0.703     0.037
 *Command  12 * plot DEFO           v:   1.00       1.00       0.00    
                                                         t=     0.703     0.037
  -> Plots on deformed mesh with scale: 1.00000E+00
                     Eigenvector scale: 0.00000E+00
 *Command  13 * plot PAIR           v:   1.00       4.00       0.00    
                                                         t=     0.703     0.037
 *Command  14 * next time           v:   2.00       4.00       2.00    
                                                         t=     0.705     0.037
 *Command   4 * time                v:   0.00       0.00       0.00    
                                                         t=     0.705     0.037

   Computing solution at time   3.0000E-02 using dt =  1.0000E-02
   Total proportional load is   3.0000E-02
 *Command   5 * cont CHECK          v:   0.00       0.00       0.00    
                                                         t=     0.708     0.037

   Pair Number =   1,  Total Slave Points =    32

    0 - Not in Contact           =    32
    1 - Number to a Facet        =     0
    2 - Number to a Concave Edge =     0
    3 - Number to a Convex  Edge =     0
    4 - Number to a Point        =     0


   Pair Number =   2,  Total Slave Points =    32

    0 - Not in Contact           =    32
    1 - Number to a Facet        =     0
    2 - Number to a Concave Edge =     0
    3 - Number to a Convex  Edge =     0
    4 - Number to a Point        =     0


   Pair Number =   3,  Total Slave Points =    32

    0 - Not in Contact           =    32
    1 - Number to a Facet        =     0
    2 - Number to a Concave Edge =     0
    3 - Number to a Convex  Edge =     0
    4 - Number to a Point        =     0


   Pair Number =   4,  Total Slave Points =    32

    0 - Not in Contact           =    32
    1 - Number to a Facet        =     0
    2 - Number to a Concave Edge =     0
    3 - Number to a Convex  Edge =     0
    4 - Number to a Point        =     0

-->Contact check
 *Command   6 * loop newton         v:   50.0       9.00       0.00    
                                                         t=     0.708     0.037
 *Command   7 * utan                v:   1.00       0.00       0.00    
                                                         t=     0.708     0.037
   Residual 1 norm =  5.8158003E-02 Rel =  1.0000000E+00 t=     0.725     0.038
      Convergence: Equations  norm   = F
      Convergence: Individual groups = F
 *D4TRIU WARNING* Lost at least 7 digits in reducing diagonals of         1 equations.
                 Step:      3 Iteration:     0
 Condition check: D-max 0.4123E+08; D-min 0.8640E-11; Ratio 0.4772E+19
 Maximum no. diagonal digits lost: 15 in reducing equation    1488
   End Triangular Decomposition                          t=     0.775     0.038
   Number of operations =  580485 plus       59 Mega-ops
  Time: CPU =         0.78 , System =         0.04
--> SOLVE AT  2388.00 Mflops. Time=        0.05
   Energy convergence check
    Initial   =    1.480213136152247E-05 Current   =    1.480213136152247E-05
    Relative  =    1.000000000000000E+00 Tolerance =    1.000000000000000E-16
      Convergence: Energy |R*u| norm = F
      Convergence: Individual groups = F
 *Command   8 * next newton         v:   1.00       7.00       1.00    
                                                         t=     0.779     0.038
 *Command   7 * utan                v:   1.00       0.00       0.00    
                                                         t=     0.779     0.038
   Residual 1 norm =  6.8536299E-04 Rel =  1.1784500E-02 t=     0.795     0.038
      Convergence: Equations  norm   = F
      Convergence: Individual groups = F
 *D4TRIU WARNING* Lost at least 7 digits in reducing diagonals of         1 equations.
                 Step:      3 Iteration:     1
 *D4TRIU WARNING* Sign of diagonal changed when reducing         2 equations.
                 Step:      3 Iteration:     1
 Condition check: D-max 0.4123E+08; D-min 0.1000E-10; Ratio 0.4122E+19
 Maximum no. diagonal digits lost: 15 in reducing equation    1488
   End Triangular Decomposition                          t=     0.839     0.039
   Number of operations =  580485 plus       59 Mega-ops
  Time: CPU =         0.84 , System =         0.04
--> SOLVE AT  2747.60 Mflops. Time=        0.04
   Energy convergence check
    Initial   =    1.480213136152247E-05 Current   =    1.625311632543272E-10
    Relative  =    1.098025407859981E-05 Tolerance =    1.000000000000000E-16
      Convergence: Energy |R*u| norm = F
      Convergence: Individual groups = F
 *Command   8 * next newton         v:   2.00       7.00       2.00    
                                                         t=     0.841     0.039
 *Command   7 * utan                v:   1.00       0.00       0.00    
                                                         t=     0.841     0.039
   Residual 1 norm =  3.4227146E-09 Rel =  5.8851997E-08 t=     0.858     0.040
      Convergence: Equations  norm   = F
      Convergence: Individual groups = F
 *D4TRIU WARNING* Lost at least 7 digits in reducing diagonals of         3 equations.
                 Step:      3 Iteration:     2
 *D4TRIU WARNING* Sign of diagonal changed when reducing         2 equations.
                 Step:      3 Iteration:     2
 Condition check: D-max 0.4123E+08; D-min 0.2774E-10; Ratio 0.1486E+19
 Maximum no. diagonal digits lost: 15 in reducing equation    1488
   End Triangular Decomposition                          t=     0.899     0.040
   Number of operations =  580485 plus       59 Mega-ops
  Time: CPU =         0.90 , System =         0.04
--> SOLVE AT  2871.55 Mflops. Time=        0.04
   Energy convergence check
    Initial   =    1.480213136152247E-05 Current   =    1.859703875033820E-20
    Relative  =    1.256375740501834E-15 Tolerance =    1.000000000000000E-16
      Convergence: Energy |R*u| norm = F
      Convergence: Individual groups = F
 *Command   8 * next newton         v:   3.00       7.00       3.00    
                                                         t=     0.902     0.040
 *Command   7 * utan                v:   1.00       0.00       0.00    
                                                         t=     0.902     0.040
   Residual 1 norm =  3.3188036E-11 Rel =  5.7065294E-10 t=     0.918     0.041
      Convergence: Equations  norm   = T
      Convergence: Individual groups = F
 *D4TRIU WARNING* Lost at least 7 digits in reducing diagonals of         3 equations.
                 Step:      3 Iteration:     3
 Condition check: D-max 0.4123E+08; D-min 0.4093E-11; Ratio 0.1007E+20
 Maximum no. diagonal digits lost: 15 in reducing equation    1488
   End Triangular Decomposition                          t=     0.957     0.044
   Number of operations =  580485 plus       59 Mega-ops
  Time: CPU =         0.96 , System =         0.05
--> SOLVE AT  3084.19 Mflops. Time=        0.04
   Energy convergence check
    Initial   =    1.480213136152247E-05 Current   =    1.763982149413753E-22
    Relative  =    1.191708211696562E-17 Tolerance =    1.000000000000000E-16
      Convergence: Energy |R*u| norm = T
      Convergence: Individual groups = F
 *Command   8 * next newton         v:   50.0       7.00       4.00    
                                                         t=     0.958     0.046
 *Command   9 * plot WIPE           v:   0.00       0.00       0.00    
                                                         t=     0.958     0.046
 *Command  10 * plot UNDE           v:   0.00       0.00       0.00    
                                                         t=     0.958     0.046
 *Command  11 * plot MESH           v:   0.00       0.00       0.00    
                                                         t=     0.958     0.046
 *Command  12 * plot DEFO           v:   1.00       1.00       0.00    
                                                         t=     0.958     0.046
  -> Plots on deformed mesh with scale: 1.00000E+00
                     Eigenvector scale: 0.00000E+00
 *Command  13 * plot PAIR           v:   1.00       4.00       0.00    
                                                         t=     0.958     0.046
 *Command  14 * next time           v:   3.00       4.00       3.00    
                                                         t=     0.959     0.046
 *Command   4 * time                v:   0.00       0.00       0.00    
                                                         t=     0.959     0.046

   Computing solution at time   4.0000E-02 using dt =  1.0000E-02
   Total proportional load is   4.0000E-02
 *Command   5 * cont CHECK          v:   0.00       0.00       0.00    
                                                         t=     0.962     0.046

   Pair Number =   1,  Total Slave Points =    32

    0 - Not in Contact           =    32
    1 - Number to a Facet        =     0
    2 - Number to a Concave Edge =     0
    3 - Number to a Convex  Edge =     0
    4 - Number to a Point        =     0


   Pair Number =   2,  Total Slave Points =    32

    0 - Not in Contact           =    32
    1 - Number to a Facet        =     0
    2 - Number to a Concave Edge =     0
    3 - Number to a Convex  Edge =     0
    4 - Number to a Point        =     0


   Pair Number =   3,  Total Slave Points =    32

    0 - Not in Contact           =    32
    1 - Number to a Facet        =     0
    2 - Number to a Concave Edge =     0
    3 - Number to a Convex  Edge =     0
    4 - Number to a Point        =     0


   Pair Number =   4,  Total Slave Points =    32

    0 - Not in Contact           =    32
    1 - Number to a Facet        =     0
    2 - Number to a Concave Edge =     0
    3 - Number to a Convex  Edge =     0
    4 - Number to a Point        =     0

-->Contact check
 *Command   6 * loop newton         v:   50.0       9.00       0.00    
                                                         t=     0.962     0.046
 *Command   7 * utan                v:   1.00       0.00       0.00    
                                                         t=     0.962     0.046
   Residual 1 norm =  5.8120083E-02 Rel =  1.0000000E+00 t=     0.978     0.046
      Convergence: Equations  norm   = F
      Convergence: Individual groups = F
 *D4TRIU WARNING* Lost at least 7 digits in reducing diagonals of         1 equations.
                 Step:      4 Iteration:     0
 Condition check: D-max 0.4123E+08; D-min 0.4093E-11; Ratio 0.1007E+20
 Maximum no. diagonal digits lost: 15 in reducing equation    1488
   End Triangular Decomposition                          t=     1.019     0.046
   Number of operations =  580485 plus       59 Mega-ops
  Time: CPU =         1.02 , System =         0.05
--> SOLVE AT  2901.20 Mflops. Time=        0.04
   Energy convergence check
    Initial   =    1.465048730933162E-05 Current   =    1.465048730933162E-05
    Relative  =    1.000000000000000E+00 Tolerance =    1.000000000000000E-16
      Convergence: Energy |R*u| norm = F
      Convergence: Individual groups = F
 *Command   8 * next newton         v:   1.00       7.00       1.00    
                                                         t=     1.022     0.046
 *Command   7 * utan                v:   1.00       0.00       0.00    
                                                         t=     1.022     0.046
   Residual 1 norm =  6.7742927E-04 Rel =  1.1655683E-02 t=     1.042     0.046
      Convergence: Equations  norm   = F
      Convergence: Individual groups = F
 *D4TRIU WARNING* Lost at least 7 digits in reducing diagonals of         1 equations.
                 Step:      4 Iteration:     1
 *D4TRIU WARNING* Sign of diagonal changed when reducing         2 equations.
                 Step:      4 Iteration:     1
 Condition check: D-max 0.4123E+08; D-min 0.9095E-11; Ratio 0.4534E+19
 Maximum no. diagonal digits lost: 15 in reducing equation    1488
   End Triangular Decomposition                          t=     1.080     0.046
   Number of operations =  580485 plus       59 Mega-ops
  Time: CPU =         1.08 , System =         0.05
--> SOLVE AT  3193.21 Mflops. Time=        0.04
   Energy convergence check
    Initial   =    1.465048730933162E-05 Current   =    1.596124513803060E-10
    Relative  =    1.089468548111986E-05 Tolerance =    1.000000000000000E-16
      Convergence: Energy |R*u| norm = F
      Convergence: Individual groups = F
 *Command   8 * next newton         v:   2.00       7.00       2.00    
                                                         t=     1.082     0.046
 *Command   7 * utan                v:   1.00       0.00       0.00    
                                                         t=     1.082     0.046
   Residual 1 norm =  3.3560879E-09 Rel =  5.7744032E-08 t=     1.097     0.046
      Convergence: Equations  norm   = F
      Convergence: Individual groups = F
 *D4TRIU WARNING* Lost at least 7 digits in reducing diagonals of         3 equations.
                 Step:      4 Iteration:     2
 *D4TRIU WARNING* Sign of diagonal changed when reducing         3 equations.
                 Step:      4 Iteration:     2
 Condition check: D-max 0.4123E+08; D-min 0.3956E-10; Ratio 0.1042E+19
 Maximum no. diagonal digits lost: 14 in reducing equation    1488
   End Triangular Decomposition                          t=     1.136     0.046
   Number of operations =  580485 plus       59 Mega-ops
  Time: CPU =         1.14 , System =         0.05
--> SOLVE AT  3049.78 Mflops. Time=        0.04
   Energy convergence check
    Initial   =    1.465048730933162E-05 Current   =    1.799652676023066E-20
    Relative  =    1.228391000261662E-15 Tolerance =    1.000000000000000E-16
      Convergence: Energy |R*u| norm = F
      Convergence: Individual groups = F
 *Command   8 * next newton         v:   3.00       7.00       3.00    
                                                         t=     1.138     0.046
 *Command   7 * utan                v:   1.00       0.00       0.00    
                                                         t=     1.138     0.046
   Residual 1 norm =  3.3880876E-12 Rel =  5.8294611E-11 t=     1.153     0.046
      Convergence: Equations  norm   = T
      Convergence: Individual groups = T
 *D4TRIU WARNING* Lost at least 7 digits in reducing diagonals of         3 equations.
                 Step:      4 Iteration:     3
 Condition check: D-max 0.4123E+08; D-min 0.4593E-10; Ratio 0.8978E+18
 Maximum no. diagonal digits lost: 14 in reducing equation    1488
   End Triangular Decomposition                          t=     1.199     0.046
   Number of operations =  580485 plus       59 Mega-ops
  Time: CPU =         1.20 , System =         0.05
--> SOLVE AT  2600.98 Mflops. Time=        0.05
   Energy convergence check
    Initial   =    1.465048730933162E-05 Current   =    1.028024569752820E-23
    Relative  =    7.016999148540406E-19 Tolerance =    1.000000000000000E-16
      Convergence: Energy |R*u| norm = T
      Convergence: Individual groups = F
 *Command   8 * next newton         v:   50.0       7.00       4.00    
                                                         t=     1.202     0.046
 *Command   9 * plot WIPE           v:   0.00       0.00       0.00    
                                                         t=     1.202     0.046
 *Command  10 * plot UNDE           v:   0.00       0.00       0.00    
                                                         t=     1.202     0.046
 *Command  11 * plot MESH           v:   0.00       0.00       0.00    
                                                         t=     1.202     0.046
 *Command  12 * plot DEFO           v:   1.00       1.00       0.00    
                                                         t=     1.203     0.046
  -> Plots on deformed mesh with scale: 1.00000E+00
                     Eigenvector scale: 0.00000E+00
 *Command  13 * plot PAIR           v:   1.00       4.00       0.00    
                                                         t=     1.203     0.046
 *Command  14 * next time           v:   4.00       4.00       4.00    
                                                         t=     1.204     0.046
 *Command   4 * time                v:   0.00       0.00       0.00    
                                                         t=     1.204     0.046

   Computing solution at time   5.0000E-02 using dt =  1.0000E-02
   Total proportional load is   5.0000E-02
 *Command   5 * cont CHECK          v:   0.00       0.00       0.00    
                                                         t=     1.207     0.046

   Pair Number =   1,  Total Slave Points =    32

    0 - Not in Contact           =    32
    1 - Number to a Facet        =     0
    2 - Number to a Concave Edge =     0
    3 - Number to a Convex  Edge =     0
    4 - Number to a Point        =     0


   Pair Number =   2,  Total Slave Points =    32

    0 - Not in Contact           =    32
    1 - Number to a Facet        =     0
    2 - Number to a Concave Edge =     0
    3 - Number to a Convex  Edge =     0
    4 - Number to a Point        =     0


   Pair Number =   3,  Total Slave Points =    32

    0 - Not in Contact           =    32
    1 - Number to a Facet        =     0
    2 - Number to a Concave Edge =     0
    3 - Number to a Convex  Edge =     0
    4 - Number to a Point        =     0


   Pair Number =   4,  Total Slave Points =    32

    0 - Not in Contact           =    32
    1 - Number to a Facet        =     0
    2 - Number to a Concave Edge =     0
    3 - Number to a Convex  Edge =     0
    4 - Number to a Point        =     0

-->Contact check
 *Command   6 * loop newton         v:   50.0       9.00       0.00    
                                                         t=     1.207     0.046
 *Command   7 * utan                v:   1.00       0.00       0.00    
                                                         t=     1.207     0.046
   Residual 1 norm =  5.8082315E-02 Rel =  1.0000000E+00 t=     1.224     0.046
      Convergence: Equations  norm   = F
      Convergence: Individual groups = F
 *D4TRIU WARNING* Lost at least 7 digits in reducing diagonals of         1 equations.
                 Step:      5 Iteration:     0
 *D4TRIU WARNING* Sign of diagonal changed when reducing         1 equations.
                 Step:      5 Iteration:     0
 Condition check: D-max 0.4123E+08; D-min 0.6366E-11; Ratio 0.6477E+19
 Maximum no. diagonal digits lost: 15 in reducing equation    1488
   End Triangular Decomposition                          t=     1.269     0.046
   Number of operations =  580485 plus       59 Mega-ops
  Time: CPU =         1.27 , System =         0.05
--> SOLVE AT  2629.79 Mflops. Time=        0.05
   Energy convergence check
    Initial   =    1.450348866370300E-05 Current   =    1.450348866370300E-05
    Relative  =    1.000000000000000E+00 Tolerance =    1.000000000000000E-16
      Convergence: Energy |R*u| norm = F
      Convergence: Individual groups = F
 *Command   8 * next newton         v:   1.00       7.00       1.00    
                                                         t=     1.272     0.046
 *Command   7 * utan                v:   1.00       0.00       0.00    
                                                         t=     1.272     0.046
   Residual 1 norm =  6.6959295E-04 Rel =  1.1528345E-02 t=     1.288     0.047
      Convergence: Equations  norm   = F
      Convergence: Individual groups = F
 *D4TRIU WARNING* Lost at least 7 digits in reducing diagonals of         1 equations.
                 Step:      5 Iteration:     1
 *D4TRIU WARNING* Sign of diagonal changed when reducing         3 equations.
                 Step:      5 Iteration:     1
 Condition check: D-max 0.4123E+08; D-min 0.1819E-11; Ratio 0.2267E+20
 Maximum no. diagonal digits lost: 16 in reducing equation    1488
   End Triangular Decomposition                          t=     1.331     0.048
   Number of operations =  580485 plus       59 Mega-ops
  Time: CPU =         1.33 , System =         0.05
--> SOLVE AT  2826.93 Mflops. Time=        0.04
   Energy convergence check
    Initial   =    1.450348866370300E-05 Current   =    1.567919865999975E-10
    Relative  =    1.081063944238404E-05 Tolerance =    1.000000000000000E-16
      Convergence: Energy |R*u| norm = F
      Convergence: Individual groups = F
 *Command   8 * next newton         v:   2.00       7.00       2.00    
                                                         t=     1.333     0.049
 *Command   7 * utan                v:   1.00       0.00       0.00    
                                                         t=     1.333     0.049
   Residual 1 norm =  3.2908680E-09 Rel =  5.6658693E-08 t=     1.348     0.049
      Convergence: Equations  norm   = F
      Convergence: Individual groups = F
 *D4TRIU WARNING* Lost at least 7 digits in reducing diagonals of         3 equations.
                 Step:      5 Iteration:     2
 *D4TRIU WARNING* Sign of diagonal changed when reducing         3 equations.
                 Step:      5 Iteration:     2
 Condition check: D-max 0.4123E+08; D-min 0.1864E-10; Ratio 0.2212E+19
 Maximum no. diagonal digits lost: 15 in reducing equation    1488
   End Triangular Decomposition                          t=     1.386     0.049
   Number of operations =  580485 plus       59 Mega-ops
  Time: CPU =         1.39 , System =         0.05
--> SOLVE AT  3151.07 Mflops. Time=        0.04
   Energy convergence check
    Initial   =    1.450348866370300E-05 Current   =    1.748812189477059E-20
    Relative  =    1.205787262656125E-15 Tolerance =    1.000000000000000E-16
      Convergence: Energy |R*u| norm = F
      Convergence: Individual groups = F
 *Command   8 * next newton         v:   3.00       7.00       3.00    
                                                         t=     1.389     0.049
 *Command   7 * utan                v:   1.00       0.00       0.00    
                                                         t=     1.389     0.049
   Residual 1 norm =  1.5134778E-13 Rel =  2.6057463E-12 t=     1.404     0.049
      Convergence: Equations  norm   = T
      Convergence: Individual groups = T
 *D4TRIU WARNING* Lost at least 7 digits in reducing diagonals of         3 equations.
                 Step:      5 Iteration:     3
 Condition check: D-max 0.4123E+08; D-min 0.5457E-11; Ratio 0.7556E+19
 Maximum no. diagonal digits lost: 15 in reducing equation    1488
   End Triangular Decomposition                          t=     1.445     0.049
   Number of operations =  580485 plus       59 Mega-ops
  Time: CPU =         1.45 , System =         0.05
--> SOLVE AT  2873.64 Mflops. Time=        0.04
   Energy convergence check
    Initial   =    1.450348866370300E-05 Current   =    2.848828243311130E-22
    Relative  =    1.964236542922751E-17 Tolerance =    1.000000000000000E-16
      Convergence: Energy |R*u| norm = T
      Convergence: Individual groups = F
 *Command   8 * next newton         v:   50.0       7.00       4.00    
                                                         t=     1.447     0.050
 *Command   9 * plot WIPE           v:   0.00       0.00       0.00    
                                                         t=     1.447     0.050
 *Command  10 * plot UNDE           v:   0.00       0.00       0.00    
                                                         t=     1.447     0.050
 *Command  11 * plot MESH           v:   0.00       0.00       0.00    
                                                         t=     1.447     0.050
 *Command  12 * plot DEFO           v:   1.00       1.00       0.00    
                                                         t=     1.447     0.051
  -> Plots on deformed mesh with scale: 1.00000E+00
                     Eigenvector scale: 0.00000E+00
 *Command  13 * plot PAIR           v:   1.00       4.00       0.00    
                                                         t=     1.447     0.051
 *Command  14 * next time           v:   5.00       4.00       5.00    
                                                         t=     1.448     0.051
 *Command   4 * time                v:   0.00       0.00       0.00    
                                                         t=     1.448     0.051

   Computing solution at time   6.0000E-02 using dt =  1.0000E-02
   Total proportional load is   6.0000E-02
 *Command   5 * cont CHECK          v:   0.00       0.00       0.00    
                                                         t=     1.450     0.051

   Pair Number =   1,  Total Slave Points =    32

    0 - Not in Contact           =    32
    1 - Number to a Facet        =     0
    2 - Number to a Concave Edge =     0
    3 - Number to a Convex  Edge =     0
    4 - Number to a Point        =     0


   Pair Number =   2,  Total Slave Points =    32

    0 - Not in Contact           =    32
    1 - Number to a Facet        =     0
    2 - Number to a Concave Edge =     0
    3 - Number to a Convex  Edge =     0
    4 - Number to a Point        =     0


   Pair Number =   3,  Total Slave Points =    32

    0 - Not in Contact           =    32
    1 - Number to a Facet        =     0
    2 - Number to a Concave Edge =     0
    3 - Number to a Convex  Edge =     0
    4 - Number to a Point        =     0


   Pair Number =   4,  Total Slave Points =    32

    0 - Not in Contact           =    32
    1 - Number to a Facet        =     0
    2 - Number to a Concave Edge =     0
    3 - Number to a Convex  Edge =     0
    4 - Number to a Point        =     0

-->Contact check
 *Command   6 * loop newton         v:   50.0       9.00       0.00    
                                                         t=     1.450     0.051
 *Command   7 * utan                v:   1.00       0.00       0.00    
                                                         t=     1.450     0.051
   Residual 1 norm =  5.8044701E-02 Rel =  1.0000000E+00 t=     1.465     0.052
      Convergence: Equations  norm   = F
      Convergence: Individual groups = F
 *D4TRIU WARNING* Lost at least 7 digits in reducing diagonals of         1 equations.
                 Step:      6 Iteration:     0
 Condition check: D-max 0.4123E+08; D-min 0.2183E-10; Ratio 0.1889E+19
 Maximum no. diagonal digits lost: 15 in reducing equation    1488
   End Triangular Decomposition                          t=     1.506     0.055
   Number of operations =  580485 plus       59 Mega-ops
  Time: CPU =         1.51 , System =         0.05
--> SOLVE AT  2900.56 Mflops. Time=        0.04
   Energy convergence check
    Initial   =    1.436080304615034E-05 Current   =    1.436080304615034E-05
    Relative  =    1.000000000000000E+00 Tolerance =    1.000000000000000E-16
      Convergence: Energy |R*u| norm = F
      Convergence: Individual groups = F
 *Command   8 * next newton         v:   1.00       7.00       1.00    
                                                         t=     1.508     0.055
 *Command   7 * utan                v:   1.00       0.00       0.00    
                                                         t=     1.508     0.055
   Residual 1 norm =  6.6185292E-04 Rel =  1.1402469E-02 t=     1.523     0.055
      Convergence: Equations  norm   = F
      Convergence: Individual groups = F
 *D4TRIU WARNING* Lost at least 7 digits in reducing diagonals of         1 equations.
                 Step:      6 Iteration:     1
 *D4TRIU WARNING* Sign of diagonal changed when reducing         3 equations.
                 Step:      6 Iteration:     1
 Condition check: D-max 0.4123E+08; D-min 0.4547E-11; Ratio 0.9067E+19
 Maximum no. diagonal digits lost: 15 in reducing equation    1488
   End Triangular Decomposition                          t=     1.563     0.059
   Number of operations =  580485 plus       59 Mega-ops
  Time: CPU =         1.57 , System =         0.06
--> SOLVE AT  2995.73 Mflops. Time=        0.04
   Energy convergence check
    Initial   =    1.436080304615034E-05 Current   =    1.540624958200538E-10
    Relative  =    1.072798612479773E-05 Tolerance =    1.000000000000000E-16
      Convergence: Energy |R*u| norm = F
      Convergence: Individual groups = F
 *Command   8 * next newton         v:   2.00       7.00       2.00    
                                                         t=     1.565     0.059
 *Command   7 * utan                v:   1.00       0.00       0.00    
                                                         t=     1.565     0.059
   Residual 1 norm =  3.2270256E-09 Rel =  5.5595524E-08 t=     1.580     0.060
      Convergence: Equations  norm   = F
      Convergence: Individual groups = F
 *D4TRIU WARNING* Lost at least 7 digits in reducing diagonals of         3 equations.
                 Step:      6 Iteration:     2
 *D4TRIU WARNING* Sign of diagonal changed when reducing         2 equations.
                 Step:      6 Iteration:     2
 Condition check: D-max 0.4123E+08; D-min 0.3183E-10; Ratio 0.1295E+19
 Maximum no. diagonal digits lost: 15 in reducing equation    1488
   End Triangular Decomposition                          t=     1.620     0.067
   Number of operations =  580485 plus       59 Mega-ops
  Time: CPU =         1.62 , System =         0.07
--> SOLVE AT  3033.71 Mflops. Time=        0.04
   Energy convergence check
    Initial   =    1.436080304615034E-05 Current   =    1.690163513340761E-20
    Relative  =    1.176928273376633E-15 Tolerance =    1.000000000000000E-16
      Convergence: Energy |R*u| norm = F
      Convergence: Individual groups = F
 *Command   8 * next newton         v:   3.00       7.00       3.00    
                                                         t=     1.623     0.067
 *Command   7 * utan                v:   1.00       0.00       0.00    
                                                         t=     1.623     0.067
   Residual 1 norm =  4.0695763E-13 Rel =  7.0111073E-12 t=     1.646     0.068
      Convergence: Equations  norm   = T
      Convergence: Individual groups = T
 *D4TRIU WARNING* Lost at least 7 digits in reducing diagonals of         3 equations.
                 Step:      6 Iteration:     3
 *D4TRIU WARNING* Sign of diagonal changed when reducing         1 equations.
                 Step:      6 Iteration:     3
 Condition check: D-max 0.4123E+08; D-min 0.9095E-11; Ratio 0.4534E+19
 Maximum no. diagonal digits lost: 15 in reducing equation    1488
   End Triangular Decomposition                          t=     1.706     0.070
   Number of operations =  580485 plus       59 Mega-ops
  Time: CPU =         1.71 , System =         0.07
--> SOLVE AT  2004.19 Mflops. Time=        0.06
   Energy convergence check
    Initial   =    1.436080304615034E-05 Current   =    9.212543528426398E-23
    Relative  =    6.415061538564851E-18 Tolerance =    1.000000000000000E-16
      Convergence: Energy |R*u| norm = T
      Convergence: Individual groups = F
 *Command   8 * next newton         v:   50.0       7.00       4.00    
                                                         t=     1.709     0.070
 *Command   9 * plot WIPE           v:   0.00       0.00       0.00    
                                                         t=     1.709     0.070
 *Command  10 * plot UNDE           v:   0.00       0.00       0.00    
                                                         t=     1.709     0.070
 *Command  11 * plot MESH           v:   0.00       0.00       0.00    
                                                         t=     1.709     0.070
 *Command  12 * plot DEFO           v:   1.00       1.00       0.00    
                                                         t=     1.709     0.071
  -> Plots on deformed mesh with scale: 1.00000E+00
                     Eigenvector scale: 0.00000E+00
 *Command  13 * plot PAIR           v:   1.00       4.00       0.00    
                                                         t=     1.709     0.071
 *Command  14 * next time           v:   6.00       4.00       6.00    
                                                         t=     1.709     0.072
 *Command   4 * time                v:   0.00       0.00       0.00    
                                                         t=     1.709     0.072

   Computing solution at time   7.0000E-02 using dt =  1.0000E-02
   Total proportional load is   7.0000E-02
 *Command   5 * cont CHECK          v:   0.00       0.00       0.00    
                                                         t=     1.710     0.074

   Pair Number =   1,  Total Slave Points =    32

    0 - Not in Contact           =    32
    1 - Number to a Facet        =     0
    2 - Number to a Concave Edge =     0
    3 - Number to a Convex  Edge =     0
    4 - Number to a Point        =     0


   Pair Number =   2,  Total Slave Points =    32

    0 - Not in Contact           =    32
    1 - Number to a Facet        =     0
    2 - Number to a Concave Edge =     0
    3 - Number to a Convex  Edge =     0
    4 - Number to a Point        =     0


   Pair Number =   3,  Total Slave Points =    32

    0 - Not in Contact           =    32
    1 - Number to a Facet        =     0
    2 - Number to a Concave Edge =     0
    3 - Number to a Convex  Edge =     0
    4 - Number to a Point        =     0


   Pair Number =   4,  Total Slave Points =    32

    0 - Not in Contact           =    32
    1 - Number to a Facet        =     0
    2 - Number to a Concave Edge =     0
    3 - Number to a Convex  Edge =     0
    4 - Number to a Point        =     0

-->Contact check
 *Command   6 * loop newton         v:   50.0       9.00       0.00    
                                                         t=     1.710     0.074
 *Command   7 * utan                v:   1.00       0.00       0.00    
                                                         t=     1.710     0.074
   Residual 1 norm =  5.8007228E-02 Rel =  1.0000000E+00 t=     1.724     0.076
      Convergence: Equations  norm   = F
      Convergence: Individual groups = F
 *D4TRIU WARNING* Lost at least 7 digits in reducing diagonals of         1 equations.
                 Step:      7 Iteration:     0
 *D4TRIU WARNING* Sign of diagonal changed when reducing         1 equations.
                 Step:      7 Iteration:     0
 Condition check: D-max 0.4123E+08; D-min 0.4093E-11; Ratio 0.1007E+20
 Maximum no. diagonal digits lost: 15 in reducing equation    1488
   End Triangular Decomposition                          t=     1.767     0.078
   Number of operations =  580485 plus       59 Mega-ops
  Time: CPU =         1.77 , System =         0.08
--> SOLVE AT  2825.40 Mflops. Time=        0.04
   Energy convergence check
    Initial   =    1.422212417776624E-05 Current   =    1.422212417776624E-05
    Relative  =    1.000000000000000E+00 Tolerance =    1.000000000000000E-16
      Convergence: Energy |R*u| norm = F
      Convergence: Individual groups = F
 *Command   8 * next newton         v:   1.00       7.00       1.00    
                                                         t=     1.769     0.078
 *Command   7 * utan                v:   1.00       0.00       0.00    
                                                         t=     1.769     0.078
   Residual 1 norm =  6.5420815E-04 Rel =  1.1278045E-02 t=     1.784     0.078
      Convergence: Equations  norm   = F
      Convergence: Individual groups = F
 *D4TRIU WARNING* Lost at least 7 digits in reducing diagonals of         1 equations.
                 Step:      7 Iteration:     1
 *D4TRIU WARNING* Sign of diagonal changed when reducing         2 equations.
                 Step:      7 Iteration:     1
 Condition check: D-max 0.4123E+08; D-min 0.3183E-11; Ratio 0.1295E+20
 Maximum no. diagonal digits lost: 16 in reducing equation    1488
   End Triangular Decomposition                          t=     1.822     0.078
   Number of operations =  580485 plus       59 Mega-ops
  Time: CPU =         1.82 , System =         0.08
--> SOLVE AT  3115.65 Mflops. Time=        0.04
   Energy convergence check
    Initial   =    1.422212417776624E-05 Current   =    1.514177751566760E-10
    Relative  =    1.064663571095735E-05 Tolerance =    1.000000000000000E-16
      Convergence: Energy |R*u| norm = F
      Convergence: Individual groups = F
 *Command   8 * next newton         v:   2.00       7.00       2.00    
                                                         t=     1.825     0.078
 *Command   7 * utan                v:   1.00       0.00       0.00    
                                                         t=     1.825     0.078
   Residual 1 norm =  3.1645304E-09 Rel =  5.4554070E-08 t=     1.839     0.078
      Convergence: Equations  norm   = F
      Convergence: Individual groups = F
 *D4TRIU WARNING* Lost at least 7 digits in reducing diagonals of         3 equations.
                 Step:      7 Iteration:     2
 *D4TRIU WARNING* Sign of diagonal changed when reducing         3 equations.
                 Step:      7 Iteration:     2
 Condition check: D-max 0.4123E+08; D-min 0.1955E-10; Ratio 0.2109E+19
 Maximum no. diagonal digits lost: 15 in reducing equation    1488
   End Triangular Decomposition                          t=     1.876     0.078
   Number of operations =  580485 plus       59 Mega-ops
  Time: CPU =         1.88 , System =         0.08
--> SOLVE AT  3223.87 Mflops. Time=        0.04
   Energy convergence check
    Initial   =    1.422212417776624E-05 Current   =    1.804516919447110E-20
    Relative  =    1.268809705844188E-15 Tolerance =    1.000000000000000E-16
      Convergence: Energy |R*u| norm = F
      Convergence: Individual groups = F
 *Command   8 * next newton         v:   3.00       7.00       3.00    
                                                         t=     1.878     0.078
 *Command   7 * utan                v:   1.00       0.00       0.00    
                                                         t=     1.878     0.078
   Residual 1 norm =  1.3659632E-12 Rel =  2.3548155E-11 t=     1.892     0.078
      Convergence: Equations  norm   = T
      Convergence: Individual groups = T
 *D4TRIU WARNING* Lost at least 7 digits in reducing diagonals of         3 equations.
                 Step:      7 Iteration:     3
 *D4TRIU WARNING* Sign of diagonal changed when reducing         1 equations.
                 Step:      7 Iteration:     3
 Condition check: D-max 0.4123E+08; D-min 0.2728E-10; Ratio 0.1511E+19
 Maximum no. diagonal digits lost: 15 in reducing equation    1488
   End Triangular Decomposition                          t=     1.928     0.080
   Number of operations =  580485 plus       59 Mega-ops
  Time: CPU =         1.93 , System =         0.08
--> SOLVE AT  3354.00 Mflops. Time=        0.04
   Energy convergence check
    Initial   =    1.422212417776624E-05 Current   =    8.645863854057188E-22
    Relative  =    6.079164930632132E-17 Tolerance =    1.000000000000000E-16
      Convergence: Energy |R*u| norm = T
      Convergence: Individual groups = F
 *Command   8 * next newton         v:   50.0       7.00       4.00    
                                                         t=     1.930     0.080
 *Command   9 * plot WIPE           v:   0.00       0.00       0.00    
                                                         t=     1.930     0.080
 *Command  10 * plot UNDE           v:   0.00       0.00       0.00    
                                                         t=     1.930     0.080
 *Command  11 * plot MESH           v:   0.00       0.00       0.00    
                                                         t=     1.930     0.080
 *Command  12 * plot DEFO           v:   1.00       1.00       0.00    
                                                         t=     1.931     0.080
  -> Plots on deformed mesh with scale: 1.00000E+00
                     Eigenvector scale: 0.00000E+00
 *Command  13 * plot PAIR           v:   1.00       4.00       0.00    
                                                         t=     1.931     0.080
 *Command  14 * next time           v:   7.00       4.00       7.00    
                                                         t=     1.932     0.080
 *Command   4 * time                v:   0.00       0.00       0.00    
                                                         t=     1.932     0.080

   Computing solution at time   8.0000E-02 using dt =  1.0000E-02
   Total proportional load is   8.0000E-02
 *Command   5 * cont CHECK          v:   0.00       0.00       0.00    
                                                         t=     1.934     0.080

   Pair Number =   1,  Total Slave Points =    32

    0 - Not in Contact           =    32
    1 - Number to a Facet        =     0
    2 - Number to a Concave Edge =     0
    3 - Number to a Convex  Edge =     0
    4 - Number to a Point        =     0


   Pair Number =   2,  Total Slave Points =    32

    0 - Not in Contact           =    32
    1 - Number to a Facet        =     0
    2 - Number to a Concave Edge =     0
    3 - Number to a Convex  Edge =     0
    4 - Number to a Point        =     0


   Pair Number =   3,  Total Slave Points =    32

    0 - Not in Contact           =    32
    1 - Number to a Facet        =     0
    2 - Number to a Concave Edge =     0
    3 - Number to a Convex  Edge =     0
    4 - Number to a Point        =     0


   Pair Number =   4,  Total Slave Points =    32

    0 - Not in Contact           =    32
    1 - Number to a Facet        =     0
    2 - Number to a Concave Edge =     0
    3 - Number to a Convex  Edge =     0
    4 - Number to a Point        =     0

-->Contact check
 *Command   6 * loop newton         v:   50.0       9.00       0.00    
                                                         t=     1.935     0.080
 *Command   7 * utan                v:   1.00       0.00       0.00    
                                                         t=     1.935     0.080
   Residual 1 norm =  5.7969909E-02 Rel =  1.0000000E+00 t=     1.951     0.080
      Convergence: Equations  norm   = F
      Convergence: Individual groups = F
 *D4TRIU WARNING* Lost at least 7 digits in reducing diagonals of         1 equations.
                 Step:      8 Iteration:     0
 *D4TRIU WARNING* Sign of diagonal changed when reducing         1 equations.
                 Step:      8 Iteration:     0
 Condition check: D-max 0.4123E+08; D-min 0.2319E-10; Ratio 0.1778E+19
 Maximum no. diagonal digits lost: 15 in reducing equation    1488
   End Triangular Decomposition                          t=     1.989     0.080
   Number of operations =  580485 plus       59 Mega-ops
  Time: CPU =         1.99 , System =         0.08
--> SOLVE AT  3107.84 Mflops. Time=        0.04
   Energy convergence check
    Initial   =    1.408717365038791E-05 Current   =    1.408717365038791E-05
    Relative  =    1.000000000000000E+00 Tolerance =    1.000000000000000E-16
      Convergence: Energy |R*u| norm = F
      Convergence: Individual groups = F
 *Command   8 * next newton         v:   1.00       7.00       1.00    
                                                         t=     1.991     0.080
 *Command   7 * utan                v:   1.00       0.00       0.00    
                                                         t=     1.992     0.080
   Residual 1 norm =  6.4665750E-04 Rel =  1.1155055E-02 t=     2.006     0.080
      Convergence: Equations  norm   = F
      Convergence: Individual groups = F
 *D4TRIU WARNING* Lost at least 7 digits in reducing diagonals of         1 equations.
                 Step:      8 Iteration:     1
 *D4TRIU WARNING* Sign of diagonal changed when reducing         2 equations.
                 Step:      8 Iteration:     1
 Condition check: D-max 0.4123E+08; D-min 0.2410E-10; Ratio 0.1711E+19
 Maximum no. diagonal digits lost: 15 in reducing equation    1488
   End Triangular Decomposition                          t=     2.043     0.081
   Number of operations =  580485 plus       59 Mega-ops
  Time: CPU =         2.04 , System =         0.08
--> SOLVE AT  3220.82 Mflops. Time=        0.04
   Energy convergence check
    Initial   =    1.408717365038791E-05 Current   =    1.488523961897093E-10
    Relative  =    1.056651957900799E-05 Tolerance =    1.000000000000000E-16
      Convergence: Energy |R*u| norm = F
      Convergence: Individual groups = F
 *Command   8 * next newton         v:   2.00       7.00       2.00    
                                                         t=     2.045     0.081
 *Command   7 * utan                v:   1.00       0.00       0.00    
                                                         t=     2.045     0.081
   Residual 1 norm =  3.1033539E-09 Rel =  5.3533875E-08 t=     2.059     0.081
      Convergence: Equations  norm   = F
      Convergence: Individual groups = F
 *D4TRIU WARNING* Lost at least 7 digits in reducing diagonals of         3 equations.
                 Step:      8 Iteration:     2
 *D4TRIU WARNING* Sign of diagonal changed when reducing         3 equations.
                 Step:      8 Iteration:     2
 Condition check: D-max 0.4123E+08; D-min 0.3593E-10; Ratio 0.1148E+19
 Maximum no. diagonal digits lost: 14 in reducing equation    1488
   End Triangular Decomposition                          t=     2.093     0.083
   Number of operations =  580485 plus       59 Mega-ops
  Time: CPU =         2.10 , System =         0.08
--> SOLVE AT  3426.13 Mflops. Time=        0.03
   Energy convergence check
    Initial   =    1.408717365038791E-05 Current   =    1.588076735314697E-20
    Relative  =    1.127321047306723E-15 Tolerance =    1.000000000000000E-16
      Convergence: Energy |R*u| norm = F
      Convergence: Individual groups = F
 *Command   8 * next newton         v:   3.00       7.00       3.00    
                                                         t=     2.096     0.084
 *Command   7 * utan                v:   1.00       0.00       0.00    
                                                         t=     2.096     0.084
   Residual 1 norm =  2.1633576E-13 Rel =  3.7318630E-12 t=     2.107     0.087
      Convergence: Equations  norm   = T
      Convergence: Individual groups = T
 *D4TRIU WARNING* Lost at least 7 digits in reducing diagonals of         3 equations.
                 Step:      8 Iteration:     3
 Condition check: D-max 0.4123E+08; D-min 0.1000E-10; Ratio 0.4122E+19
 Maximum no. diagonal digits lost: 15 in reducing equation    1488
   End Triangular Decomposition                          t=     2.144     0.087
   Number of operations =  580485 plus       59 Mega-ops
  Time: CPU =         2.15 , System =         0.09
--> SOLVE AT  3202.64 Mflops. Time=        0.04
   Energy convergence check
    Initial   =    1.408717365038791E-05 Current   =    4.265569370623939E-21
    Relative  =    3.027980967996714E-16 Tolerance =    1.000000000000000E-16
      Convergence: Energy |R*u| norm = F
      Convergence: Individual groups = F
 *Command   8 * next newton         v:   50.0       7.00       4.00    
                                                         t=     2.147     0.087
 *Command   9 * plot WIPE           v:   0.00       0.00       0.00    
                                                         t=     2.147     0.087
 *Command  10 * plot UNDE           v:   0.00       0.00       0.00    
                                                         t=     2.147     0.087
 *Command  11 * plot MESH           v:   0.00       0.00       0.00    
                                                         t=     2.147     0.087
 *Command  12 * plot DEFO           v:   1.00       1.00       0.00    
                                                         t=     2.147     0.087
  -> Plots on deformed mesh with scale: 1.00000E+00
                     Eigenvector scale: 0.00000E+00
 *Command  13 * plot PAIR           v:   1.00       4.00       0.00    
                                                         t=     2.147     0.087
 *Command  14 * next time           v:   8.00       4.00       8.00    
                                                         t=     2.148     0.088
 *Command   4 * time                v:   0.00       0.00       0.00    
                                                         t=     2.148     0.088

   Computing solution at time   9.0000E-02 using dt =  1.0000E-02
   Total proportional load is   9.0000E-02
 *Command   5 * cont CHECK          v:   0.00       0.00       0.00    
                                                         t=     2.150     0.088

   Pair Number =   1,  Total Slave Points =    32

    0 - Not in Contact           =    32
    1 - Number to a Facet        =     0
    2 - Number to a Concave Edge =     0
    3 - Number to a Convex  Edge =     0
    4 - Number to a Point        =     0


   Pair Number =   2,  Total Slave Points =    32

    0 - Not in Contact           =    32
    1 - Number to a Facet        =     0
    2 - Number to a Concave Edge =     0
    3 - Number to a Convex  Edge =     0
    4 - Number to a Point        =     0


   Pair Number =   3,  Total Slave Points =    32

    0 - Not in Contact           =    32
    1 - Number to a Facet        =     0
    2 - Number to a Concave Edge =     0
    3 - Number to a Convex  Edge =     0
    4 - Number to a Point        =     0


   Pair Number =   4,  Total Slave Points =    32

    0 - Not in Contact           =    32
    1 - Number to a Facet        =     0
    2 - Number to a Concave Edge =     0
    3 - Number to a Convex  Edge =     0
    4 - Number to a Point        =     0

-->Contact check
 *Command   6 * loop newton         v:   50.0       9.00       0.00    
                                                         t=     2.150     0.088
 *Command   7 * utan                v:   1.00       0.00       0.00    
                                                         t=     2.150     0.088
   Residual 1 norm =  5.7932751E-02 Rel =  1.0000000E+00 t=     2.166     0.088
      Convergence: Equations  norm   = F
      Convergence: Individual groups = F
 *D4TRIU WARNING* Lost at least 7 digits in reducing diagonals of         1 equations.
                 Step:      9 Iteration:     0
 *D4TRIU WARNING* Sign of diagonal changed when reducing         1 equations.
                 Step:      9 Iteration:     0
 Condition check: D-max 0.4123E+08; D-min 0.9095E-12; Ratio 0.4534E+20
 Maximum no. diagonal digits lost: 16 in reducing equation    1488
   End Triangular Decomposition                          t=     2.208     0.088
   Number of operations =  580485 plus       59 Mega-ops
  Time: CPU =         2.21 , System =         0.09
--> SOLVE AT  2869.41 Mflops. Time=        0.04
   Energy convergence check
    Initial   =    1.395569106106865E-05 Current   =    1.395569106106865E-05
    Relative  =    1.000000000000000E+00 Tolerance =    1.000000000000000E-16
      Convergence: Energy |R*u| norm = F
      Convergence: Individual groups = F
 *Command   8 * next newton         v:   1.00       7.00       1.00    
                                                         t=     2.210     0.088
 *Command   7 * utan                v:   1.00       0.00       0.00    
                                                         t=     2.211     0.088
   Residual 1 norm =  6.3919989E-04 Rel =  1.1033481E-02 t=     2.225     0.088
      Convergence: Equations  norm   = F
      Convergence: Individual groups = F
 *D4TRIU WARNING* Lost at least 7 digits in reducing diagonals of         1 equations.
                 Step:      9 Iteration:     1
 *D4TRIU WARNING* Sign of diagonal changed when reducing         3 equations.
                 Step:      9 Iteration:     1
 Condition check: D-max 0.4123E+08; D-min 0.6821E-11; Ratio 0.6045E+19
 Maximum no. diagonal digits lost: 15 in reducing equation    1488
   End Triangular Decomposition                          t=     2.261     0.088
   Number of operations =  580485 plus       59 Mega-ops
  Time: CPU =         2.26 , System =         0.09
--> SOLVE AT  3241.33 Mflops. Time=        0.04
   Energy convergence check
    Initial   =    1.395569106106865E-05 Current   =    1.463618556603020E-10
    Relative  =    1.048761075462604E-05 Tolerance =    1.000000000000000E-16
      Convergence: Energy |R*u| norm = F
      Convergence: Individual groups = F
 *Command   8 * next newton         v:   2.00       7.00       2.00    
                                                         t=     2.264     0.088
 *Command   7 * utan                v:   1.00       0.00       0.00    
                                                         t=     2.264     0.088
   Residual 1 norm =  3.0434660E-09 Rel =  5.2534464E-08 t=     2.283     0.088
      Convergence: Equations  norm   = F
      Convergence: Individual groups = F
 *D4TRIU WARNING* Lost at least 7 digits in reducing diagonals of         3 equations.
                 Step:      9 Iteration:     2
 *D4TRIU WARNING* Sign of diagonal changed when reducing         3 equations.
                 Step:      9 Iteration:     2
 Condition check: D-max 0.4123E+08; D-min 0.8185E-11; Ratio 0.5037E+19
 Maximum no. diagonal digits lost: 15 in reducing equation    1488
   End Triangular Decomposition                          t=     2.324     0.088
   Number of operations =  580485 plus       59 Mega-ops
  Time: CPU =         2.33 , System =         0.09
--> SOLVE AT  2879.27 Mflops. Time=        0.04
   Energy convergence check
    Initial   =    1.395569106106865E-05 Current   =    2.353715934203315E-20
    Relative  =    1.686563512980977E-15 Tolerance =    1.000000000000000E-16
      Convergence: Energy |R*u| norm = F
      Convergence: Individual groups = F
 *Command   8 * next newton         v:   3.00       7.00       3.00    
                                                         t=     2.327     0.088
 *Command   7 * utan                v:   1.00       0.00       0.00    
                                                         t=     2.327     0.088
   Residual 1 norm =  2.9571003E-12 Rel =  5.1043672E-11 t=     2.341     0.088
      Convergence: Equations  norm   = T
      Convergence: Individual groups = T
 *D4TRIU WARNING* Lost at least 7 digits in reducing diagonals of         3 equations.
                 Step:      9 Iteration:     3
 Condition check: D-max 0.4123E+08; D-min 0.2501E-10; Ratio 0.1649E+19
 Maximum no. diagonal digits lost: 15 in reducing equation    1488
   End Triangular Decomposition                          t=     2.380     0.088
   Number of operations =  580485 plus       59 Mega-ops
  Time: CPU =         2.38 , System =         0.09
--> SOLVE AT  3017.43 Mflops. Time=        0.04
   Energy convergence check
    Initial   =    1.395569106106865E-05 Current   =    6.295732992304562E-23
    Relative  =    4.511229837888423E-18 Tolerance =    1.000000000000000E-16
      Convergence: Energy |R*u| norm = T
      Convergence: Individual groups = F
 *Command   8 * next newton         v:   50.0       7.00       4.00    
                                                         t=     2.383     0.088
 *Command   9 * plot WIPE           v:   0.00       0.00       0.00    
                                                         t=     2.383     0.088
 *Command  10 * plot UNDE           v:   0.00       0.00       0.00    
                                                         t=     2.383     0.088
 *Command  11 * plot MESH           v:   0.00       0.00       0.00    
                                                         t=     2.384     0.088
 *Command  12 * plot DEFO           v:   1.00       1.00       0.00    
                                                         t=     2.384     0.088
  -> Plots on deformed mesh with scale: 1.00000E+00
                     Eigenvector scale: 0.00000E+00
 *Command  13 * plot PAIR           v:   1.00       4.00       0.00    
                                                         t=     2.384     0.088
 *Command  14 * next time           v:   9.00       4.00       9.00    
                                                         t=     2.385     0.089
 *Command   4 * time                v:   0.00       0.00       0.00    
                                                         t=     2.385     0.089

   Computing solution at time   1.0000E-01 using dt =  1.0000E-02
   Total proportional load is   1.0000E-01
 *Command   5 * cont CHECK          v:   0.00       0.00       0.00    
                                                         t=     2.387     0.089

   Pair Number =   1,  Total Slave Points =    32

    0 - Not in Contact           =    32
    1 - Number to a Facet        =     0
    2 - Number to a Concave Edge =     0
    3 - Number to a Convex  Edge =     0
    4 - Number to a Point        =     0


   Pair Number =   2,  Total Slave Points =    32

    0 - Not in Contact           =    32
    1 - Number to a Facet        =     0
    2 - Number to a Concave Edge =     0
    3 - Number to a Convex  Edge =     0
    4 - Number to a Point        =     0


   Pair Number =   3,  Total Slave Points =    32

    0 - Not in Contact           =    32
    1 - Number to a Facet        =     0
    2 - Number to a Concave Edge =     0
    3 - Number to a Convex  Edge =     0
    4 - Number to a Point        =     0


   Pair Number =   4,  Total Slave Points =    32

    0 - Not in Contact           =    32
    1 - Number to a Facet        =     0
    2 - Number to a Concave Edge =     0
    3 - Number to a Convex  Edge =     0
    4 - Number to a Point        =     0

-->Contact check
 *Command   6 * loop newton         v:   50.0       9.00       0.00    
                                                         t=     2.387     0.089
 *Command   7 * utan                v:   1.00       0.00       0.00    
                                                         t=     2.387     0.089
   Residual 1 norm =  5.7895718E-02 Rel =  1.0000000E+00 t=     2.402     0.089
      Convergence: Equations  norm   = F
      Convergence: Individual groups = F
 *D4TRIU WARNING* Lost at least 7 digits in reducing diagonals of         1 equations.
                 Step:     10 Iteration:     0
 *D4TRIU WARNING* Sign of diagonal changed when reducing         1 equations.
                 Step:     10 Iteration:     0
 Condition check: D-max 0.4123E+08; D-min 0.5457E-11; Ratio 0.7556E+19
 Maximum no. diagonal digits lost: 15 in reducing equation    1488
   End Triangular Decomposition                          t=     2.441     0.093
   Number of operations =  580485 plus       59 Mega-ops
  Time: CPU =         2.44 , System =         0.09
--> SOLVE AT  3012.30 Mflops. Time=        0.04
   Energy convergence check
    Initial   =    1.382744079705286E-05 Current   =    1.382744079705286E-05
    Relative  =    1.000000000000000E+00 Tolerance =    1.000000000000000E-16
      Convergence: Energy |R*u| norm = F
      Convergence: Individual groups = F
 *Command   8 * next newton         v:   1.00       7.00       1.00    
                                                         t=     2.444     0.094
 *Command   7 * utan                v:   1.00       0.00       0.00    
                                                         t=     2.444     0.094
   Residual 1 norm =  6.3183434E-04 Rel =  1.0913317E-02 t=     2.459     0.094
      Convergence: Equations  norm   = F
      Convergence: Individual groups = F
 *D4TRIU WARNING* Lost at least 7 digits in reducing diagonals of         1 equations.
                 Step:     10 Iteration:     1
 *D4TRIU WARNING* Sign of diagonal changed when reducing         2 equations.
                 Step:     10 Iteration:     1
 Condition check: D-max 0.4123E+08; D-min 0.1410E-10; Ratio 0.2925E+19
 Maximum no. diagonal digits lost: 15 in reducing equation    1488
   End Triangular Decomposition                          t=     2.501     0.094
   Number of operations =  580485 plus       59 Mega-ops
  Time: CPU =         2.50 , System =         0.09
--> SOLVE AT  2864.45 Mflops. Time=        0.04
   Energy convergence check
    Initial   =    1.382744079705286E-05 Current   =    1.439422940134353E-10
    Relative  =    1.040990130611261E-05 Tolerance =    1.000000000000000E-16
      Convergence: Energy |R*u| norm = F
      Convergence: Individual groups = F
 *Command   8 * next newton         v:   2.00       7.00       2.00    
                                                         t=     2.503     0.094
 *Command   7 * utan                v:   1.00       0.00       0.00    
                                                         t=     2.503     0.094
   Residual 1 norm =  2.9848423E-09 Rel =  5.1555493E-08 t=     2.518     0.094
      Convergence: Equations  norm   = F
      Convergence: Individual groups = F
 *D4TRIU WARNING* Lost at least 7 digits in reducing diagonals of         3 equations.
                 Step:     10 Iteration:     2
 *D4TRIU WARNING* Sign of diagonal changed when reducing         3 equations.
                 Step:     10 Iteration:     2
 Condition check: D-max 0.4123E+08; D-min 0.7731E-11; Ratio 0.5334E+19
 Maximum no. diagonal digits lost: 15 in reducing equation    1488
   End Triangular Decomposition                          t=     2.555     0.094
   Number of operations =  580485 plus       59 Mega-ops
  Time: CPU =         2.56 , System =         0.09
--> SOLVE AT  3228.06 Mflops. Time=        0.04
   Energy convergence check
    Initial   =    1.382744079705286E-05 Current   =    2.182651546037706E-20
    Relative  =    1.578492779736153E-15 Tolerance =    1.000000000000000E-16
      Convergence: Energy |R*u| norm = F
      Convergence: Individual groups = F
 *Command   8 * next newton         v:   3.00       7.00       3.00    
                                                         t=     2.558     0.094
 *Command   7 * utan                v:   1.00       0.00       0.00    
                                                         t=     2.558     0.094
   Residual 1 norm =  3.1014887E-13 Rel =  5.3570260E-12 t=     2.571     0.094
      Convergence: Equations  norm   = T
      Convergence: Individual groups = T
 Condition check: D-max 0.4123E+08; D-min 0.2728E-10; Ratio 0.1511E+19
 Maximum no. diagonal digits lost: 15 in reducing equation    1488
   End Triangular Decomposition                          t=     2.607     0.094
   Number of operations =  580485 plus       59 Mega-ops
  Time: CPU =         2.61 , System =         0.09
--> SOLVE AT  3343.37 Mflops. Time=        0.04
   Energy convergence check
    Initial   =    1.382744079705286E-05 Current   =    2.115122310301185E-21
    Relative  =    1.529655661770757E-16 Tolerance =    1.000000000000000E-16
      Convergence: Energy |R*u| norm = F
      Convergence: Individual groups = F
 *Command   8 * next newton         v:   50.0       7.00       4.00    
                                                         t=     2.609     0.094
 *Command   9 * plot WIPE           v:   0.00       0.00       0.00    
                                                         t=     2.609     0.094
 *Command  10 * plot UNDE           v:   0.00       0.00       0.00    
                                                         t=     2.610     0.094
 *Command  11 * plot MESH           v:   0.00       0.00       0.00    
                                                         t=     2.610     0.094
 *Command  12 * plot DEFO           v:   1.00       1.00       0.00    
                                                         t=     2.610     0.094
  -> Plots on deformed mesh with scale: 1.00000E+00
                     Eigenvector scale: 0.00000E+00
 *Command  13 * plot PAIR           v:   1.00       4.00       0.00    
                                                         t=     2.610     0.094
 *Command  14 * next time           v:   10.0       4.00       10.0    
                                                         t=     2.611     0.094
 *Command   4 * time                v:   0.00       0.00       0.00    
                                                         t=     2.612     0.094

   Computing solution at time   1.1000E-01 using dt =  1.0000E-02
   Total proportional load is   1.1000E-01
 *Command   5 * cont CHECK          v:   0.00       0.00       0.00    
                                                         t=     2.614     0.094

   Pair Number =   1,  Total Slave Points =    32

    0 - Not in Contact           =    32
    1 - Number to a Facet        =     0
    2 - Number to a Concave Edge =     0
    3 - Number to a Convex  Edge =     0
    4 - Number to a Point        =     0


   Pair Number =   2,  Total Slave Points =    32

    0 - Not in Contact           =    32
    1 - Number to a Facet        =     0
    2 - Number to a Concave Edge =     0
    3 - Number to a Convex  Edge =     0
    4 - Number to a Point        =     0


   Pair Number =   3,  Total Slave Points =    32

    0 - Not in Contact           =    32
    1 - Number to a Facet        =     0
    2 - Number to a Concave Edge =     0
    3 - Number to a Convex  Edge =     0
    4 - Number to a Point        =     0


   Pair Number =   4,  Total Slave Points =    32

    0 - Not in Contact           =    32
    1 - Number to a Facet        =     0
    2 - Number to a Concave Edge =     0
    3 - Number to a Convex  Edge =     0
    4 - Number to a Point        =     0

-->Contact check
 *Command   6 * loop newton         v:   50.0       9.00       0.00    
                                                         t=     2.614     0.094
 *Command   7 * utan                v:   1.00       0.00       0.00    
                                                         t=     2.614     0.094
   Residual 1 norm =  5.7858842E-02 Rel =  1.0000000E+00 t=     2.629     0.094
      Convergence: Equations  norm   = F
      Convergence: Individual groups = F
 Condition check: D-max 0.4123E+08; D-min 0.4093E-10; Ratio 0.1007E+19
 Maximum no. diagonal digits lost: 14 in reducing equation    1488
   End Triangular Decomposition                          t=     2.671     0.096
   Number of operations =  580485 plus       59 Mega-ops
  Time: CPU =         2.67 , System =         0.10
--> SOLVE AT  2861.20 Mflops. Time=        0.04
   Energy convergence check
    Initial   =    1.370220193190735E-05 Current   =    1.370220193190735E-05
    Relative  =    1.000000000000000E+00 Tolerance =    1.000000000000000E-16
      Convergence: Energy |R*u| norm = F
      Convergence: Individual groups = F
 *Command   8 * next newton         v:   1.00       7.00       1.00    
                                                         t=     2.673     0.096
 *Command   7 * utan                v:   1.00       0.00       0.00    
                                                         t=     2.673     0.096
   Residual 1 norm =  6.2455969E-04 Rel =  1.0794542E-02 t=     2.687     0.096
      Convergence: Equations  norm   = F
      Convergence: Individual groups = F
 Condition check: D-max 0.4123E+08; D-min 0.1364E-11; Ratio 0.3022E+20
 Maximum no. diagonal digits lost: 16 in reducing equation    1488
   End Triangular Decomposition                          t=     2.726     0.096
   Number of operations =  580485 plus       59 Mega-ops
  Time: CPU =         2.73 , System =         0.10
--> SOLVE AT  3122.74 Mflops. Time=        0.04
   Energy convergence check
    Initial   =    1.370220193190735E-05 Current   =    1.415912387671511E-10
    Relative  =    1.033346607142299E-05 Tolerance =    1.000000000000000E-16
      Convergence: Energy |R*u| norm = F
      Convergence: Individual groups = F
 *Command   8 * next newton         v:   2.00       7.00       2.00    
                                                         t=     2.728     0.096
 *Command   7 * utan                v:   1.00       0.00       0.00    
                                                         t=     2.728     0.096
   Residual 1 norm =  2.9274517E-09 Rel =  5.0596444E-08 t=     2.742     0.096
      Convergence: Equations  norm   = F
      Convergence: Individual groups = F
 Condition check: D-max 0.4123E+08; D-min 0.2092E-10; Ratio 0.1971E+19
 Maximum no. diagonal digits lost: 15 in reducing equation    1488
   End Triangular Decomposition                          t=     2.781     0.096
   Number of operations =  580485 plus       59 Mega-ops
  Time: CPU =         2.78 , System =         0.10
--> SOLVE AT  3120.71 Mflops. Time=        0.04
   Energy convergence check
    Initial   =    1.370220193190735E-05 Current   =    1.586149724208368E-20
    Relative  =    1.157587468124238E-15 Tolerance =    1.000000000000000E-16
      Convergence: Energy |R*u| norm = F
      Convergence: Individual groups = F
 *Command   8 * next newton         v:   3.00       7.00       3.00    
                                                         t=     2.783     0.096
 *Command   7 * utan                v:   1.00       0.00       0.00    
                                                         t=     2.783     0.096
   Residual 1 norm =  1.5809104E-12 Rel =  2.7323576E-11 t=     2.797     0.096
      Convergence: Equations  norm   = T
      Convergence: Individual groups = T
 Condition check: D-max 0.4123E+08; D-min 0.6366E-11; Ratio 0.6477E+19
 Maximum no. diagonal digits lost: 15 in reducing equation    1488
   End Triangular Decomposition                          t=     2.834     0.096
   Number of operations =  580485 plus       59 Mega-ops
  Time: CPU =         2.84 , System =         0.10
--> SOLVE AT  3228.60 Mflops. Time=        0.04
   Energy convergence check
    Initial   =    1.370220193190735E-05 Current   =    6.298351266256952E-21
    Relative  =    4.596597902699439E-16 Tolerance =    1.000000000000000E-16
      Convergence: Energy |R*u| norm = F
      Convergence: Individual groups = F
 *Command   8 * next newton         v:   50.0       7.00       4.00    
                                                         t=     2.836     0.096
 *Command   9 * plot WIPE           v:   0.00       0.00       0.00    
                                                         t=     2.836     0.096
 *Command  10 * plot UNDE           v:   0.00       0.00       0.00    
                                                         t=     2.836     0.096
 *Command  11 * plot MESH           v:   0.00       0.00       0.00    
                                                         t=     2.837     0.096
 *Command  12 * plot DEFO           v:   1.00       1.00       0.00    
                                                         t=     2.837     0.096
  -> Plots on deformed mesh with scale: 1.00000E+00
                     Eigenvector scale: 0.00000E+00
 *Command  13 * plot PAIR           v:   1.00       4.00       0.00    
                                                         t=     2.837     0.096
 *Command  14 * next time           v:   11.0       4.00       11.0    
                                                         t=     2.838     0.096
 *Command   4 * time                v:   0.00       0.00       0.00    
                                                         t=     2.838     0.096

   Computing solution at time   1.2000E-01 using dt =  1.0000E-02
   Total proportional load is   1.2000E-01
 *Command   5 * cont CHECK          v:   0.00       0.00       0.00    
                                                         t=     2.840     0.096

   Pair Number =   1,  Total Slave Points =    32

    0 - Not in Contact           =    32
    1 - Number to a Facet        =     0
    2 - Number to a Concave Edge =     0
    3 - Number to a Convex  Edge =     0
    4 - Number to a Point        =     0


   Pair Number =   2,  Total Slave Points =    32

    0 - Not in Contact           =    32
    1 - Number to a Facet        =     0
    2 - Number to a Concave Edge =     0
    3 - Number to a Convex  Edge =     0
    4 - Number to a Point        =     0


   Pair Number =   3,  Total Slave Points =    32

    0 - Not in Contact           =    32
    1 - Number to a Facet        =     0
    2 - Number to a Concave Edge =     0
    3 - Number to a Convex  Edge =     0
    4 - Number to a Point        =     0


   Pair Number =   4,  Total Slave Points =    32

    0 - Not in Contact           =    32
    1 - Number to a Facet        =     0
    2 - Number to a Concave Edge =     0
    3 - Number to a Convex  Edge =     0
    4 - Number to a Point        =     0

-->Contact check
 *Command   6 * loop newton         v:   50.0       9.00       0.00    
                                                         t=     2.841     0.096
 *Command   7 * utan                v:   1.00       0.00       0.00    
                                                         t=     2.841     0.096
   Residual 1 norm =  5.7822126E-02 Rel =  1.0000000E+00 t=     2.857     0.096
      Convergence: Equations  norm   = F
      Convergence: Individual groups = F
 Condition check: D-max 0.4123E+08; D-min 0.4138E-10; Ratio 0.9964E+18
 Maximum no. diagonal digits lost: 14 in reducing equation    1488
   End Triangular Decomposition                          t=     2.896     0.096
   Number of operations =  580485 plus       59 Mega-ops
  Time: CPU =         2.90 , System =         0.10
--> SOLVE AT  3044.24 Mflops. Time=        0.04
   Energy convergence check
    Initial   =    1.357974919377982E-05 Current   =    1.357974919377982E-05
    Relative  =    1.000000000000000E+00 Tolerance =    1.000000000000000E-16
      Convergence: Energy |R*u| norm = F
      Convergence: Individual groups = F
 *Command   8 * next newton         v:   1.00       7.00       1.00    
                                                         t=     2.899     0.096
 *Command   7 * utan                v:   1.00       0.00       0.00    
                                                         t=     2.899     0.096
   Residual 1 norm =  6.1737487E-04 Rel =  1.0677139E-02 t=     2.913     0.096
      Convergence: Equations  norm   = F
      Convergence: Individual groups = F
 Condition check: D-max 0.4123E+08; D-min 0.5457E-11; Ratio 0.7556E+19
 Maximum no. diagonal digits lost: 15 in reducing equation    1488
   End Triangular Decomposition                          t=     2.951     0.097
   Number of operations =  580485 plus       59 Mega-ops
  Time: CPU =         2.95 , System =         0.10
--> SOLVE AT  3185.53 Mflops. Time=        0.04
   Energy convergence check
    Initial   =    1.357974919377982E-05 Current   =    1.393076898474717E-10
    Relative  =    1.025848768335732E-05 Tolerance =    1.000000000000000E-16
      Convergence: Energy |R*u| norm = F
      Convergence: Individual groups = F
 *Command   8 * next newton         v:   2.00       7.00       2.00    
                                                         t=     2.953     0.097
 *Command   7 * utan                v:   1.00       0.00       0.00    
                                                         t=     2.953     0.097
   Residual 1 norm =  2.8712685E-09 Rel =  4.9656917E-08 t=     2.966     0.098
      Convergence: Equations  norm   = F
      Convergence: Individual groups = F
 Condition check: D-max 0.4123E+08; D-min 0.1728E-10; Ratio 0.2386E+19
 Maximum no. diagonal digits lost: 15 in reducing equation    1488
   End Triangular Decomposition                          t=     2.999     0.101
   Number of operations =  580485 plus       59 Mega-ops
  Time: CPU =         3.00 , System =         0.10
--> SOLVE AT  3633.83 Mflops. Time=        0.03
   Energy convergence check
    Initial   =    1.357974919377982E-05 Current   =    1.405603282211997E-20
    Relative  =    1.035073079888567E-15 Tolerance =    1.000000000000000E-16
      Convergence: Energy |R*u| norm = F
      Convergence: Individual groups = F
 *Command   8 * next newton         v:   3.00       7.00       3.00    
                                                         t=     3.001     0.101
 *Command   7 * utan                v:   1.00       0.00       0.00    
                                                         t=     3.001     0.101
   Residual 1 norm =  3.2679155E-12 Rel =  5.6516696E-11 t=     3.016     0.101
      Convergence: Equations  norm   = T
      Convergence: Individual groups = T
 Condition check: D-max 0.4123E+08; D-min 0.6366E-11; Ratio 0.6477E+19
 Maximum no. diagonal digits lost: 15 in reducing equation    1488
   End Triangular Decomposition                          t=     3.053     0.101
   Number of operations =  580485 plus       59 Mega-ops
  Time: CPU =         3.06 , System =         0.10
--> SOLVE AT  3204.98 Mflops. Time=        0.04
   Energy convergence check
    Initial   =    1.357974919377982E-05 Current   =    3.854190698755935E-20
    Relative  =    2.838189898618556E-15 Tolerance =    1.000000000000000E-16
      Convergence: Energy |R*u| norm = F
      Convergence: Individual groups = F
 *Command   8 * next newton         v:   50.0       7.00       4.00    
                                                         t=     3.056     0.101
 *Command   9 * plot WIPE           v:   0.00       0.00       0.00    
                                                         t=     3.056     0.101
 *Command  10 * plot UNDE           v:   0.00       0.00       0.00    
                                                         t=     3.056     0.101
 *Command  11 * plot MESH           v:   0.00       0.00       0.00    
                                                         t=     3.056     0.101
 *Command  12 * plot DEFO           v:   1.00       1.00       0.00    
                                                         t=     3.057     0.101
  -> Plots on deformed mesh with scale: 1.00000E+00
                     Eigenvector scale: 0.00000E+00
 *Command  13 * plot PAIR           v:   1.00       4.00       0.00    
                                                         t=     3.057     0.101
 *Command  14 * next time           v:   12.0       4.00       12.0    
                                                         t=     3.058     0.101
 *Command   4 * time                v:   0.00       0.00       0.00    
                                                         t=     3.058     0.101

   Computing solution at time   1.3000E-01 using dt =  1.0000E-02
   Total proportional load is   1.3000E-01
 *Command   5 * cont CHECK          v:   0.00       0.00       0.00    
                                                         t=     3.060     0.101

   Pair Number =   1,  Total Slave Points =    32

    0 - Not in Contact           =    32
    1 - Number to a Facet        =     0
    2 - Number to a Concave Edge =     0
    3 - Number to a Convex  Edge =     0
    4 - Number to a Point        =     0


   Pair Number =   2,  Total Slave Points =    32

    0 - Not in Contact           =    32
    1 - Number to a Facet        =     0
    2 - Number to a Concave Edge =     0
    3 - Number to a Convex  Edge =     0
    4 - Number to a Point        =     0


   Pair Number =   3,  Total Slave Points =    32

    0 - Not in Contact           =    32
    1 - Number to a Facet        =     0
    2 - Number to a Concave Edge =     0
    3 - Number to a Convex  Edge =     0
    4 - Number to a Point        =     0


   Pair Number =   4,  Total Slave Points =    32

    0 - Not in Contact           =    32
    1 - Number to a Facet        =     0
    2 - Number to a Concave Edge =     0
    3 - Number to a Convex  Edge =     0
    4 - Number to a Point        =     0

-->Contact check
 *Command   6 * loop newton         v:   50.0       9.00       0.00    
                                                         t=     3.060     0.101
 *Command   7 * utan                v:   1.00       0.00       0.00    
                                                         t=     3.060     0.101
   Residual 1 norm =  5.7785562E-02 Rel =  1.0000000E+00 t=     3.077     0.101
      Convergence: Equations  norm   = F
      Convergence: Individual groups = F
 Condition check: D-max 0.4123E+08; D-min 0.5912E-11; Ratio 0.6975E+19
 Maximum no. diagonal digits lost: 15 in reducing equation    1488
   End Triangular Decomposition                          t=     3.139     0.101
   Number of operations =  580485 plus       59 Mega-ops
  Time: CPU =         3.14 , System =         0.10
--> SOLVE AT  1913.37 Mflops. Time=        0.06
   Energy convergence check
    Initial   =    1.345990183693496E-05 Current   =    1.345990183693496E-05
    Relative  =    1.000000000000000E+00 Tolerance =    1.000000000000000E-16
      Convergence: Energy |R*u| norm = F
      Convergence: Individual groups = F
 *Command   8 * next newton         v:   1.00       7.00       1.00    
                                                         t=     3.142     0.101
 *Command   7 * utan                v:   1.00       0.00       0.00    
                                                         t=     3.142     0.102
   Residual 1 norm =  6.1027884E-04 Rel =  1.0561095E-02 t=     3.158     0.102
      Convergence: Equations  norm   = F
      Convergence: Individual groups = F
 Condition check: D-max 0.4123E+08; D-min 0.1228E-10; Ratio 0.3358E+19
 Maximum no. diagonal digits lost: 15 in reducing equation    1488
   End Triangular Decomposition                          t=     3.198     0.103
   Number of operations =  580485 plus       59 Mega-ops
  Time: CPU =         3.20 , System =         0.10
--> SOLVE AT  2959.34 Mflops. Time=        0.04
   Energy convergence check
    Initial   =    1.345990183693496E-05 Current   =    1.370932691276499E-10
    Relative  =    1.018530972874229E-05 Tolerance =    1.000000000000000E-16
      Convergence: Energy |R*u| norm = F
      Convergence: Individual groups = F
 *Command   8 * next newton         v:   2.00       7.00       2.00    
                                                         t=     3.201     0.103
 *Command   7 * utan                v:   1.00       0.00       0.00    
                                                         t=     3.201     0.103
   Residual 1 norm =  2.8162664E-09 Rel =  4.8736506E-08 t=     3.215     0.103
      Convergence: Equations  norm   = F
      Convergence: Individual groups = F
 Condition check: D-max 0.4123E+08; D-min 0.3593E-10; Ratio 0.1148E+19
 Maximum no. diagonal digits lost: 14 in reducing equation    1488
   End Triangular Decomposition                          t=     3.255     0.103
   Number of operations =  580485 plus       59 Mega-ops
  Time: CPU =         3.26 , System =         0.10
--> SOLVE AT  3043.55 Mflops. Time=        0.04
   Energy convergence check
    Initial   =    1.345990183693496E-05 Current   =    1.494192240508061E-20
    Relative  =    1.110106342980814E-15 Tolerance =    1.000000000000000E-16
      Convergence: Energy |R*u| norm = F
      Convergence: Individual groups = F
 *Command   8 * next newton         v:   3.00       7.00       3.00    
                                                         t=     3.257     0.103
 *Command   7 * utan                v:   1.00       0.00       0.00    
                                                         t=     3.257     0.103
   Residual 1 norm =  6.9968527E-12 Rel =  1.2108306E-10 t=     3.271     0.103
      Convergence: Equations  norm   = T
      Convergence: Individual groups = T
 Condition check: D-max 0.4123E+08; D-min 0.8640E-11; Ratio 0.4772E+19
 Maximum no. diagonal digits lost: 15 in reducing equation    1488
   End Triangular Decomposition                          t=     3.309     0.103
   Number of operations =  580485 plus       59 Mega-ops
  Time: CPU =         3.31 , System =         0.10
--> SOLVE AT  3163.96 Mflops. Time=        0.04
   Energy convergence check
    Initial   =    1.345990183693496E-05 Current   =    2.717061235437752E-21
    Relative  =    2.018633767433530E-16 Tolerance =    1.000000000000000E-16
      Convergence: Energy |R*u| norm = F
      Convergence: Individual groups = F
 *Command   8 * next newton         v:   50.0       7.00       4.00    
                                                         t=     3.311     0.103
 *Command   9 * plot WIPE           v:   0.00       0.00       0.00    
                                                         t=     3.311     0.103
 *Command  10 * plot UNDE           v:   0.00       0.00       0.00    
                                                         t=     3.312     0.103
 *Command  11 * plot MESH           v:   0.00       0.00       0.00    
                                                         t=     3.312     0.103
 *Command  12 * plot DEFO           v:   1.00       1.00       0.00    
                                                         t=     3.312     0.103
  -> Plots on deformed mesh with scale: 1.00000E+00
                     Eigenvector scale: 0.00000E+00
 *Command  13 * plot PAIR           v:   1.00       4.00       0.00    
                                                         t=     3.312     0.103
 *Command  14 * next time           v:   13.0       4.00       13.0    
                                                         t=     3.312     0.104
 *Command   4 * time                v:   0.00       0.00       0.00    
                                                         t=     3.312     0.104

   Computing solution at time   1.4000E-01 using dt =  1.0000E-02
   Total proportional load is   1.4000E-01
 *Command   5 * cont CHECK          v:   0.00       0.00       0.00    
                                                         t=     3.315     0.104

   Pair Number =   1,  Total Slave Points =    32

    0 - Not in Contact           =    20
    1 - Number to a Facet        =    12
    2 - Number to a Concave Edge =     0
    3 - Number to a Convex  Edge =     0
    4 - Number to a Point        =     0


   Pair Number =   2,  Total Slave Points =    32

    0 - Not in Contact           =    20
    1 - Number to a Facet        =    12
    2 - Number to a Concave Edge =     0
    3 - Number to a Convex  Edge =     0
    4 - Number to a Point        =     0


   Pair Number =   3,  Total Slave Points =    32

    0 - Not in Contact           =    20
    1 - Number to a Facet        =    12
    2 - Number to a Concave Edge =     0
    3 - Number to a Convex  Edge =     0
    4 - Number to a Point        =     0


   Pair Number =   4,  Total Slave Points =    32

    0 - Not in Contact           =    20
    1 - Number to a Facet        =    12
    2 - Number to a Concave Edge =     0
    3 - Number to a Convex  Edge =     0
    4 - Number to a Point        =     0

-->Contact check
 *Command   6 * loop newton         v:   50.0       9.00       0.00    
                                                         t=     3.315     0.104
 *Command   7 * utan                v:   1.00       0.00       0.00    
                                                         t=     3.315     0.104
   Residual 1 norm =  5.7778890E-02 Rel =  1.0000000E+00 t=     3.329     0.108
      Convergence: Equations  norm   = F
      Convergence: Individual groups = F
 Condition check: D-max 0.4123E+08; D-min 0.4352E-02; Ratio 0.9474E+10
 Maximum no. diagonal digits lost:  6 in reducing equation    1488
   End Triangular Decomposition                          t=     3.412     0.119
   Number of operations =  484285 plus       96 Mega-ops
  Time: CPU =         3.41 , System =         0.12
--> SOLVE AT  2321.10 Mflops. Time=        0.08
   Energy convergence check
    Initial   =    4.268674763735891E-05 Current   =    4.268674763735891E-05
    Relative  =    1.000000000000000E+00 Tolerance =    1.000000000000000E-16
      Convergence: Energy |R*u| norm = F
      Convergence: Individual groups = F
 *Command   8 * next newton         v:   1.00       7.00       1.00    
                                                         t=     3.415     0.120
 *Command   7 * utan                v:   1.00       0.00       0.00    
                                                         t=     3.415     0.120
   Residual 1 norm =  1.0043426E+01 Rel =  1.7382517E+02 t=     3.437     0.120
      Convergence: Equations  norm   = F
      Convergence: Individual groups = F
 Condition check: D-max 0.4123E+08; D-min 0.2761E-01; Ratio 0.1493E+10
 Maximum no. diagonal digits lost:  5 in reducing equation    2129
   End Triangular Decomposition                          t=     3.540     0.120
   Number of operations =  484285 plus       96 Mega-ops
  Time: CPU =         3.54 , System =         0.12
--> SOLVE AT  1868.76 Mflops. Time=        0.10
   Energy convergence check
    Initial   =    4.268674763735891E-05 Current   =    1.998701252455464E+00
    Relative  =    4.682252368897334E+04 Tolerance =    1.000000000000000E-16
      Convergence: Energy |R*u| norm = F
      Convergence: Individual groups = F
 *Command   8 * next newton         v:   2.00       7.00       2.00    
                                                         t=     3.543     0.120
 *Command   7 * utan                v:   1.00       0.00       0.00    
                                                         t=     3.543     0.120
   Residual 1 norm =  3.4465311E+01 Rel =  5.9650352E+02 t=     3.558     0.120
      Convergence: Equations  norm   = F
      Convergence: Individual groups = F
 Condition check: D-max 0.4123E+08; D-min 0.2761E-01; Ratio 0.1493E+10
 Maximum no. diagonal digits lost:  5 in reducing equation    2129
   End Triangular Decomposition                          t=     3.641     0.120
   Number of operations =  899827 plus       90 Mega-ops
  Time: CPU =         3.64 , System =         0.12
--> SOLVE AT  2183.86 Mflops. Time=        0.08
   Energy convergence check
    Initial   =    4.268674763735891E-05 Current   =    2.720725574452018E+02
    Relative  =    6.373700797178732E+06 Tolerance =    1.000000000000000E-16
      Convergence: Energy |R*u| norm = F
      Convergence: Individual groups = F
 *Command   8 * next newton         v:   3.00       7.00       3.00    
                                                         t=     3.644     0.120
 *Command   7 * utan                v:   1.00       0.00       0.00    
                                                         t=     3.644     0.120
   Residual 1 norm =  3.0244123E+04 Rel =  5.2344589E+05 t=     3.659     0.120
      Convergence: Equations  norm   = F
      Convergence: Individual groups = F
 Condition check: D-max 0.2041E+09; D-min 0.2686E-01; Ratio 0.7600E+10
 Maximum no. diagonal digits lost:  5 in reducing equation    2129
   End Triangular Decomposition                          t=     3.720     0.133
   Number of operations =  404358 plus       90 Mega-ops
  Time: CPU =         3.72 , System =         0.13
--> SOLVE AT  2987.84 Mflops. Time=        0.06
   Energy convergence check
    Initial   =    4.268674763735891E-05 Current   =    4.183765094231221E+03
    Relative  =    9.801086580251999E+07 Tolerance =    1.000000000000000E-16
      Convergence: Energy |R*u| norm = F
      Convergence: Individual groups = F
 *Command   8 * next newton         v:   4.00       7.00       4.00    
                                                         t=     3.722     0.134
 *Command   7 * utan                v:   1.00       0.00       0.00    
                                                         t=     3.722     0.134
   Residual 1 norm =  7.8538608E+15 Rel =  1.3592959E+17 t=     3.736     0.135
      Convergence: Equations  norm   = F
      Convergence: Individual groups = F
 Condition check: D-max 0.6207E+22; D-min 0.2995E-01; Ratio 0.2073E+24
 Maximum no. diagonal digits lost:  9 in reducing equation       3
   End Triangular Decomposition                          t=     3.802     0.136
   Number of operations =  552202 plus       84 Mega-ops
  Time: CPU =         3.80 , System =         0.14
--> SOLVE AT  2561.99 Mflops. Time=        0.07
   Energy convergence check
    Initial   =    4.268674763735891E-05 Current   =    8.266396205628754E+17
    Relative  =    1.936525189469836E+22 Tolerance =    1.000000000000000E-16
      Convergence: Energy |R*u| norm = F
      Convergence: Individual groups = F
 *Command   8 * next newton         v:   5.00       7.00       5.00    
                                                         t=     3.805     0.136
 *Command   7 * utan                v:   1.00       0.00       0.00    
                                                         t=     3.805     0.136
   Residual 1 norm =  2.0786522E+17 Rel =  3.5975980E+18 t=     3.820     0.136
      Convergence: Equations  norm   = F
      Convergence: Individual groups = F
 Condition check: D-max 0.3576E+20; D-min 0.3324E-01; Ratio 0.1076E+22
 Maximum no. diagonal digits lost:  6 in reducing equation    1488
   End Triangular Decomposition                          t=     3.885     0.137
   Number of operations =  876465 plus       81 Mega-ops
  Time: CPU =         3.89 , System =         0.14
--> SOLVE AT  2523.47 Mflops. Time=        0.06
   Energy convergence check
    Initial   =    4.268674763735891E-05 Current   =    4.364278672426797E+18
    Relative  =    1.022396625178170E+23 Tolerance =    1.000000000000000E-16
      Convergence: Energy |R*u| norm = F
      Convergence: Individual groups = F
 *Command   8 * next newton         v:   6.00       7.00       6.00    
                                                         t=     3.887     0.137
 *Command   7 * utan                v:   1.00       0.00       0.00    
                                                         t=     3.888     0.137
   Residual 1 norm =  3.8365351E+20 Rel =  6.6400290E+21 t=     3.906     0.137
      Convergence: Equations  norm   = F
      Convergence: Individual groups = F
 Condition check: D-max 0.6271E+23; D-min 0.3356E-01; Ratio 0.1869E+25
 Maximum no. diagonal digits lost:  8 in reducing equation    1057
   End Triangular Decomposition                          t=     4.002     0.137
   Number of operations =  665661 plus       86 Mega-ops
  Time: CPU =         4.00 , System =         0.14
--> SOLVE AT  1802.72 Mflops. Time=        0.10
   Energy convergence check
    Initial   =    4.268674763735891E-05 Current   =    2.427893172852911E+21
    Relative  =    5.687697721735186E+25 Tolerance =    1.000000000000000E-16
      Convergence: Energy |R*u| norm = F
      Convergence: Individual groups = F
 *Command   8 * next newton         v:   7.00       7.00       7.00    
                                                         t=     4.005     0.137
 *Command   7 * utan                v:   1.00       0.00       0.00    
                                                         t=     4.005     0.137
   Residual 1 norm =  1.3819708E+26 Rel =  2.3918264E+27 t=     4.020     0.137
      Convergence: Equations  norm   = F
      Convergence: Individual groups = F
 Condition check: D-max 0.3200E+28; D-min 0.3371E-01; Ratio 0.9492E+29
 Maximum no. diagonal digits lost: 10 in reducing equation    1345
   End Triangular Decomposition                          t=     4.089     0.137
   Number of operations =  570931 plus       83 Mega-ops
  Time: CPU =         4.09 , System =         0.14
--> SOLVE AT  2419.81 Mflops. Time=        0.07
   Energy convergence check
    Initial   =    4.268674763735891E-05 Current   =    6.526730257678949E+29
    Relative  =    1.528982791831823E+34 Tolerance =    1.000000000000000E-16
      Convergence: Energy |R*u| norm = F
      Convergence: Individual groups = F
 *Command   8 * next newton         v:   8.00       7.00       8.00    
                                                         t=     4.092     0.137
 *Command   7 * utan                v:   1.00       0.00       0.00    
                                                         t=     4.092     0.137
   Residual 1 norm =  7.7892558E+36 Rel =  1.3481145E+38 t=     4.109     0.138
      Convergence: Equations  norm   = F
      Convergence: Individual groups = F
 Condition check: D-max 0.1382E+39; D-min 0.3367E-01; Ratio 0.4104E+40
 Maximum no. diagonal digits lost: 15 in reducing equation    1345
   End Triangular Decomposition                          t=     4.181     0.138
   Number of operations =    4213 plus       86 Mega-ops
  Time: CPU =         4.18 , System =         0.14
--> SOLVE AT  2411.57 Mflops. Time=        0.07
   Energy convergence check
    Initial   =    4.268674763735891E-05 Current   =    6.823444119200991E+36
    Relative  =    1.598492388590692E+41 Tolerance =    1.000000000000000E-16
      Convergence: Energy |R*u| norm = F
      Convergence: Individual groups = F
 *Command   8 * next newton         v:   9.00       7.00       9.00    
                                                         t=     4.184     0.138
 *Command   7 * utan                v:   1.00       0.00       0.00    
                                                         t=     4.184     0.138
   Residual 1 norm =  2.7367549E+54 Rel =  4.7365999E+55 t=     4.199     0.138
      Convergence: Equations  norm   = F
      Convergence: Individual groups = F
 Condition check: D-max 0.6944E+59; D-min 0.3368E-01; Ratio 0.2062E+61
 Maximum no. diagonal digits lost: 16 in reducing equation    1304
   End Triangular Decomposition                          t=     4.266     0.138
   Number of operations =  773597 plus       84 Mega-ops
  Time: CPU =         4.27 , System =         0.14
--> SOLVE AT  2512.44 Mflops. Time=        0.07
   Energy convergence check
    Initial   =    4.268674763735891E-05 Current   =    8.776227811194044E+57
    Relative  =    2.055960759941617E+62 Tolerance =    1.000000000000000E-16
      Convergence: Energy |R*u| norm = F
      Convergence: Individual groups = F
 *Command   8 * next newton         v:   10.0       7.00       10.0    
                                                         t=     4.269     0.138
 *Command   7 * utan                v:   1.00       0.00       0.00    
                                                         t=     4.269     0.138
