 FEAP *** inflated fiber reinforced soft ring - circum. b.c. top surf. linked in

     Solution date: Mon Aug 10 16:34:00 2026

              Release 8.7.1b      
              03 July 2026        

     Input Data Filename: IsweepS                                                                                                                         

     Number of Nodal Points  - - - - - - :     1455
     Number of Elements  - - - - - - - - :      768

     Spatial Dimension of Mesh - - - - - :        6
     Degrees-of-Freedom/Node (Maximum) - :        3
     Equations/Element       (Maximum) - :        0
     Number Element Nodes    (Maximum) - :        8

     Number of Material Sets - - - - - - :        3
     Number Parameters/Set   (Program) - :      350
     Number Parameters/Set   (Users  ) - :      150

     Number Added Element Equations  - - :        0

  C o n s t a n t    V a l u e s

     Constant pi =  3.14159265E+00
     Constant pr =  1.00000000E+05
     Constant ri =  1.00000000E-02
     Constant ro =  1.50000000E-02
     Constant ht =  5.00000000E-03
     Constant nl =  6.00000000E+00
     Constant lt =  8.33333333E-04
     Constant to =  1.00000000E-04
     Constant em =  1.00000000E+06
     Constant nu =  4.20000000E-01
     Constant rh =  1.06000000E+03
     Constant dt =  1.00000000E-01
     Constant ta =  1.00000000E+00
     Constant ln =  5.00000000E+01
     Constant la =  3.00000000E+00
     Constant rs =  5.00000000E-04

 FEAP *** inflated fiber reinforced soft ring - circum. b.c. top surf. linked i

   M a t e r i a l    P r o p e r t i e s

     Material Set Number   1: Element Type: SOLID:                           
     Degree of Freedom Assignments    Local    Global
                                     Number    Number
                                        1         1
                                        2         2
                                        3         3
 *WARNING* GENVEC: No data found for a -> Noda <- data set.

 FEAP *** inflated fiber reinforced soft ring - circum. b.c. top surf. linked i

   M a t e r i a l    P r o p e r t i e s

     Material Set Number   2: Element Type: PRESs:                           
     Degree of Freedom Assignments    Local    Global
                                     Number    Number
                                        1         1
                                        2         2
                                        3         3

     Start Load Set   1
           Proportional Load =   0
 *WARNING* PLINKA: No data found for a -> foll <- data set.
   *WARNING* Length allocation for:FOLLI Length =           0
   *WARNING* Length allocation for:FOLLR Length =           0

 FEAP *** inflated fiber reinforced soft ring - circum. b.c. top surf. linked i

   M a t e r i a l    P r o p e r t i e s

     Material Set Number   3: Element Type: FRAME:                           
     Degree of Freedom Assignments    Local    Global
                                     Number    Number
                                        1         1
                                        2         2
                                        3         3

 FEAP *** inflated fiber reinforced soft ring - circum. b.c. top surf. linked in 

   3-D   M e s h   f r o m   2-D   M e s h

           2-d File Name: IsectR.rev     

  C o n s t a n t    V a l u e s

     Constant pr =  1.00000000E+10
     Constant ri =  1.00000000E-02
     Constant ro =  1.50000000E-02
     Constant ht =  5.00000000E-03
     Constant em =  1.00000000E+06
     Constant nu =  4.20000000E-01
     Constant rh =  1.06000000E+03

           Spline Definition for 3-d mesh

            Cylindrical sweep
           Generate   96 segments

           Rotate on   4 axis

           Center at:  0.0000E+00  0.0000E+00  0.0000E+00

           Node     1-Coord     2-Coord     3-Coord
              1  0.0000E+00  0.0000E+00  0.0000E+00
              2 -3.6000E+02  0.0000E+00  0.0000E+00

 FEAP *** inflated fiber reinforced soft ring - circum. b.c. top surf. linked in 

   N o d a l   C o o r d i n a t e s

      Node     1-Coord     2-Coord     3-Coord
         1  1.0000E-02  0.0000E+00  8.0000E-04
         2  1.0833E-02  0.0000E+00  8.0000E-04
         3  1.1667E-02  0.0000E+00  8.0000E-04
         4  1.2500E-02  0.0000E+00  8.0000E-04
         5  1.3333E-02  0.0000E+00  8.0000E-04
         6  1.4167E-02  0.0000E+00  8.0000E-04
         7  1.5000E-02  0.0000E+00  8.0000E-04
         8  1.0000E-02  0.0000E+00  0.0000E+00
         9  1.0833E-02  0.0000E+00  0.0000E+00
        10  1.1667E-02  0.0000E+00  0.0000E+00
        11  1.2500E-02  0.0000E+00  0.0000E+00
        12  1.3333E-02  0.0000E+00  0.0000E+00
        13  1.4167E-02  0.0000E+00  0.0000E+00
        14  1.5000E-02  0.0000E+00  0.0000E+00
        15  1.0000E-02  0.0000E+00  4.0000E-04
        16  9.9786E-03 -6.5403E-04  8.0000E-04
        17  1.0810E-02 -7.0853E-04  8.0000E-04
        18  1.1642E-02 -7.6304E-04  8.0000E-04
        19  1.2473E-02 -8.1754E-04  8.0000E-04
        20  1.3305E-02 -8.7204E-04  8.0000E-04
        21  1.4136E-02 -9.2654E-04  8.0000E-04
        22  1.4968E-02 -9.8105E-04  8.0000E-04
        23  9.9786E-03 -6.5403E-04  0.0000E+00
        24  1.0810E-02 -7.0853E-04  0.0000E+00
        25  1.1642E-02 -7.6304E-04  0.0000E+00
        26  1.2473E-02 -8.1754E-04  0.0000E+00
        27  1.3305E-02 -8.7204E-04  0.0000E+00
        28  1.4136E-02 -9.2654E-04  0.0000E+00
        29  1.4968E-02 -9.8105E-04  0.0000E+00
        30  9.9786E-03 -6.5403E-04  4.0000E-04
        31  9.9144E-03 -1.3053E-03  8.0000E-04
        32  1.0741E-02 -1.4140E-03  8.0000E-04
        33  1.1567E-02 -1.5228E-03  8.0000E-04
        34  1.2393E-02 -1.6316E-03  8.0000E-04
        35  1.3219E-02 -1.7403E-03  8.0000E-04
        36  1.4045E-02 -1.8491E-03  8.0000E-04
        37  1.4872E-02 -1.9579E-03  8.0000E-04
        38  9.9144E-03 -1.3053E-03  0.0000E+00
        39  1.0741E-02 -1.4140E-03  0.0000E+00
        40  1.1567E-02 -1.5228E-03  0.0000E+00
        41  1.2393E-02 -1.6316E-03  0.0000E+00
        42  1.3219E-02 -1.7403E-03  0.0000E+00
        43  1.4045E-02 -1.8491E-03  0.0000E+00
        44  1.4872E-02 -1.9579E-03  0.0000E+00
        45  9.9144E-03 -1.3053E-03  4.0000E-04
        46  9.8079E-03 -1.9509E-03  8.0000E-04
        47  1.0625E-02 -2.1135E-03  8.0000E-04
        48  1.1442E-02 -2.2761E-03  8.0000E-04
        49  1.2260E-02 -2.4386E-03  8.0000E-04
        50  1.3077E-02 -2.6012E-03  8.0000E-04
        51  1.3894E-02 -2.7638E-03  8.0000E-04
        52  1.4712E-02 -2.9264E-03  8.0000E-04
        53  9.8079E-03 -1.9509E-03  0.0000E+00
        54  1.0625E-02 -2.1135E-03  0.0000E+00
        55  1.1442E-02 -2.2761E-03  0.0000E+00
        56  1.2260E-02 -2.4386E-03  0.0000E+00
        57  1.3077E-02 -2.6012E-03  0.0000E+00
        58  1.3894E-02 -2.7638E-03  0.0000E+00
        59  1.4712E-02 -2.9264E-03  0.0000E+00
        60  9.8079E-03 -1.9509E-03  4.0000E-04
        61  9.6593E-03 -2.5882E-03  8.0000E-04
        62  1.0464E-02 -2.8039E-03  8.0000E-04
        63  1.1269E-02 -3.0196E-03  8.0000E-04
        64  1.2074E-02 -3.2352E-03  8.0000E-04
        65  1.2879E-02 -3.4509E-03  8.0000E-04
        66  1.3684E-02 -3.6666E-03  8.0000E-04
        67  1.4489E-02 -3.8823E-03  8.0000E-04
        68  9.6593E-03 -2.5882E-03  0.0000E+00
        69  1.0464E-02 -2.8039E-03  0.0000E+00
        70  1.1269E-02 -3.0196E-03  0.0000E+00
        71  1.2074E-02 -3.2352E-03  0.0000E+00
        72  1.2879E-02 -3.4509E-03  0.0000E+00
        73  1.3684E-02 -3.6666E-03  0.0000E+00
        74  1.4489E-02 -3.8823E-03  0.0000E+00
        75  9.6593E-03 -2.5882E-03  4.0000E-04
        76  9.4693E-03 -3.2144E-03  8.0000E-04
        77  1.0258E-02 -3.4823E-03  8.0000E-04
        78  1.1048E-02 -3.7501E-03  8.0000E-04
        79  1.1837E-02 -4.0180E-03  8.0000E-04
        80  1.2626E-02 -4.2859E-03  8.0000E-04
        81  1.3415E-02 -4.5537E-03  8.0000E-04
        82  1.4204E-02 -4.8216E-03  8.0000E-04
        83  9.4693E-03 -3.2144E-03  0.0000E+00
        84  1.0258E-02 -3.4823E-03  0.0000E+00
        85  1.1048E-02 -3.7501E-03  0.0000E+00
        86  1.1837E-02 -4.0180E-03  0.0000E+00
        87  1.2626E-02 -4.2859E-03  0.0000E+00
        88  1.3415E-02 -4.5537E-03  0.0000E+00
        89  1.4204E-02 -4.8216E-03  0.0000E+00
        90  9.4693E-03 -3.2144E-03  4.0000E-04
        91  9.2388E-03 -3.8268E-03  8.0000E-04
        92  1.0009E-02 -4.1457E-03  8.0000E-04
        93  1.0779E-02 -4.4646E-03  8.0000E-04
        94  1.1548E-02 -4.7835E-03  8.0000E-04
        95  1.2318E-02 -5.1024E-03  8.0000E-04
        96  1.3088E-02 -5.4213E-03  8.0000E-04
        97  1.3858E-02 -5.7403E-03  8.0000E-04
        98  9.2388E-03 -3.8268E-03  0.0000E+00
        99  1.0009E-02 -4.1457E-03  0.0000E+00
       100  1.0779E-02 -4.4646E-03  0.0000E+00
       101  1.1548E-02 -4.7835E-03  0.0000E+00
       102  1.2318E-02 -5.1024E-03  0.0000E+00
       103  1.3088E-02 -5.4213E-03  0.0000E+00
       104  1.3858E-02 -5.7403E-03  0.0000E+00
       105  9.2388E-03 -3.8268E-03  4.0000E-04
       106  8.9687E-03 -4.4229E-03  8.0000E-04
       107  9.7161E-03 -4.7915E-03  8.0000E-04
       108  1.0464E-02 -5.1600E-03  8.0000E-04
       109  1.1211E-02 -5.5286E-03  8.0000E-04
       110  1.1958E-02 -5.8972E-03  8.0000E-04
       111  1.2706E-02 -6.2658E-03  8.0000E-04
       112  1.3453E-02 -6.6343E-03  8.0000E-04
       113  8.9687E-03 -4.4229E-03  0.0000E+00
       114  9.7161E-03 -4.7915E-03  0.0000E+00
       115  1.0464E-02 -5.1600E-03  0.0000E+00
       116  1.1211E-02 -5.5286E-03  0.0000E+00
       117  1.1958E-02 -5.8972E-03  0.0000E+00
       118  1.2706E-02 -6.2658E-03  0.0000E+00
       119  1.3453E-02 -6.6343E-03  0.0000E+00
       120  8.9687E-03 -4.4229E-03  4.0000E-04
       121  8.6603E-03 -5.0000E-03  8.0000E-04
       122  9.3819E-03 -5.4167E-03  8.0000E-04
       123  1.0104E-02 -5.8333E-03  8.0000E-04
       124  1.0825E-02 -6.2500E-03  8.0000E-04
       125  1.1547E-02 -6.6667E-03  8.0000E-04
       126  1.2269E-02 -7.0833E-03  8.0000E-04
       127  1.2990E-02 -7.5000E-03  8.0000E-04
       128  8.6603E-03 -5.0000E-03  0.0000E+00
       129  9.3819E-03 -5.4167E-03  0.0000E+00
       130  1.0104E-02 -5.8333E-03  0.0000E+00
       131  1.0825E-02 -6.2500E-03  0.0000E+00
       132  1.1547E-02 -6.6667E-03  0.0000E+00
       133  1.2269E-02 -7.0833E-03  0.0000E+00
       134  1.2990E-02 -7.5000E-03  0.0000E+00
       135  8.6603E-03 -5.0000E-03  4.0000E-04
       136  8.3147E-03 -5.5557E-03  8.0000E-04
       137  9.0076E-03 -6.0187E-03  8.0000E-04
       138  9.7005E-03 -6.4817E-03  8.0000E-04
       139  1.0393E-02 -6.9446E-03  8.0000E-04
       140  1.1086E-02 -7.4076E-03  8.0000E-04
       141  1.1779E-02 -7.8706E-03  8.0000E-04
       142  1.2472E-02 -8.3336E-03  8.0000E-04
       143  8.3147E-03 -5.5557E-03  0.0000E+00
       144  9.0076E-03 -6.0187E-03  0.0000E+00
       145  9.7005E-03 -6.4817E-03  0.0000E+00
       146  1.0393E-02 -6.9446E-03  0.0000E+00
       147  1.1086E-02 -7.4076E-03  0.0000E+00
       148  1.1779E-02 -7.8706E-03  0.0000E+00
       149  1.2472E-02 -8.3336E-03  0.0000E+00
       150  8.3147E-03 -5.5557E-03  4.0000E-04
       151  7.9335E-03 -6.0876E-03  8.0000E-04
       152  8.5947E-03 -6.5949E-03  8.0000E-04
       153  9.2558E-03 -7.1022E-03  8.0000E-04
       154  9.9169E-03 -7.6095E-03  8.0000E-04
       155  1.0578E-02 -8.1168E-03  8.0000E-04
       156  1.1239E-02 -8.6241E-03  8.0000E-04
       157  1.1900E-02 -9.1314E-03  8.0000E-04
       158  7.9335E-03 -6.0876E-03  0.0000E+00
       159  8.5947E-03 -6.5949E-03  0.0000E+00
       160  9.2558E-03 -7.1022E-03  0.0000E+00
       161  9.9169E-03 -7.6095E-03  0.0000E+00
       162  1.0578E-02 -8.1168E-03  0.0000E+00
       163  1.1239E-02 -8.6241E-03  0.0000E+00
       164  1.1900E-02 -9.1314E-03  0.0000E+00
       165  7.9335E-03 -6.0876E-03  4.0000E-04
       166  7.5184E-03 -6.5935E-03  8.0000E-04
       167  8.1449E-03 -7.1429E-03  8.0000E-04
       168  8.7715E-03 -7.6924E-03  8.0000E-04
       169  9.3980E-03 -8.2418E-03  8.0000E-04
       170  1.0025E-02 -8.7913E-03  8.0000E-04
       171  1.0651E-02 -9.3407E-03  8.0000E-04
       172  1.1278E-02 -9.8902E-03  8.0000E-04
       173  7.5184E-03 -6.5935E-03  0.0000E+00
       174  8.1449E-03 -7.1429E-03  0.0000E+00
       175  8.7715E-03 -7.6924E-03  0.0000E+00
       176  9.3980E-03 -8.2418E-03  0.0000E+00
       177  1.0025E-02 -8.7913E-03  0.0000E+00
       178  1.0651E-02 -9.3407E-03  0.0000E+00
       179  1.1278E-02 -9.8902E-03  0.0000E+00
       180  7.5184E-03 -6.5935E-03  4.0000E-04
       181  7.0711E-03 -7.0711E-03  8.0000E-04
       182  7.6603E-03 -7.6603E-03  8.0000E-04
       183  8.2496E-03 -8.2496E-03  8.0000E-04
       184  8.8388E-03 -8.8388E-03  8.0000E-04
       185  9.4281E-03 -9.4281E-03  8.0000E-04
       186  1.0017E-02 -1.0017E-02  8.0000E-04
       187  1.0607E-02 -1.0607E-02  8.0000E-04
       188  7.0711E-03 -7.0711E-03  0.0000E+00
       189  7.6603E-03 -7.6603E-03  0.0000E+00
       190  8.2496E-03 -8.2496E-03  0.0000E+00
       191  8.8388E-03 -8.8388E-03  0.0000E+00
       192  9.4281E-03 -9.4281E-03  0.0000E+00
       193  1.0017E-02 -1.0017E-02  0.0000E+00
       194  1.0607E-02 -1.0607E-02  0.0000E+00
       195  7.0711E-03 -7.0711E-03  4.0000E-04
       196  6.5935E-03 -7.5184E-03  8.0000E-04
       197  7.1429E-03 -8.1449E-03  8.0000E-04
       198  7.6924E-03 -8.7715E-03  8.0000E-04
       199  8.2418E-03 -9.3980E-03  8.0000E-04
       200  8.7913E-03 -1.0025E-02  8.0000E-04
       201  9.3407E-03 -1.0651E-02  8.0000E-04
       202  9.8902E-03 -1.1278E-02  8.0000E-04
       203  6.5935E-03 -7.5184E-03  0.0000E+00
       204  7.1429E-03 -8.1449E-03  0.0000E+00
       205  7.6924E-03 -8.7715E-03  0.0000E+00
       206  8.2418E-03 -9.3980E-03  0.0000E+00
       207  8.7913E-03 -1.0025E-02  0.0000E+00
       208  9.3407E-03 -1.0651E-02  0.0000E+00
       209  9.8902E-03 -1.1278E-02  0.0000E+00
       210  6.5935E-03 -7.5184E-03  4.0000E-04
       211  6.0876E-03 -7.9335E-03  8.0000E-04
       212  6.5949E-03 -8.5947E-03  8.0000E-04
       213  7.1022E-03 -9.2558E-03  8.0000E-04
       214  7.6095E-03 -9.9169E-03  8.0000E-04
       215  8.1168E-03 -1.0578E-02  8.0000E-04
       216  8.6241E-03 -1.1239E-02  8.0000E-04
       217  9.1314E-03 -1.1900E-02  8.0000E-04
       218  6.0876E-03 -7.9335E-03  0.0000E+00
       219  6.5949E-03 -8.5947E-03  0.0000E+00
       220  7.1022E-03 -9.2558E-03  0.0000E+00
       221  7.6095E-03 -9.9169E-03  0.0000E+00
       222  8.1168E-03 -1.0578E-02  0.0000E+00
       223  8.6241E-03 -1.1239E-02  0.0000E+00
       224  9.1314E-03 -1.1900E-02  0.0000E+00
       225  6.0876E-03 -7.9335E-03  4.0000E-04
       226  5.5557E-03 -8.3147E-03  8.0000E-04
       227  6.0187E-03 -9.0076E-03  8.0000E-04
       228  6.4817E-03 -9.7005E-03  8.0000E-04
       229  6.9446E-03 -1.0393E-02  8.0000E-04
       230  7.4076E-03 -1.1086E-02  8.0000E-04
       231  7.8706E-03 -1.1779E-02  8.0000E-04
       232  8.3336E-03 -1.2472E-02  8.0000E-04
       233  5.5557E-03 -8.3147E-03  0.0000E+00
       234  6.0187E-03 -9.0076E-03  0.0000E+00
       235  6.4817E-03 -9.7005E-03  0.0000E+00
       236  6.9446E-03 -1.0393E-02  0.0000E+00
       237  7.4076E-03 -1.1086E-02  0.0000E+00
       238  7.8706E-03 -1.1779E-02  0.0000E+00
       239  8.3336E-03 -1.2472E-02  0.0000E+00
       240  5.5557E-03 -8.3147E-03  4.0000E-04
       241  5.0000E-03 -8.6603E-03  8.0000E-04
       242  5.4167E-03 -9.3819E-03  8.0000E-04
       243  5.8333E-03 -1.0104E-02  8.0000E-04
       244  6.2500E-03 -1.0825E-02  8.0000E-04
       245  6.6667E-03 -1.1547E-02  8.0000E-04
       246  7.0833E-03 -1.2269E-02  8.0000E-04
       247  7.5000E-03 -1.2990E-02  8.0000E-04
       248  5.0000E-03 -8.6603E-03  0.0000E+00
       249  5.4167E-03 -9.3819E-03  0.0000E+00
       250  5.8333E-03 -1.0104E-02  0.0000E+00
       251  6.2500E-03 -1.0825E-02  0.0000E+00
       252  6.6667E-03 -1.1547E-02  0.0000E+00
       253  7.0833E-03 -1.2269E-02  0.0000E+00
       254  7.5000E-03 -1.2990E-02  0.0000E+00
       255  5.0000E-03 -8.6603E-03  4.0000E-04
       256  4.4229E-03 -8.9687E-03  8.0000E-04
       257  4.7915E-03 -9.7161E-03  8.0000E-04
       258  5.1600E-03 -1.0464E-02  8.0000E-04
       259  5.5286E-03 -1.1211E-02  8.0000E-04
       260  5.8972E-03 -1.1958E-02  8.0000E-04
       261  6.2658E-03 -1.2706E-02  8.0000E-04
       262  6.6343E-03 -1.3453E-02  8.0000E-04
       263  4.4229E-03 -8.9687E-03  0.0000E+00
       264  4.7915E-03 -9.7161E-03  0.0000E+00
       265  5.1600E-03 -1.0464E-02  0.0000E+00
       266  5.5286E-03 -1.1211E-02  0.0000E+00
       267  5.8972E-03 -1.1958E-02  0.0000E+00
       268  6.2658E-03 -1.2706E-02  0.0000E+00
       269  6.6343E-03 -1.3453E-02  0.0000E+00
       270  4.4229E-03 -8.9687E-03  4.0000E-04
       271  3.8268E-03 -9.2388E-03  8.0000E-04
       272  4.1457E-03 -1.0009E-02  8.0000E-04
       273  4.4646E-03 -1.0779E-02  8.0000E-04
       274  4.7835E-03 -1.1548E-02  8.0000E-04
       275  5.1024E-03 -1.2318E-02  8.0000E-04
       276  5.4213E-03 -1.3088E-02  8.0000E-04
       277  5.7403E-03 -1.3858E-02  8.0000E-04
       278  3.8268E-03 -9.2388E-03  0.0000E+00
       279  4.1457E-03 -1.0009E-02  0.0000E+00
       280  4.4646E-03 -1.0779E-02  0.0000E+00
       281  4.7835E-03 -1.1548E-02  0.0000E+00
       282  5.1024E-03 -1.2318E-02  0.0000E+00
       283  5.4213E-03 -1.3088E-02  0.0000E+00
       284  5.7403E-03 -1.3858E-02  0.0000E+00
       285  3.8268E-03 -9.2388E-03  4.0000E-04
       286  3.2144E-03 -9.4693E-03  8.0000E-04
       287  3.4823E-03 -1.0258E-02  8.0000E-04
       288  3.7501E-03 -1.1048E-02  8.0000E-04
       289  4.0180E-03 -1.1837E-02  8.0000E-04
       290  4.2859E-03 -1.2626E-02  8.0000E-04
       291  4.5537E-03 -1.3415E-02  8.0000E-04
       292  4.8216E-03 -1.4204E-02  8.0000E-04
       293  3.2144E-03 -9.4693E-03  0.0000E+00
       294  3.4823E-03 -1.0258E-02  0.0000E+00
       295  3.7501E-03 -1.1048E-02  0.0000E+00
       296  4.0180E-03 -1.1837E-02  0.0000E+00
       297  4.2859E-03 -1.2626E-02  0.0000E+00
       298  4.5537E-03 -1.3415E-02  0.0000E+00
       299  4.8216E-03 -1.4204E-02  0.0000E+00
       300  3.2144E-03 -9.4693E-03  4.0000E-04
       301  2.5882E-03 -9.6593E-03  8.0000E-04
       302  2.8039E-03 -1.0464E-02  8.0000E-04
       303  3.0196E-03 -1.1269E-02  8.0000E-04
       304  3.2352E-03 -1.2074E-02  8.0000E-04
       305  3.4509E-03 -1.2879E-02  8.0000E-04
       306  3.6666E-03 -1.3684E-02  8.0000E-04
       307  3.8823E-03 -1.4489E-02  8.0000E-04
       308  2.5882E-03 -9.6593E-03  0.0000E+00
       309  2.8039E-03 -1.0464E-02  0.0000E+00
       310  3.0196E-03 -1.1269E-02  0.0000E+00
       311  3.2352E-03 -1.2074E-02  0.0000E+00
       312  3.4509E-03 -1.2879E-02  0.0000E+00
       313  3.6666E-03 -1.3684E-02  0.0000E+00
       314  3.8823E-03 -1.4489E-02  0.0000E+00
       315  2.5882E-03 -9.6593E-03  4.0000E-04
       316  1.9509E-03 -9.8079E-03  8.0000E-04
       317  2.1135E-03 -1.0625E-02  8.0000E-04
       318  2.2761E-03 -1.1442E-02  8.0000E-04
       319  2.4386E-03 -1.2260E-02  8.0000E-04
       320  2.6012E-03 -1.3077E-02  8.0000E-04
       321  2.7638E-03 -1.3894E-02  8.0000E-04
       322  2.9264E-03 -1.4712E-02  8.0000E-04
       323  1.9509E-03 -9.8079E-03  0.0000E+00
       324  2.1135E-03 -1.0625E-02  0.0000E+00
       325  2.2761E-03 -1.1442E-02  0.0000E+00
       326  2.4386E-03 -1.2260E-02  0.0000E+00
       327  2.6012E-03 -1.3077E-02  0.0000E+00
       328  2.7638E-03 -1.3894E-02  0.0000E+00
       329  2.9264E-03 -1.4712E-02  0.0000E+00
       330  1.9509E-03 -9.8079E-03  4.0000E-04
       331  1.3053E-03 -9.9144E-03  8.0000E-04
       332  1.4140E-03 -1.0741E-02  8.0000E-04
       333  1.5228E-03 -1.1567E-02  8.0000E-04
       334  1.6316E-03 -1.2393E-02  8.0000E-04
       335  1.7403E-03 -1.3219E-02  8.0000E-04
       336  1.8491E-03 -1.4045E-02  8.0000E-04
       337  1.9579E-03 -1.4872E-02  8.0000E-04
       338  1.3053E-03 -9.9144E-03  0.0000E+00
       339  1.4140E-03 -1.0741E-02  0.0000E+00
       340  1.5228E-03 -1.1567E-02  0.0000E+00
       341  1.6316E-03 -1.2393E-02  0.0000E+00
       342  1.7403E-03 -1.3219E-02  0.0000E+00
       343  1.8491E-03 -1.4045E-02  0.0000E+00
       344  1.9579E-03 -1.4872E-02  0.0000E+00
       345  1.3053E-03 -9.9144E-03  4.0000E-04
       346  6.5403E-04 -9.9786E-03  8.0000E-04
       347  7.0853E-04 -1.0810E-02  8.0000E-04
       348  7.6304E-04 -1.1642E-02  8.0000E-04
       349  8.1754E-04 -1.2473E-02  8.0000E-04
       350  8.7204E-04 -1.3305E-02  8.0000E-04
       351  9.2654E-04 -1.4136E-02  8.0000E-04
       352  9.8105E-04 -1.4968E-02  8.0000E-04
       353  6.5403E-04 -9.9786E-03  0.0000E+00
       354  7.0853E-04 -1.0810E-02  0.0000E+00
       355  7.6304E-04 -1.1642E-02  0.0000E+00
       356  8.1754E-04 -1.2473E-02  0.0000E+00
       357  8.7204E-04 -1.3305E-02  0.0000E+00
       358  9.2654E-04 -1.4136E-02  0.0000E+00
       359  9.8105E-04 -1.4968E-02  0.0000E+00
       360  6.5403E-04 -9.9786E-03  4.0000E-04
       361  6.1232E-19 -1.0000E-02  8.0000E-04
       362  6.6335E-19 -1.0833E-02  8.0000E-04
       363  7.1438E-19 -1.1667E-02  8.0000E-04
       364  7.6540E-19 -1.2500E-02  8.0000E-04
       365  8.1643E-19 -1.3333E-02  8.0000E-04
       366  8.6746E-19 -1.4167E-02  8.0000E-04
       367  9.1849E-19 -1.5000E-02  8.0000E-04
       368  6.1232E-19 -1.0000E-02  0.0000E+00
       369  6.6335E-19 -1.0833E-02  0.0000E+00
       370  7.1438E-19 -1.1667E-02  0.0000E+00
       371  7.6540E-19 -1.2500E-02  0.0000E+00
       372  8.1643E-19 -1.3333E-02  0.0000E+00
       373  8.6746E-19 -1.4167E-02  0.0000E+00
       374  9.1849E-19 -1.5000E-02  0.0000E+00
       375  6.1232E-19 -1.0000E-02  4.0000E-04
       376 -6.5403E-04 -9.9786E-03  8.0000E-04
       377 -7.0853E-04 -1.0810E-02  8.0000E-04
       378 -7.6304E-04 -1.1642E-02  8.0000E-04
       379 -8.1754E-04 -1.2473E-02  8.0000E-04
       380 -8.7204E-04 -1.3305E-02  8.0000E-04
       381 -9.2654E-04 -1.4136E-02  8.0000E-04
       382 -9.8105E-04 -1.4968E-02  8.0000E-04
       383 -6.5403E-04 -9.9786E-03  0.0000E+00
       384 -7.0853E-04 -1.0810E-02  0.0000E+00
       385 -7.6304E-04 -1.1642E-02  0.0000E+00
       386 -8.1754E-04 -1.2473E-02  0.0000E+00
       387 -8.7204E-04 -1.3305E-02  0.0000E+00
       388 -9.2654E-04 -1.4136E-02  0.0000E+00
       389 -9.8105E-04 -1.4968E-02  0.0000E+00
       390 -6.5403E-04 -9.9786E-03  4.0000E-04
       391 -1.3053E-03 -9.9144E-03  8.0000E-04
       392 -1.4140E-03 -1.0741E-02  8.0000E-04
       393 -1.5228E-03 -1.1567E-02  8.0000E-04
       394 -1.6316E-03 -1.2393E-02  8.0000E-04
       395 -1.7403E-03 -1.3219E-02  8.0000E-04
       396 -1.8491E-03 -1.4045E-02  8.0000E-04
       397 -1.9579E-03 -1.4872E-02  8.0000E-04
       398 -1.3053E-03 -9.9144E-03  0.0000E+00
       399 -1.4140E-03 -1.0741E-02  0.0000E+00
       400 -1.5228E-03 -1.1567E-02  0.0000E+00
       401 -1.6316E-03 -1.2393E-02  0.0000E+00
       402 -1.7403E-03 -1.3219E-02  0.0000E+00
       403 -1.8491E-03 -1.4045E-02  0.0000E+00
       404 -1.9579E-03 -1.4872E-02  0.0000E+00
       405 -1.3053E-03 -9.9144E-03  4.0000E-04
       406 -1.9509E-03 -9.8079E-03  8.0000E-04
       407 -2.1135E-03 -1.0625E-02  8.0000E-04
       408 -2.2761E-03 -1.1442E-02  8.0000E-04
       409 -2.4386E-03 -1.2260E-02  8.0000E-04
       410 -2.6012E-03 -1.3077E-02  8.0000E-04
       411 -2.7638E-03 -1.3894E-02  8.0000E-04
       412 -2.9264E-03 -1.4712E-02  8.0000E-04
       413 -1.9509E-03 -9.8079E-03  0.0000E+00
       414 -2.1135E-03 -1.0625E-02  0.0000E+00
       415 -2.2761E-03 -1.1442E-02  0.0000E+00
       416 -2.4386E-03 -1.2260E-02  0.0000E+00
       417 -2.6012E-03 -1.3077E-02  0.0000E+00
       418 -2.7638E-03 -1.3894E-02  0.0000E+00
       419 -2.9264E-03 -1.4712E-02  0.0000E+00
       420 -1.9509E-03 -9.8079E-03  4.0000E-04
       421 -2.5882E-03 -9.6593E-03  8.0000E-04
       422 -2.8039E-03 -1.0464E-02  8.0000E-04
       423 -3.0196E-03 -1.1269E-02  8.0000E-04
       424 -3.2352E-03 -1.2074E-02  8.0000E-04
       425 -3.4509E-03 -1.2879E-02  8.0000E-04
       426 -3.6666E-03 -1.3684E-02  8.0000E-04
       427 -3.8823E-03 -1.4489E-02  8.0000E-04
       428 -2.5882E-03 -9.6593E-03  0.0000E+00
       429 -2.8039E-03 -1.0464E-02  0.0000E+00
       430 -3.0196E-03 -1.1269E-02  0.0000E+00
       431 -3.2352E-03 -1.2074E-02  0.0000E+00
       432 -3.4509E-03 -1.2879E-02  0.0000E+00
       433 -3.6666E-03 -1.3684E-02  0.0000E+00
       434 -3.8823E-03 -1.4489E-02  0.0000E+00
       435 -2.5882E-03 -9.6593E-03  4.0000E-04
       436 -3.2144E-03 -9.4693E-03  8.0000E-04
       437 -3.4823E-03 -1.0258E-02  8.0000E-04
       438 -3.7501E-03 -1.1048E-02  8.0000E-04
       439 -4.0180E-03 -1.1837E-02  8.0000E-04
       440 -4.2859E-03 -1.2626E-02  8.0000E-04
       441 -4.5537E-03 -1.3415E-02  8.0000E-04
       442 -4.8216E-03 -1.4204E-02  8.0000E-04
       443 -3.2144E-03 -9.4693E-03  0.0000E+00
       444 -3.4823E-03 -1.0258E-02  0.0000E+00
       445 -3.7501E-03 -1.1048E-02  0.0000E+00
       446 -4.0180E-03 -1.1837E-02  0.0000E+00
       447 -4.2859E-03 -1.2626E-02  0.0000E+00
       448 -4.5537E-03 -1.3415E-02  0.0000E+00
       449 -4.8216E-03 -1.4204E-02  0.0000E+00
       450 -3.2144E-03 -9.4693E-03  4.0000E-04
       451 -3.8268E-03 -9.2388E-03  8.0000E-04
       452 -4.1457E-03 -1.0009E-02  8.0000E-04
       453 -4.4646E-03 -1.0779E-02  8.0000E-04
       454 -4.7835E-03 -1.1548E-02  8.0000E-04
       455 -5.1024E-03 -1.2318E-02  8.0000E-04
       456 -5.4213E-03 -1.3088E-02  8.0000E-04
       457 -5.7403E-03 -1.3858E-02  8.0000E-04
       458 -3.8268E-03 -9.2388E-03  0.0000E+00
       459 -4.1457E-03 -1.0009E-02  0.0000E+00
       460 -4.4646E-03 -1.0779E-02  0.0000E+00
       461 -4.7835E-03 -1.1548E-02  0.0000E+00
       462 -5.1024E-03 -1.2318E-02  0.0000E+00
       463 -5.4213E-03 -1.3088E-02  0.0000E+00
       464 -5.7403E-03 -1.3858E-02  0.0000E+00
       465 -3.8268E-03 -9.2388E-03  4.0000E-04
       466 -4.4229E-03 -8.9687E-03  8.0000E-04
       467 -4.7915E-03 -9.7161E-03  8.0000E-04
       468 -5.1600E-03 -1.0464E-02  8.0000E-04
       469 -5.5286E-03 -1.1211E-02  8.0000E-04
       470 -5.8972E-03 -1.1958E-02  8.0000E-04
       471 -6.2658E-03 -1.2706E-02  8.0000E-04
       472 -6.6343E-03 -1.3453E-02  8.0000E-04
       473 -4.4229E-03 -8.9687E-03  0.0000E+00
       474 -4.7915E-03 -9.7161E-03  0.0000E+00
       475 -5.1600E-03 -1.0464E-02  0.0000E+00
       476 -5.5286E-03 -1.1211E-02  0.0000E+00
       477 -5.8972E-03 -1.1958E-02  0.0000E+00
       478 -6.2658E-03 -1.2706E-02  0.0000E+00
       479 -6.6343E-03 -1.3453E-02  0.0000E+00
       480 -4.4229E-03 -8.9687E-03  4.0000E-04
       481 -5.0000E-03 -8.6603E-03  8.0000E-04
       482 -5.4167E-03 -9.3819E-03  8.0000E-04
       483 -5.8333E-03 -1.0104E-02  8.0000E-04
       484 -6.2500E-03 -1.0825E-02  8.0000E-04
       485 -6.6667E-03 -1.1547E-02  8.0000E-04
       486 -7.0833E-03 -1.2269E-02  8.0000E-04
       487 -7.5000E-03 -1.2990E-02  8.0000E-04
       488 -5.0000E-03 -8.6603E-03  0.0000E+00
       489 -5.4167E-03 -9.3819E-03  0.0000E+00
       490 -5.8333E-03 -1.0104E-02  0.0000E+00
       491 -6.2500E-03 -1.0825E-02  0.0000E+00
       492 -6.6667E-03 -1.1547E-02  0.0000E+00
       493 -7.0833E-03 -1.2269E-02  0.0000E+00
       494 -7.5000E-03 -1.2990E-02  0.0000E+00
       495 -5.0000E-03 -8.6603E-03  4.0000E-04
       496 -5.5557E-03 -8.3147E-03  8.0000E-04
       497 -6.0187E-03 -9.0076E-03  8.0000E-04
       498 -6.4817E-03 -9.7005E-03  8.0000E-04
       499 -6.9446E-03 -1.0393E-02  8.0000E-04
       500 -7.4076E-03 -1.1086E-02  8.0000E-04
       501 -7.8706E-03 -1.1779E-02  8.0000E-04
       502 -8.3336E-03 -1.2472E-02  8.0000E-04
       503 -5.5557E-03 -8.3147E-03  0.0000E+00
       504 -6.0187E-03 -9.0076E-03  0.0000E+00
       505 -6.4817E-03 -9.7005E-03  0.0000E+00
       506 -6.9446E-03 -1.0393E-02  0.0000E+00
       507 -7.4076E-03 -1.1086E-02  0.0000E+00
       508 -7.8706E-03 -1.1779E-02  0.0000E+00
       509 -8.3336E-03 -1.2472E-02  0.0000E+00
       510 -5.5557E-03 -8.3147E-03  4.0000E-04
       511 -6.0876E-03 -7.9335E-03  8.0000E-04
       512 -6.5949E-03 -8.5947E-03  8.0000E-04
       513 -7.1022E-03 -9.2558E-03  8.0000E-04
       514 -7.6095E-03 -9.9169E-03  8.0000E-04
       515 -8.1168E-03 -1.0578E-02  8.0000E-04
       516 -8.6241E-03 -1.1239E-02  8.0000E-04
       517 -9.1314E-03 -1.1900E-02  8.0000E-04
       518 -6.0876E-03 -7.9335E-03  0.0000E+00
       519 -6.5949E-03 -8.5947E-03  0.0000E+00
       520 -7.1022E-03 -9.2558E-03  0.0000E+00
       521 -7.6095E-03 -9.9169E-03  0.0000E+00
       522 -8.1168E-03 -1.0578E-02  0.0000E+00
       523 -8.6241E-03 -1.1239E-02  0.0000E+00
       524 -9.1314E-03 -1.1900E-02  0.0000E+00
       525 -6.0876E-03 -7.9335E-03  4.0000E-04
       526 -6.5935E-03 -7.5184E-03  8.0000E-04
       527 -7.1429E-03 -8.1449E-03  8.0000E-04
       528 -7.6924E-03 -8.7715E-03  8.0000E-04
       529 -8.2418E-03 -9.3980E-03  8.0000E-04
       530 -8.7913E-03 -1.0025E-02  8.0000E-04
       531 -9.3407E-03 -1.0651E-02  8.0000E-04
       532 -9.8902E-03 -1.1278E-02  8.0000E-04
       533 -6.5935E-03 -7.5184E-03  0.0000E+00
       534 -7.1429E-03 -8.1449E-03  0.0000E+00
       535 -7.6924E-03 -8.7715E-03  0.0000E+00
       536 -8.2418E-03 -9.3980E-03  0.0000E+00
       537 -8.7913E-03 -1.0025E-02  0.0000E+00
       538 -9.3407E-03 -1.0651E-02  0.0000E+00
       539 -9.8902E-03 -1.1278E-02  0.0000E+00
       540 -6.5935E-03 -7.5184E-03  4.0000E-04
       541 -7.0711E-03 -7.0711E-03  8.0000E-04
       542 -7.6603E-03 -7.6603E-03  8.0000E-04
       543 -8.2496E-03 -8.2496E-03  8.0000E-04
       544 -8.8388E-03 -8.8388E-03  8.0000E-04
       545 -9.4281E-03 -9.4281E-03  8.0000E-04
       546 -1.0017E-02 -1.0017E-02  8.0000E-04
       547 -1.0607E-02 -1.0607E-02  8.0000E-04
       548 -7.0711E-03 -7.0711E-03  0.0000E+00
       549 -7.6603E-03 -7.6603E-03  0.0000E+00
       550 -8.2496E-03 -8.2496E-03  0.0000E+00
       551 -8.8388E-03 -8.8388E-03  0.0000E+00
       552 -9.4281E-03 -9.4281E-03  0.0000E+00
       553 -1.0017E-02 -1.0017E-02  0.0000E+00
       554 -1.0607E-02 -1.0607E-02  0.0000E+00
       555 -7.0711E-03 -7.0711E-03  4.0000E-04
       556 -7.5184E-03 -6.5935E-03  8.0000E-04
       557 -8.1449E-03 -7.1429E-03  8.0000E-04
       558 -8.7715E-03 -7.6924E-03  8.0000E-04
       559 -9.3980E-03 -8.2418E-03  8.0000E-04
       560 -1.0025E-02 -8.7913E-03  8.0000E-04
       561 -1.0651E-02 -9.3407E-03  8.0000E-04
       562 -1.1278E-02 -9.8902E-03  8.0000E-04
       563 -7.5184E-03 -6.5935E-03  0.0000E+00
       564 -8.1449E-03 -7.1429E-03  0.0000E+00
       565 -8.7715E-03 -7.6924E-03  0.0000E+00
       566 -9.3980E-03 -8.2418E-03  0.0000E+00
       567 -1.0025E-02 -8.7913E-03  0.0000E+00
       568 -1.0651E-02 -9.3407E-03  0.0000E+00
       569 -1.1278E-02 -9.8902E-03  0.0000E+00
       570 -7.5184E-03 -6.5935E-03  4.0000E-04
       571 -7.9335E-03 -6.0876E-03  8.0000E-04
       572 -8.5947E-03 -6.5949E-03  8.0000E-04
       573 -9.2558E-03 -7.1022E-03  8.0000E-04
       574 -9.9169E-03 -7.6095E-03  8.0000E-04
       575 -1.0578E-02 -8.1168E-03  8.0000E-04
       576 -1.1239E-02 -8.6241E-03  8.0000E-04
       577 -1.1900E-02 -9.1314E-03  8.0000E-04
       578 -7.9335E-03 -6.0876E-03  0.0000E+00
       579 -8.5947E-03 -6.5949E-03  0.0000E+00
       580 -9.2558E-03 -7.1022E-03  0.0000E+00
       581 -9.9169E-03 -7.6095E-03  0.0000E+00
       582 -1.0578E-02 -8.1168E-03  0.0000E+00
       583 -1.1239E-02 -8.6241E-03  0.0000E+00
       584 -1.1900E-02 -9.1314E-03  0.0000E+00
       585 -7.9335E-03 -6.0876E-03  4.0000E-04
       586 -8.3147E-03 -5.5557E-03  8.0000E-04
       587 -9.0076E-03 -6.0187E-03  8.0000E-04
       588 -9.7005E-03 -6.4817E-03  8.0000E-04
       589 -1.0393E-02 -6.9446E-03  8.0000E-04
       590 -1.1086E-02 -7.4076E-03  8.0000E-04
       591 -1.1779E-02 -7.8706E-03  8.0000E-04
       592 -1.2472E-02 -8.3336E-03  8.0000E-04
       593 -8.3147E-03 -5.5557E-03  0.0000E+00
       594 -9.0076E-03 -6.0187E-03  0.0000E+00
       595 -9.7005E-03 -6.4817E-03  0.0000E+00
       596 -1.0393E-02 -6.9446E-03  0.0000E+00
       597 -1.1086E-02 -7.4076E-03  0.0000E+00
       598 -1.1779E-02 -7.8706E-03  0.0000E+00
       599 -1.2472E-02 -8.3336E-03  0.0000E+00
       600 -8.3147E-03 -5.5557E-03  4.0000E-04
       601 -8.6603E-03 -5.0000E-03  8.0000E-04
       602 -9.3819E-03 -5.4167E-03  8.0000E-04
       603 -1.0104E-02 -5.8333E-03  8.0000E-04
       604 -1.0825E-02 -6.2500E-03  8.0000E-04
       605 -1.1547E-02 -6.6667E-03  8.0000E-04
       606 -1.2269E-02 -7.0833E-03  8.0000E-04
       607 -1.2990E-02 -7.5000E-03  8.0000E-04
       608 -8.6603E-03 -5.0000E-03  0.0000E+00
       609 -9.3819E-03 -5.4167E-03  0.0000E+00
       610 -1.0104E-02 -5.8333E-03  0.0000E+00
       611 -1.0825E-02 -6.2500E-03  0.0000E+00
       612 -1.1547E-02 -6.6667E-03  0.0000E+00
       613 -1.2269E-02 -7.0833E-03  0.0000E+00
       614 -1.2990E-02 -7.5000E-03  0.0000E+00
       615 -8.6603E-03 -5.0000E-03  4.0000E-04
       616 -8.9687E-03 -4.4229E-03  8.0000E-04
       617 -9.7161E-03 -4.7915E-03  8.0000E-04
       618 -1.0464E-02 -5.1600E-03  8.0000E-04
       619 -1.1211E-02 -5.5286E-03  8.0000E-04
       620 -1.1958E-02 -5.8972E-03  8.0000E-04
       621 -1.2706E-02 -6.2658E-03  8.0000E-04
       622 -1.3453E-02 -6.6343E-03  8.0000E-04
       623 -8.9687E-03 -4.4229E-03  0.0000E+00
       624 -9.7161E-03 -4.7915E-03  0.0000E+00
       625 -1.0464E-02 -5.1600E-03  0.0000E+00
       626 -1.1211E-02 -5.5286E-03  0.0000E+00
       627 -1.1958E-02 -5.8972E-03  0.0000E+00
       628 -1.2706E-02 -6.2658E-03  0.0000E+00
       629 -1.3453E-02 -6.6343E-03  0.0000E+00
       630 -8.9687E-03 -4.4229E-03  4.0000E-04
       631 -9.2388E-03 -3.8268E-03  8.0000E-04
       632 -1.0009E-02 -4.1457E-03  8.0000E-04
       633 -1.0779E-02 -4.4646E-03  8.0000E-04
       634 -1.1548E-02 -4.7835E-03  8.0000E-04
       635 -1.2318E-02 -5.1024E-03  8.0000E-04
       636 -1.3088E-02 -5.4213E-03  8.0000E-04
       637 -1.3858E-02 -5.7403E-03  8.0000E-04
       638 -9.2388E-03 -3.8268E-03  0.0000E+00
       639 -1.0009E-02 -4.1457E-03  0.0000E+00
       640 -1.0779E-02 -4.4646E-03  0.0000E+00
       641 -1.1548E-02 -4.7835E-03  0.0000E+00
       642 -1.2318E-02 -5.1024E-03  0.0000E+00
       643 -1.3088E-02 -5.4213E-03  0.0000E+00
       644 -1.3858E-02 -5.7403E-03  0.0000E+00
       645 -9.2388E-03 -3.8268E-03  4.0000E-04
       646 -9.4693E-03 -3.2144E-03  8.0000E-04
       647 -1.0258E-02 -3.4823E-03  8.0000E-04
       648 -1.1048E-02 -3.7501E-03  8.0000E-04
       649 -1.1837E-02 -4.0180E-03  8.0000E-04
       650 -1.2626E-02 -4.2859E-03  8.0000E-04
       651 -1.3415E-02 -4.5537E-03  8.0000E-04
       652 -1.4204E-02 -4.8216E-03  8.0000E-04
       653 -9.4693E-03 -3.2144E-03  0.0000E+00
       654 -1.0258E-02 -3.4823E-03  0.0000E+00
       655 -1.1048E-02 -3.7501E-03  0.0000E+00
       656 -1.1837E-02 -4.0180E-03  0.0000E+00
       657 -1.2626E-02 -4.2859E-03  0.0000E+00
       658 -1.3415E-02 -4.5537E-03  0.0000E+00
       659 -1.4204E-02 -4.8216E-03  0.0000E+00
       660 -9.4693E-03 -3.2144E-03  4.0000E-04
       661 -9.6593E-03 -2.5882E-03  8.0000E-04
       662 -1.0464E-02 -2.8039E-03  8.0000E-04
       663 -1.1269E-02 -3.0196E-03  8.0000E-04
       664 -1.2074E-02 -3.2352E-03  8.0000E-04
       665 -1.2879E-02 -3.4509E-03  8.0000E-04
       666 -1.3684E-02 -3.6666E-03  8.0000E-04
       667 -1.4489E-02 -3.8823E-03  8.0000E-04
       668 -9.6593E-03 -2.5882E-03  0.0000E+00
       669 -1.0464E-02 -2.8039E-03  0.0000E+00
       670 -1.1269E-02 -3.0196E-03  0.0000E+00
       671 -1.2074E-02 -3.2352E-03  0.0000E+00
       672 -1.2879E-02 -3.4509E-03  0.0000E+00
       673 -1.3684E-02 -3.6666E-03  0.0000E+00
       674 -1.4489E-02 -3.8823E-03  0.0000E+00
       675 -9.6593E-03 -2.5882E-03  4.0000E-04
       676 -9.8079E-03 -1.9509E-03  8.0000E-04
       677 -1.0625E-02 -2.1135E-03  8.0000E-04
       678 -1.1442E-02 -2.2761E-03  8.0000E-04
       679 -1.2260E-02 -2.4386E-03  8.0000E-04
       680 -1.3077E-02 -2.6012E-03  8.0000E-04
       681 -1.3894E-02 -2.7638E-03  8.0000E-04
       682 -1.4712E-02 -2.9264E-03  8.0000E-04
       683 -9.8079E-03 -1.9509E-03  0.0000E+00
       684 -1.0625E-02 -2.1135E-03  0.0000E+00
       685 -1.1442E-02 -2.2761E-03  0.0000E+00
       686 -1.2260E-02 -2.4386E-03  0.0000E+00
       687 -1.3077E-02 -2.6012E-03  0.0000E+00
       688 -1.3894E-02 -2.7638E-03  0.0000E+00
       689 -1.4712E-02 -2.9264E-03  0.0000E+00
       690 -9.8079E-03 -1.9509E-03  4.0000E-04
       691 -9.9144E-03 -1.3053E-03  8.0000E-04
       692 -1.0741E-02 -1.4140E-03  8.0000E-04
       693 -1.1567E-02 -1.5228E-03  8.0000E-04
       694 -1.2393E-02 -1.6316E-03  8.0000E-04
       695 -1.3219E-02 -1.7403E-03  8.0000E-04
       696 -1.4045E-02 -1.8491E-03  8.0000E-04
       697 -1.4872E-02 -1.9579E-03  8.0000E-04
       698 -9.9144E-03 -1.3053E-03  0.0000E+00
       699 -1.0741E-02 -1.4140E-03  0.0000E+00
       700 -1.1567E-02 -1.5228E-03  0.0000E+00
       701 -1.2393E-02 -1.6316E-03  0.0000E+00
       702 -1.3219E-02 -1.7403E-03  0.0000E+00
       703 -1.4045E-02 -1.8491E-03  0.0000E+00
       704 -1.4872E-02 -1.9579E-03  0.0000E+00
       705 -9.9144E-03 -1.3053E-03  4.0000E-04
       706 -9.9786E-03 -6.5403E-04  8.0000E-04
       707 -1.0810E-02 -7.0853E-04  8.0000E-04
       708 -1.1642E-02 -7.6304E-04  8.0000E-04
       709 -1.2473E-02 -8.1754E-04  8.0000E-04
       710 -1.3305E-02 -8.7204E-04  8.0000E-04
       711 -1.4136E-02 -9.2654E-04  8.0000E-04
       712 -1.4968E-02 -9.8105E-04  8.0000E-04
       713 -9.9786E-03 -6.5403E-04  0.0000E+00
       714 -1.0810E-02 -7.0853E-04  0.0000E+00
       715 -1.1642E-02 -7.6304E-04  0.0000E+00
       716 -1.2473E-02 -8.1754E-04  0.0000E+00
       717 -1.3305E-02 -8.7204E-04  0.0000E+00
       718 -1.4136E-02 -9.2654E-04  0.0000E+00
       719 -1.4968E-02 -9.8105E-04  0.0000E+00
       720 -9.9786E-03 -6.5403E-04  4.0000E-04
       721 -1.0000E-02 -1.2246E-18  8.0000E-04
       722 -1.0833E-02 -1.3267E-18  8.0000E-04
       723 -1.1667E-02 -1.4288E-18  8.0000E-04
       724 -1.2500E-02 -1.5308E-18  8.0000E-04
       725 -1.3333E-02 -1.6329E-18  8.0000E-04
       726 -1.4167E-02 -1.7349E-18  8.0000E-04
       727 -1.5000E-02 -1.8370E-18  8.0000E-04
       728 -1.0000E-02 -1.2246E-18  0.0000E+00
       729 -1.0833E-02 -1.3267E-18  0.0000E+00
       730 -1.1667E-02 -1.4288E-18  0.0000E+00
       731 -1.2500E-02 -1.5308E-18  0.0000E+00
       732 -1.3333E-02 -1.6329E-18  0.0000E+00
       733 -1.4167E-02 -1.7349E-18  0.0000E+00
       734 -1.5000E-02 -1.8370E-18  0.0000E+00
       735 -1.0000E-02 -1.2246E-18  4.0000E-04
       736 -9.9786E-03  6.5403E-04  8.0000E-04
       737 -1.0810E-02  7.0853E-04  8.0000E-04
       738 -1.1642E-02  7.6304E-04  8.0000E-04
       739 -1.2473E-02  8.1754E-04  8.0000E-04
       740 -1.3305E-02  8.7204E-04  8.0000E-04
       741 -1.4136E-02  9.2654E-04  8.0000E-04
       742 -1.4968E-02  9.8105E-04  8.0000E-04
       743 -9.9786E-03  6.5403E-04  0.0000E+00
       744 -1.0810E-02  7.0853E-04  0.0000E+00
       745 -1.1642E-02  7.6304E-04  0.0000E+00
       746 -1.2473E-02  8.1754E-04  0.0000E+00
       747 -1.3305E-02  8.7204E-04  0.0000E+00
       748 -1.4136E-02  9.2654E-04  0.0000E+00
       749 -1.4968E-02  9.8105E-04  0.0000E+00
       750 -9.9786E-03  6.5403E-04  4.0000E-04
       751 -9.9144E-03  1.3053E-03  8.0000E-04
       752 -1.0741E-02  1.4140E-03  8.0000E-04
       753 -1.1567E-02  1.5228E-03  8.0000E-04
       754 -1.2393E-02  1.6316E-03  8.0000E-04
       755 -1.3219E-02  1.7403E-03  8.0000E-04
       756 -1.4045E-02  1.8491E-03  8.0000E-04
       757 -1.4872E-02  1.9579E-03  8.0000E-04
       758 -9.9144E-03  1.3053E-03  0.0000E+00
       759 -1.0741E-02  1.4140E-03  0.0000E+00
       760 -1.1567E-02  1.5228E-03  0.0000E+00
       761 -1.2393E-02  1.6316E-03  0.0000E+00
       762 -1.3219E-02  1.7403E-03  0.0000E+00
       763 -1.4045E-02  1.8491E-03  0.0000E+00
       764 -1.4872E-02  1.9579E-03  0.0000E+00
       765 -9.9144E-03  1.3053E-03  4.0000E-04
       766 -9.8079E-03  1.9509E-03  8.0000E-04
       767 -1.0625E-02  2.1135E-03  8.0000E-04
       768 -1.1442E-02  2.2761E-03  8.0000E-04
       769 -1.2260E-02  2.4386E-03  8.0000E-04
       770 -1.3077E-02  2.6012E-03  8.0000E-04
       771 -1.3894E-02  2.7638E-03  8.0000E-04
       772 -1.4712E-02  2.9264E-03  8.0000E-04
       773 -9.8079E-03  1.9509E-03  0.0000E+00
       774 -1.0625E-02  2.1135E-03  0.0000E+00
       775 -1.1442E-02  2.2761E-03  0.0000E+00
       776 -1.2260E-02  2.4386E-03  0.0000E+00
       777 -1.3077E-02  2.6012E-03  0.0000E+00
       778 -1.3894E-02  2.7638E-03  0.0000E+00
       779 -1.4712E-02  2.9264E-03  0.0000E+00
       780 -9.8079E-03  1.9509E-03  4.0000E-04
       781 -9.6593E-03  2.5882E-03  8.0000E-04
       782 -1.0464E-02  2.8039E-03  8.0000E-04
       783 -1.1269E-02  3.0196E-03  8.0000E-04
       784 -1.2074E-02  3.2352E-03  8.0000E-04
       785 -1.2879E-02  3.4509E-03  8.0000E-04
       786 -1.3684E-02  3.6666E-03  8.0000E-04
       787 -1.4489E-02  3.8823E-03  8.0000E-04
       788 -9.6593E-03  2.5882E-03  0.0000E+00
       789 -1.0464E-02  2.8039E-03  0.0000E+00
       790 -1.1269E-02  3.0196E-03  0.0000E+00
       791 -1.2074E-02  3.2352E-03  0.0000E+00
       792 -1.2879E-02  3.4509E-03  0.0000E+00
       793 -1.3684E-02  3.6666E-03  0.0000E+00
       794 -1.4489E-02  3.8823E-03  0.0000E+00
       795 -9.6593E-03  2.5882E-03  4.0000E-04
       796 -9.4693E-03  3.2144E-03  8.0000E-04
       797 -1.0258E-02  3.4823E-03  8.0000E-04
       798 -1.1048E-02  3.7501E-03  8.0000E-04
       799 -1.1837E-02  4.0180E-03  8.0000E-04
       800 -1.2626E-02  4.2859E-03  8.0000E-04
       801 -1.3415E-02  4.5537E-03  8.0000E-04
       802 -1.4204E-02  4.8216E-03  8.0000E-04
       803 -9.4693E-03  3.2144E-03  0.0000E+00
       804 -1.0258E-02  3.4823E-03  0.0000E+00
       805 -1.1048E-02  3.7501E-03  0.0000E+00
       806 -1.1837E-02  4.0180E-03  0.0000E+00
       807 -1.2626E-02  4.2859E-03  0.0000E+00
       808 -1.3415E-02  4.5537E-03  0.0000E+00
       809 -1.4204E-02  4.8216E-03  0.0000E+00
       810 -9.4693E-03  3.2144E-03  4.0000E-04
       811 -9.2388E-03  3.8268E-03  8.0000E-04
       812 -1.0009E-02  4.1457E-03  8.0000E-04
       813 -1.0779E-02  4.4646E-03  8.0000E-04
       814 -1.1548E-02  4.7835E-03  8.0000E-04
       815 -1.2318E-02  5.1024E-03  8.0000E-04
       816 -1.3088E-02  5.4213E-03  8.0000E-04
       817 -1.3858E-02  5.7403E-03  8.0000E-04
       818 -9.2388E-03  3.8268E-03  0.0000E+00
       819 -1.0009E-02  4.1457E-03  0.0000E+00
       820 -1.0779E-02  4.4646E-03  0.0000E+00
       821 -1.1548E-02  4.7835E-03  0.0000E+00
       822 -1.2318E-02  5.1024E-03  0.0000E+00
       823 -1.3088E-02  5.4213E-03  0.0000E+00
       824 -1.3858E-02  5.7403E-03  0.0000E+00
       825 -9.2388E-03  3.8268E-03  4.0000E-04
       826 -8.9687E-03  4.4229E-03  8.0000E-04
       827 -9.7161E-03  4.7915E-03  8.0000E-04
       828 -1.0464E-02  5.1600E-03  8.0000E-04
       829 -1.1211E-02  5.5286E-03  8.0000E-04
       830 -1.1958E-02  5.8972E-03  8.0000E-04
       831 -1.2706E-02  6.2658E-03  8.0000E-04
       832 -1.3453E-02  6.6343E-03  8.0000E-04
       833 -8.9687E-03  4.4229E-03  0.0000E+00
       834 -9.7161E-03  4.7915E-03  0.0000E+00
       835 -1.0464E-02  5.1600E-03  0.0000E+00
       836 -1.1211E-02  5.5286E-03  0.0000E+00
       837 -1.1958E-02  5.8972E-03  0.0000E+00
       838 -1.2706E-02  6.2658E-03  0.0000E+00
       839 -1.3453E-02  6.6343E-03  0.0000E+00
       840 -8.9687E-03  4.4229E-03  4.0000E-04
       841 -8.6603E-03  5.0000E-03  8.0000E-04
       842 -9.3819E-03  5.4167E-03  8.0000E-04
       843 -1.0104E-02  5.8333E-03  8.0000E-04
       844 -1.0825E-02  6.2500E-03  8.0000E-04
       845 -1.1547E-02  6.6667E-03  8.0000E-04
       846 -1.2269E-02  7.0833E-03  8.0000E-04
       847 -1.2990E-02  7.5000E-03  8.0000E-04
       848 -8.6603E-03  5.0000E-03  0.0000E+00
       849 -9.3819E-03  5.4167E-03  0.0000E+00
       850 -1.0104E-02  5.8333E-03  0.0000E+00
       851 -1.0825E-02  6.2500E-03  0.0000E+00
       852 -1.1547E-02  6.6667E-03  0.0000E+00
       853 -1.2269E-02  7.0833E-03  0.0000E+00
       854 -1.2990E-02  7.5000E-03  0.0000E+00
       855 -8.6603E-03  5.0000E-03  4.0000E-04
       856 -8.3147E-03  5.5557E-03  8.0000E-04
       857 -9.0076E-03  6.0187E-03  8.0000E-04
       858 -9.7005E-03  6.4817E-03  8.0000E-04
       859 -1.0393E-02  6.9446E-03  8.0000E-04
       860 -1.1086E-02  7.4076E-03  8.0000E-04
       861 -1.1779E-02  7.8706E-03  8.0000E-04
       862 -1.2472E-02  8.3336E-03  8.0000E-04
       863 -8.3147E-03  5.5557E-03  0.0000E+00
       864 -9.0076E-03  6.0187E-03  0.0000E+00
       865 -9.7005E-03  6.4817E-03  0.0000E+00
       866 -1.0393E-02  6.9446E-03  0.0000E+00
       867 -1.1086E-02  7.4076E-03  0.0000E+00
       868 -1.1779E-02  7.8706E-03  0.0000E+00
       869 -1.2472E-02  8.3336E-03  0.0000E+00
       870 -8.3147E-03  5.5557E-03  4.0000E-04
       871 -7.9335E-03  6.0876E-03  8.0000E-04
       872 -8.5947E-03  6.5949E-03  8.0000E-04
       873 -9.2558E-03  7.1022E-03  8.0000E-04
       874 -9.9169E-03  7.6095E-03  8.0000E-04
       875 -1.0578E-02  8.1168E-03  8.0000E-04
       876 -1.1239E-02  8.6241E-03  8.0000E-04
       877 -1.1900E-02  9.1314E-03  8.0000E-04
       878 -7.9335E-03  6.0876E-03  0.0000E+00
       879 -8.5947E-03  6.5949E-03  0.0000E+00
       880 -9.2558E-03  7.1022E-03  0.0000E+00
       881 -9.9169E-03  7.6095E-03  0.0000E+00
       882 -1.0578E-02  8.1168E-03  0.0000E+00
       883 -1.1239E-02  8.6241E-03  0.0000E+00
       884 -1.1900E-02  9.1314E-03  0.0000E+00
       885 -7.9335E-03  6.0876E-03  4.0000E-04
       886 -7.5184E-03  6.5935E-03  8.0000E-04
       887 -8.1449E-03  7.1429E-03  8.0000E-04
       888 -8.7715E-03  7.6924E-03  8.0000E-04
       889 -9.3980E-03  8.2418E-03  8.0000E-04
       890 -1.0025E-02  8.7913E-03  8.0000E-04
       891 -1.0651E-02  9.3407E-03  8.0000E-04
       892 -1.1278E-02  9.8902E-03  8.0000E-04
       893 -7.5184E-03  6.5935E-03  0.0000E+00
       894 -8.1449E-03  7.1429E-03  0.0000E+00
       895 -8.7715E-03  7.6924E-03  0.0000E+00
       896 -9.3980E-03  8.2418E-03  0.0000E+00
       897 -1.0025E-02  8.7913E-03  0.0000E+00
       898 -1.0651E-02  9.3407E-03  0.0000E+00
       899 -1.1278E-02  9.8902E-03  0.0000E+00
       900 -7.5184E-03  6.5935E-03  4.0000E-04
       901 -7.0711E-03  7.0711E-03  8.0000E-04
       902 -7.6603E-03  7.6603E-03  8.0000E-04
       903 -8.2496E-03  8.2496E-03  8.0000E-04
       904 -8.8388E-03  8.8388E-03  8.0000E-04
       905 -9.4281E-03  9.4281E-03  8.0000E-04
       906 -1.0017E-02  1.0017E-02  8.0000E-04
       907 -1.0607E-02  1.0607E-02  8.0000E-04
       908 -7.0711E-03  7.0711E-03  0.0000E+00
       909 -7.6603E-03  7.6603E-03  0.0000E+00
       910 -8.2496E-03  8.2496E-03  0.0000E+00
       911 -8.8388E-03  8.8388E-03  0.0000E+00
       912 -9.4281E-03  9.4281E-03  0.0000E+00
       913 -1.0017E-02  1.0017E-02  0.0000E+00
       914 -1.0607E-02  1.0607E-02  0.0000E+00
       915 -7.0711E-03  7.0711E-03  4.0000E-04
       916 -6.5935E-03  7.5184E-03  8.0000E-04
       917 -7.1429E-03  8.1449E-03  8.0000E-04
       918 -7.6924E-03  8.7715E-03  8.0000E-04
       919 -8.2418E-03  9.3980E-03  8.0000E-04
       920 -8.7913E-03  1.0025E-02  8.0000E-04
       921 -9.3407E-03  1.0651E-02  8.0000E-04
       922 -9.8902E-03  1.1278E-02  8.0000E-04
       923 -6.5935E-03  7.5184E-03  0.0000E+00
       924 -7.1429E-03  8.1449E-03  0.0000E+00
       925 -7.6924E-03  8.7715E-03  0.0000E+00
       926 -8.2418E-03  9.3980E-03  0.0000E+00
       927 -8.7913E-03  1.0025E-02  0.0000E+00
       928 -9.3407E-03  1.0651E-02  0.0000E+00
       929 -9.8902E-03  1.1278E-02  0.0000E+00
       930 -6.5935E-03  7.5184E-03  4.0000E-04
       931 -6.0876E-03  7.9335E-03  8.0000E-04
       932 -6.5949E-03  8.5947E-03  8.0000E-04
       933 -7.1022E-03  9.2558E-03  8.0000E-04
       934 -7.6095E-03  9.9169E-03  8.0000E-04
       935 -8.1168E-03  1.0578E-02  8.0000E-04
       936 -8.6241E-03  1.1239E-02  8.0000E-04
       937 -9.1314E-03  1.1900E-02  8.0000E-04
       938 -6.0876E-03  7.9335E-03  0.0000E+00
       939 -6.5949E-03  8.5947E-03  0.0000E+00
       940 -7.1022E-03  9.2558E-03  0.0000E+00
       941 -7.6095E-03  9.9169E-03  0.0000E+00
       942 -8.1168E-03  1.0578E-02  0.0000E+00
       943 -8.6241E-03  1.1239E-02  0.0000E+00
       944 -9.1314E-03  1.1900E-02  0.0000E+00
       945 -6.0876E-03  7.9335E-03  4.0000E-04
       946 -5.5557E-03  8.3147E-03  8.0000E-04
       947 -6.0187E-03  9.0076E-03  8.0000E-04
       948 -6.4817E-03  9.7005E-03  8.0000E-04
       949 -6.9446E-03  1.0393E-02  8.0000E-04
       950 -7.4076E-03  1.1086E-02  8.0000E-04
       951 -7.8706E-03  1.1779E-02  8.0000E-04
       952 -8.3336E-03  1.2472E-02  8.0000E-04
       953 -5.5557E-03  8.3147E-03  0.0000E+00
       954 -6.0187E-03  9.0076E-03  0.0000E+00
       955 -6.4817E-03  9.7005E-03  0.0000E+00
       956 -6.9446E-03  1.0393E-02  0.0000E+00
       957 -7.4076E-03  1.1086E-02  0.0000E+00
       958 -7.8706E-03  1.1779E-02  0.0000E+00
       959 -8.3336E-03  1.2472E-02  0.0000E+00
       960 -5.5557E-03  8.3147E-03  4.0000E-04
       961 -5.0000E-03  8.6603E-03  8.0000E-04
       962 -5.4167E-03  9.3819E-03  8.0000E-04
       963 -5.8333E-03  1.0104E-02  8.0000E-04
       964 -6.2500E-03  1.0825E-02  8.0000E-04
       965 -6.6667E-03  1.1547E-02  8.0000E-04
       966 -7.0833E-03  1.2269E-02  8.0000E-04
       967 -7.5000E-03  1.2990E-02  8.0000E-04
       968 -5.0000E-03  8.6603E-03  0.0000E+00
       969 -5.4167E-03  9.3819E-03  0.0000E+00
       970 -5.8333E-03  1.0104E-02  0.0000E+00
       971 -6.2500E-03  1.0825E-02  0.0000E+00
       972 -6.6667E-03  1.1547E-02  0.0000E+00
       973 -7.0833E-03  1.2269E-02  0.0000E+00
       974 -7.5000E-03  1.2990E-02  0.0000E+00
       975 -5.0000E-03  8.6603E-03  4.0000E-04
       976 -4.4229E-03  8.9687E-03  8.0000E-04
       977 -4.7915E-03  9.7161E-03  8.0000E-04
       978 -5.1600E-03  1.0464E-02  8.0000E-04
       979 -5.5286E-03  1.1211E-02  8.0000E-04
       980 -5.8972E-03  1.1958E-02  8.0000E-04
       981 -6.2658E-03  1.2706E-02  8.0000E-04
       982 -6.6343E-03  1.3453E-02  8.0000E-04
       983 -4.4229E-03  8.9687E-03  0.0000E+00
       984 -4.7915E-03  9.7161E-03  0.0000E+00
       985 -5.1600E-03  1.0464E-02  0.0000E+00
       986 -5.5286E-03  1.1211E-02  0.0000E+00
       987 -5.8972E-03  1.1958E-02  0.0000E+00
       988 -6.2658E-03  1.2706E-02  0.0000E+00
       989 -6.6343E-03  1.3453E-02  0.0000E+00
       990 -4.4229E-03  8.9687E-03  4.0000E-04
       991 -3.8268E-03  9.2388E-03  8.0000E-04
       992 -4.1457E-03  1.0009E-02  8.0000E-04
       993 -4.4646E-03  1.0779E-02  8.0000E-04
       994 -4.7835E-03  1.1548E-02  8.0000E-04
       995 -5.1024E-03  1.2318E-02  8.0000E-04
       996 -5.4213E-03  1.3088E-02  8.0000E-04
       997 -5.7403E-03  1.3858E-02  8.0000E-04
       998 -3.8268E-03  9.2388E-03  0.0000E+00
       999 -4.1457E-03  1.0009E-02  0.0000E+00
      1000 -4.4646E-03  1.0779E-02  0.0000E+00
      1001 -4.7835E-03  1.1548E-02  0.0000E+00
      1002 -5.1024E-03  1.2318E-02  0.0000E+00
      1003 -5.4213E-03  1.3088E-02  0.0000E+00
      1004 -5.7403E-03  1.3858E-02  0.0000E+00
      1005 -3.8268E-03  9.2388E-03  4.0000E-04
      1006 -3.2144E-03  9.4693E-03  8.0000E-04
      1007 -3.4823E-03  1.0258E-02  8.0000E-04
      1008 -3.7501E-03  1.1048E-02  8.0000E-04
      1009 -4.0180E-03  1.1837E-02  8.0000E-04
      1010 -4.2859E-03  1.2626E-02  8.0000E-04
      1011 -4.5537E-03  1.3415E-02  8.0000E-04
      1012 -4.8216E-03  1.4204E-02  8.0000E-04
      1013 -3.2144E-03  9.4693E-03  0.0000E+00
      1014 -3.4823E-03  1.0258E-02  0.0000E+00
      1015 -3.7501E-03  1.1048E-02  0.0000E+00
      1016 -4.0180E-03  1.1837E-02  0.0000E+00
      1017 -4.2859E-03  1.2626E-02  0.0000E+00
      1018 -4.5537E-03  1.3415E-02  0.0000E+00
      1019 -4.8216E-03  1.4204E-02  0.0000E+00
      1020 -3.2144E-03  9.4693E-03  4.0000E-04
      1021 -2.5882E-03  9.6593E-03  8.0000E-04
      1022 -2.8039E-03  1.0464E-02  8.0000E-04
      1023 -3.0196E-03  1.1269E-02  8.0000E-04
      1024 -3.2352E-03  1.2074E-02  8.0000E-04
      1025 -3.4509E-03  1.2879E-02  8.0000E-04
      1026 -3.6666E-03  1.3684E-02  8.0000E-04
      1027 -3.8823E-03  1.4489E-02  8.0000E-04
      1028 -2.5882E-03  9.6593E-03  0.0000E+00
      1029 -2.8039E-03  1.0464E-02  0.0000E+00
      1030 -3.0196E-03  1.1269E-02  0.0000E+00
      1031 -3.2352E-03  1.2074E-02  0.0000E+00
      1032 -3.4509E-03  1.2879E-02  0.0000E+00
      1033 -3.6666E-03  1.3684E-02  0.0000E+00
      1034 -3.8823E-03  1.4489E-02  0.0000E+00
      1035 -2.5882E-03  9.6593E-03  4.0000E-04
      1036 -1.9509E-03  9.8079E-03  8.0000E-04
      1037 -2.1135E-03  1.0625E-02  8.0000E-04
      1038 -2.2761E-03  1.1442E-02  8.0000E-04
      1039 -2.4386E-03  1.2260E-02  8.0000E-04
      1040 -2.6012E-03  1.3077E-02  8.0000E-04
      1041 -2.7638E-03  1.3894E-02  8.0000E-04
      1042 -2.9264E-03  1.4712E-02  8.0000E-04
      1043 -1.9509E-03  9.8079E-03  0.0000E+00
      1044 -2.1135E-03  1.0625E-02  0.0000E+00
      1045 -2.2761E-03  1.1442E-02  0.0000E+00
      1046 -2.4386E-03  1.2260E-02  0.0000E+00
      1047 -2.6012E-03  1.3077E-02  0.0000E+00
      1048 -2.7638E-03  1.3894E-02  0.0000E+00
      1049 -2.9264E-03  1.4712E-02  0.0000E+00
      1050 -1.9509E-03  9.8079E-03  4.0000E-04
      1051 -1.3053E-03  9.9144E-03  8.0000E-04
      1052 -1.4140E-03  1.0741E-02  8.0000E-04
      1053 -1.5228E-03  1.1567E-02  8.0000E-04
      1054 -1.6316E-03  1.2393E-02  8.0000E-04
      1055 -1.7403E-03  1.3219E-02  8.0000E-04
      1056 -1.8491E-03  1.4045E-02  8.0000E-04
      1057 -1.9579E-03  1.4872E-02  8.0000E-04
      1058 -1.3053E-03  9.9144E-03  0.0000E+00
      1059 -1.4140E-03  1.0741E-02  0.0000E+00
      1060 -1.5228E-03  1.1567E-02  0.0000E+00
      1061 -1.6316E-03  1.2393E-02  0.0000E+00
      1062 -1.7403E-03  1.3219E-02  0.0000E+00
      1063 -1.8491E-03  1.4045E-02  0.0000E+00
      1064 -1.9579E-03  1.4872E-02  0.0000E+00
      1065 -1.3053E-03  9.9144E-03  4.0000E-04
      1066 -6.5403E-04  9.9786E-03  8.0000E-04
      1067 -7.0853E-04  1.0810E-02  8.0000E-04
      1068 -7.6304E-04  1.1642E-02  8.0000E-04
      1069 -8.1754E-04  1.2473E-02  8.0000E-04
      1070 -8.7204E-04  1.3305E-02  8.0000E-04
      1071 -9.2654E-04  1.4136E-02  8.0000E-04
      1072 -9.8105E-04  1.4968E-02  8.0000E-04
      1073 -6.5403E-04  9.9786E-03  0.0000E+00
      1074 -7.0853E-04  1.0810E-02  0.0000E+00
      1075 -7.6304E-04  1.1642E-02  0.0000E+00
      1076 -8.1754E-04  1.2473E-02  0.0000E+00
      1077 -8.7204E-04  1.3305E-02  0.0000E+00
      1078 -9.2654E-04  1.4136E-02  0.0000E+00
      1079 -9.8105E-04  1.4968E-02  0.0000E+00
      1080 -6.5403E-04  9.9786E-03  4.0000E-04
      1081 -1.8370E-18  1.0000E-02  8.0000E-04
      1082 -1.9901E-18  1.0833E-02  8.0000E-04
      1083 -2.1431E-18  1.1667E-02  8.0000E-04
      1084 -2.2962E-18  1.2500E-02  8.0000E-04
      1085 -2.4493E-18  1.3333E-02  8.0000E-04
      1086 -2.6024E-18  1.4167E-02  8.0000E-04
      1087 -2.7555E-18  1.5000E-02  8.0000E-04
      1088 -1.8370E-18  1.0000E-02  0.0000E+00
      1089 -1.9901E-18  1.0833E-02  0.0000E+00
      1090 -2.1431E-18  1.1667E-02  0.0000E+00
      1091 -2.2962E-18  1.2500E-02  0.0000E+00
      1092 -2.4493E-18  1.3333E-02  0.0000E+00
      1093 -2.6024E-18  1.4167E-02  0.0000E+00
      1094 -2.7555E-18  1.5000E-02  0.0000E+00
      1095 -1.8370E-18  1.0000E-02  4.0000E-04
      1096  6.5403E-04  9.9786E-03  8.0000E-04
      1097  7.0853E-04  1.0810E-02  8.0000E-04
      1098  7.6304E-04  1.1642E-02  8.0000E-04
      1099  8.1754E-04  1.2473E-02  8.0000E-04
      1100  8.7204E-04  1.3305E-02  8.0000E-04
      1101  9.2654E-04  1.4136E-02  8.0000E-04
      1102  9.8105E-04  1.4968E-02  8.0000E-04
      1103  6.5403E-04  9.9786E-03  0.0000E+00
      1104  7.0853E-04  1.0810E-02  0.0000E+00
      1105  7.6304E-04  1.1642E-02  0.0000E+00
      1106  8.1754E-04  1.2473E-02  0.0000E+00
      1107  8.7204E-04  1.3305E-02  0.0000E+00
      1108  9.2654E-04  1.4136E-02  0.0000E+00
      1109  9.8105E-04  1.4968E-02  0.0000E+00
      1110  6.5403E-04  9.9786E-03  4.0000E-04
      1111  1.3053E-03  9.9144E-03  8.0000E-04
      1112  1.4140E-03  1.0741E-02  8.0000E-04
      1113  1.5228E-03  1.1567E-02  8.0000E-04
      1114  1.6316E-03  1.2393E-02  8.0000E-04
      1115  1.7403E-03  1.3219E-02  8.0000E-04
      1116  1.8491E-03  1.4045E-02  8.0000E-04
      1117  1.9579E-03  1.4872E-02  8.0000E-04
      1118  1.3053E-03  9.9144E-03  0.0000E+00
      1119  1.4140E-03  1.0741E-02  0.0000E+00
      1120  1.5228E-03  1.1567E-02  0.0000E+00
      1121  1.6316E-03  1.2393E-02  0.0000E+00
      1122  1.7403E-03  1.3219E-02  0.0000E+00
      1123  1.8491E-03  1.4045E-02  0.0000E+00
      1124  1.9579E-03  1.4872E-02  0.0000E+00
      1125  1.3053E-03  9.9144E-03  4.0000E-04
      1126  1.9509E-03  9.8079E-03  8.0000E-04
      1127  2.1135E-03  1.0625E-02  8.0000E-04
      1128  2.2761E-03  1.1442E-02  8.0000E-04
      1129  2.4386E-03  1.2260E-02  8.0000E-04
      1130  2.6012E-03  1.3077E-02  8.0000E-04
      1131  2.7638E-03  1.3894E-02  8.0000E-04
      1132  2.9264E-03  1.4712E-02  8.0000E-04
      1133  1.9509E-03  9.8079E-03  0.0000E+00
      1134  2.1135E-03  1.0625E-02  0.0000E+00
      1135  2.2761E-03  1.1442E-02  0.0000E+00
      1136  2.4386E-03  1.2260E-02  0.0000E+00
      1137  2.6012E-03  1.3077E-02  0.0000E+00
      1138  2.7638E-03  1.3894E-02  0.0000E+00
      1139  2.9264E-03  1.4712E-02  0.0000E+00
      1140  1.9509E-03  9.8079E-03  4.0000E-04
      1141  2.5882E-03  9.6593E-03  8.0000E-04
      1142  2.8039E-03  1.0464E-02  8.0000E-04
      1143  3.0196E-03  1.1269E-02  8.0000E-04
      1144  3.2352E-03  1.2074E-02  8.0000E-04
      1145  3.4509E-03  1.2879E-02  8.0000E-04
      1146  3.6666E-03  1.3684E-02  8.0000E-04
      1147  3.8823E-03  1.4489E-02  8.0000E-04
      1148  2.5882E-03  9.6593E-03  0.0000E+00
      1149  2.8039E-03  1.0464E-02  0.0000E+00
      1150  3.0196E-03  1.1269E-02  0.0000E+00
      1151  3.2352E-03  1.2074E-02  0.0000E+00
      1152  3.4509E-03  1.2879E-02  0.0000E+00
      1153  3.6666E-03  1.3684E-02  0.0000E+00
      1154  3.8823E-03  1.4489E-02  0.0000E+00
      1155  2.5882E-03  9.6593E-03  4.0000E-04
      1156  3.2144E-03  9.4693E-03  8.0000E-04
      1157  3.4823E-03  1.0258E-02  8.0000E-04
      1158  3.7501E-03  1.1048E-02  8.0000E-04
      1159  4.0180E-03  1.1837E-02  8.0000E-04
      1160  4.2859E-03  1.2626E-02  8.0000E-04
      1161  4.5537E-03  1.3415E-02  8.0000E-04
      1162  4.8216E-03  1.4204E-02  8.0000E-04
      1163  3.2144E-03  9.4693E-03  0.0000E+00
      1164  3.4823E-03  1.0258E-02  0.0000E+00
      1165  3.7501E-03  1.1048E-02  0.0000E+00
      1166  4.0180E-03  1.1837E-02  0.0000E+00
      1167  4.2859E-03  1.2626E-02  0.0000E+00
      1168  4.5537E-03  1.3415E-02  0.0000E+00
      1169  4.8216E-03  1.4204E-02  0.0000E+00
      1170  3.2144E-03  9.4693E-03  4.0000E-04
      1171  3.8268E-03  9.2388E-03  8.0000E-04
      1172  4.1457E-03  1.0009E-02  8.0000E-04
      1173  4.4646E-03  1.0779E-02  8.0000E-04
      1174  4.7835E-03  1.1548E-02  8.0000E-04
      1175  5.1024E-03  1.2318E-02  8.0000E-04
      1176  5.4213E-03  1.3088E-02  8.0000E-04
      1177  5.7403E-03  1.3858E-02  8.0000E-04
      1178  3.8268E-03  9.2388E-03  0.0000E+00
      1179  4.1457E-03  1.0009E-02  0.0000E+00
      1180  4.4646E-03  1.0779E-02  0.0000E+00
      1181  4.7835E-03  1.1548E-02  0.0000E+00
      1182  5.1024E-03  1.2318E-02  0.0000E+00
      1183  5.4213E-03  1.3088E-02  0.0000E+00
      1184  5.7403E-03  1.3858E-02  0.0000E+00
      1185  3.8268E-03  9.2388E-03  4.0000E-04
      1186  4.4229E-03  8.9687E-03  8.0000E-04
      1187  4.7915E-03  9.7161E-03  8.0000E-04
      1188  5.1600E-03  1.0464E-02  8.0000E-04
      1189  5.5286E-03  1.1211E-02  8.0000E-04
      1190  5.8972E-03  1.1958E-02  8.0000E-04
      1191  6.2658E-03  1.2706E-02  8.0000E-04
      1192  6.6343E-03  1.3453E-02  8.0000E-04
      1193  4.4229E-03  8.9687E-03  0.0000E+00
      1194  4.7915E-03  9.7161E-03  0.0000E+00
      1195  5.1600E-03  1.0464E-02  0.0000E+00
      1196  5.5286E-03  1.1211E-02  0.0000E+00
      1197  5.8972E-03  1.1958E-02  0.0000E+00
      1198  6.2658E-03  1.2706E-02  0.0000E+00
      1199  6.6343E-03  1.3453E-02  0.0000E+00
      1200  4.4229E-03  8.9687E-03  4.0000E-04
      1201  5.0000E-03  8.6603E-03  8.0000E-04
      1202  5.4167E-03  9.3819E-03  8.0000E-04
      1203  5.8333E-03  1.0104E-02  8.0000E-04
      1204  6.2500E-03  1.0825E-02  8.0000E-04
      1205  6.6667E-03  1.1547E-02  8.0000E-04
      1206  7.0833E-03  1.2269E-02  8.0000E-04
      1207  7.5000E-03  1.2990E-02  8.0000E-04
      1208  5.0000E-03  8.6603E-03  0.0000E+00
      1209  5.4167E-03  9.3819E-03  0.0000E+00
      1210  5.8333E-03  1.0104E-02  0.0000E+00
      1211  6.2500E-03  1.0825E-02  0.0000E+00
      1212  6.6667E-03  1.1547E-02  0.0000E+00
      1213  7.0833E-03  1.2269E-02  0.0000E+00
      1214  7.5000E-03  1.2990E-02  0.0000E+00
      1215  5.0000E-03  8.6603E-03  4.0000E-04
      1216  5.5557E-03  8.3147E-03  8.0000E-04
      1217  6.0187E-03  9.0076E-03  8.0000E-04
      1218  6.4817E-03  9.7005E-03  8.0000E-04
      1219  6.9446E-03  1.0393E-02  8.0000E-04
      1220  7.4076E-03  1.1086E-02  8.0000E-04
      1221  7.8706E-03  1.1779E-02  8.0000E-04
      1222  8.3336E-03  1.2472E-02  8.0000E-04
      1223  5.5557E-03  8.3147E-03  0.0000E+00
      1224  6.0187E-03  9.0076E-03  0.0000E+00
      1225  6.4817E-03  9.7005E-03  0.0000E+00
      1226  6.9446E-03  1.0393E-02  0.0000E+00
      1227  7.4076E-03  1.1086E-02  0.0000E+00
      1228  7.8706E-03  1.1779E-02  0.0000E+00
      1229  8.3336E-03  1.2472E-02  0.0000E+00
      1230  5.5557E-03  8.3147E-03  4.0000E-04
      1231  6.0876E-03  7.9335E-03  8.0000E-04
      1232  6.5949E-03  8.5947E-03  8.0000E-04
      1233  7.1022E-03  9.2558E-03  8.0000E-04
      1234  7.6095E-03  9.9169E-03  8.0000E-04
      1235  8.1168E-03  1.0578E-02  8.0000E-04
      1236  8.6241E-03  1.1239E-02  8.0000E-04
      1237  9.1314E-03  1.1900E-02  8.0000E-04
      1238  6.0876E-03  7.9335E-03  0.0000E+00
      1239  6.5949E-03  8.5947E-03  0.0000E+00
      1240  7.1022E-03  9.2558E-03  0.0000E+00
      1241  7.6095E-03  9.9169E-03  0.0000E+00
      1242  8.1168E-03  1.0578E-02  0.0000E+00
      1243  8.6241E-03  1.1239E-02  0.0000E+00
      1244  9.1314E-03  1.1900E-02  0.0000E+00
      1245  6.0876E-03  7.9335E-03  4.0000E-04
      1246  6.5935E-03  7.5184E-03  8.0000E-04
      1247  7.1429E-03  8.1449E-03  8.0000E-04
      1248  7.6924E-03  8.7715E-03  8.0000E-04
      1249  8.2418E-03  9.3980E-03  8.0000E-04
      1250  8.7913E-03  1.0025E-02  8.0000E-04
      1251  9.3407E-03  1.0651E-02  8.0000E-04
      1252  9.8902E-03  1.1278E-02  8.0000E-04
      1253  6.5935E-03  7.5184E-03  0.0000E+00
      1254  7.1429E-03  8.1449E-03  0.0000E+00
      1255  7.6924E-03  8.7715E-03  0.0000E+00
      1256  8.2418E-03  9.3980E-03  0.0000E+00
      1257  8.7913E-03  1.0025E-02  0.0000E+00
      1258  9.3407E-03  1.0651E-02  0.0000E+00
      1259  9.8902E-03  1.1278E-02  0.0000E+00
      1260  6.5935E-03  7.5184E-03  4.0000E-04
      1261  7.0711E-03  7.0711E-03  8.0000E-04
      1262  7.6603E-03  7.6603E-03  8.0000E-04
      1263  8.2496E-03  8.2496E-03  8.0000E-04
      1264  8.8388E-03  8.8388E-03  8.0000E-04
      1265  9.4281E-03  9.4281E-03  8.0000E-04
      1266  1.0017E-02  1.0017E-02  8.0000E-04
      1267  1.0607E-02  1.0607E-02  8.0000E-04
      1268  7.0711E-03  7.0711E-03  0.0000E+00
      1269  7.6603E-03  7.6603E-03  0.0000E+00
      1270  8.2496E-03  8.2496E-03  0.0000E+00
      1271  8.8388E-03  8.8388E-03  0.0000E+00
      1272  9.4281E-03  9.4281E-03  0.0000E+00
      1273  1.0017E-02  1.0017E-02  0.0000E+00
      1274  1.0607E-02  1.0607E-02  0.0000E+00
      1275  7.0711E-03  7.0711E-03  4.0000E-04
      1276  7.5184E-03  6.5935E-03  8.0000E-04
      1277  8.1449E-03  7.1429E-03  8.0000E-04
      1278  8.7715E-03  7.6924E-03  8.0000E-04
      1279  9.3980E-03  8.2418E-03  8.0000E-04
      1280  1.0025E-02  8.7913E-03  8.0000E-04
      1281  1.0651E-02  9.3407E-03  8.0000E-04
      1282  1.1278E-02  9.8902E-03  8.0000E-04
      1283  7.5184E-03  6.5935E-03  0.0000E+00
      1284  8.1449E-03  7.1429E-03  0.0000E+00
      1285  8.7715E-03  7.6924E-03  0.0000E+00
      1286  9.3980E-03  8.2418E-03  0.0000E+00
      1287  1.0025E-02  8.7913E-03  0.0000E+00
      1288  1.0651E-02  9.3407E-03  0.0000E+00
      1289  1.1278E-02  9.8902E-03  0.0000E+00
      1290  7.5184E-03  6.5935E-03  4.0000E-04
      1291  7.9335E-03  6.0876E-03  8.0000E-04
      1292  8.5947E-03  6.5949E-03  8.0000E-04
      1293  9.2558E-03  7.1022E-03  8.0000E-04
      1294  9.9169E-03  7.6095E-03  8.0000E-04
      1295  1.0578E-02  8.1168E-03  8.0000E-04
      1296  1.1239E-02  8.6241E-03  8.0000E-04
      1297  1.1900E-02  9.1314E-03  8.0000E-04
      1298  7.9335E-03  6.0876E-03  0.0000E+00
      1299  8.5947E-03  6.5949E-03  0.0000E+00
      1300  9.2558E-03  7.1022E-03  0.0000E+00
      1301  9.9169E-03  7.6095E-03  0.0000E+00
      1302  1.0578E-02  8.1168E-03  0.0000E+00
      1303  1.1239E-02  8.6241E-03  0.0000E+00
      1304  1.1900E-02  9.1314E-03  0.0000E+00
      1305  7.9335E-03  6.0876E-03  4.0000E-04
      1306  8.3147E-03  5.5557E-03  8.0000E-04
      1307  9.0076E-03  6.0187E-03  8.0000E-04
      1308  9.7005E-03  6.4817E-03  8.0000E-04
      1309  1.0393E-02  6.9446E-03  8.0000E-04
      1310  1.1086E-02  7.4076E-03  8.0000E-04
      1311  1.1779E-02  7.8706E-03  8.0000E-04
      1312  1.2472E-02  8.3336E-03  8.0000E-04
      1313  8.3147E-03  5.5557E-03  0.0000E+00
      1314  9.0076E-03  6.0187E-03  0.0000E+00
      1315  9.7005E-03  6.4817E-03  0.0000E+00
      1316  1.0393E-02  6.9446E-03  0.0000E+00
      1317  1.1086E-02  7.4076E-03  0.0000E+00
      1318  1.1779E-02  7.8706E-03  0.0000E+00
      1319  1.2472E-02  8.3336E-03  0.0000E+00
      1320  8.3147E-03  5.5557E-03  4.0000E-04
      1321  8.6603E-03  5.0000E-03  8.0000E-04
      1322  9.3819E-03  5.4167E-03  8.0000E-04
      1323  1.0104E-02  5.8333E-03  8.0000E-04
      1324  1.0825E-02  6.2500E-03  8.0000E-04
      1325  1.1547E-02  6.6667E-03  8.0000E-04
      1326  1.2269E-02  7.0833E-03  8.0000E-04
      1327  1.2990E-02  7.5000E-03  8.0000E-04
      1328  8.6603E-03  5.0000E-03  0.0000E+00
      1329  9.3819E-03  5.4167E-03  0.0000E+00
      1330  1.0104E-02  5.8333E-03  0.0000E+00
      1331  1.0825E-02  6.2500E-03  0.0000E+00
      1332  1.1547E-02  6.6667E-03  0.0000E+00
      1333  1.2269E-02  7.0833E-03  0.0000E+00
      1334  1.2990E-02  7.5000E-03  0.0000E+00
      1335  8.6603E-03  5.0000E-03  4.0000E-04
      1336  8.9687E-03  4.4229E-03  8.0000E-04
      1337  9.7161E-03  4.7915E-03  8.0000E-04
      1338  1.0464E-02  5.1600E-03  8.0000E-04
      1339  1.1211E-02  5.5286E-03  8.0000E-04
      1340  1.1958E-02  5.8972E-03  8.0000E-04
      1341  1.2706E-02  6.2658E-03  8.0000E-04
      1342  1.3453E-02  6.6343E-03  8.0000E-04
      1343  8.9687E-03  4.4229E-03  0.0000E+00
      1344  9.7161E-03  4.7915E-03  0.0000E+00
      1345  1.0464E-02  5.1600E-03  0.0000E+00
      1346  1.1211E-02  5.5286E-03  0.0000E+00
      1347  1.1958E-02  5.8972E-03  0.0000E+00
      1348  1.2706E-02  6.2658E-03  0.0000E+00
      1349  1.3453E-02  6.6343E-03  0.0000E+00
      1350  8.9687E-03  4.4229E-03  4.0000E-04
      1351  9.2388E-03  3.8268E-03  8.0000E-04
      1352  1.0009E-02  4.1457E-03  8.0000E-04
      1353  1.0779E-02  4.4646E-03  8.0000E-04
      1354  1.1548E-02  4.7835E-03  8.0000E-04
      1355  1.2318E-02  5.1024E-03  8.0000E-04
      1356  1.3088E-02  5.4213E-03  8.0000E-04
      1357  1.3858E-02  5.7403E-03  8.0000E-04
      1358  9.2388E-03  3.8268E-03  0.0000E+00
      1359  1.0009E-02  4.1457E-03  0.0000E+00
      1360  1.0779E-02  4.4646E-03  0.0000E+00
      1361  1.1548E-02  4.7835E-03  0.0000E+00
      1362  1.2318E-02  5.1024E-03  0.0000E+00
      1363  1.3088E-02  5.4213E-03  0.0000E+00
      1364  1.3858E-02  5.7403E-03  0.0000E+00
      1365  9.2388E-03  3.8268E-03  4.0000E-04
      1366  9.4693E-03  3.2144E-03  8.0000E-04
      1367  1.0258E-02  3.4823E-03  8.0000E-04
      1368  1.1048E-02  3.7501E-03  8.0000E-04
      1369  1.1837E-02  4.0180E-03  8.0000E-04
      1370  1.2626E-02  4.2859E-03  8.0000E-04
      1371  1.3415E-02  4.5537E-03  8.0000E-04
      1372  1.4204E-02  4.8216E-03  8.0000E-04
      1373  9.4693E-03  3.2144E-03  0.0000E+00
      1374  1.0258E-02  3.4823E-03  0.0000E+00
      1375  1.1048E-02  3.7501E-03  0.0000E+00
      1376  1.1837E-02  4.0180E-03  0.0000E+00
      1377  1.2626E-02  4.2859E-03  0.0000E+00
      1378  1.3415E-02  4.5537E-03  0.0000E+00
      1379  1.4204E-02  4.8216E-03  0.0000E+00
      1380  9.4693E-03  3.2144E-03  4.0000E-04
      1381  9.6593E-03  2.5882E-03  8.0000E-04
      1382  1.0464E-02  2.8039E-03  8.0000E-04
      1383  1.1269E-02  3.0196E-03  8.0000E-04
      1384  1.2074E-02  3.2352E-03  8.0000E-04
      1385  1.2879E-02  3.4509E-03  8.0000E-04
      1386  1.3684E-02  3.6666E-03  8.0000E-04
      1387  1.4489E-02  3.8823E-03  8.0000E-04
      1388  9.6593E-03  2.5882E-03  0.0000E+00
      1389  1.0464E-02  2.8039E-03  0.0000E+00
      1390  1.1269E-02  3.0196E-03  0.0000E+00
      1391  1.2074E-02  3.2352E-03  0.0000E+00
      1392  1.2879E-02  3.4509E-03  0.0000E+00
      1393  1.3684E-02  3.6666E-03  0.0000E+00
      1394  1.4489E-02  3.8823E-03  0.0000E+00
      1395  9.6593E-03  2.5882E-03  4.0000E-04
      1396  9.8079E-03  1.9509E-03  8.0000E-04
      1397  1.0625E-02  2.1135E-03  8.0000E-04
      1398  1.1442E-02  2.2761E-03  8.0000E-04
      1399  1.2260E-02  2.4386E-03  8.0000E-04
      1400  1.3077E-02  2.6012E-03  8.0000E-04
      1401  1.3894E-02  2.7638E-03  8.0000E-04
      1402  1.4712E-02  2.9264E-03  8.0000E-04
      1403  9.8079E-03  1.9509E-03  0.0000E+00
      1404  1.0625E-02  2.1135E-03  0.0000E+00
      1405  1.1442E-02  2.2761E-03  0.0000E+00
      1406  1.2260E-02  2.4386E-03  0.0000E+00
      1407  1.3077E-02  2.6012E-03  0.0000E+00
      1408  1.3894E-02  2.7638E-03  0.0000E+00
      1409  1.4712E-02  2.9264E-03  0.0000E+00
      1410  9.8079E-03  1.9509E-03  4.0000E-04
      1411  9.9144E-03  1.3053E-03  8.0000E-04
      1412  1.0741E-02  1.4140E-03  8.0000E-04
      1413  1.1567E-02  1.5228E-03  8.0000E-04
      1414  1.2393E-02  1.6316E-03  8.0000E-04
      1415  1.3219E-02  1.7403E-03  8.0000E-04
      1416  1.4045E-02  1.8491E-03  8.0000E-04
      1417  1.4872E-02  1.9579E-03  8.0000E-04
      1418  9.9144E-03  1.3053E-03  0.0000E+00
      1419  1.0741E-02  1.4140E-03  0.0000E+00
      1420  1.1567E-02  1.5228E-03  0.0000E+00
      1421  1.2393E-02  1.6316E-03  0.0000E+00
      1422  1.3219E-02  1.7403E-03  0.0000E+00
      1423  1.4045E-02  1.8491E-03  0.0000E+00
      1424  1.4872E-02  1.9579E-03  0.0000E+00
      1425  9.9144E-03  1.3053E-03  4.0000E-04
      1426  9.9786E-03  6.5403E-04  8.0000E-04
      1427  1.0810E-02  7.0853E-04  8.0000E-04
      1428  1.1642E-02  7.6304E-04  8.0000E-04
      1429  1.2473E-02  8.1754E-04  8.0000E-04
      1430  1.3305E-02  8.7204E-04  8.0000E-04
      1431  1.4136E-02  9.2654E-04  8.0000E-04
      1432  1.4968E-02  9.8105E-04  8.0000E-04
      1433  9.9786E-03  6.5403E-04  0.0000E+00
      1434  1.0810E-02  7.0853E-04  0.0000E+00
      1435  1.1642E-02  7.6304E-04  0.0000E+00
      1436  1.2473E-02  8.1754E-04  0.0000E+00
      1437  1.3305E-02  8.7204E-04  0.0000E+00
      1438  1.4136E-02  9.2654E-04  0.0000E+00
      1439  1.4968E-02  9.8105E-04  0.0000E+00
      1440  9.9786E-03  6.5403E-04  4.0000E-04
      1441  1.0000E-02  2.4493E-18  8.0000E-04
      1442  1.0833E-02  2.6534E-18  8.0000E-04
      1443  1.1667E-02  2.8575E-18  8.0000E-04
      1444  1.2500E-02  3.0616E-18  8.0000E-04
      1445  1.3333E-02  3.2657E-18  8.0000E-04
      1446  1.4167E-02  3.4698E-18  8.0000E-04
      1447  1.5000E-02  3.6739E-18  8.0000E-04
      1448  1.0000E-02  2.4493E-18  0.0000E+00
      1449  1.0833E-02  2.6534E-18  0.0000E+00
      1450  1.1667E-02  2.8575E-18  0.0000E+00
      1451  1.2500E-02  3.0616E-18  0.0000E+00
      1452  1.3333E-02  3.2657E-18  0.0000E+00
      1453  1.4167E-02  3.4698E-18  0.0000E+00
      1454  1.5000E-02  3.6739E-18  0.0000E+00
      1455  1.0000E-02  2.4493E-18  4.0000E-04

 FEAP *** inflated fiber reinforced soft ring - circum. b.c. top surf. linked in 

   E l e m e n t   C o n n e c t i o n s

    Elem Mat Reg  1-Node  2-Node  3-Node  4-Node  5-Node  6-Node  7-Node  8-Node
       1   1   0      16      17      24      23       1       2       9       8
       2   1   0      17      18      25      24       2       3      10       9
       3   1   0      18      19      26      25       3       4      11      10
       4   1   0      19      20      27      26       4       5      12      11
       5   1   0      20      21      28      27       5       6      13      12
       6   1   0      21      22      29      28       6       7      14      13
       7   2   0       7      14      29      22
       8   3   0      15      15
       9   1   0      31      32      39      38      16      17      24      23
      10   1   0      32      33      40      39      17      18      25      24
      11   1   0      33      34      41      40      18      19      26      25
      12   1   0      34      35      42      41      19      20      27      26
      13   1   0      35      36      43      42      20      21      28      27
      14   1   0      36      37      44      43      21      22      29      28
      15   2   0      22      29      44      37
      16   3   0      30      30
      17   1   0      46      47      54      53      31      32      39      38
      18   1   0      47      48      55      54      32      33      40      39
      19   1   0      48      49      56      55      33      34      41      40
      20   1   0      49      50      57      56      34      35      42      41
      21   1   0      50      51      58      57      35      36      43      42
      22   1   0      51      52      59      58      36      37      44      43
      23   2   0      37      44      59      52
      24   3   0      45      45
      25   1   0      61      62      69      68      46      47      54      53
      26   1   0      62      63      70      69      47      48      55      54
      27   1   0      63      64      71      70      48      49      56      55
      28   1   0      64      65      72      71      49      50      57      56
      29   1   0      65      66      73      72      50      51      58      57
      30   1   0      66      67      74      73      51      52      59      58
      31   2   0      52      59      74      67
      32   3   0      60      60
      33   1   0      76      77      84      83      61      62      69      68
      34   1   0      77      78      85      84      62      63      70      69
      35   1   0      78      79      86      85      63      64      71      70
      36   1   0      79      80      87      86      64      65      72      71
      37   1   0      80      81      88      87      65      66      73      72
      38   1   0      81      82      89      88      66      67      74      73
      39   2   0      67      74      89      82
      40   3   0      75      75
      41   1   0      91      92      99      98      76      77      84      83
      42   1   0      92      93     100      99      77      78      85      84
      43   1   0      93      94     101     100      78      79      86      85
      44   1   0      94      95     102     101      79      80      87      86
      45   1   0      95      96     103     102      80      81      88      87
      46   1   0      96      97     104     103      81      82      89      88
      47   2   0      82      89     104      97
      48   3   0      90      90
      49   1   0     106     107     114     113      91      92      99      98
      50   1   0     107     108     115     114      92      93     100      99
      51   1   0     108     109     116     115      93      94     101     100
      52   1   0     109     110     117     116      94      95     102     101
      53   1   0     110     111     118     117      95      96     103     102
      54   1   0     111     112     119     118      96      97     104     103
      55   2   0      97     104     119     112
      56   3   0     105     105
      57   1   0     121     122     129     128     106     107     114     113
      58   1   0     122     123     130     129     107     108     115     114
      59   1   0     123     124     131     130     108     109     116     115
      60   1   0     124     125     132     131     109     110     117     116
      61   1   0     125     126     133     132     110     111     118     117
      62   1   0     126     127     134     133     111     112     119     118
      63   2   0     112     119     134     127
      64   3   0     120     120
      65   1   0     136     137     144     143     121     122     129     128
      66   1   0     137     138     145     144     122     123     130     129
      67   1   0     138     139     146     145     123     124     131     130
      68   1   0     139     140     147     146     124     125     132     131
      69   1   0     140     141     148     147     125     126     133     132
      70   1   0     141     142     149     148     126     127     134     133
      71   2   0     127     134     149     142
      72   3   0     135     135
      73   1   0     151     152     159     158     136     137     144     143
      74   1   0     152     153     160     159     137     138     145     144
      75   1   0     153     154     161     160     138     139     146     145
      76   1   0     154     155     162     161     139     140     147     146
      77   1   0     155     156     163     162     140     141     148     147
      78   1   0     156     157     164     163     141     142     149     148
      79   2   0     142     149     164     157
      80   3   0     150     150
      81   1   0     166     167     174     173     151     152     159     158
      82   1   0     167     168     175     174     152     153     160     159
      83   1   0     168     169     176     175     153     154     161     160
      84   1   0     169     170     177     176     154     155     162     161
      85   1   0     170     171     178     177     155     156     163     162
      86   1   0     171     172     179     178     156     157     164     163
      87   2   0     157     164     179     172
      88   3   0     165     165
      89   1   0     181     182     189     188     166     167     174     173
      90   1   0     182     183     190     189     167     168     175     174
      91   1   0     183     184     191     190     168     169     176     175
      92   1   0     184     185     192     191     169     170     177     176
      93   1   0     185     186     193     192     170     171     178     177
      94   1   0     186     187     194     193     171     172     179     178
      95   2   0     172     179     194     187
      96   3   0     180     180
      97   1   0     196     197     204     203     181     182     189     188
      98   1   0     197     198     205     204     182     183     190     189
      99   1   0     198     199     206     205     183     184     191     190
     100   1   0     199     200     207     206     184     185     192     191
     101   1   0     200     201     208     207     185     186     193     192
     102   1   0     201     202     209     208     186     187     194     193
     103   2   0     187     194     209     202
     104   3   0     195     195
     105   1   0     211     212     219     218     196     197     204     203
     106   1   0     212     213     220     219     197     198     205     204
     107   1   0     213     214     221     220     198     199     206     205
     108   1   0     214     215     222     221     199     200     207     206
     109   1   0     215     216     223     222     200     201     208     207
     110   1   0     216     217     224     223     201     202     209     208
     111   2   0     202     209     224     217
     112   3   0     210     210
     113   1   0     226     227     234     233     211     212     219     218
     114   1   0     227     228     235     234     212     213     220     219
     115   1   0     228     229     236     235     213     214     221     220
     116   1   0     229     230     237     236     214     215     222     221
     117   1   0     230     231     238     237     215     216     223     222
     118   1   0     231     232     239     238     216     217     224     223
     119   2   0     217     224     239     232
     120   3   0     225     225
     121   1   0     241     242     249     248     226     227     234     233
     122   1   0     242     243     250     249     227     228     235     234
     123   1   0     243     244     251     250     228     229     236     235
     124   1   0     244     245     252     251     229     230     237     236
     125   1   0     245     246     253     252     230     231     238     237
     126   1   0     246     247     254     253     231     232     239     238
     127   2   0     232     239     254     247
     128   3   0     240     240
     129   1   0     256     257     264     263     241     242     249     248
     130   1   0     257     258     265     264     242     243     250     249
     131   1   0     258     259     266     265     243     244     251     250
     132   1   0     259     260     267     266     244     245     252     251
     133   1   0     260     261     268     267     245     246     253     252
     134   1   0     261     262     269     268     246     247     254     253
     135   2   0     247     254     269     262
     136   3   0     255     255
     137   1   0     271     272     279     278     256     257     264     263
     138   1   0     272     273     280     279     257     258     265     264
     139   1   0     273     274     281     280     258     259     266     265
     140   1   0     274     275     282     281     259     260     267     266
     141   1   0     275     276     283     282     260     261     268     267
     142   1   0     276     277     284     283     261     262     269     268
     143   2   0     262     269     284     277
     144   3   0     270     270
     145   1   0     286     287     294     293     271     272     279     278
     146   1   0     287     288     295     294     272     273     280     279
     147   1   0     288     289     296     295     273     274     281     280
     148   1   0     289     290     297     296     274     275     282     281
     149   1   0     290     291     298     297     275     276     283     282
     150   1   0     291     292     299     298     276     277     284     283
     151   2   0     277     284     299     292
     152   3   0     285     285
     153   1   0     301     302     309     308     286     287     294     293
     154   1   0     302     303     310     309     287     288     295     294
     155   1   0     303     304     311     310     288     289     296     295
     156   1   0     304     305     312     311     289     290     297     296
     157   1   0     305     306     313     312     290     291     298     297
     158   1   0     306     307     314     313     291     292     299     298
     159   2   0     292     299     314     307
     160   3   0     300     300
     161   1   0     316     317     324     323     301     302     309     308
     162   1   0     317     318     325     324     302     303     310     309
     163   1   0     318     319     326     325     303     304     311     310
     164   1   0     319     320     327     326     304     305     312     311
     165   1   0     320     321     328     327     305     306     313     312
     166   1   0     321     322     329     328     306     307     314     313
     167   2   0     307     314     329     322
     168   3   0     315     315
     169   1   0     331     332     339     338     316     317     324     323
     170   1   0     332     333     340     339     317     318     325     324
     171   1   0     333     334     341     340     318     319     326     325
     172   1   0     334     335     342     341     319     320     327     326
     173   1   0     335     336     343     342     320     321     328     327
     174   1   0     336     337     344     343     321     322     329     328
     175   2   0     322     329     344     337
     176   3   0     330     330
     177   1   0     346     347     354     353     331     332     339     338
     178   1   0     347     348     355     354     332     333     340     339
     179   1   0     348     349     356     355     333     334     341     340
     180   1   0     349     350     357     356     334     335     342     341
     181   1   0     350     351     358     357     335     336     343     342
     182   1   0     351     352     359     358     336     337     344     343
     183   2   0     337     344     359     352
     184   3   0     345     345
     185   1   0     361     362     369     368     346     347     354     353
     186   1   0     362     363     370     369     347     348     355     354
     187   1   0     363     364     371     370     348     349     356     355
     188   1   0     364     365     372     371     349     350     357     356
     189   1   0     365     366     373     372     350     351     358     357
     190   1   0     366     367     374     373     351     352     359     358
     191   2   0     352     359     374     367
     192   3   0     360     360
     193   1   0     376     377     384     383     361     362     369     368
     194   1   0     377     378     385     384     362     363     370     369
     195   1   0     378     379     386     385     363     364     371     370
     196   1   0     379     380     387     386     364     365     372     371
     197   1   0     380     381     388     387     365     366     373     372
     198   1   0     381     382     389     388     366     367     374     373
     199   2   0     367     374     389     382
     200   3   0     375     375
     201   1   0     391     392     399     398     376     377     384     383
     202   1   0     392     393     400     399     377     378     385     384
     203   1   0     393     394     401     400     378     379     386     385
     204   1   0     394     395     402     401     379     380     387     386
     205   1   0     395     396     403     402     380     381     388     387
     206   1   0     396     397     404     403     381     382     389     388
     207   2   0     382     389     404     397
     208   3   0     390     390
     209   1   0     406     407     414     413     391     392     399     398
     210   1   0     407     408     415     414     392     393     400     399
     211   1   0     408     409     416     415     393     394     401     400
     212   1   0     409     410     417     416     394     395     402     401
     213   1   0     410     411     418     417     395     396     403     402
     214   1   0     411     412     419     418     396     397     404     403
     215   2   0     397     404     419     412
     216   3   0     405     405
     217   1   0     421     422     429     428     406     407     414     413
     218   1   0     422     423     430     429     407     408     415     414
     219   1   0     423     424     431     430     408     409     416     415
     220   1   0     424     425     432     431     409     410     417     416
     221   1   0     425     426     433     432     410     411     418     417
     222   1   0     426     427     434     433     411     412     419     418
     223   2   0     412     419     434     427
     224   3   0     420     420
     225   1   0     436     437     444     443     421     422     429     428
     226   1   0     437     438     445     444     422     423     430     429
     227   1   0     438     439     446     445     423     424     431     430
     228   1   0     439     440     447     446     424     425     432     431
     229   1   0     440     441     448     447     425     426     433     432
     230   1   0     441     442     449     448     426     427     434     433
     231   2   0     427     434     449     442
     232   3   0     435     435
     233   1   0     451     452     459     458     436     437     444     443
     234   1   0     452     453     460     459     437     438     445     444
     235   1   0     453     454     461     460     438     439     446     445
     236   1   0     454     455     462     461     439     440     447     446
     237   1   0     455     456     463     462     440     441     448     447
     238   1   0     456     457     464     463     441     442     449     448
     239   2   0     442     449     464     457
     240   3   0     450     450
     241   1   0     466     467     474     473     451     452     459     458
     242   1   0     467     468     475     474     452     453     460     459
     243   1   0     468     469     476     475     453     454     461     460
     244   1   0     469     470     477     476     454     455     462     461
     245   1   0     470     471     478     477     455     456     463     462
     246   1   0     471     472     479     478     456     457     464     463
     247   2   0     457     464     479     472
     248   3   0     465     465
     249   1   0     481     482     489     488     466     467     474     473
     250   1   0     482     483     490     489     467     468     475     474
     251   1   0     483     484     491     490     468     469     476     475
     252   1   0     484     485     492     491     469     470     477     476
     253   1   0     485     486     493     492     470     471     478     477
     254   1   0     486     487     494     493     471     472     479     478
     255   2   0     472     479     494     487
     256   3   0     480     480
     257   1   0     496     497     504     503     481     482     489     488
     258   1   0     497     498     505     504     482     483     490     489
     259   1   0     498     499     506     505     483     484     491     490
     260   1   0     499     500     507     506     484     485     492     491
     261   1   0     500     501     508     507     485     486     493     492
     262   1   0     501     502     509     508     486     487     494     493
     263   2   0     487     494     509     502
     264   3   0     495     495
     265   1   0     511     512     519     518     496     497     504     503
     266   1   0     512     513     520     519     497     498     505     504
     267   1   0     513     514     521     520     498     499     506     505
     268   1   0     514     515     522     521     499     500     507     506
     269   1   0     515     516     523     522     500     501     508     507
     270   1   0     516     517     524     523     501     502     509     508
     271   2   0     502     509     524     517
     272   3   0     510     510
     273   1   0     526     527     534     533     511     512     519     518
     274   1   0     527     528     535     534     512     513     520     519
     275   1   0     528     529     536     535     513     514     521     520
     276   1   0     529     530     537     536     514     515     522     521
     277   1   0     530     531     538     537     515     516     523     522
     278   1   0     531     532     539     538     516     517     524     523
     279   2   0     517     524     539     532
     280   3   0     525     525
     281   1   0     541     542     549     548     526     527     534     533
     282   1   0     542     543     550     549     527     528     535     534
     283   1   0     543     544     551     550     528     529     536     535
     284   1   0     544     545     552     551     529     530     537     536
     285   1   0     545     546     553     552     530     531     538     537
     286   1   0     546     547     554     553     531     532     539     538
     287   2   0     532     539     554     547
     288   3   0     540     540
     289   1   0     556     557     564     563     541     542     549     548
     290   1   0     557     558     565     564     542     543     550     549
     291   1   0     558     559     566     565     543     544     551     550
     292   1   0     559     560     567     566     544     545     552     551
     293   1   0     560     561     568     567     545     546     553     552
     294   1   0     561     562     569     568     546     547     554     553
     295   2   0     547     554     569     562
     296   3   0     555     555
     297   1   0     571     572     579     578     556     557     564     563
     298   1   0     572     573     580     579     557     558     565     564
     299   1   0     573     574     581     580     558     559     566     565
     300   1   0     574     575     582     581     559     560     567     566
     301   1   0     575     576     583     582     560     561     568     567
     302   1   0     576     577     584     583     561     562     569     568
     303   2   0     562     569     584     577
     304   3   0     570     570
     305   1   0     586     587     594     593     571     572     579     578
     306   1   0     587     588     595     594     572     573     580     579
     307   1   0     588     589     596     595     573     574     581     580
     308   1   0     589     590     597     596     574     575     582     581
     309   1   0     590     591     598     597     575     576     583     582
     310   1   0     591     592     599     598     576     577     584     583
     311   2   0     577     584     599     592
     312   3   0     585     585
     313   1   0     601     602     609     608     586     587     594     593
     314   1   0     602     603     610     609     587     588     595     594
     315   1   0     603     604     611     610     588     589     596     595
     316   1   0     604     605     612     611     589     590     597     596
     317   1   0     605     606     613     612     590     591     598     597
     318   1   0     606     607     614     613     591     592     599     598
     319   2   0     592     599     614     607
     320   3   0     600     600
     321   1   0     616     617     624     623     601     602     609     608
     322   1   0     617     618     625     624     602     603     610     609
     323   1   0     618     619     626     625     603     604     611     610
     324   1   0     619     620     627     626     604     605     612     611
     325   1   0     620     621     628     627     605     606     613     612
     326   1   0     621     622     629     628     606     607     614     613
     327   2   0     607     614     629     622
     328   3   0     615     615
     329   1   0     631     632     639     638     616     617     624     623
     330   1   0     632     633     640     639     617     618     625     624
     331   1   0     633     634     641     640     618     619     626     625
     332   1   0     634     635     642     641     619     620     627     626
     333   1   0     635     636     643     642     620     621     628     627
     334   1   0     636     637     644     643     621     622     629     628
     335   2   0     622     629     644     637
     336   3   0     630     630
     337   1   0     646     647     654     653     631     632     639     638
     338   1   0     647     648     655     654     632     633     640     639
     339   1   0     648     649     656     655     633     634     641     640
     340   1   0     649     650     657     656     634     635     642     641
     341   1   0     650     651     658     657     635     636     643     642
     342   1   0     651     652     659     658     636     637     644     643
     343   2   0     637     644     659     652
     344   3   0     645     645
     345   1   0     661     662     669     668     646     647     654     653
     346   1   0     662     663     670     669     647     648     655     654
     347   1   0     663     664     671     670     648     649     656     655
     348   1   0     664     665     672     671     649     650     657     656
     349   1   0     665     666     673     672     650     651     658     657
     350   1   0     666     667     674     673     651     652     659     658
     351   2   0     652     659     674     667
     352   3   0     660     660
     353   1   0     676     677     684     683     661     662     669     668
     354   1   0     677     678     685     684     662     663     670     669
     355   1   0     678     679     686     685     663     664     671     670
     356   1   0     679     680     687     686     664     665     672     671
     357   1   0     680     681     688     687     665     666     673     672
     358   1   0     681     682     689     688     666     667     674     673
     359   2   0     667     674     689     682
     360   3   0     675     675
     361   1   0     691     692     699     698     676     677     684     683
     362   1   0     692     693     700     699     677     678     685     684
     363   1   0     693     694     701     700     678     679     686     685
     364   1   0     694     695     702     701     679     680     687     686
     365   1   0     695     696     703     702     680     681     688     687
     366   1   0     696     697     704     703     681     682     689     688
     367   2   0     682     689     704     697
     368   3   0     690     690
     369   1   0     706     707     714     713     691     692     699     698
     370   1   0     707     708     715     714     692     693     700     699
     371   1   0     708     709     716     715     693     694     701     700
     372   1   0     709     710     717     716     694     695     702     701
     373   1   0     710     711     718     717     695     696     703     702
     374   1   0     711     712     719     718     696     697     704     703
     375   2   0     697     704     719     712
     376   3   0     705     705
     377   1   0     721     722     729     728     706     707     714     713
     378   1   0     722     723     730     729     707     708     715     714
     379   1   0     723     724     731     730     708     709     716     715
     380   1   0     724     725     732     731     709     710     717     716
     381   1   0     725     726     733     732     710     711     718     717
     382   1   0     726     727     734     733     711     712     719     718
     383   2   0     712     719     734     727
     384   3   0     720     720
     385   1   0     736     737     744     743     721     722     729     728
     386   1   0     737     738     745     744     722     723     730     729
     387   1   0     738     739     746     745     723     724     731     730
     388   1   0     739     740     747     746     724     725     732     731
     389   1   0     740     741     748     747     725     726     733     732
     390   1   0     741     742     749     748     726     727     734     733
     391   2   0     727     734     749     742
     392   3   0     735     735
     393   1   0     751     752     759     758     736     737     744     743
     394   1   0     752     753     760     759     737     738     745     744
     395   1   0     753     754     761     760     738     739     746     745
     396   1   0     754     755     762     761     739     740     747     746
     397   1   0     755     756     763     762     740     741     748     747
     398   1   0     756     757     764     763     741     742     749     748
     399   2   0     742     749     764     757
     400   3   0     750     750
     401   1   0     766     767     774     773     751     752     759     758
     402   1   0     767     768     775     774     752     753     760     759
     403   1   0     768     769     776     775     753     754     761     760
     404   1   0     769     770     777     776     754     755     762     761
     405   1   0     770     771     778     777     755     756     763     762
     406   1   0     771     772     779     778     756     757     764     763
     407   2   0     757     764     779     772
     408   3   0     765     765
     409   1   0     781     782     789     788     766     767     774     773
     410   1   0     782     783     790     789     767     768     775     774
     411   1   0     783     784     791     790     768     769     776     775
     412   1   0     784     785     792     791     769     770     777     776
     413   1   0     785     786     793     792     770     771     778     777
     414   1   0     786     787     794     793     771     772     779     778
     415   2   0     772     779     794     787
     416   3   0     780     780
     417   1   0     796     797     804     803     781     782     789     788
     418   1   0     797     798     805     804     782     783     790     789
     419   1   0     798     799     806     805     783     784     791     790
     420   1   0     799     800     807     806     784     785     792     791
     421   1   0     800     801     808     807     785     786     793     792
     422   1   0     801     802     809     808     786     787     794     793
     423   2   0     787     794     809     802
     424   3   0     795     795
     425   1   0     811     812     819     818     796     797     804     803
     426   1   0     812     813     820     819     797     798     805     804
     427   1   0     813     814     821     820     798     799     806     805
     428   1   0     814     815     822     821     799     800     807     806
     429   1   0     815     816     823     822     800     801     808     807
     430   1   0     816     817     824     823     801     802     809     808
     431   2   0     802     809     824     817
     432   3   0     810     810
     433   1   0     826     827     834     833     811     812     819     818
     434   1   0     827     828     835     834     812     813     820     819
     435   1   0     828     829     836     835     813     814     821     820
     436   1   0     829     830     837     836     814     815     822     821
     437   1   0     830     831     838     837     815     816     823     822
     438   1   0     831     832     839     838     816     817     824     823
     439   2   0     817     824     839     832
     440   3   0     825     825
     441   1   0     841     842     849     848     826     827     834     833
     442   1   0     842     843     850     849     827     828     835     834
     443   1   0     843     844     851     850     828     829     836     835
     444   1   0     844     845     852     851     829     830     837     836
     445   1   0     845     846     853     852     830     831     838     837
     446   1   0     846     847     854     853     831     832     839     838
     447   2   0     832     839     854     847
     448   3   0     840     840
     449   1   0     856     857     864     863     841     842     849     848
     450   1   0     857     858     865     864     842     843     850     849
     451   1   0     858     859     866     865     843     844     851     850
     452   1   0     859     860     867     866     844     845     852     851
     453   1   0     860     861     868     867     845     846     853     852
     454   1   0     861     862     869     868     846     847     854     853
     455   2   0     847     854     869     862
     456   3   0     855     855
     457   1   0     871     872     879     878     856     857     864     863
     458   1   0     872     873     880     879     857     858     865     864
     459   1   0     873     874     881     880     858     859     866     865
     460   1   0     874     875     882     881     859     860     867     866
     461   1   0     875     876     883     882     860     861     868     867
     462   1   0     876     877     884     883     861     862     869     868
     463   2   0     862     869     884     877
     464   3   0     870     870
     465   1   0     886     887     894     893     871     872     879     878
     466   1   0     887     888     895     894     872     873     880     879
     467   1   0     888     889     896     895     873     874     881     880
     468   1   0     889     890     897     896     874     875     882     881
     469   1   0     890     891     898     897     875     876     883     882
     470   1   0     891     892     899     898     876     877     884     883
     471   2   0     877     884     899     892
     472   3   0     885     885
     473   1   0     901     902     909     908     886     887     894     893
     474   1   0     902     903     910     909     887     888     895     894
     475   1   0     903     904     911     910     888     889     896     895
     476   1   0     904     905     912     911     889     890     897     896
     477   1   0     905     906     913     912     890     891     898     897
     478   1   0     906     907     914     913     891     892     899     898
     479   2   0     892     899     914     907
     480   3   0     900     900
     481   1   0     916     917     924     923     901     902     909     908
     482   1   0     917     918     925     924     902     903     910     909
     483   1   0     918     919     926     925     903     904     911     910
     484   1   0     919     920     927     926     904     905     912     911
     485   1   0     920     921     928     927     905     906     913     912
     486   1   0     921     922     929     928     906     907     914     913
     487   2   0     907     914     929     922
     488   3   0     915     915
     489   1   0     931     932     939     938     916     917     924     923
     490   1   0     932     933     940     939     917     918     925     924
     491   1   0     933     934     941     940     918     919     926     925
     492   1   0     934     935     942     941     919     920     927     926
     493   1   0     935     936     943     942     920     921     928     927
     494   1   0     936     937     944     943     921     922     929     928
     495   2   0     922     929     944     937
     496   3   0     930     930
     497   1   0     946     947     954     953     931     932     939     938
     498   1   0     947     948     955     954     932     933     940     939
     499   1   0     948     949     956     955     933     934     941     940
     500   1   0     949     950     957     956     934     935     942     941
     501   1   0     950     951     958     957     935     936     943     942
     502   1   0     951     952     959     958     936     937     944     943
     503   2   0     937     944     959     952
     504   3   0     945     945
     505   1   0     961     962     969     968     946     947     954     953
     506   1   0     962     963     970     969     947     948     955     954
     507   1   0     963     964     971     970     948     949     956     955
     508   1   0     964     965     972     971     949     950     957     956
     509   1   0     965     966     973     972     950     951     958     957
     510   1   0     966     967     974     973     951     952     959     958
     511   2   0     952     959     974     967
     512   3   0     960     960
     513   1   0     976     977     984     983     961     962     969     968
     514   1   0     977     978     985     984     962     963     970     969
     515   1   0     978     979     986     985     963     964     971     970
     516   1   0     979     980     987     986     964     965     972     971
     517   1   0     980     981     988     987     965     966     973     972
     518   1   0     981     982     989     988     966     967     974     973
     519   2   0     967     974     989     982
     520   3   0     975     975
     521   1   0     991     992     999     998     976     977     984     983
     522   1   0     992     993    1000     999     977     978     985     984
     523   1   0     993     994    1001    1000     978     979     986     985
     524   1   0     994     995    1002    1001     979     980     987     986
     525   1   0     995     996    1003    1002     980     981     988     987
     526   1   0     996     997    1004    1003     981     982     989     988
     527   2   0     982     989    1004     997
     528   3   0     990     990
     529   1   0    1006    1007    1014    1013     991     992     999     998
     530   1   0    1007    1008    1015    1014     992     993    1000     999
     531   1   0    1008    1009    1016    1015     993     994    1001    1000
     532   1   0    1009    1010    1017    1016     994     995    1002    1001
     533   1   0    1010    1011    1018    1017     995     996    1003    1002
     534   1   0    1011    1012    1019    1018     996     997    1004    1003
     535   2   0     997    1004    1019    1012
     536   3   0    1005    1005
     537   1   0    1021    1022    1029    1028    1006    1007    1014    1013
     538   1   0    1022    1023    1030    1029    1007    1008    1015    1014
     539   1   0    1023    1024    1031    1030    1008    1009    1016    1015
     540   1   0    1024    1025    1032    1031    1009    1010    1017    1016
     541   1   0    1025    1026    1033    1032    1010    1011    1018    1017
     542   1   0    1026    1027    1034    1033    1011    1012    1019    1018
     543   2   0    1012    1019    1034    1027
     544   3   0    1020    1020
     545   1   0    1036    1037    1044    1043    1021    1022    1029    1028
     546   1   0    1037    1038    1045    1044    1022    1023    1030    1029
     547   1   0    1038    1039    1046    1045    1023    1024    1031    1030
     548   1   0    1039    1040    1047    1046    1024    1025    1032    1031
     549   1   0    1040    1041    1048    1047    1025    1026    1033    1032
     550   1   0    1041    1042    1049    1048    1026    1027    1034    1033
     551   2   0    1027    1034    1049    1042
     552   3   0    1035    1035
     553   1   0    1051    1052    1059    1058    1036    1037    1044    1043
     554   1   0    1052    1053    1060    1059    1037    1038    1045    1044
     555   1   0    1053    1054    1061    1060    1038    1039    1046    1045
     556   1   0    1054    1055    1062    1061    1039    1040    1047    1046
     557   1   0    1055    1056    1063    1062    1040    1041    1048    1047
     558   1   0    1056    1057    1064    1063    1041    1042    1049    1048
     559   2   0    1042    1049    1064    1057
     560   3   0    1050    1050
     561   1   0    1066    1067    1074    1073    1051    1052    1059    1058
     562   1   0    1067    1068    1075    1074    1052    1053    1060    1059
     563   1   0    1068    1069    1076    1075    1053    1054    1061    1060
     564   1   0    1069    1070    1077    1076    1054    1055    1062    1061
     565   1   0    1070    1071    1078    1077    1055    1056    1063    1062
     566   1   0    1071    1072    1079    1078    1056    1057    1064    1063
     567   2   0    1057    1064    1079    1072
     568   3   0    1065    1065
     569   1   0    1081    1082    1089    1088    1066    1067    1074    1073
     570   1   0    1082    1083    1090    1089    1067    1068    1075    1074
     571   1   0    1083    1084    1091    1090    1068    1069    1076    1075
     572   1   0    1084    1085    1092    1091    1069    1070    1077    1076
     573   1   0    1085    1086    1093    1092    1070    1071    1078    1077
     574   1   0    1086    1087    1094    1093    1071    1072    1079    1078
     575   2   0    1072    1079    1094    1087
     576   3   0    1080    1080
     577   1   0    1096    1097    1104    1103    1081    1082    1089    1088
     578   1   0    1097    1098    1105    1104    1082    1083    1090    1089
     579   1   0    1098    1099    1106    1105    1083    1084    1091    1090
     580   1   0    1099    1100    1107    1106    1084    1085    1092    1091
     581   1   0    1100    1101    1108    1107    1085    1086    1093    1092
     582   1   0    1101    1102    1109    1108    1086    1087    1094    1093
     583   2   0    1087    1094    1109    1102
     584   3   0    1095    1095
     585   1   0    1111    1112    1119    1118    1096    1097    1104    1103
     586   1   0    1112    1113    1120    1119    1097    1098    1105    1104
     587   1   0    1113    1114    1121    1120    1098    1099    1106    1105
     588   1   0    1114    1115    1122    1121    1099    1100    1107    1106
     589   1   0    1115    1116    1123    1122    1100    1101    1108    1107
     590   1   0    1116    1117    1124    1123    1101    1102    1109    1108
     591   2   0    1102    1109    1124    1117
     592   3   0    1110    1110
     593   1   0    1126    1127    1134    1133    1111    1112    1119    1118
     594   1   0    1127    1128    1135    1134    1112    1113    1120    1119
     595   1   0    1128    1129    1136    1135    1113    1114    1121    1120
     596   1   0    1129    1130    1137    1136    1114    1115    1122    1121
     597   1   0    1130    1131    1138    1137    1115    1116    1123    1122
     598   1   0    1131    1132    1139    1138    1116    1117    1124    1123
     599   2   0    1117    1124    1139    1132
     600   3   0    1125    1125
     601   1   0    1141    1142    1149    1148    1126    1127    1134    1133
     602   1   0    1142    1143    1150    1149    1127    1128    1135    1134
     603   1   0    1143    1144    1151    1150    1128    1129    1136    1135
     604   1   0    1144    1145    1152    1151    1129    1130    1137    1136
     605   1   0    1145    1146    1153    1152    1130    1131    1138    1137
     606   1   0    1146    1147    1154    1153    1131    1132    1139    1138
     607   2   0    1132    1139    1154    1147
     608   3   0    1140    1140
     609   1   0    1156    1157    1164    1163    1141    1142    1149    1148
     610   1   0    1157    1158    1165    1164    1142    1143    1150    1149
     611   1   0    1158    1159    1166    1165    1143    1144    1151    1150
     612   1   0    1159    1160    1167    1166    1144    1145    1152    1151
     613   1   0    1160    1161    1168    1167    1145    1146    1153    1152
     614   1   0    1161    1162    1169    1168    1146    1147    1154    1153
     615   2   0    1147    1154    1169    1162
     616   3   0    1155    1155
     617   1   0    1171    1172    1179    1178    1156    1157    1164    1163
     618   1   0    1172    1173    1180    1179    1157    1158    1165    1164
     619   1   0    1173    1174    1181    1180    1158    1159    1166    1165
     620   1   0    1174    1175    1182    1181    1159    1160    1167    1166
     621   1   0    1175    1176    1183    1182    1160    1161    1168    1167
     622   1   0    1176    1177    1184    1183    1161    1162    1169    1168
     623   2   0    1162    1169    1184    1177
     624   3   0    1170    1170
     625   1   0    1186    1187    1194    1193    1171    1172    1179    1178
     626   1   0    1187    1188    1195    1194    1172    1173    1180    1179
     627   1   0    1188    1189    1196    1195    1173    1174    1181    1180
     628   1   0    1189    1190    1197    1196    1174    1175    1182    1181
     629   1   0    1190    1191    1198    1197    1175    1176    1183    1182
     630   1   0    1191    1192    1199    1198    1176    1177    1184    1183
     631   2   0    1177    1184    1199    1192
     632   3   0    1185    1185
     633   1   0    1201    1202    1209    1208    1186    1187    1194    1193
     634   1   0    1202    1203    1210    1209    1187    1188    1195    1194
     635   1   0    1203    1204    1211    1210    1188    1189    1196    1195
     636   1   0    1204    1205    1212    1211    1189    1190    1197    1196
     637   1   0    1205    1206    1213    1212    1190    1191    1198    1197
     638   1   0    1206    1207    1214    1213    1191    1192    1199    1198
     639   2   0    1192    1199    1214    1207
     640   3   0    1200    1200
     641   1   0    1216    1217    1224    1223    1201    1202    1209    1208
     642   1   0    1217    1218    1225    1224    1202    1203    1210    1209
     643   1   0    1218    1219    1226    1225    1203    1204    1211    1210
     644   1   0    1219    1220    1227    1226    1204    1205    1212    1211
     645   1   0    1220    1221    1228    1227    1205    1206    1213    1212
     646   1   0    1221    1222    1229    1228    1206    1207    1214    1213
     647   2   0    1207    1214    1229    1222
     648   3   0    1215    1215
     649   1   0    1231    1232    1239    1238    1216    1217    1224    1223
     650   1   0    1232    1233    1240    1239    1217    1218    1225    1224
     651   1   0    1233    1234    1241    1240    1218    1219    1226    1225
     652   1   0    1234    1235    1242    1241    1219    1220    1227    1226
     653   1   0    1235    1236    1243    1242    1220    1221    1228    1227
     654   1   0    1236    1237    1244    1243    1221    1222    1229    1228
     655   2   0    1222    1229    1244    1237
     656   3   0    1230    1230
     657   1   0    1246    1247    1254    1253    1231    1232    1239    1238
     658   1   0    1247    1248    1255    1254    1232    1233    1240    1239
     659   1   0    1248    1249    1256    1255    1233    1234    1241    1240
     660   1   0    1249    1250    1257    1256    1234    1235    1242    1241
     661   1   0    1250    1251    1258    1257    1235    1236    1243    1242
     662   1   0    1251    1252    1259    1258    1236    1237    1244    1243
     663   2   0    1237    1244    1259    1252
     664   3   0    1245    1245
     665   1   0    1261    1262    1269    1268    1246    1247    1254    1253
     666   1   0    1262    1263    1270    1269    1247    1248    1255    1254
     667   1   0    1263    1264    1271    1270    1248    1249    1256    1255
     668   1   0    1264    1265    1272    1271    1249    1250    1257    1256
     669   1   0    1265    1266    1273    1272    1250    1251    1258    1257
     670   1   0    1266    1267    1274    1273    1251    1252    1259    1258
     671   2   0    1252    1259    1274    1267
     672   3   0    1260    1260
     673   1   0    1276    1277    1284    1283    1261    1262    1269    1268
     674   1   0    1277    1278    1285    1284    1262    1263    1270    1269
     675   1   0    1278    1279    1286    1285    1263    1264    1271    1270
     676   1   0    1279    1280    1287    1286    1264    1265    1272    1271
     677   1   0    1280    1281    1288    1287    1265    1266    1273    1272
     678   1   0    1281    1282    1289    1288    1266    1267    1274    1273
     679   2   0    1267    1274    1289    1282
     680   3   0    1275    1275
     681   1   0    1291    1292    1299    1298    1276    1277    1284    1283
     682   1   0    1292    1293    1300    1299    1277    1278    1285    1284
     683   1   0    1293    1294    1301    1300    1278    1279    1286    1285
     684   1   0    1294    1295    1302    1301    1279    1280    1287    1286
     685   1   0    1295    1296    1303    1302    1280    1281    1288    1287
     686   1   0    1296    1297    1304    1303    1281    1282    1289    1288
     687   2   0    1282    1289    1304    1297
     688   3   0    1290    1290
     689   1   0    1306    1307    1314    1313    1291    1292    1299    1298
     690   1   0    1307    1308    1315    1314    1292    1293    1300    1299
     691   1   0    1308    1309    1316    1315    1293    1294    1301    1300
     692   1   0    1309    1310    1317    1316    1294    1295    1302    1301
     693   1   0    1310    1311    1318    1317    1295    1296    1303    1302
     694   1   0    1311    1312    1319    1318    1296    1297    1304    1303
     695   2   0    1297    1304    1319    1312
     696   3   0    1305    1305
     697   1   0    1321    1322    1329    1328    1306    1307    1314    1313
     698   1   0    1322    1323    1330    1329    1307    1308    1315    1314
     699   1   0    1323    1324    1331    1330    1308    1309    1316    1315
     700   1   0    1324    1325    1332    1331    1309    1310    1317    1316
     701   1   0    1325    1326    1333    1332    1310    1311    1318    1317
     702   1   0    1326    1327    1334    1333    1311    1312    1319    1318
     703   2   0    1312    1319    1334    1327
     704   3   0    1320    1320
     705   1   0    1336    1337    1344    1343    1321    1322    1329    1328
     706   1   0    1337    1338    1345    1344    1322    1323    1330    1329
     707   1   0    1338    1339    1346    1345    1323    1324    1331    1330
     708   1   0    1339    1340    1347    1346    1324    1325    1332    1331
     709   1   0    1340    1341    1348    1347    1325    1326    1333    1332
     710   1   0    1341    1342    1349    1348    1326    1327    1334    1333
     711   2   0    1327    1334    1349    1342
     712   3   0    1335    1335
     713   1   0    1351    1352    1359    1358    1336    1337    1344    1343
     714   1   0    1352    1353    1360    1359    1337    1338    1345    1344
     715   1   0    1353    1354    1361    1360    1338    1339    1346    1345
     716   1   0    1354    1355    1362    1361    1339    1340    1347    1346
     717   1   0    1355    1356    1363    1362    1340    1341    1348    1347
     718   1   0    1356    1357    1364    1363    1341    1342    1349    1348
     719   2   0    1342    1349    1364    1357
     720   3   0    1350    1350
     721   1   0    1366    1367    1374    1373    1351    1352    1359    1358
     722   1   0    1367    1368    1375    1374    1352    1353    1360    1359
     723   1   0    1368    1369    1376    1375    1353    1354    1361    1360
     724   1   0    1369    1370    1377    1376    1354    1355    1362    1361
     725   1   0    1370    1371    1378    1377    1355    1356    1363    1362
     726   1   0    1371    1372    1379    1378    1356    1357    1364    1363
     727   2   0    1357    1364    1379    1372
     728   3   0    1365    1365
     729   1   0    1381    1382    1389    1388    1366    1367    1374    1373
     730   1   0    1382    1383    1390    1389    1367    1368    1375    1374
     731   1   0    1383    1384    1391    1390    1368    1369    1376    1375
     732   1   0    1384    1385    1392    1391    1369    1370    1377    1376
     733   1   0    1385    1386    1393    1392    1370    1371    1378    1377
     734   1   0    1386    1387    1394    1393    1371    1372    1379    1378
     735   2   0    1372    1379    1394    1387
     736   3   0    1380    1380
     737   1   0    1396    1397    1404    1403    1381    1382    1389    1388
     738   1   0    1397    1398    1405    1404    1382    1383    1390    1389
     739   1   0    1398    1399    1406    1405    1383    1384    1391    1390
     740   1   0    1399    1400    1407    1406    1384    1385    1392    1391
     741   1   0    1400    1401    1408    1407    1385    1386    1393    1392
     742   1   0    1401    1402    1409    1408    1386    1387    1394    1393
     743   2   0    1387    1394    1409    1402
     744   3   0    1395    1395
     745   1   0    1411    1412    1419    1418    1396    1397    1404    1403
     746   1   0    1412    1413    1420    1419    1397    1398    1405    1404
     747   1   0    1413    1414    1421    1420    1398    1399    1406    1405
     748   1   0    1414    1415    1422    1421    1399    1400    1407    1406
     749   1   0    1415    1416    1423    1422    1400    1401    1408    1407
     750   1   0    1416    1417    1424    1423    1401    1402    1409    1408
     751   2   0    1402    1409    1424    1417
     752   3   0    1410    1410
     753   1   0    1426    1427    1434    1433    1411    1412    1419    1418
     754   1   0    1427    1428    1435    1434    1412    1413    1420    1419
     755   1   0    1428    1429    1436    1435    1413    1414    1421    1420
     756   1   0    1429    1430    1437    1436    1414    1415    1422    1421
     757   1   0    1430    1431    1438    1437    1415    1416    1423    1422
     758   1   0    1431    1432    1439    1438    1416    1417    1424    1423
     759   2   0    1417    1424    1439    1432
     760   3   0    1425    1425
     761   1   0    1441    1442    1449    1448    1426    1427    1434    1433
     762   1   0    1442    1443    1450    1449    1427    1428    1435    1434
     763   1   0    1443    1444    1451    1450    1428    1429    1436    1435
     764   1   0    1444    1445    1452    1451    1429    1430    1437    1436
     765   1   0    1445    1446    1453    1452    1430    1431    1438    1437
     766   1   0    1446    1447    1454    1453    1431    1432    1439    1438
     767   2   0    1432    1439    1454    1447
     768   3   0    1440    1440

     End Load Set   1

     E l e m e n t   S i z e   V a l u e s
          h-minimum =  0.0000E+00
          h-maximum =  1.4981E-03

     Tie all nodes with common coordinates


      Gap Tolerance =  2.6216E-05



       T i e  - - -  N o d a l   C o o r d i n a t e s

          The following nodes have been deleted:

         1441   1442   1443   1444   1445   1446   1447   1448   1449   1450
         1451   1452   1453   1454   1455

         15 nodes merged by the tie command


     Load Group   1: Proportional Load =     0

 FEAP *** inflated fiber reinforced soft ring - circum. b.c. top surf. linked i

  E d g e    N o d a l    B.C.

    node  1-B.C.  2-B.C.  3-B.C.
       8       0       0       1
       9       0       0       1
      10       0       0       1
      11       0       0       1
      12       0       0       1
      13       0       0       1
      14       0       0       1
      23       0       0       1
      24       0       0       1
      25       0       0       1
      26       0       0       1
      27       0       0       1
      28       0       0       1
      29       0       0       1
      38       0       0       1
      39       0       0       1
      40       0       0       1
      41       0       0       1
      42       0       0       1
      43       0       0       1
      44       0       0       1
      53       0       0       1
      54       0       0       1
      55       0       0       1
      56       0       0       1
      57       0       0       1
      58       0       0       1
      59       0       0       1
      68       0       0       1
      69       0       0       1
      70       0       0       1
      71       0       0       1
      72       0       0       1
      73       0       0       1
      74       0       0       1
      83       0       0       1
      84       0       0       1
      85       0       0       1
      86       0       0       1
      87       0       0       1
      88       0       0       1
      89       0       0       1
      98       0       0       1
      99       0       0       1
     100       0       0       1
     101       0       0       1
     102       0       0       1
     103       0       0       1
     104       0       0       1
     113       0       0       1
     114       0       0       1
     115       0       0       1
     116       0       0       1
     117       0       0       1
     118       0       0       1
     119       0       0       1
     128       0       0       1
     129       0       0       1
     130       0       0       1
     131       0       0       1
     132       0       0       1
     133       0       0       1
     134       0       0       1
     143       0       0       1
     144       0       0       1
     145       0       0       1
     146       0       0       1
     147       0       0       1
     148       0       0       1
     149       0       0       1
     158       0       0       1
     159       0       0       1
     160       0       0       1
     161       0       0       1
     162       0       0       1
     163       0       0       1
     164       0       0       1
     173       0       0       1
     174       0       0       1
     175       0       0       1
     176       0       0       1
     177       0       0       1
     178       0       0       1
     179       0       0       1
     188       0       0       1
     189       0       0       1
     190       0       0       1
     191       0       0       1
     192       0       0       1
     193       0       0       1
     194       0       0       1
     203       0       0       1
     204       0       0       1
     205       0       0       1
     206       0       0       1
     207       0       0       1
     208       0       0       1
     209       0       0       1
     218       0       0       1
     219       0       0       1
     220       0       0       1
     221       0       0       1
     222       0       0       1
     223       0       0       1
     224       0       0       1
     233       0       0       1
     234       0       0       1
     235       0       0       1
     236       0       0       1
     237       0       0       1
     238       0       0       1
     239       0       0       1
     248       0       0       1
     249       0       0       1
     250       0       0       1
     251       0       0       1
     252       0       0       1
     253       0       0       1
     254       0       0       1
     263       0       0       1
     264       0       0       1
     265       0       0       1
     266       0       0       1
     267       0       0       1
     268       0       0       1
     269       0       0       1
     278       0       0       1
     279       0       0       1
     280       0       0       1
     281       0       0       1
     282       0       0       1
     283       0       0       1
     284       0       0       1
     293       0       0       1
     294       0       0       1
     295       0       0       1
     296       0       0       1
     297       0       0       1
     298       0       0       1
     299       0       0       1
     308       0       0       1
     309       0       0       1
     310       0       0       1
     311       0       0       1
     312       0       0       1
     313       0       0       1
     314       0       0       1
     323       0       0       1
     324       0       0       1
     325       0       0       1
     326       0       0       1
     327       0       0       1
     328       0       0       1
     329       0       0       1
     338       0       0       1
     339       0       0       1
     340       0       0       1
     341       0       0       1
     342       0       0       1
     343       0       0       1
     344       0       0       1
     353       0       0       1
     354       0       0       1
     355       0       0       1
     356       0       0       1
     357       0       0       1
     358       0       0       1
     359       0       0       1
     368       0       0       1
     369       0       0       1
     370       0       0       1
     371       0       0       1
     372       0       0       1
     373       0       0       1
     374       0       0       1
     383       0       0       1
     384       0       0       1
     385       0       0       1
     386       0       0       1
     387       0       0       1
     388       0       0       1
     389       0       0       1
     398       0       0       1
     399       0       0       1
     400       0       0       1
     401       0       0       1
     402       0       0       1
     403       0       0       1
     404       0       0       1
     413       0       0       1
     414       0       0       1
     415       0       0       1
     416       0       0       1
     417       0       0       1
     418       0       0       1
     419       0       0       1
     428       0       0       1
     429       0       0       1
     430       0       0       1
     431       0       0       1
     432       0       0       1
     433       0       0       1
     434       0       0       1
     443       0       0       1
     444       0       0       1
     445       0       0       1
     446       0       0       1
     447       0       0       1
     448       0       0       1
     449       0       0       1
     458       0       0       1
     459       0       0       1
     460       0       0       1
     461       0       0       1
     462       0       0       1
     463       0       0       1
     464       0       0       1
     473       0       0       1
     474       0       0       1
     475       0       0       1
     476       0       0       1
     477       0       0       1
     478       0       0       1
     479       0       0       1
     488       0       0       1
     489       0       0       1
     490       0       0       1
     491       0       0       1
     492       0       0       1
     493       0       0       1
     494       0       0       1
     503       0       0       1
     504       0       0       1
     505       0       0       1
     506       0       0       1
     507       0       0       1
     508       0       0       1
     509       0       0       1
     518       0       0       1
     519       0       0       1
     520       0       0       1
     521       0       0       1
     522       0       0       1
     523       0       0       1
     524       0       0       1
     533       0       0       1
     534       0       0       1
     535       0       0       1
     536       0       0       1
     537       0       0       1
     538       0       0       1
     539       0       0       1
     548       0       0       1
     549       0       0       1
     550       0       0       1
     551       0       0       1
     552       0       0       1
     553       0       0       1
     554       0       0       1
     563       0       0       1
     564       0       0       1
     565       0       0       1
     566       0       0       1
     567       0       0       1
     568       0       0       1
     569       0       0       1
     578       0       0       1
     579       0       0       1
     580       0       0       1
     581       0       0       1
     582       0       0       1
     583       0       0       1
     584       0       0       1
     593       0       0       1
     594       0       0       1
     595       0       0       1
     596       0       0       1
     597       0       0       1
     598       0       0       1
     599       0       0       1
     608       0       0       1
     609       0       0       1
     610       0       0       1
     611       0       0       1
     612       0       0       1
     613       0       0       1
     614       0       0       1
     623       0       0       1
     624       0       0       1
     625       0       0       1
     626       0       0       1
     627       0       0       1
     628       0       0       1
     629       0       0       1
     638       0       0       1
     639       0       0       1
     640       0       0       1
     641       0       0       1
     642       0       0       1
     643       0       0       1
     644       0       0       1
     653       0       0       1
     654       0       0       1
     655       0       0       1
     656       0       0       1
     657       0       0       1
     658       0       0       1
     659       0       0       1
     668       0       0       1
     669       0       0       1
     670       0       0       1
     671       0       0       1
     672       0       0       1
     673       0       0       1
     674       0       0       1
     683       0       0       1
     684       0       0       1
     685       0       0       1
     686       0       0       1
     687       0       0       1
     688       0       0       1
     689       0       0       1
     698       0       0       1
     699       0       0       1
     700       0       0       1
     701       0       0       1
     702       0       0       1
     703       0       0       1
     704       0       0       1
     713       0       0       1
     714       0       0       1
     715       0       0       1
     716       0       0       1
     717       0       0       1
     718       0       0       1
     719       0       0       1
     728       0       0       1
     729       0       0       1
     730       0       0       1
     731       0       0       1
     732       0       0       1
     733       0       0       1
     734       0       0       1
     743       0       0       1
     744       0       0       1
     745       0       0       1
     746       0       0       1
     747       0       0       1
     748       0       0       1
     749       0       0       1
     758       0       0       1
     759       0       0       1
     760       0       0       1
     761       0       0       1
     762       0       0       1
     763       0       0       1
     764       0       0       1
     773       0       0       1
     774       0       0       1
     775       0       0       1
     776       0       0       1
     777       0       0       1
     778       0       0       1
     779       0       0       1
     788       0       0       1
     789       0       0       1
     790       0       0       1
     791       0       0       1
     792       0       0       1
     793       0       0       1
     794       0       0       1
     803       0       0       1
     804       0       0       1
     805       0       0       1
     806       0       0       1
     807       0       0       1
     808       0       0       1
     809       0       0       1
     818       0       0       1
     819       0       0       1
     820       0       0       1
     821       0       0       1
     822       0       0       1
     823       0       0       1
     824       0       0       1
     833       0       0       1
     834       0       0       1
     835       0       0       1
     836       0       0       1
     837       0       0       1
     838       0       0       1
     839       0       0       1
     848       0       0       1
     849       0       0       1
     850       0       0       1
     851       0       0       1
     852       0       0       1
     853       0       0       1
     854       0       0       1
     863       0       0       1
     864       0       0       1
     865       0       0       1
     866       0       0       1
     867       0       0       1
     868       0       0       1
     869       0       0       1
     878       0       0       1
     879       0       0       1
     880       0       0       1
     881       0       0       1
     882       0       0       1
     883       0       0       1
     884       0       0       1
     893       0       0       1
     894       0       0       1
     895       0       0       1
     896       0       0       1
     897       0       0       1
     898       0       0       1
     899       0       0       1
     908       0       0       1
     909       0       0       1
     910       0       0       1
     911       0       0       1
     912       0       0       1
     913       0       0       1
     914       0       0       1
     923       0       0       1
     924       0       0       1
     925       0       0       1
     926       0       0       1
     927       0       0       1
     928       0       0       1
     929       0       0       1
     938       0       0       1
     939       0       0       1
     940       0       0       1
     941       0       0       1
     942       0       0       1
     943       0       0       1
     944       0       0       1
     953       0       0       1
     954       0       0       1
     955       0       0       1
     956       0       0       1
     957       0       0       1
     958       0       0       1
     959       0       0       1
     968       0       0       1
     969       0       0       1
     970       0       0       1
     971       0       0       1
     972       0       0       1
     973       0       0       1
     974       0       0       1
     983       0       0       1
     984       0       0       1
     985       0       0       1
     986       0       0       1
     987       0       0       1
     988       0       0       1
     989       0       0       1
     998       0       0       1
     999       0       0       1
    1000       0       0       1
    1001       0       0       1
    1002       0       0       1
    1003       0       0       1
    1004       0       0       1
    1013       0       0       1
    1014       0       0       1
    1015       0       0       1
    1016       0       0       1
    1017       0       0       1
    1018       0       0       1
    1019       0       0       1
    1028       0       0       1
    1029       0       0       1
    1030       0       0       1
    1031       0       0       1
    1032       0       0       1
    1033       0       0       1
    1034       0       0       1
    1043       0       0       1
    1044       0       0       1
    1045       0       0       1
    1046       0       0       1
    1047       0       0       1
    1048       0       0       1
    1049       0       0       1
    1058       0       0       1
    1059       0       0       1
    1060       0       0       1
    1061       0       0       1
    1062       0       0       1
    1063       0       0       1
    1064       0       0       1
    1073       0       0       1
    1074       0       0       1
    1075       0       0       1
    1076       0       0       1
    1077       0       0       1
    1078       0       0       1
    1079       0       0       1
    1088       0       0       1
    1089       0       0       1
    1090       0       0       1
    1091       0       0       1
    1092       0       0       1
    1093       0       0       1
    1094       0       0       1
    1103       0       0       1
    1104       0       0       1
    1105       0       0       1
    1106       0       0       1
    1107       0       0       1
    1108       0       0       1
    1109       0       0       1
    1118       0       0       1
    1119       0       0       1
    1120       0       0       1
    1121       0       0       1
    1122       0       0       1
    1123       0       0       1
    1124       0       0       1
    1133       0       0       1
    1134       0       0       1
    1135       0       0       1
    1136       0       0       1
    1137       0       0       1
    1138       0       0       1
    1139       0       0       1
    1148       0       0       1
    1149       0       0       1
    1150       0       0       1
    1151       0       0       1
    1152       0       0       1
    1153       0       0       1
    1154       0       0       1
    1163       0       0       1
    1164       0       0       1
    1165       0       0       1
    1166       0       0       1
    1167       0       0       1
    1168       0       0       1
    1169       0       0       1
    1178       0       0       1
    1179       0       0       1
    1180       0       0       1
    1181       0       0       1
    1182       0       0       1
    1183       0       0       1
    1184       0       0       1
    1193       0       0       1
    1194       0       0       1
    1195       0       0       1
    1196       0       0       1
    1197       0       0       1
    1198       0       0       1
    1199       0       0       1
    1208       0       0       1
    1209       0       0       1
    1210       0       0       1
    1211       0       0       1
    1212       0       0       1
    1213       0       0       1
    1214       0       0       1
    1223       0       0       1
    1224       0       0       1
    1225       0       0       1
    1226       0       0       1
    1227       0       0       1
    1228       0       0       1
    1229       0       0       1
    1238       0       0       1
    1239       0       0       1
    1240       0       0       1
    1241       0       0       1
    1242       0       0       1
    1243       0       0       1
    1244       0       0       1
    1253       0       0       1
    1254       0       0       1
    1255       0       0       1
    1256       0       0       1
    1257       0       0       1
    1258       0       0       1
    1259       0       0       1
    1268       0       0       1
    1269       0       0       1
    1270       0       0       1
    1271       0       0       1
    1272       0       0       1
    1273       0       0       1
    1274       0       0       1
    1283       0       0       1
    1284       0       0       1
    1285       0       0       1
    1286       0       0       1
    1287       0       0       1
    1288       0       0       1
    1289       0       0       1
    1298       0       0       1
    1299       0       0       1
    1300       0       0       1
    1301       0       0       1
    1302       0       0       1
    1303       0       0       1
    1304       0       0       1
    1313       0       0       1
    1314       0       0       1
    1315       0       0       1
    1316       0       0       1
    1317       0       0       1
    1318       0       0       1
    1319       0       0       1
    1328       0       0       1
    1329       0       0       1
    1330       0       0       1
    1331       0       0       1
    1332       0       0       1
    1333       0       0       1
    1334       0       0       1
    1343       0       0       1
    1344       0       0       1
    1345       0       0       1
    1346       0       0       1
    1347       0       0       1
    1348       0       0       1
    1349       0       0       1
    1358       0       0       1
    1359       0       0       1
    1360       0       0       1
    1361       0       0       1
    1362       0       0       1
    1363       0       0       1
    1364       0       0       1
    1373       0       0       1
    1374       0       0       1
    1375       0       0       1
    1376       0       0       1
    1377       0       0       1
    1378       0       0       1
    1379       0       0       1
    1388       0       0       1
    1389       0       0       1
    1390       0       0       1
    1391       0       0       1
    1392       0       0       1
    1393       0       0       1
    1394       0       0       1
    1403       0       0       1
    1404       0       0       1
    1405       0       0       1
    1406       0       0       1
    1407       0       0       1
    1408       0       0       1
    1409       0       0       1
    1418       0       0       1
    1419       0       0       1
    1420       0       0       1
    1421       0       0       1
    1422       0       0       1
    1423       0       0       1
    1424       0       0       1
    1433       0       0       1
    1434       0       0       1
    1435       0       0       1
    1436       0       0       1
    1437       0       0       1
    1438       0       0       1
    1439       0       0       1

     End Load Group   1

     Load Group   1: Proportional Load =     0

       P o l a r    S u r f a c e

     x_Coord.     y_Coord.     z_Coord.
   0.0000E+00   0.0000E+00   0.0000E+00

 FEAP *** inflated fiber reinforced soft ring - circum. b.c. top surf. linked i

   C o o r d i n a t e    S u r f a c e   A n g l e s

      Node    1 Coord    2 Coord    3 Coord      Angle
         1  1.000E-02 -1.800E+02  0.000E+00 -1.800E+02
         2  1.000E-02 -1.800E+02  5.000E-03 -1.800E+02
         3  1.000E-02 -9.000E+01  5.000E-03 -9.000E+01
         4  1.000E-02 -9.000E+01  0.000E+00 -9.000E+01
         5  1.000E-02 -1.800E+02  2.500E-03 -1.800E+02
         6  1.000E-02 -1.350E+02  5.000E-03 -1.350E+02
         7  1.000E-02 -9.000E+01  2.500E-03 -9.000E+01
         8  1.000E-02 -1.350E+02  0.000E+00 -1.350E+02
         9  1.000E-02 -1.350E+02  2.500E-03 -1.350E+02

       N o d a l    A n g l e s

          Global Node    Angle

                 361 -9.000E+01
                 362 -9.000E+01
                 363 -9.000E+01
                 364 -9.000E+01
                 365 -9.000E+01
                 366 -9.000E+01
                 367 -9.000E+01
                 368 -9.000E+01
                 369 -9.000E+01
                 370 -9.000E+01
                 371 -9.000E+01
                 372 -9.000E+01
                 373 -9.000E+01
                 374 -9.000E+01
                 375 -9.000E+01
                 376 -9.375E+01
                 377 -9.375E+01
                 378 -9.375E+01
                 379 -9.375E+01
                 380 -9.375E+01
                 381 -9.375E+01
                 382 -9.375E+01
                 383 -9.375E+01
                 384 -9.375E+01
                 385 -9.375E+01
                 386 -9.375E+01
                 387 -9.375E+01
                 388 -9.375E+01
                 389 -9.375E+01
                 390 -9.375E+01
                 391 -9.750E+01
                 392 -9.750E+01
                 393 -9.750E+01
                 394 -9.750E+01
                 395 -9.750E+01
                 396 -9.750E+01
                 397 -9.750E+01
                 398 -9.750E+01
                 399 -9.750E+01
                 400 -9.750E+01
                 401 -9.750E+01
                 402 -9.750E+01
                 403 -9.750E+01
                 404 -9.750E+01
                 405 -9.750E+01
                 406 -1.012E+02
                 407 -1.012E+02
                 408 -1.012E+02
                 409 -1.012E+02
                 410 -1.012E+02
                 411 -1.012E+02
                 412 -1.012E+02
                 413 -1.012E+02
                 414 -1.012E+02
                 415 -1.012E+02
                 416 -1.012E+02
                 417 -1.012E+02
                 418 -1.012E+02
                 419 -1.012E+02
                 420 -1.012E+02
                 421 -1.050E+02
                 422 -1.050E+02
                 423 -1.050E+02
                 424 -1.050E+02
                 425 -1.050E+02
                 426 -1.050E+02
                 427 -1.050E+02
                 428 -1.050E+02
                 429 -1.050E+02
                 430 -1.050E+02
                 431 -1.050E+02
                 432 -1.050E+02
                 433 -1.050E+02
                 434 -1.050E+02
                 435 -1.050E+02
                 436 -1.087E+02
                 437 -1.087E+02
                 438 -1.087E+02
                 439 -1.087E+02
                 440 -1.087E+02
                 441 -1.087E+02
                 442 -1.087E+02
                 443 -1.087E+02
                 444 -1.087E+02
                 445 -1.087E+02
                 446 -1.087E+02
                 447 -1.087E+02
                 448 -1.087E+02
                 449 -1.087E+02
                 450 -1.087E+02
                 451 -1.125E+02
                 452 -1.125E+02
                 453 -1.125E+02
                 454 -1.125E+02
                 455 -1.125E+02
                 456 -1.125E+02
                 457 -1.125E+02
                 458 -1.125E+02
                 459 -1.125E+02
                 460 -1.125E+02
                 461 -1.125E+02
                 462 -1.125E+02
                 463 -1.125E+02
                 464 -1.125E+02
                 465 -1.125E+02
                 466 -1.162E+02
                 467 -1.162E+02
                 468 -1.162E+02
                 469 -1.162E+02
                 470 -1.162E+02
                 471 -1.162E+02
                 472 -1.162E+02
                 473 -1.162E+02
                 474 -1.162E+02
                 475 -1.162E+02
                 476 -1.162E+02
                 477 -1.162E+02
                 478 -1.162E+02
                 479 -1.162E+02
                 480 -1.162E+02
                 481 -1.200E+02
                 482 -1.200E+02
                 483 -1.200E+02
                 484 -1.200E+02
                 485 -1.200E+02
                 486 -1.200E+02
                 487 -1.200E+02
                 488 -1.200E+02
                 489 -1.200E+02
                 490 -1.200E+02
                 491 -1.200E+02
                 492 -1.200E+02
                 493 -1.200E+02
                 494 -1.200E+02
                 495 -1.200E+02
                 496 -1.238E+02
                 497 -1.238E+02
                 498 -1.238E+02
                 499 -1.238E+02
                 500 -1.238E+02
                 501 -1.238E+02
                 502 -1.238E+02
                 503 -1.238E+02
                 504 -1.238E+02
                 505 -1.238E+02
                 506 -1.238E+02
                 507 -1.238E+02
                 508 -1.238E+02
                 509 -1.238E+02
                 510 -1.238E+02
                 511 -1.275E+02
                 512 -1.275E+02
                 513 -1.275E+02
                 514 -1.275E+02
                 515 -1.275E+02
                 516 -1.275E+02
                 517 -1.275E+02
                 518 -1.275E+02
                 519 -1.275E+02
                 520 -1.275E+02
                 521 -1.275E+02
                 522 -1.275E+02
                 523 -1.275E+02
                 524 -1.275E+02
                 525 -1.275E+02
                 526 -1.312E+02
                 527 -1.312E+02
                 528 -1.312E+02
                 529 -1.312E+02
                 530 -1.312E+02
                 531 -1.312E+02
                 532 -1.312E+02
                 533 -1.312E+02
                 534 -1.312E+02
                 535 -1.312E+02
                 536 -1.312E+02
                 537 -1.312E+02
                 538 -1.312E+02
                 539 -1.312E+02
                 540 -1.312E+02
                 541 -1.350E+02
                 542 -1.350E+02
                 543 -1.350E+02
                 544 -1.350E+02
                 545 -1.350E+02
                 546 -1.350E+02
                 547 -1.350E+02
                 548 -1.350E+02
                 549 -1.350E+02
                 550 -1.350E+02
                 551 -1.350E+02
                 552 -1.350E+02
                 553 -1.350E+02
                 554 -1.350E+02
                 555 -1.350E+02
                 556 -1.388E+02
                 557 -1.388E+02
                 558 -1.388E+02
                 559 -1.388E+02
                 560 -1.388E+02
                 561 -1.388E+02
                 562 -1.388E+02
                 563 -1.388E+02
                 564 -1.388E+02
                 565 -1.388E+02
                 566 -1.388E+02
                 567 -1.388E+02
                 568 -1.388E+02
                 569 -1.388E+02
                 570 -1.388E+02
                 571 -1.425E+02
                 572 -1.425E+02
                 573 -1.425E+02
                 574 -1.425E+02
                 575 -1.425E+02
                 576 -1.425E+02
                 577 -1.425E+02
                 578 -1.425E+02
                 579 -1.425E+02
                 580 -1.425E+02
                 581 -1.425E+02
                 582 -1.425E+02
                 583 -1.425E+02
                 584 -1.425E+02
                 585 -1.425E+02
                 586 -1.462E+02
                 587 -1.462E+02
                 588 -1.462E+02
                 589 -1.462E+02
                 590 -1.462E+02
                 591 -1.462E+02
                 592 -1.462E+02
                 593 -1.463E+02
                 594 -1.462E+02
                 595 -1.462E+02
                 596 -1.463E+02
                 597 -1.462E+02
                 598 -1.462E+02
                 599 -1.462E+02
                 600 -1.463E+02
                 601 -1.500E+02
                 602 -1.500E+02
                 603 -1.500E+02
                 604 -1.500E+02
                 605 -1.500E+02
                 606 -1.500E+02
                 607 -1.500E+02
                 608 -1.500E+02
                 609 -1.500E+02
                 610 -1.500E+02
                 611 -1.500E+02
                 612 -1.500E+02
                 613 -1.500E+02
                 614 -1.500E+02
                 615 -1.500E+02
                 616 -1.538E+02
                 617 -1.538E+02
                 618 -1.538E+02
                 619 -1.538E+02
                 620 -1.538E+02
                 621 -1.538E+02
                 622 -1.538E+02
                 623 -1.538E+02
                 624 -1.538E+02
                 625 -1.538E+02
                 626 -1.538E+02
                 627 -1.538E+02
                 628 -1.538E+02
                 629 -1.538E+02
                 630 -1.538E+02
                 631 -1.575E+02
                 632 -1.575E+02
                 633 -1.575E+02
                 634 -1.575E+02
                 635 -1.575E+02
                 636 -1.575E+02
                 637 -1.575E+02
                 638 -1.575E+02
                 639 -1.575E+02
                 640 -1.575E+02
                 641 -1.575E+02
                 642 -1.575E+02
                 643 -1.575E+02
                 644 -1.575E+02
                 645 -1.575E+02
                 646 -1.612E+02
                 647 -1.612E+02
                 648 -1.612E+02
                 649 -1.612E+02
                 650 -1.612E+02
                 651 -1.612E+02
                 652 -1.612E+02
                 653 -1.612E+02
                 654 -1.612E+02
                 655 -1.612E+02
                 656 -1.612E+02
                 657 -1.612E+02
                 658 -1.612E+02
                 659 -1.612E+02
                 660 -1.612E+02
                 661 -1.650E+02
                 662 -1.650E+02
                 663 -1.650E+02
                 664 -1.650E+02
                 665 -1.650E+02
                 666 -1.650E+02
                 667 -1.650E+02
                 668 -1.650E+02
                 669 -1.650E+02
                 670 -1.650E+02
                 671 -1.650E+02
                 672 -1.650E+02
                 673 -1.650E+02
                 674 -1.650E+02
                 675 -1.650E+02
                 676 -1.687E+02
                 677 -1.688E+02
                 678 -1.687E+02
                 679 -1.687E+02
                 680 -1.687E+02
                 681 -1.687E+02
                 682 -1.687E+02
                 683 -1.688E+02
                 684 -1.688E+02
                 685 -1.688E+02
                 686 -1.688E+02
                 687 -1.688E+02
                 688 -1.688E+02
                 689 -1.688E+02
                 690 -1.688E+02
                 691 -1.725E+02
                 692 -1.725E+02
                 693 -1.725E+02
                 694 -1.725E+02
                 695 -1.725E+02
                 696 -1.725E+02
                 697 -1.725E+02
                 698 -1.725E+02
                 699 -1.725E+02
                 700 -1.725E+02
                 701 -1.725E+02
                 702 -1.725E+02
                 703 -1.725E+02
                 704 -1.725E+02
                 705 -1.725E+02
                 706 -1.762E+02
                 707 -1.762E+02
                 708 -1.762E+02
                 709 -1.762E+02
                 710 -1.762E+02
                 711 -1.762E+02
                 712 -1.762E+02
                 713 -1.762E+02
                 714 -1.762E+02
                 715 -1.762E+02
                 716 -1.762E+02
                 717 -1.762E+02
                 718 -1.762E+02
                 719 -1.762E+02
                 720 -1.762E+02
                 721 -1.800E+02
                 722 -1.800E+02
                 723 -1.800E+02
                 724 -1.800E+02
                 725 -1.800E+02
                 726 -1.800E+02
                 727 -1.800E+02
                 728 -1.800E+02
                 729 -1.800E+02
                 730 -1.800E+02
                 731 -1.800E+02
                 732 -1.800E+02
                 733 -1.800E+02
                 734 -1.800E+02
                 735 -1.800E+02

 FEAP *** inflated fiber reinforced soft ring - circum. b.c. top surf. linked i

   C o o r d i n a t e    S u r f a c e   A n g l e s

      Node    1 Coord    2 Coord    3 Coord      Angle
         1  1.000E-02 -9.000E+01  0.000E+00 -9.000E+01
         2  1.000E-02 -9.000E+01  5.000E-03 -9.000E+01
         3  1.000E-02  0.000E+00  5.000E-03  0.000E+00
         4  1.000E-02  0.000E+00  0.000E+00  0.000E+00
         5  1.000E-02 -9.000E+01  2.500E-03 -9.000E+01
         6  1.000E-02 -4.500E+01  5.000E-03 -4.500E+01
         7  1.000E-02  0.000E+00  2.500E-03  0.000E+00
         8  1.000E-02 -4.500E+01  0.000E+00 -4.500E+01
         9  1.000E-02 -4.500E+01  2.500E-03 -4.500E+01

       N o d a l    A n g l e s

          Global Node    Angle

                   1 -4.996E-15
                   2  0.000E+00
                   3 -4.996E-15
                   4 -4.996E-15
                   5 -4.996E-15
                   6 -4.996E-15
                   7  0.000E+00
                   8 -4.996E-15
                   9  0.000E+00
                  10 -4.996E-15
                  11 -4.996E-15
                  12 -4.996E-15
                  13 -4.996E-15
                  14  0.000E+00
                  15 -4.996E-15
                  16 -3.750E+00
                  17 -3.750E+00
                  18 -3.750E+00
                  19 -3.750E+00
                  20 -3.750E+00
                  21 -3.750E+00
                  22 -3.750E+00
                  23 -3.750E+00
                  24 -3.750E+00
                  25 -3.750E+00
                  26 -3.750E+00
                  27 -3.750E+00
                  28 -3.750E+00
                  29 -3.750E+00
                  30 -3.750E+00
                  31 -7.500E+00
                  32 -7.500E+00
                  33 -7.500E+00
                  34 -7.500E+00
                  35 -7.500E+00
                  36 -7.500E+00
                  37 -7.500E+00
                  38 -7.500E+00
                  39 -7.500E+00
                  40 -7.500E+00
                  41 -7.500E+00
                  42 -7.500E+00
                  43 -7.500E+00
                  44 -7.500E+00
                  45 -7.500E+00
                  46 -1.125E+01
                  47 -1.125E+01
                  48 -1.125E+01
                  49 -1.125E+01
                  50 -1.125E+01
                  51 -1.125E+01
                  52 -1.125E+01
                  53 -1.125E+01
                  54 -1.125E+01
                  55 -1.125E+01
                  56 -1.125E+01
                  57 -1.125E+01
                  58 -1.125E+01
                  59 -1.125E+01
                  60 -1.125E+01
                  61 -1.500E+01
                  62 -1.500E+01
                  63 -1.500E+01
                  64 -1.500E+01
                  65 -1.500E+01
                  66 -1.500E+01
                  67 -1.500E+01
                  68 -1.500E+01
                  69 -1.500E+01
                  70 -1.500E+01
                  71 -1.500E+01
                  72 -1.500E+01
                  73 -1.500E+01
                  74 -1.500E+01
                  75 -1.500E+01
                  76 -1.875E+01
                  77 -1.875E+01
                  78 -1.875E+01
                  79 -1.875E+01
                  80 -1.875E+01
                  81 -1.875E+01
                  82 -1.875E+01
                  83 -1.875E+01
                  84 -1.875E+01
                  85 -1.875E+01
                  86 -1.875E+01
                  87 -1.875E+01
                  88 -1.875E+01
                  89 -1.875E+01
                  90 -1.875E+01
                  91 -2.250E+01
                  92 -2.250E+01
                  93 -2.250E+01
                  94 -2.250E+01
                  95 -2.250E+01
                  96 -2.250E+01
                  97 -2.250E+01
                  98 -2.250E+01
                  99 -2.250E+01
                 100 -2.250E+01
                 101 -2.250E+01
                 102 -2.250E+01
                 103 -2.250E+01
                 104 -2.250E+01
                 105 -2.250E+01
                 106 -2.625E+01
                 107 -2.625E+01
                 108 -2.625E+01
                 109 -2.625E+01
                 110 -2.625E+01
                 111 -2.625E+01
                 112 -2.625E+01
                 113 -2.625E+01
                 114 -2.625E+01
                 115 -2.625E+01
                 116 -2.625E+01
                 117 -2.625E+01
                 118 -2.625E+01
                 119 -2.625E+01
                 120 -2.625E+01
                 121 -3.000E+01
                 122 -3.000E+01
                 123 -3.000E+01
                 124 -3.000E+01
                 125 -3.000E+01
                 126 -3.000E+01
                 127 -3.000E+01
                 128 -3.000E+01
                 129 -3.000E+01
                 130 -3.000E+01
                 131 -3.000E+01
                 132 -3.000E+01
                 133 -3.000E+01
                 134 -3.000E+01
                 135 -3.000E+01
                 136 -3.375E+01
                 137 -3.375E+01
                 138 -3.375E+01
                 139 -3.375E+01
                 140 -3.375E+01
                 141 -3.375E+01
                 142 -3.375E+01
                 143 -3.375E+01
                 144 -3.375E+01
                 145 -3.375E+01
                 146 -3.375E+01
                 147 -3.375E+01
                 148 -3.375E+01
                 149 -3.375E+01
                 150 -3.375E+01
                 151 -3.750E+01
                 152 -3.750E+01
                 153 -3.750E+01
                 154 -3.750E+01
                 155 -3.750E+01
                 156 -3.750E+01
                 157 -3.750E+01
                 158 -3.750E+01
                 159 -3.750E+01
                 160 -3.750E+01
                 161 -3.750E+01
                 162 -3.750E+01
                 163 -3.750E+01
                 164 -3.750E+01
                 165 -3.750E+01
                 166 -4.125E+01
                 167 -4.125E+01
                 168 -4.125E+01
                 169 -4.125E+01
                 170 -4.125E+01
                 171 -4.125E+01
                 172 -4.125E+01
                 173 -4.125E+01
                 174 -4.125E+01
                 175 -4.125E+01
                 176 -4.125E+01
                 177 -4.125E+01
                 178 -4.125E+01
                 179 -4.125E+01
                 180 -4.125E+01
                 181 -4.500E+01
                 182 -4.500E+01
                 183 -4.500E+01
                 184 -4.500E+01
                 185 -4.500E+01
                 186 -4.500E+01
                 187 -4.500E+01
                 188 -4.500E+01
                 189 -4.500E+01
                 190 -4.500E+01
                 191 -4.500E+01
                 192 -4.500E+01
                 193 -4.500E+01
                 194 -4.500E+01
                 195 -4.500E+01
                 196 -4.875E+01
                 197 -4.875E+01
                 198 -4.875E+01
                 199 -4.875E+01
                 200 -4.875E+01
                 201 -4.875E+01
                 202 -4.875E+01
                 203 -4.875E+01
                 204 -4.875E+01
                 205 -4.875E+01
                 206 -4.875E+01
                 207 -4.875E+01
                 208 -4.875E+01
                 209 -4.875E+01
                 210 -4.875E+01
                 211 -5.250E+01
                 212 -5.250E+01
                 213 -5.250E+01
                 214 -5.250E+01
                 215 -5.250E+01
                 216 -5.250E+01
                 217 -5.250E+01
                 218 -5.250E+01
                 219 -5.250E+01
                 220 -5.250E+01
                 221 -5.250E+01
                 222 -5.250E+01
                 223 -5.250E+01
                 224 -5.250E+01
                 225 -5.250E+01
                 226 -5.625E+01
                 227 -5.625E+01
                 228 -5.625E+01
                 229 -5.625E+01
                 230 -5.625E+01
                 231 -5.625E+01
                 232 -5.625E+01
                 233 -5.625E+01
                 234 -5.625E+01
                 235 -5.625E+01
                 236 -5.625E+01
                 237 -5.625E+01
                 238 -5.625E+01
                 239 -5.625E+01
                 240 -5.625E+01
                 241 -6.000E+01
                 242 -6.000E+01
                 243 -6.000E+01
                 244 -6.000E+01
                 245 -6.000E+01
                 246 -6.000E+01
                 247 -6.000E+01
                 248 -6.000E+01
                 249 -6.000E+01
                 250 -6.000E+01
                 251 -6.000E+01
                 252 -6.000E+01
                 253 -6.000E+01
                 254 -6.000E+01
                 255 -6.000E+01
                 256 -6.375E+01
                 257 -6.375E+01
                 258 -6.375E+01
                 259 -6.375E+01
                 260 -6.375E+01
                 261 -6.375E+01
                 262 -6.375E+01
                 263 -6.375E+01
                 264 -6.375E+01
                 265 -6.375E+01
                 266 -6.375E+01
                 267 -6.375E+01
                 268 -6.375E+01
                 269 -6.375E+01
                 270 -6.375E+01
                 271 -6.750E+01
                 272 -6.750E+01
                 273 -6.750E+01
                 274 -6.750E+01
                 275 -6.750E+01
                 276 -6.750E+01
                 277 -6.750E+01
                 278 -6.750E+01
                 279 -6.750E+01
                 280 -6.750E+01
                 281 -6.750E+01
                 282 -6.750E+01
                 283 -6.750E+01
                 284 -6.750E+01
                 285 -6.750E+01
                 286 -7.125E+01
                 287 -7.125E+01
                 288 -7.125E+01
                 289 -7.125E+01
                 290 -7.125E+01
                 291 -7.125E+01
                 292 -7.125E+01
                 293 -7.125E+01
                 294 -7.125E+01
                 295 -7.125E+01
                 296 -7.125E+01
                 297 -7.125E+01
                 298 -7.125E+01
                 299 -7.125E+01
                 300 -7.125E+01
                 301 -7.500E+01
                 302 -7.500E+01
                 303 -7.500E+01
                 304 -7.500E+01
                 305 -7.500E+01
                 306 -7.500E+01
                 307 -7.500E+01
                 308 -7.500E+01
                 309 -7.500E+01
                 310 -7.500E+01
                 311 -7.500E+01
                 312 -7.500E+01
                 313 -7.500E+01
                 314 -7.500E+01
                 315 -7.500E+01
                 316 -7.875E+01
                 317 -7.875E+01
                 318 -7.875E+01
                 319 -7.875E+01
                 320 -7.875E+01
                 321 -7.875E+01
                 322 -7.875E+01
                 323 -7.875E+01
                 324 -7.875E+01
                 325 -7.875E+01
                 326 -7.875E+01
                 327 -7.875E+01
                 328 -7.875E+01
                 329 -7.875E+01
                 330 -7.875E+01
                 331 -8.250E+01
                 332 -8.250E+01
                 333 -8.250E+01
                 334 -8.250E+01
                 335 -8.250E+01
                 336 -8.250E+01
                 337 -8.250E+01
                 338 -8.250E+01
                 339 -8.250E+01
                 340 -8.250E+01
                 341 -8.250E+01
                 342 -8.250E+01
                 343 -8.250E+01
                 344 -8.250E+01
                 345 -8.250E+01
                 346 -8.625E+01
                 347 -8.625E+01
                 348 -8.625E+01
                 349 -8.625E+01
                 350 -8.625E+01
                 351 -8.625E+01
                 352 -8.625E+01
                 353 -8.625E+01
                 354 -8.625E+01
                 355 -8.625E+01
                 356 -8.625E+01
                 357 -8.625E+01
                 358 -8.625E+01
                 359 -8.625E+01
                 360 -8.625E+01
                 361 -9.000E+01
                 362 -9.000E+01
                 363 -9.000E+01
                 364 -9.000E+01
                 365 -9.000E+01
                 366 -9.000E+01
                 367 -9.000E+01
                 368 -9.000E+01
                 369 -9.000E+01
                 370 -9.000E+01
                 371 -9.000E+01
                 372 -9.000E+01
                 373 -9.000E+01
                 374 -9.000E+01
                 375 -9.000E+01
                1441  9.992E-15
                1442  9.992E-15
                1443  9.992E-15
                1444  9.992E-15
                1445  9.992E-15
                1446  9.992E-15
                1447  9.992E-15
                1448  9.992E-15
                1449  9.992E-15
                1450  9.992E-15
                1451  9.992E-15
                1452  9.992E-15
                1453  9.992E-15
                1454  9.992E-15
                1455  9.992E-15

 FEAP *** inflated fiber reinforced soft ring - circum. b.c. top surf. linked i

   C o o r d i n a t e    S u r f a c e   A n g l e s

      Node    1 Coord    2 Coord    3 Coord      Angle
         1  1.000E-02  0.000E+00  0.000E+00  0.000E+00
         2  1.000E-02  0.000E+00  5.000E-03  0.000E+00
         3  1.000E-02  9.000E+01  5.000E-03  9.000E+01
         4  1.000E-02  9.000E+01  0.000E+00  9.000E+01
         5  1.000E-02  0.000E+00  2.500E-03  0.000E+00
         6  1.000E-02  4.500E+01  5.000E-03  4.500E+01
         7  1.000E-02  9.000E+01  2.500E-03  9.000E+01
         8  1.000E-02  4.500E+01  0.000E+00  4.500E+01
         9  1.000E-02  4.500E+01  2.500E-03  4.500E+01

       N o d a l    A n g l e s

          Global Node    Angle

                   1  4.996E-15
                   2  0.000E+00
                   3  4.996E-15
                   4  4.996E-15
                   5  4.996E-15
                   6  4.996E-15
                   7  0.000E+00
                   8  4.996E-15
                   9  0.000E+00
                  10  4.996E-15
                  11  4.996E-15
                  12  4.996E-15
                  13  4.996E-15
                  14  0.000E+00
                  15  4.996E-15
                1081  9.000E+01
                1082  9.000E+01
                1083  9.000E+01
                1084  9.000E+01
                1085  9.000E+01
                1086  9.000E+01
                1087  9.000E+01
                1088  9.000E+01
                1089  9.000E+01
                1090  9.000E+01
                1091  9.000E+01
                1092  9.000E+01
                1093  9.000E+01
                1094  9.000E+01
                1095  9.000E+01
                1096  8.625E+01
                1097  8.625E+01
                1098  8.625E+01
                1099  8.625E+01
                1100  8.625E+01
                1101  8.625E+01
                1102  8.625E+01
                1103  8.625E+01
                1104  8.625E+01
                1105  8.625E+01
                1106  8.625E+01
                1107  8.625E+01
                1108  8.625E+01
                1109  8.625E+01
                1110  8.625E+01
                1111  8.250E+01
                1112  8.250E+01
                1113  8.250E+01
                1114  8.250E+01
                1115  8.250E+01
                1116  8.250E+01
                1117  8.250E+01
                1118  8.250E+01
                1119  8.250E+01
                1120  8.250E+01
                1121  8.250E+01
                1122  8.250E+01
                1123  8.250E+01
                1124  8.250E+01
                1125  8.250E+01
                1126  7.875E+01
                1127  7.875E+01
                1128  7.875E+01
                1129  7.875E+01
                1130  7.875E+01
                1131  7.875E+01
                1132  7.875E+01
                1133  7.875E+01
                1134  7.875E+01
                1135  7.875E+01
                1136  7.875E+01
                1137  7.875E+01
                1138  7.875E+01
                1139  7.875E+01
                1140  7.875E+01
                1141  7.500E+01
                1142  7.500E+01
                1143  7.500E+01
                1144  7.500E+01
                1145  7.500E+01
                1146  7.500E+01
                1147  7.500E+01
                1148  7.500E+01
                1149  7.500E+01
                1150  7.500E+01
                1151  7.500E+01
                1152  7.500E+01
                1153  7.500E+01
                1154  7.500E+01
                1155  7.500E+01
                1156  7.125E+01
                1157  7.125E+01
                1158  7.125E+01
                1159  7.125E+01
                1160  7.125E+01
                1161  7.125E+01
                1162  7.125E+01
                1163  7.125E+01
                1164  7.125E+01
                1165  7.125E+01
                1166  7.125E+01
                1167  7.125E+01
                1168  7.125E+01
                1169  7.125E+01
                1170  7.125E+01
                1171  6.750E+01
                1172  6.750E+01
                1173  6.750E+01
                1174  6.750E+01
                1175  6.750E+01
                1176  6.750E+01
                1177  6.750E+01
                1178  6.750E+01
                1179  6.750E+01
                1180  6.750E+01
                1181  6.750E+01
                1182  6.750E+01
                1183  6.750E+01
                1184  6.750E+01
                1185  6.750E+01
                1186  6.375E+01
                1187  6.375E+01
                1188  6.375E+01
                1189  6.375E+01
                1190  6.375E+01
                1191  6.375E+01
                1192  6.375E+01
                1193  6.375E+01
                1194  6.375E+01
                1195  6.375E+01
                1196  6.375E+01
                1197  6.375E+01
                1198  6.375E+01
                1199  6.375E+01
                1200  6.375E+01
                1201  6.000E+01
                1202  6.000E+01
                1203  6.000E+01
                1204  6.000E+01
                1205  6.000E+01
                1206  6.000E+01
                1207  6.000E+01
                1208  6.000E+01
                1209  6.000E+01
                1210  6.000E+01
                1211  6.000E+01
                1212  6.000E+01
                1213  6.000E+01
                1214  6.000E+01
                1215  6.000E+01
                1216  5.625E+01
                1217  5.625E+01
                1218  5.625E+01
                1219  5.625E+01
                1220  5.625E+01
                1221  5.625E+01
                1222  5.625E+01
                1223  5.625E+01
                1224  5.625E+01
                1225  5.625E+01
                1226  5.625E+01
                1227  5.625E+01
                1228  5.625E+01
                1229  5.625E+01
                1230  5.625E+01
                1231  5.250E+01
                1232  5.250E+01
                1233  5.250E+01
                1234  5.250E+01
                1235  5.250E+01
                1236  5.250E+01
                1237  5.250E+01
                1238  5.250E+01
                1239  5.250E+01
                1240  5.250E+01
                1241  5.250E+01
                1242  5.250E+01
                1243  5.250E+01
                1244  5.250E+01
                1245  5.250E+01
                1246  4.875E+01
                1247  4.875E+01
                1248  4.875E+01
                1249  4.875E+01
                1250  4.875E+01
                1251  4.875E+01
                1252  4.875E+01
                1253  4.875E+01
                1254  4.875E+01
                1255  4.875E+01
                1256  4.875E+01
                1257  4.875E+01
                1258  4.875E+01
                1259  4.875E+01
                1260  4.875E+01
                1261  4.500E+01
                1262  4.500E+01
                1263  4.500E+01
                1264  4.500E+01
                1265  4.500E+01
                1266  4.500E+01
                1267  4.500E+01
                1268  4.500E+01
                1269  4.500E+01
                1270  4.500E+01
                1271  4.500E+01
                1272  4.500E+01
                1273  4.500E+01
                1274  4.500E+01
                1275  4.500E+01
                1276  4.125E+01
                1277  4.125E+01
                1278  4.125E+01
                1279  4.125E+01
                1280  4.125E+01
                1281  4.125E+01
                1282  4.125E+01
                1283  4.125E+01
                1284  4.125E+01
                1285  4.125E+01
                1286  4.125E+01
                1287  4.125E+01
                1288  4.125E+01
                1289  4.125E+01
                1290  4.125E+01
                1291  3.750E+01
                1292  3.750E+01
                1293  3.750E+01
                1294  3.750E+01
                1295  3.750E+01
                1296  3.750E+01
                1297  3.750E+01
                1298  3.750E+01
                1299  3.750E+01
                1300  3.750E+01
                1301  3.750E+01
                1302  3.750E+01
                1303  3.750E+01
                1304  3.750E+01
                1305  3.750E+01
                1306  3.375E+01
                1307  3.375E+01
                1308  3.375E+01
                1309  3.375E+01
                1310  3.375E+01
                1311  3.375E+01
                1312  3.375E+01
                1313  3.375E+01
                1314  3.375E+01
                1315  3.375E+01
                1316  3.375E+01
                1317  3.375E+01
                1318  3.375E+01
                1319  3.375E+01
                1320  3.375E+01
                1321  3.000E+01
                1322  3.000E+01
                1323  3.000E+01
                1324  3.000E+01
                1325  3.000E+01
                1326  3.000E+01
                1327  3.000E+01
                1328  3.000E+01
                1329  3.000E+01
                1330  3.000E+01
                1331  3.000E+01
                1332  3.000E+01
                1333  3.000E+01
                1334  3.000E+01
                1335  3.000E+01
                1336  2.625E+01
                1337  2.625E+01
                1338  2.625E+01
                1339  2.625E+01
                1340  2.625E+01
                1341  2.625E+01
                1342  2.625E+01
                1343  2.625E+01
                1344  2.625E+01
                1345  2.625E+01
                1346  2.625E+01
                1347  2.625E+01
                1348  2.625E+01
                1349  2.625E+01
                1350  2.625E+01
                1351  2.250E+01
                1352  2.250E+01
                1353  2.250E+01
                1354  2.250E+01
                1355  2.250E+01
                1356  2.250E+01
                1357  2.250E+01
                1358  2.250E+01
                1359  2.250E+01
                1360  2.250E+01
                1361  2.250E+01
                1362  2.250E+01
                1363  2.250E+01
                1364  2.250E+01
                1365  2.250E+01
                1366  1.875E+01
                1367  1.875E+01
                1368  1.875E+01
                1369  1.875E+01
                1370  1.875E+01
                1371  1.875E+01
                1372  1.875E+01
                1373  1.875E+01
                1374  1.875E+01
                1375  1.875E+01
                1376  1.875E+01
                1377  1.875E+01
                1378  1.875E+01
                1379  1.875E+01
                1380  1.875E+01
                1381  1.500E+01
                1382  1.500E+01
                1383  1.500E+01
                1384  1.500E+01
                1385  1.500E+01
                1386  1.500E+01
                1387  1.500E+01
                1388  1.500E+01
                1389  1.500E+01
                1390  1.500E+01
                1391  1.500E+01
                1392  1.500E+01
                1393  1.500E+01
                1394  1.500E+01
                1395  1.500E+01
                1396  1.125E+01
                1397  1.125E+01
                1398  1.125E+01
                1399  1.125E+01
                1400  1.125E+01
                1401  1.125E+01
                1402  1.125E+01
                1403  1.125E+01
                1404  1.125E+01
                1405  1.125E+01
                1406  1.125E+01
                1407  1.125E+01
                1408  1.125E+01
                1409  1.125E+01
                1410  1.125E+01
                1411  7.500E+00
                1412  7.500E+00
                1413  7.500E+00
                1414  7.500E+00
                1415  7.500E+00
                1416  7.500E+00
                1417  7.500E+00
                1418  7.500E+00
                1419  7.500E+00
                1420  7.500E+00
                1421  7.500E+00
                1422  7.500E+00
                1423  7.500E+00
                1424  7.500E+00
                1425  7.500E+00
                1426  3.750E+00
                1427  3.750E+00
                1428  3.750E+00
                1429  3.750E+00
                1430  3.750E+00
                1431  3.750E+00
                1432  3.750E+00
                1433  3.750E+00
                1434  3.750E+00
                1435  3.750E+00
                1436  3.750E+00
                1437  3.750E+00
                1438  3.750E+00
                1439  3.750E+00
                1440  3.750E+00
                1441  1.998E-14
                1442  1.998E-14
                1443  1.998E-14
                1444  1.998E-14
                1445  1.998E-14
                1446  1.998E-14
                1447  1.998E-14
                1448  1.998E-14
                1449  1.998E-14
                1450  1.998E-14
                1451  1.998E-14
                1452  1.998E-14
                1453  1.998E-14
                1454  1.998E-14
                1455  1.998E-14

 FEAP *** inflated fiber reinforced soft ring - circum. b.c. top surf. linked i

   C o o r d i n a t e    S u r f a c e   A n g l e s

      Node    1 Coord    2 Coord    3 Coord      Angle
         1  1.000E-02  9.000E+01  0.000E+00  9.000E+01
         2  1.000E-02  9.000E+01  5.000E-03  9.000E+01
         3  1.000E-02  1.800E+02  5.000E-03  1.800E+02
         4  1.000E-02  1.800E+02  0.000E+00  1.800E+02
         5  1.000E-02  9.000E+01  2.500E-03  9.000E+01
         6  1.000E-02  1.350E+02  5.000E-03  1.350E+02
         7  1.000E-02  1.800E+02  2.500E-03  1.800E+02
         8  1.000E-02  1.350E+02  0.000E+00  1.350E+02
         9  1.000E-02  1.350E+02  2.500E-03  1.350E+02

       N o d a l    A n g l e s

          Global Node    Angle

                 721  1.800E+02
                 722  1.800E+02
                 723  1.800E+02
                 724  1.800E+02
                 725  1.800E+02
                 726  1.800E+02
                 727  1.800E+02
                 728  1.800E+02
                 729  1.800E+02
                 730  1.800E+02
                 731  1.800E+02
                 732  1.800E+02
                 733  1.800E+02
                 734  1.800E+02
                 735  1.800E+02
                 736  1.762E+02
                 737  1.762E+02
                 738  1.762E+02
                 739  1.762E+02
                 740  1.763E+02
                 741  1.763E+02
                 742  1.762E+02
                 743  1.762E+02
                 744  1.762E+02
                 745  1.762E+02
                 746  1.762E+02
                 747  1.763E+02
                 748  1.763E+02
                 749  1.762E+02
                 750  1.762E+02
                 751  1.725E+02
                 752  1.725E+02
                 753  1.725E+02
                 754  1.725E+02
                 755  1.725E+02
                 756  1.725E+02
                 757  1.725E+02
                 758  1.725E+02
                 759  1.725E+02
                 760  1.725E+02
                 761  1.725E+02
                 762  1.725E+02
                 763  1.725E+02
                 764  1.725E+02
                 765  1.725E+02
                 766  1.687E+02
                 767  1.687E+02
                 768  1.687E+02
                 769  1.687E+02
                 770  1.687E+02
                 771  1.687E+02
                 772  1.687E+02
                 773  1.688E+02
                 774  1.688E+02
                 775  1.688E+02
                 776  1.688E+02
                 777  1.688E+02
                 778  1.688E+02
                 779  1.688E+02
                 780  1.688E+02
                 781  1.650E+02
                 782  1.650E+02
                 783  1.650E+02
                 784  1.650E+02
                 785  1.650E+02
                 786  1.650E+02
                 787  1.650E+02
                 788  1.650E+02
                 789  1.650E+02
                 790  1.650E+02
                 791  1.650E+02
                 792  1.650E+02
                 793  1.650E+02
                 794  1.650E+02
                 795  1.650E+02
                 796  1.613E+02
                 797  1.613E+02
                 798  1.613E+02
                 799  1.613E+02
                 800  1.613E+02
                 801  1.613E+02
                 802  1.613E+02
                 803  1.613E+02
                 804  1.613E+02
                 805  1.613E+02
                 806  1.613E+02
                 807  1.613E+02
                 808  1.613E+02
                 809  1.613E+02
                 810  1.613E+02
                 811  1.575E+02
                 812  1.575E+02
                 813  1.575E+02
                 814  1.575E+02
                 815  1.575E+02
                 816  1.575E+02
                 817  1.575E+02
                 818  1.575E+02
                 819  1.575E+02
                 820  1.575E+02
                 821  1.575E+02
                 822  1.575E+02
                 823  1.575E+02
                 824  1.575E+02
                 825  1.575E+02
                 826  1.538E+02
                 827  1.538E+02
                 828  1.538E+02
                 829  1.538E+02
                 830  1.538E+02
                 831  1.538E+02
                 832  1.538E+02
                 833  1.538E+02
                 834  1.538E+02
                 835  1.538E+02
                 836  1.538E+02
                 837  1.538E+02
                 838  1.538E+02
                 839  1.538E+02
                 840  1.538E+02
                 841  1.500E+02
                 842  1.500E+02
                 843  1.500E+02
                 844  1.500E+02
                 845  1.500E+02
                 846  1.500E+02
                 847  1.500E+02
                 848  1.500E+02
                 849  1.500E+02
                 850  1.500E+02
                 851  1.500E+02
                 852  1.500E+02
                 853  1.500E+02
                 854  1.500E+02
                 855  1.500E+02
                 856  1.462E+02
                 857  1.462E+02
                 858  1.462E+02
                 859  1.462E+02
                 860  1.462E+02
                 861  1.462E+02
                 862  1.462E+02
                 863  1.462E+02
                 864  1.462E+02
                 865  1.462E+02
                 866  1.462E+02
                 867  1.462E+02
                 868  1.462E+02
                 869  1.462E+02
                 870  1.462E+02
                 871  1.425E+02
                 872  1.425E+02
                 873  1.425E+02
                 874  1.425E+02
                 875  1.425E+02
                 876  1.425E+02
                 877  1.425E+02
                 878  1.425E+02
                 879  1.425E+02
                 880  1.425E+02
                 881  1.425E+02
                 882  1.425E+02
                 883  1.425E+02
                 884  1.425E+02
                 885  1.425E+02
                 886  1.388E+02
                 887  1.388E+02
                 888  1.388E+02
                 889  1.388E+02
                 890  1.388E+02
                 891  1.388E+02
                 892  1.388E+02
                 893  1.388E+02
                 894  1.388E+02
                 895  1.388E+02
                 896  1.388E+02
                 897  1.388E+02
                 898  1.388E+02
                 899  1.388E+02
                 900  1.388E+02
                 901  1.350E+02
                 902  1.350E+02
                 903  1.350E+02
                 904  1.350E+02
                 905  1.350E+02
                 906  1.350E+02
                 907  1.350E+02
                 908  1.350E+02
                 909  1.350E+02
                 910  1.350E+02
                 911  1.350E+02
                 912  1.350E+02
                 913  1.350E+02
                 914  1.350E+02
                 915  1.350E+02
                 916  1.313E+02
                 917  1.313E+02
                 918  1.313E+02
                 919  1.313E+02
                 920  1.313E+02
                 921  1.313E+02
                 922  1.313E+02
                 923  1.313E+02
                 924  1.313E+02
                 925  1.313E+02
                 926  1.313E+02
                 927  1.313E+02
                 928  1.313E+02
                 929  1.313E+02
                 930  1.313E+02
                 931  1.275E+02
                 932  1.275E+02
                 933  1.275E+02
                 934  1.275E+02
                 935  1.275E+02
                 936  1.275E+02
                 937  1.275E+02
                 938  1.275E+02
                 939  1.275E+02
                 940  1.275E+02
                 941  1.275E+02
                 942  1.275E+02
                 943  1.275E+02
                 944  1.275E+02
                 945  1.275E+02
                 946  1.238E+02
                 947  1.238E+02
                 948  1.238E+02
                 949  1.238E+02
                 950  1.238E+02
                 951  1.238E+02
                 952  1.238E+02
                 953  1.238E+02
                 954  1.238E+02
                 955  1.238E+02
                 956  1.238E+02
                 957  1.238E+02
                 958  1.238E+02
                 959  1.238E+02
                 960  1.238E+02
                 961  1.200E+02
                 962  1.200E+02
                 963  1.200E+02
                 964  1.200E+02
                 965  1.200E+02
                 966  1.200E+02
                 967  1.200E+02
                 968  1.200E+02
                 969  1.200E+02
                 970  1.200E+02
                 971  1.200E+02
                 972  1.200E+02
                 973  1.200E+02
                 974  1.200E+02
                 975  1.200E+02
                 976  1.163E+02
                 977  1.163E+02
                 978  1.163E+02
                 979  1.163E+02
                 980  1.163E+02
                 981  1.163E+02
                 982  1.163E+02
                 983  1.163E+02
                 984  1.163E+02
                 985  1.163E+02
                 986  1.163E+02
                 987  1.163E+02
                 988  1.163E+02
                 989  1.163E+02
                 990  1.163E+02
                 991  1.125E+02
                 992  1.125E+02
                 993  1.125E+02
                 994  1.125E+02
                 995  1.125E+02
                 996  1.125E+02
                 997  1.125E+02
                 998  1.125E+02
                 999  1.125E+02
                1000  1.125E+02
                1001  1.125E+02
                1002  1.125E+02
                1003  1.125E+02
                1004  1.125E+02
                1005  1.125E+02
                1006  1.088E+02
                1007  1.088E+02
                1008  1.088E+02
                1009  1.088E+02
                1010  1.088E+02
                1011  1.088E+02
                1012  1.088E+02
                1013  1.088E+02
                1014  1.088E+02
                1015  1.088E+02
                1016  1.088E+02
                1017  1.088E+02
                1018  1.088E+02
                1019  1.088E+02
                1020  1.088E+02
                1021  1.050E+02
                1022  1.050E+02
                1023  1.050E+02
                1024  1.050E+02
                1025  1.050E+02
                1026  1.050E+02
                1027  1.050E+02
                1028  1.050E+02
                1029  1.050E+02
                1030  1.050E+02
                1031  1.050E+02
                1032  1.050E+02
                1033  1.050E+02
                1034  1.050E+02
                1035  1.050E+02
                1036  1.013E+02
                1037  1.013E+02
                1038  1.013E+02
                1039  1.013E+02
                1040  1.013E+02
                1041  1.013E+02
                1042  1.013E+02
                1043  1.013E+02
                1044  1.013E+02
                1045  1.013E+02
                1046  1.013E+02
                1047  1.013E+02
                1048  1.013E+02
                1049  1.013E+02
                1050  1.013E+02
                1051  9.750E+01
                1052  9.750E+01
                1053  9.750E+01
                1054  9.750E+01
                1055  9.750E+01
                1056  9.750E+01
                1057  9.750E+01
                1058  9.750E+01
                1059  9.750E+01
                1060  9.750E+01
                1061  9.750E+01
                1062  9.750E+01
                1063  9.750E+01
                1064  9.750E+01
                1065  9.750E+01
                1066  9.375E+01
                1067  9.375E+01
                1068  9.375E+01
                1069  9.375E+01
                1070  9.375E+01
                1071  9.375E+01
                1072  9.375E+01
                1073  9.375E+01
                1074  9.375E+01
                1075  9.375E+01
                1076  9.375E+01
                1077  9.375E+01
                1078  9.375E+01
                1079  9.375E+01
                1080  9.375E+01
                1081  9.000E+01
                1082  9.000E+01
                1083  9.000E+01
                1084  9.000E+01
                1085  9.000E+01
                1086  9.000E+01
                1087  9.000E+01
                1088  9.000E+01
                1089  9.000E+01
                1090  9.000E+01
                1091  9.000E+01
                1092  9.000E+01
                1093  9.000E+01
                1094  9.000E+01
                1095  9.000E+01

     End Load Group   1

     Load Group   1: Proportional Load =     0

       P o l a r    S u r f a c e

     x_Coord.     y_Coord.     z_Coord.
   0.0000E+00   0.0000E+00   0.0000E+00

 FEAP *** inflated fiber reinforced soft ring - circum. b.c. top surf. linked i

   C o o r d i n a t e   S u r f a c e   B o u n d a r y   C o n d i t i o n s

      Node    1 Coord    2 Coord    3 Coord 1-BC 2-BC 3-BC
                                               0    1    0
         1  9.900E-03 -1.800E+02  0.000E+00
         2  9.900E-03 -9.000E+01  0.000E+00
         3  1.010E-02 -9.000E+01  0.000E+00
         4  1.010E-02 -1.800E+02  0.000E+00
         5  9.900E-03 -1.350E+02  0.000E+00
         6  1.000E-02 -9.000E+01  0.000E+00
         7  1.010E-02 -1.350E+02  0.000E+00
         8  1.000E-02 -1.800E+02  0.000E+00
         9  1.000E-02 -1.350E+02  0.000E+00

      Node  1-BC  2-BC  3-BC
       361     0     1     0
       368     0     1     1
       375     0     1     0
       376     0     1     0
       383     0     1     1
       390     0     1     0
       391     0     1     0
       398     0     1     1
       405     0     1     0
       406     0     1     0
       413     0     1     1
       420     0     1     0
       421     0     1     0
       428     0     1     1
       435     0     1     0
       436     0     1     0
       443     0     1     1
       450     0     1     0
       451     0     1     0
       458     0     1     1
       465     0     1     0
       466     0     1     0
       473     0     1     1
       480     0     1     0
       481     0     1     0
       488     0     1     1
       495     0     1     0
       496     0     1     0
       503     0     1     1
       510     0     1     0
       511     0     1     0
       518     0     1     1
       525     0     1     0
       526     0     1     0
       533     0     1     1
       540     0     1     0
       541     0     1     0
       548     0     1     1
       555     0     1     0
       556     0     1     0
       563     0     1     1
       570     0     1     0
       571     0     1     0
       578     0     1     1
       585     0     1     0
       586     0     1     0
       593     0     1     1
       600     0     1     0
       601     0     1     0
       608     0     1     1
       615     0     1     0
       616     0     1     0
       623     0     1     1
       630     0     1     0
       631     0     1     0
       638     0     1     1
       645     0     1     0
       646     0     1     0
       653     0     1     1
       660     0     1     0
       661     0     1     0
       668     0     1     1
       675     0     1     0
       676     0     1     0
       683     0     1     1
       690     0     1     0
       691     0     1     0
       698     0     1     1
       705     0     1     0
       706     0     1     0
       713     0     1     1
       720     0     1     0
       721     0     1     0
       728     0     1     1
       735     0     1     0

 FEAP *** inflated fiber reinforced soft ring - circum. b.c. top surf. linked i

   C o o r d i n a t e   S u r f a c e   B o u n d a r y   C o n d i t i o n s

      Node    1 Coord    2 Coord    3 Coord 1-BC 2-BC 3-BC
                                               0    1    0
         1  9.900E-03 -9.000E+01  0.000E+00
         2  9.900E-03  0.000E+00  0.000E+00
         3  1.010E-02  0.000E+00  0.000E+00
         4  1.010E-02 -9.000E+01  0.000E+00
         5  9.900E-03 -4.500E+01  0.000E+00
         6  1.000E-02  0.000E+00  0.000E+00
         7  1.010E-02 -4.500E+01  0.000E+00
         8  1.000E-02 -9.000E+01  0.000E+00
         9  1.000E-02 -4.500E+01  0.000E+00

      Node  1-BC  2-BC  3-BC
         1     0     1     0
         8     0     1     1
        15     0     1     0
        16     0     1     0
        23     0     1     1
        30     0     1     0
        31     0     1     0
        38     0     1     1
        45     0     1     0
        46     0     1     0
        53     0     1     1
        60     0     1     0
        61     0     1     0
        68     0     1     1
        75     0     1     0
        76     0     1     0
        83     0     1     1
        90     0     1     0
        91     0     1     0
        98     0     1     1
       105     0     1     0
       106     0     1     0
       113     0     1     1
       120     0     1     0
       121     0     1     0
       128     0     1     1
       135     0     1     0
       136     0     1     0
       143     0     1     1
       150     0     1     0
       151     0     1     0
       158     0     1     1
       165     0     1     0
       166     0     1     0
       173     0     1     1
       180     0     1     0
       181     0     1     0
       188     0     1     1
       195     0     1     0
       196     0     1     0
       203     0     1     1
       210     0     1     0
       211     0     1     0
       218     0     1     1
       225     0     1     0
       226     0     1     0
       233     0     1     1
       240     0     1     0
       241     0     1     0
       248     0     1     1
       255     0     1     0
       256     0     1     0
       263     0     1     1
       270     0     1     0
       271     0     1     0
       278     0     1     1
       285     0     1     0
       286     0     1     0
       293     0     1     1
       300     0     1     0
       301     0     1     0
       308     0     1     1
       315     0     1     0
       316     0     1     0
       323     0     1     1
       330     0     1     0
       331     0     1     0
       338     0     1     1
       345     0     1     0
       346     0     1     0
       353     0     1     1
       360     0     1     0
       361     0     2     0
       368     0     2     1
       375     0     2     0
      1441     1     2     1
      1448     1     2     1
      1455     1     2     1

 FEAP *** inflated fiber reinforced soft ring - circum. b.c. top surf. linked i

   C o o r d i n a t e   S u r f a c e   B o u n d a r y   C o n d i t i o n s

      Node    1 Coord    2 Coord    3 Coord 1-BC 2-BC 3-BC
                                               0    1    0
         1  9.900E-03  0.000E+00  0.000E+00
         2  9.900E-03  9.000E+01  0.000E+00
         3  1.010E-02  9.000E+01  0.000E+00
         4  1.010E-02  0.000E+00  0.000E+00
         5  9.900E-03  4.500E+01  0.000E+00
         6  1.000E-02  9.000E+01  0.000E+00
         7  1.010E-02  4.500E+01  0.000E+00
         8  1.000E-02  0.000E+00  0.000E+00
         9  1.000E-02  4.500E+01  0.000E+00

      Node  1-BC  2-BC  3-BC
         1     0     2     0
         8     0     2     1
        15     0     2     0
      1081     0     1     0
      1088     0     1     1
      1095     0     1     0
      1096     0     1     0
      1103     0     1     1
      1110     0     1     0
      1111     0     1     0
      1118     0     1     1
      1125     0     1     0
      1126     0     1     0
      1133     0     1     1
      1140     0     1     0
      1141     0     1     0
      1148     0     1     1
      1155     0     1     0
      1156     0     1     0
      1163     0     1     1
      1170     0     1     0
      1171     0     1     0
      1178     0     1     1
      1185     0     1     0
      1186     0     1     0
      1193     0     1     1
      1200     0     1     0
      1201     0     1     0
      1208     0     1     1
      1215     0     1     0
      1216     0     1     0
      1223     0     1     1
      1230     0     1     0
      1231     0     1     0
      1238     0     1     1
      1245     0     1     0
      1246     0     1     0
      1253     0     1     1
      1260     0     1     0
      1261     0     1     0
      1268     0     1     1
      1275     0     1     0
      1276     0     1     0
      1283     0     1     1
      1290     0     1     0
      1291     0     1     0
      1298     0     1     1
      1305     0     1     0
      1306     0     1     0
      1313     0     1     1
      1320     0     1     0
      1321     0     1     0
      1328     0     1     1
      1335     0     1     0
      1336     0     1     0
      1343     0     1     1
      1350     0     1     0
      1351     0     1     0
      1358     0     1     1
      1365     0     1     0
      1366     0     1     0
      1373     0     1     1
      1380     0     1     0
      1381     0     1     0
      1388     0     1     1
      1395     0     1     0
      1396     0     1     0
      1403     0     1     1
      1410     0     1     0
      1411     0     1     0
      1418     0     1     1
      1425     0     1     0
      1426     0     1     0
      1433     0     1     1
      1440     0     1     0
      1441     1     3     1
      1448     1     3     1
      1455     1     3     1

 FEAP *** inflated fiber reinforced soft ring - circum. b.c. top surf. linked i

   C o o r d i n a t e   S u r f a c e   B o u n d a r y   C o n d i t i o n s

      Node    1 Coord    2 Coord    3 Coord 1-BC 2-BC 3-BC
                                               0    1    0
         1  9.900E-03  9.000E+01  0.000E+00
         2  9.900E-03  1.800E+02  0.000E+00
         3  1.010E-02  1.800E+02  0.000E+00
         4  1.010E-02  9.000E+01  0.000E+00
         5  9.900E-03  1.350E+02  0.000E+00
         6  1.000E-02  1.800E+02  0.000E+00
         7  1.010E-02  1.350E+02  0.000E+00
         8  1.000E-02  9.000E+01  0.000E+00
         9  1.000E-02  1.350E+02  0.000E+00

      Node  1-BC  2-BC  3-BC
       721     0     2     0
       728     0     2     1
       735     0     2     0
       736     0     1     0
       743     0     1     1
       750     0     1     0
       751     0     1     0
       758     0     1     1
       765     0     1     0
       766     0     1     0
       773     0     1     1
       780     0     1     0
       781     0     1     0
       788     0     1     1
       795     0     1     0
       796     0     1     0
       803     0     1     1
       810     0     1     0
       811     0     1     0
       818     0     1     1
       825     0     1     0
       826     0     1     0
       833     0     1     1
       840     0     1     0
       841     0     1     0
       848     0     1     1
       855     0     1     0
       856     0     1     0
       863     0     1     1
       870     0     1     0
       871     0     1     0
       878     0     1     1
       885     0     1     0
       886     0     1     0
       893     0     1     1
       900     0     1     0
       901     0     1     0
       908     0     1     1
       915     0     1     0
       916     0     1     0
       923     0     1     1
       930     0     1     0
       931     0     1     0
       938     0     1     1
       945     0     1     0
       946     0     1     0
       953     0     1     1
       960     0     1     0
       961     0     1     0
       968     0     1     1
       975     0     1     0
       976     0     1     0
       983     0     1     1
       990     0     1     0
       991     0     1     0
       998     0     1     1
      1005     0     1     0
      1006     0     1     0
      1013     0     1     1
      1020     0     1     0
      1021     0     1     0
      1028     0     1     1
      1035     0     1     0
      1036     0     1     0
      1043     0     1     1
      1050     0     1     0
      1051     0     1     0
      1058     0     1     1
      1065     0     1     0
      1066     0     1     0
      1073     0     1     1
      1080     0     1     0
      1081     0     2     0
      1088     0     2     1
      1095     0     2     0

     End Load Group   1

    Material  Element Set  Element Type  NH1/2 History  NH3 History  NH4 History
         2            2     Pressure              0            0   1149456959
         3            3     Frame                 0            0            0
   *WARNING* Length allocation for:NH4   Length = -1996053378
 *ERROR* Insufficient memory for array NH4  . Need -1996053378 integer words.
