 FEAP *** inflated fiber reinforced soft ring - circum. b.c. top surf. linked in

     Solution date: Tue Aug  4 12:09:11 2026

              Release 8.7.1b      
              03 July 2026        

     Input Data Filename: Isweep2                                                                                                                         

     Number of Nodal Points  - - - - - - :     1358
     Number of Elements  - - - - - - - - :      672

     Spatial Dimension of Mesh - - - - - :        3
     Degrees-of-Freedom/Node (Maximum) - :        3
     Equations/Element       (Maximum) - :        0
     Number Element Nodes    (Maximum) - :        8

     Number of Material Sets - - - - - - :        2
     Number Parameters/Set   (Program) - :      350
     Number Parameters/Set   (Users  ) - :      150

     Number Added Element Equations  - - :        0

  C o n s t a n t    V a l u e s

     Constant pi =  3.14159265E+00
     Constant pr =  1.00000000E+05
     Constant ri =  1.00000000E-02
     Constant ro =  1.50000000E-02
     Constant ht =  5.00000000E-03
     Constant nl =  6.00000000E+00
     Constant lt =  8.33333333E-04
     Constant to =  1.00000000E-04
     Constant em =  1.00000000E+06
     Constant nu =  4.20000000E-01
     Constant rh =  1.06000000E+03
     Constant dt =  1.00000000E-01
     Constant ta =  1.00000000E+00
     Constant ln =  5.00000000E+01
     Constant la =  3.00000000E+00

 FEAP *** inflated fiber reinforced soft ring - circum. b.c. top surf. linked i

   M a t e r i a l    P r o p e r t i e s

     Material Set Number   1: Element Type: SOLID:                           
     Degree of Freedom Assignments    Local    Global
                                     Number    Number
                                        1         1
                                        2         2
                                        3         3

     T h r e e   D i m e n s i o n a l   S o l i d   E l e m e n t

     M e c h a n i c a l   P r o p e r t i e s

          3-Dimensional Analysis

          Modulus E        1.00000E+06
          Poisson ratio    0.42000

          Density          1.06000E+03

          1-Gravity Load   0.00000E+00
          2-Gravity Load   0.00000E+00
          3-Gravity Load   0.00000E+00
          Wave speed - c_o 4.90746E+01
          Implicit time integration: theta =:, 0.00000

     C o n s t i t u t i v e    S t a r t

          Start state  : Elastic

     E l e m e n t    M o d e l

          Formulation  : Small Deformation.
          Element type : Displacement
          Plot Output  : On
          Interpolation: Lagrangian Polynomials
          Mass type    : Consistent.
          History terms/pt  =     0

 FEAP *** inflated fiber reinforced soft ring - circum. b.c. top surf. linked i

   M a t e r i a l    P r o p e r t i e s

     Material Set Number   2: Element Type: PRESs:                           
     Degree of Freedom Assignments    Local    Global
                                     Number    Number
                                        1         1
                                        2         2
                                        3         3

     P r e s s u r e   L o a d i n g

          Loading Intensity      1.0000E+05
          Proportional Load No.           1
          Gradient Intensity     0.0000E+00
          Proportional Load No.           0
          Follower Loading
          Three dimensional analysis
          Gauss quadrature
          Surface plot on 

 FEAP *** inflated fiber reinforced soft ring - circum. b.c. top surf. linked in 

   3-D   M e s h   f r o m   2-D   M e s h

           2-d File Name: Isect.rev      

  C o n s t a n t    V a l u e s

     Constant pr =  1.00000000E+10
     Constant ri =  1.00000000E-02
     Constant ro =  1.50000000E-02
     Constant ht =  5.00000000E-03
     Constant em =  1.00000000E+06
     Constant nu =  4.20000000E-01
     Constant rh =  1.06000000E+03

           Spline Definition for 3-d mesh

            Cylindrical sweep
           Generate   96 segments

           Rotate on   4 axis

           Center at:  0.0000E+00  0.0000E+00  0.0000E+00

           Node     1-Coord     2-Coord     3-Coord
              1  0.0000E+00  0.0000E+00  0.0000E+00
              2  3.6000E+02  0.0000E+00  0.0000E+00

 FEAP *** inflated fiber reinforced soft ring - circum. b.c. top surf. linked in 

   N o d a l   C o o r d i n a t e s

      Node     1-Coord     2-Coord     3-Coord
         1  1.0000E-02  0.0000E+00  8.0000E-04
         2  1.0833E-02  0.0000E+00  8.0000E-04
         3  1.1667E-02  0.0000E+00  8.0000E-04
         4  1.2500E-02  0.0000E+00  8.0000E-04
         5  1.3333E-02  0.0000E+00  8.0000E-04
         6  1.4167E-02  0.0000E+00  8.0000E-04
         7  1.5000E-02  0.0000E+00  8.0000E-04
         8  1.0000E-02  0.0000E+00  0.0000E+00
         9  1.0833E-02  0.0000E+00  0.0000E+00
        10  1.1667E-02  0.0000E+00  0.0000E+00
        11  1.2500E-02  0.0000E+00  0.0000E+00
        12  1.3333E-02  0.0000E+00  0.0000E+00
        13  1.4167E-02  0.0000E+00  0.0000E+00
        14  1.5000E-02  0.0000E+00  0.0000E+00
        15  9.9786E-03  6.5403E-04  8.0000E-04
        16  1.0810E-02  7.0853E-04  8.0000E-04
        17  1.1642E-02  7.6304E-04  8.0000E-04
        18  1.2473E-02  8.1754E-04  8.0000E-04
        19  1.3305E-02  8.7204E-04  8.0000E-04
        20  1.4136E-02  9.2654E-04  8.0000E-04
        21  1.4968E-02  9.8105E-04  8.0000E-04
        22  9.9786E-03  6.5403E-04  0.0000E+00
        23  1.0810E-02  7.0853E-04  0.0000E+00
        24  1.1642E-02  7.6304E-04  0.0000E+00
        25  1.2473E-02  8.1754E-04  0.0000E+00
        26  1.3305E-02  8.7204E-04  0.0000E+00
        27  1.4136E-02  9.2654E-04  0.0000E+00
        28  1.4968E-02  9.8105E-04  0.0000E+00
        29  9.9144E-03  1.3053E-03  8.0000E-04
        30  1.0741E-02  1.4140E-03  8.0000E-04
        31  1.1567E-02  1.5228E-03  8.0000E-04
        32  1.2393E-02  1.6316E-03  8.0000E-04
        33  1.3219E-02  1.7403E-03  8.0000E-04
        34  1.4045E-02  1.8491E-03  8.0000E-04
        35  1.4872E-02  1.9579E-03  8.0000E-04
        36  9.9144E-03  1.3053E-03  0.0000E+00
        37  1.0741E-02  1.4140E-03  0.0000E+00
        38  1.1567E-02  1.5228E-03  0.0000E+00
        39  1.2393E-02  1.6316E-03  0.0000E+00
        40  1.3219E-02  1.7403E-03  0.0000E+00
        41  1.4045E-02  1.8491E-03  0.0000E+00
        42  1.4872E-02  1.9579E-03  0.0000E+00
        43  9.8079E-03  1.9509E-03  8.0000E-04
        44  1.0625E-02  2.1135E-03  8.0000E-04
        45  1.1442E-02  2.2761E-03  8.0000E-04
        46  1.2260E-02  2.4386E-03  8.0000E-04
        47  1.3077E-02  2.6012E-03  8.0000E-04
        48  1.3894E-02  2.7638E-03  8.0000E-04
        49  1.4712E-02  2.9264E-03  8.0000E-04
        50  9.8079E-03  1.9509E-03  0.0000E+00
        51  1.0625E-02  2.1135E-03  0.0000E+00
        52  1.1442E-02  2.2761E-03  0.0000E+00
        53  1.2260E-02  2.4386E-03  0.0000E+00
        54  1.3077E-02  2.6012E-03  0.0000E+00
        55  1.3894E-02  2.7638E-03  0.0000E+00
        56  1.4712E-02  2.9264E-03  0.0000E+00
        57  9.6593E-03  2.5882E-03  8.0000E-04
        58  1.0464E-02  2.8039E-03  8.0000E-04
        59  1.1269E-02  3.0196E-03  8.0000E-04
        60  1.2074E-02  3.2352E-03  8.0000E-04
        61  1.2879E-02  3.4509E-03  8.0000E-04
        62  1.3684E-02  3.6666E-03  8.0000E-04
        63  1.4489E-02  3.8823E-03  8.0000E-04
        64  9.6593E-03  2.5882E-03  0.0000E+00
        65  1.0464E-02  2.8039E-03  0.0000E+00
        66  1.1269E-02  3.0196E-03  0.0000E+00
        67  1.2074E-02  3.2352E-03  0.0000E+00
        68  1.2879E-02  3.4509E-03  0.0000E+00
        69  1.3684E-02  3.6666E-03  0.0000E+00
        70  1.4489E-02  3.8823E-03  0.0000E+00
        71  9.4693E-03  3.2144E-03  8.0000E-04
        72  1.0258E-02  3.4823E-03  8.0000E-04
        73  1.1048E-02  3.7501E-03  8.0000E-04
        74  1.1837E-02  4.0180E-03  8.0000E-04
        75  1.2626E-02  4.2859E-03  8.0000E-04
        76  1.3415E-02  4.5537E-03  8.0000E-04
        77  1.4204E-02  4.8216E-03  8.0000E-04
        78  9.4693E-03  3.2144E-03  0.0000E+00
        79  1.0258E-02  3.4823E-03  0.0000E+00
        80  1.1048E-02  3.7501E-03  0.0000E+00
        81  1.1837E-02  4.0180E-03  0.0000E+00
        82  1.2626E-02  4.2859E-03  0.0000E+00
        83  1.3415E-02  4.5537E-03  0.0000E+00
        84  1.4204E-02  4.8216E-03  0.0000E+00
        85  9.2388E-03  3.8268E-03  8.0000E-04
        86  1.0009E-02  4.1457E-03  8.0000E-04
        87  1.0779E-02  4.4646E-03  8.0000E-04
        88  1.1548E-02  4.7835E-03  8.0000E-04
        89  1.2318E-02  5.1024E-03  8.0000E-04
        90  1.3088E-02  5.4213E-03  8.0000E-04
        91  1.3858E-02  5.7403E-03  8.0000E-04
        92  9.2388E-03  3.8268E-03  0.0000E+00
        93  1.0009E-02  4.1457E-03  0.0000E+00
        94  1.0779E-02  4.4646E-03  0.0000E+00
        95  1.1548E-02  4.7835E-03  0.0000E+00
        96  1.2318E-02  5.1024E-03  0.0000E+00
        97  1.3088E-02  5.4213E-03  0.0000E+00
        98  1.3858E-02  5.7403E-03  0.0000E+00
        99  8.9687E-03  4.4229E-03  8.0000E-04
       100  9.7161E-03  4.7915E-03  8.0000E-04
       101  1.0464E-02  5.1600E-03  8.0000E-04
       102  1.1211E-02  5.5286E-03  8.0000E-04
       103  1.1958E-02  5.8972E-03  8.0000E-04
       104  1.2706E-02  6.2658E-03  8.0000E-04
       105  1.3453E-02  6.6343E-03  8.0000E-04
       106  8.9687E-03  4.4229E-03  0.0000E+00
       107  9.7161E-03  4.7915E-03  0.0000E+00
       108  1.0464E-02  5.1600E-03  0.0000E+00
       109  1.1211E-02  5.5286E-03  0.0000E+00
       110  1.1958E-02  5.8972E-03  0.0000E+00
       111  1.2706E-02  6.2658E-03  0.0000E+00
       112  1.3453E-02  6.6343E-03  0.0000E+00
       113  8.6603E-03  5.0000E-03  8.0000E-04
       114  9.3819E-03  5.4167E-03  8.0000E-04
       115  1.0104E-02  5.8333E-03  8.0000E-04
       116  1.0825E-02  6.2500E-03  8.0000E-04
       117  1.1547E-02  6.6667E-03  8.0000E-04
       118  1.2269E-02  7.0833E-03  8.0000E-04
       119  1.2990E-02  7.5000E-03  8.0000E-04
       120  8.6603E-03  5.0000E-03  0.0000E+00
       121  9.3819E-03  5.4167E-03  0.0000E+00
       122  1.0104E-02  5.8333E-03  0.0000E+00
       123  1.0825E-02  6.2500E-03  0.0000E+00
       124  1.1547E-02  6.6667E-03  0.0000E+00
       125  1.2269E-02  7.0833E-03  0.0000E+00
       126  1.2990E-02  7.5000E-03  0.0000E+00
       127  8.3147E-03  5.5557E-03  8.0000E-04
       128  9.0076E-03  6.0187E-03  8.0000E-04
       129  9.7005E-03  6.4817E-03  8.0000E-04
       130  1.0393E-02  6.9446E-03  8.0000E-04
       131  1.1086E-02  7.4076E-03  8.0000E-04
       132  1.1779E-02  7.8706E-03  8.0000E-04
       133  1.2472E-02  8.3336E-03  8.0000E-04
       134  8.3147E-03  5.5557E-03  0.0000E+00
       135  9.0076E-03  6.0187E-03  0.0000E+00
       136  9.7005E-03  6.4817E-03  0.0000E+00
       137  1.0393E-02  6.9446E-03  0.0000E+00
       138  1.1086E-02  7.4076E-03  0.0000E+00
       139  1.1779E-02  7.8706E-03  0.0000E+00
       140  1.2472E-02  8.3336E-03  0.0000E+00
       141  7.9335E-03  6.0876E-03  8.0000E-04
       142  8.5947E-03  6.5949E-03  8.0000E-04
       143  9.2558E-03  7.1022E-03  8.0000E-04
       144  9.9169E-03  7.6095E-03  8.0000E-04
       145  1.0578E-02  8.1168E-03  8.0000E-04
       146  1.1239E-02  8.6241E-03  8.0000E-04
       147  1.1900E-02  9.1314E-03  8.0000E-04
       148  7.9335E-03  6.0876E-03  0.0000E+00
       149  8.5947E-03  6.5949E-03  0.0000E+00
       150  9.2558E-03  7.1022E-03  0.0000E+00
       151  9.9169E-03  7.6095E-03  0.0000E+00
       152  1.0578E-02  8.1168E-03  0.0000E+00
       153  1.1239E-02  8.6241E-03  0.0000E+00
       154  1.1900E-02  9.1314E-03  0.0000E+00
       155  7.5184E-03  6.5935E-03  8.0000E-04
       156  8.1449E-03  7.1429E-03  8.0000E-04
       157  8.7715E-03  7.6924E-03  8.0000E-04
       158  9.3980E-03  8.2418E-03  8.0000E-04
       159  1.0025E-02  8.7913E-03  8.0000E-04
       160  1.0651E-02  9.3407E-03  8.0000E-04
       161  1.1278E-02  9.8902E-03  8.0000E-04
       162  7.5184E-03  6.5935E-03  0.0000E+00
       163  8.1449E-03  7.1429E-03  0.0000E+00
       164  8.7715E-03  7.6924E-03  0.0000E+00
       165  9.3980E-03  8.2418E-03  0.0000E+00
       166  1.0025E-02  8.7913E-03  0.0000E+00
       167  1.0651E-02  9.3407E-03  0.0000E+00
       168  1.1278E-02  9.8902E-03  0.0000E+00
       169  7.0711E-03  7.0711E-03  8.0000E-04
       170  7.6603E-03  7.6603E-03  8.0000E-04
       171  8.2496E-03  8.2496E-03  8.0000E-04
       172  8.8388E-03  8.8388E-03  8.0000E-04
       173  9.4281E-03  9.4281E-03  8.0000E-04
       174  1.0017E-02  1.0017E-02  8.0000E-04
       175  1.0607E-02  1.0607E-02  8.0000E-04
       176  7.0711E-03  7.0711E-03  0.0000E+00
       177  7.6603E-03  7.6603E-03  0.0000E+00
       178  8.2496E-03  8.2496E-03  0.0000E+00
       179  8.8388E-03  8.8388E-03  0.0000E+00
       180  9.4281E-03  9.4281E-03  0.0000E+00
       181  1.0017E-02  1.0017E-02  0.0000E+00
       182  1.0607E-02  1.0607E-02  0.0000E+00
       183  6.5935E-03  7.5184E-03  8.0000E-04
       184  7.1429E-03  8.1449E-03  8.0000E-04
       185  7.6924E-03  8.7715E-03  8.0000E-04
       186  8.2418E-03  9.3980E-03  8.0000E-04
       187  8.7913E-03  1.0025E-02  8.0000E-04
       188  9.3407E-03  1.0651E-02  8.0000E-04
       189  9.8902E-03  1.1278E-02  8.0000E-04
       190  6.5935E-03  7.5184E-03  0.0000E+00
       191  7.1429E-03  8.1449E-03  0.0000E+00
       192  7.6924E-03  8.7715E-03  0.0000E+00
       193  8.2418E-03  9.3980E-03  0.0000E+00
       194  8.7913E-03  1.0025E-02  0.0000E+00
       195  9.3407E-03  1.0651E-02  0.0000E+00
       196  9.8902E-03  1.1278E-02  0.0000E+00
       197  6.0876E-03  7.9335E-03  8.0000E-04
       198  6.5949E-03  8.5947E-03  8.0000E-04
       199  7.1022E-03  9.2558E-03  8.0000E-04
       200  7.6095E-03  9.9169E-03  8.0000E-04
       201  8.1168E-03  1.0578E-02  8.0000E-04
       202  8.6241E-03  1.1239E-02  8.0000E-04
       203  9.1314E-03  1.1900E-02  8.0000E-04
       204  6.0876E-03  7.9335E-03  0.0000E+00
       205  6.5949E-03  8.5947E-03  0.0000E+00
       206  7.1022E-03  9.2558E-03  0.0000E+00
       207  7.6095E-03  9.9169E-03  0.0000E+00
       208  8.1168E-03  1.0578E-02  0.0000E+00
       209  8.6241E-03  1.1239E-02  0.0000E+00
       210  9.1314E-03  1.1900E-02  0.0000E+00
       211  5.5557E-03  8.3147E-03  8.0000E-04
       212  6.0187E-03  9.0076E-03  8.0000E-04
       213  6.4817E-03  9.7005E-03  8.0000E-04
       214  6.9446E-03  1.0393E-02  8.0000E-04
       215  7.4076E-03  1.1086E-02  8.0000E-04
       216  7.8706E-03  1.1779E-02  8.0000E-04
       217  8.3336E-03  1.2472E-02  8.0000E-04
       218  5.5557E-03  8.3147E-03  0.0000E+00
       219  6.0187E-03  9.0076E-03  0.0000E+00
       220  6.4817E-03  9.7005E-03  0.0000E+00
       221  6.9446E-03  1.0393E-02  0.0000E+00
       222  7.4076E-03  1.1086E-02  0.0000E+00
       223  7.8706E-03  1.1779E-02  0.0000E+00
       224  8.3336E-03  1.2472E-02  0.0000E+00
       225  5.0000E-03  8.6603E-03  8.0000E-04
       226  5.4167E-03  9.3819E-03  8.0000E-04
       227  5.8333E-03  1.0104E-02  8.0000E-04
       228  6.2500E-03  1.0825E-02  8.0000E-04
       229  6.6667E-03  1.1547E-02  8.0000E-04
       230  7.0833E-03  1.2269E-02  8.0000E-04
       231  7.5000E-03  1.2990E-02  8.0000E-04
       232  5.0000E-03  8.6603E-03  0.0000E+00
       233  5.4167E-03  9.3819E-03  0.0000E+00
       234  5.8333E-03  1.0104E-02  0.0000E+00
       235  6.2500E-03  1.0825E-02  0.0000E+00
       236  6.6667E-03  1.1547E-02  0.0000E+00
       237  7.0833E-03  1.2269E-02  0.0000E+00
       238  7.5000E-03  1.2990E-02  0.0000E+00
       239  4.4229E-03  8.9687E-03  8.0000E-04
       240  4.7915E-03  9.7161E-03  8.0000E-04
       241  5.1600E-03  1.0464E-02  8.0000E-04
       242  5.5286E-03  1.1211E-02  8.0000E-04
       243  5.8972E-03  1.1958E-02  8.0000E-04
       244  6.2658E-03  1.2706E-02  8.0000E-04
       245  6.6343E-03  1.3453E-02  8.0000E-04
       246  4.4229E-03  8.9687E-03  0.0000E+00
       247  4.7915E-03  9.7161E-03  0.0000E+00
       248  5.1600E-03  1.0464E-02  0.0000E+00
       249  5.5286E-03  1.1211E-02  0.0000E+00
       250  5.8972E-03  1.1958E-02  0.0000E+00
       251  6.2658E-03  1.2706E-02  0.0000E+00
       252  6.6343E-03  1.3453E-02  0.0000E+00
       253  3.8268E-03  9.2388E-03  8.0000E-04
       254  4.1457E-03  1.0009E-02  8.0000E-04
       255  4.4646E-03  1.0779E-02  8.0000E-04
       256  4.7835E-03  1.1548E-02  8.0000E-04
       257  5.1024E-03  1.2318E-02  8.0000E-04
       258  5.4213E-03  1.3088E-02  8.0000E-04
       259  5.7403E-03  1.3858E-02  8.0000E-04
       260  3.8268E-03  9.2388E-03  0.0000E+00
       261  4.1457E-03  1.0009E-02  0.0000E+00
       262  4.4646E-03  1.0779E-02  0.0000E+00
       263  4.7835E-03  1.1548E-02  0.0000E+00
       264  5.1024E-03  1.2318E-02  0.0000E+00
       265  5.4213E-03  1.3088E-02  0.0000E+00
       266  5.7403E-03  1.3858E-02  0.0000E+00
       267  3.2144E-03  9.4693E-03  8.0000E-04
       268  3.4823E-03  1.0258E-02  8.0000E-04
       269  3.7501E-03  1.1048E-02  8.0000E-04
       270  4.0180E-03  1.1837E-02  8.0000E-04
       271  4.2859E-03  1.2626E-02  8.0000E-04
       272  4.5537E-03  1.3415E-02  8.0000E-04
       273  4.8216E-03  1.4204E-02  8.0000E-04
       274  3.2144E-03  9.4693E-03  0.0000E+00
       275  3.4823E-03  1.0258E-02  0.0000E+00
       276  3.7501E-03  1.1048E-02  0.0000E+00
       277  4.0180E-03  1.1837E-02  0.0000E+00
       278  4.2859E-03  1.2626E-02  0.0000E+00
       279  4.5537E-03  1.3415E-02  0.0000E+00
       280  4.8216E-03  1.4204E-02  0.0000E+00
       281  2.5882E-03  9.6593E-03  8.0000E-04
       282  2.8039E-03  1.0464E-02  8.0000E-04
       283  3.0196E-03  1.1269E-02  8.0000E-04
       284  3.2352E-03  1.2074E-02  8.0000E-04
       285  3.4509E-03  1.2879E-02  8.0000E-04
       286  3.6666E-03  1.3684E-02  8.0000E-04
       287  3.8823E-03  1.4489E-02  8.0000E-04
       288  2.5882E-03  9.6593E-03  0.0000E+00
       289  2.8039E-03  1.0464E-02  0.0000E+00
       290  3.0196E-03  1.1269E-02  0.0000E+00
       291  3.2352E-03  1.2074E-02  0.0000E+00
       292  3.4509E-03  1.2879E-02  0.0000E+00
       293  3.6666E-03  1.3684E-02  0.0000E+00
       294  3.8823E-03  1.4489E-02  0.0000E+00
       295  1.9509E-03  9.8079E-03  8.0000E-04
       296  2.1135E-03  1.0625E-02  8.0000E-04
       297  2.2761E-03  1.1442E-02  8.0000E-04
       298  2.4386E-03  1.2260E-02  8.0000E-04
       299  2.6012E-03  1.3077E-02  8.0000E-04
       300  2.7638E-03  1.3894E-02  8.0000E-04
       301  2.9264E-03  1.4712E-02  8.0000E-04
       302  1.9509E-03  9.8079E-03  0.0000E+00
       303  2.1135E-03  1.0625E-02  0.0000E+00
       304  2.2761E-03  1.1442E-02  0.0000E+00
       305  2.4386E-03  1.2260E-02  0.0000E+00
       306  2.6012E-03  1.3077E-02  0.0000E+00
       307  2.7638E-03  1.3894E-02  0.0000E+00
       308  2.9264E-03  1.4712E-02  0.0000E+00
       309  1.3053E-03  9.9144E-03  8.0000E-04
       310  1.4140E-03  1.0741E-02  8.0000E-04
       311  1.5228E-03  1.1567E-02  8.0000E-04
       312  1.6316E-03  1.2393E-02  8.0000E-04
       313  1.7403E-03  1.3219E-02  8.0000E-04
       314  1.8491E-03  1.4045E-02  8.0000E-04
       315  1.9579E-03  1.4872E-02  8.0000E-04
       316  1.3053E-03  9.9144E-03  0.0000E+00
       317  1.4140E-03  1.0741E-02  0.0000E+00
       318  1.5228E-03  1.1567E-02  0.0000E+00
       319  1.6316E-03  1.2393E-02  0.0000E+00
       320  1.7403E-03  1.3219E-02  0.0000E+00
       321  1.8491E-03  1.4045E-02  0.0000E+00
       322  1.9579E-03  1.4872E-02  0.0000E+00
       323  6.5403E-04  9.9786E-03  8.0000E-04
       324  7.0853E-04  1.0810E-02  8.0000E-04
       325  7.6304E-04  1.1642E-02  8.0000E-04
       326  8.1754E-04  1.2473E-02  8.0000E-04
       327  8.7204E-04  1.3305E-02  8.0000E-04
       328  9.2654E-04  1.4136E-02  8.0000E-04
       329  9.8105E-04  1.4968E-02  8.0000E-04
       330  6.5403E-04  9.9786E-03  0.0000E+00
       331  7.0853E-04  1.0810E-02  0.0000E+00
       332  7.6304E-04  1.1642E-02  0.0000E+00
       333  8.1754E-04  1.2473E-02  0.0000E+00
       334  8.7204E-04  1.3305E-02  0.0000E+00
       335  9.2654E-04  1.4136E-02  0.0000E+00
       336  9.8105E-04  1.4968E-02  0.0000E+00
       337  6.1232E-19  1.0000E-02  8.0000E-04
       338  6.6335E-19  1.0833E-02  8.0000E-04
       339  7.1438E-19  1.1667E-02  8.0000E-04
       340  7.6540E-19  1.2500E-02  8.0000E-04
       341  8.1643E-19  1.3333E-02  8.0000E-04
       342  8.6746E-19  1.4167E-02  8.0000E-04
       343  9.1849E-19  1.5000E-02  8.0000E-04
       344  6.1232E-19  1.0000E-02  0.0000E+00
       345  6.6335E-19  1.0833E-02  0.0000E+00
       346  7.1438E-19  1.1667E-02  0.0000E+00
       347  7.6540E-19  1.2500E-02  0.0000E+00
       348  8.1643E-19  1.3333E-02  0.0000E+00
       349  8.6746E-19  1.4167E-02  0.0000E+00
       350  9.1849E-19  1.5000E-02  0.0000E+00
       351 -6.5403E-04  9.9786E-03  8.0000E-04
       352 -7.0853E-04  1.0810E-02  8.0000E-04
       353 -7.6304E-04  1.1642E-02  8.0000E-04
       354 -8.1754E-04  1.2473E-02  8.0000E-04
       355 -8.7204E-04  1.3305E-02  8.0000E-04
       356 -9.2654E-04  1.4136E-02  8.0000E-04
       357 -9.8105E-04  1.4968E-02  8.0000E-04
       358 -6.5403E-04  9.9786E-03  0.0000E+00
       359 -7.0853E-04  1.0810E-02  0.0000E+00
       360 -7.6304E-04  1.1642E-02  0.0000E+00
       361 -8.1754E-04  1.2473E-02  0.0000E+00
       362 -8.7204E-04  1.3305E-02  0.0000E+00
       363 -9.2654E-04  1.4136E-02  0.0000E+00
       364 -9.8105E-04  1.4968E-02  0.0000E+00
       365 -1.3053E-03  9.9144E-03  8.0000E-04
       366 -1.4140E-03  1.0741E-02  8.0000E-04
       367 -1.5228E-03  1.1567E-02  8.0000E-04
       368 -1.6316E-03  1.2393E-02  8.0000E-04
       369 -1.7403E-03  1.3219E-02  8.0000E-04
       370 -1.8491E-03  1.4045E-02  8.0000E-04
       371 -1.9579E-03  1.4872E-02  8.0000E-04
       372 -1.3053E-03  9.9144E-03  0.0000E+00
       373 -1.4140E-03  1.0741E-02  0.0000E+00
       374 -1.5228E-03  1.1567E-02  0.0000E+00
       375 -1.6316E-03  1.2393E-02  0.0000E+00
       376 -1.7403E-03  1.3219E-02  0.0000E+00
       377 -1.8491E-03  1.4045E-02  0.0000E+00
       378 -1.9579E-03  1.4872E-02  0.0000E+00
       379 -1.9509E-03  9.8079E-03  8.0000E-04
       380 -2.1135E-03  1.0625E-02  8.0000E-04
       381 -2.2761E-03  1.1442E-02  8.0000E-04
       382 -2.4386E-03  1.2260E-02  8.0000E-04
       383 -2.6012E-03  1.3077E-02  8.0000E-04
       384 -2.7638E-03  1.3894E-02  8.0000E-04
       385 -2.9264E-03  1.4712E-02  8.0000E-04
       386 -1.9509E-03  9.8079E-03  0.0000E+00
       387 -2.1135E-03  1.0625E-02  0.0000E+00
       388 -2.2761E-03  1.1442E-02  0.0000E+00
       389 -2.4386E-03  1.2260E-02  0.0000E+00
       390 -2.6012E-03  1.3077E-02  0.0000E+00
       391 -2.7638E-03  1.3894E-02  0.0000E+00
       392 -2.9264E-03  1.4712E-02  0.0000E+00
       393 -2.5882E-03  9.6593E-03  8.0000E-04
       394 -2.8039E-03  1.0464E-02  8.0000E-04
       395 -3.0196E-03  1.1269E-02  8.0000E-04
       396 -3.2352E-03  1.2074E-02  8.0000E-04
       397 -3.4509E-03  1.2879E-02  8.0000E-04
       398 -3.6666E-03  1.3684E-02  8.0000E-04
       399 -3.8823E-03  1.4489E-02  8.0000E-04
       400 -2.5882E-03  9.6593E-03  0.0000E+00
       401 -2.8039E-03  1.0464E-02  0.0000E+00
       402 -3.0196E-03  1.1269E-02  0.0000E+00
       403 -3.2352E-03  1.2074E-02  0.0000E+00
       404 -3.4509E-03  1.2879E-02  0.0000E+00
       405 -3.6666E-03  1.3684E-02  0.0000E+00
       406 -3.8823E-03  1.4489E-02  0.0000E+00
       407 -3.2144E-03  9.4693E-03  8.0000E-04
       408 -3.4823E-03  1.0258E-02  8.0000E-04
       409 -3.7501E-03  1.1048E-02  8.0000E-04
       410 -4.0180E-03  1.1837E-02  8.0000E-04
       411 -4.2859E-03  1.2626E-02  8.0000E-04
       412 -4.5537E-03  1.3415E-02  8.0000E-04
       413 -4.8216E-03  1.4204E-02  8.0000E-04
       414 -3.2144E-03  9.4693E-03  0.0000E+00
       415 -3.4823E-03  1.0258E-02  0.0000E+00
       416 -3.7501E-03  1.1048E-02  0.0000E+00
       417 -4.0180E-03  1.1837E-02  0.0000E+00
       418 -4.2859E-03  1.2626E-02  0.0000E+00
       419 -4.5537E-03  1.3415E-02  0.0000E+00
       420 -4.8216E-03  1.4204E-02  0.0000E+00
       421 -3.8268E-03  9.2388E-03  8.0000E-04
       422 -4.1457E-03  1.0009E-02  8.0000E-04
       423 -4.4646E-03  1.0779E-02  8.0000E-04
       424 -4.7835E-03  1.1548E-02  8.0000E-04
       425 -5.1024E-03  1.2318E-02  8.0000E-04
       426 -5.4213E-03  1.3088E-02  8.0000E-04
       427 -5.7403E-03  1.3858E-02  8.0000E-04
       428 -3.8268E-03  9.2388E-03  0.0000E+00
       429 -4.1457E-03  1.0009E-02  0.0000E+00
       430 -4.4646E-03  1.0779E-02  0.0000E+00
       431 -4.7835E-03  1.1548E-02  0.0000E+00
       432 -5.1024E-03  1.2318E-02  0.0000E+00
       433 -5.4213E-03  1.3088E-02  0.0000E+00
       434 -5.7403E-03  1.3858E-02  0.0000E+00
       435 -4.4229E-03  8.9687E-03  8.0000E-04
       436 -4.7915E-03  9.7161E-03  8.0000E-04
       437 -5.1600E-03  1.0464E-02  8.0000E-04
       438 -5.5286E-03  1.1211E-02  8.0000E-04
       439 -5.8972E-03  1.1958E-02  8.0000E-04
       440 -6.2658E-03  1.2706E-02  8.0000E-04
       441 -6.6343E-03  1.3453E-02  8.0000E-04
       442 -4.4229E-03  8.9687E-03  0.0000E+00
       443 -4.7915E-03  9.7161E-03  0.0000E+00
       444 -5.1600E-03  1.0464E-02  0.0000E+00
       445 -5.5286E-03  1.1211E-02  0.0000E+00
       446 -5.8972E-03  1.1958E-02  0.0000E+00
       447 -6.2658E-03  1.2706E-02  0.0000E+00
       448 -6.6343E-03  1.3453E-02  0.0000E+00
       449 -5.0000E-03  8.6603E-03  8.0000E-04
       450 -5.4167E-03  9.3819E-03  8.0000E-04
       451 -5.8333E-03  1.0104E-02  8.0000E-04
       452 -6.2500E-03  1.0825E-02  8.0000E-04
       453 -6.6667E-03  1.1547E-02  8.0000E-04
       454 -7.0833E-03  1.2269E-02  8.0000E-04
       455 -7.5000E-03  1.2990E-02  8.0000E-04
       456 -5.0000E-03  8.6603E-03  0.0000E+00
       457 -5.4167E-03  9.3819E-03  0.0000E+00
       458 -5.8333E-03  1.0104E-02  0.0000E+00
       459 -6.2500E-03  1.0825E-02  0.0000E+00
       460 -6.6667E-03  1.1547E-02  0.0000E+00
       461 -7.0833E-03  1.2269E-02  0.0000E+00
       462 -7.5000E-03  1.2990E-02  0.0000E+00
       463 -5.5557E-03  8.3147E-03  8.0000E-04
       464 -6.0187E-03  9.0076E-03  8.0000E-04
       465 -6.4817E-03  9.7005E-03  8.0000E-04
       466 -6.9446E-03  1.0393E-02  8.0000E-04
       467 -7.4076E-03  1.1086E-02  8.0000E-04
       468 -7.8706E-03  1.1779E-02  8.0000E-04
       469 -8.3336E-03  1.2472E-02  8.0000E-04
       470 -5.5557E-03  8.3147E-03  0.0000E+00
       471 -6.0187E-03  9.0076E-03  0.0000E+00
       472 -6.4817E-03  9.7005E-03  0.0000E+00
       473 -6.9446E-03  1.0393E-02  0.0000E+00
       474 -7.4076E-03  1.1086E-02  0.0000E+00
       475 -7.8706E-03  1.1779E-02  0.0000E+00
       476 -8.3336E-03  1.2472E-02  0.0000E+00
       477 -6.0876E-03  7.9335E-03  8.0000E-04
       478 -6.5949E-03  8.5947E-03  8.0000E-04
       479 -7.1022E-03  9.2558E-03  8.0000E-04
       480 -7.6095E-03  9.9169E-03  8.0000E-04
       481 -8.1168E-03  1.0578E-02  8.0000E-04
       482 -8.6241E-03  1.1239E-02  8.0000E-04
       483 -9.1314E-03  1.1900E-02  8.0000E-04
       484 -6.0876E-03  7.9335E-03  0.0000E+00
       485 -6.5949E-03  8.5947E-03  0.0000E+00
       486 -7.1022E-03  9.2558E-03  0.0000E+00
       487 -7.6095E-03  9.9169E-03  0.0000E+00
       488 -8.1168E-03  1.0578E-02  0.0000E+00
       489 -8.6241E-03  1.1239E-02  0.0000E+00
       490 -9.1314E-03  1.1900E-02  0.0000E+00
       491 -6.5935E-03  7.5184E-03  8.0000E-04
       492 -7.1429E-03  8.1449E-03  8.0000E-04
       493 -7.6924E-03  8.7715E-03  8.0000E-04
       494 -8.2418E-03  9.3980E-03  8.0000E-04
       495 -8.7913E-03  1.0025E-02  8.0000E-04
       496 -9.3407E-03  1.0651E-02  8.0000E-04
       497 -9.8902E-03  1.1278E-02  8.0000E-04
       498 -6.5935E-03  7.5184E-03  0.0000E+00
       499 -7.1429E-03  8.1449E-03  0.0000E+00
       500 -7.6924E-03  8.7715E-03  0.0000E+00
       501 -8.2418E-03  9.3980E-03  0.0000E+00
       502 -8.7913E-03  1.0025E-02  0.0000E+00
       503 -9.3407E-03  1.0651E-02  0.0000E+00
       504 -9.8902E-03  1.1278E-02  0.0000E+00
       505 -7.0711E-03  7.0711E-03  8.0000E-04
       506 -7.6603E-03  7.6603E-03  8.0000E-04
       507 -8.2496E-03  8.2496E-03  8.0000E-04
       508 -8.8388E-03  8.8388E-03  8.0000E-04
       509 -9.4281E-03  9.4281E-03  8.0000E-04
       510 -1.0017E-02  1.0017E-02  8.0000E-04
       511 -1.0607E-02  1.0607E-02  8.0000E-04
       512 -7.0711E-03  7.0711E-03  0.0000E+00
       513 -7.6603E-03  7.6603E-03  0.0000E+00
       514 -8.2496E-03  8.2496E-03  0.0000E+00
       515 -8.8388E-03  8.8388E-03  0.0000E+00
       516 -9.4281E-03  9.4281E-03  0.0000E+00
       517 -1.0017E-02  1.0017E-02  0.0000E+00
       518 -1.0607E-02  1.0607E-02  0.0000E+00
       519 -7.5184E-03  6.5935E-03  8.0000E-04
       520 -8.1449E-03  7.1429E-03  8.0000E-04
       521 -8.7715E-03  7.6924E-03  8.0000E-04
       522 -9.3980E-03  8.2418E-03  8.0000E-04
       523 -1.0025E-02  8.7913E-03  8.0000E-04
       524 -1.0651E-02  9.3407E-03  8.0000E-04
       525 -1.1278E-02  9.8902E-03  8.0000E-04
       526 -7.5184E-03  6.5935E-03  0.0000E+00
       527 -8.1449E-03  7.1429E-03  0.0000E+00
       528 -8.7715E-03  7.6924E-03  0.0000E+00
       529 -9.3980E-03  8.2418E-03  0.0000E+00
       530 -1.0025E-02  8.7913E-03  0.0000E+00
       531 -1.0651E-02  9.3407E-03  0.0000E+00
       532 -1.1278E-02  9.8902E-03  0.0000E+00
       533 -7.9335E-03  6.0876E-03  8.0000E-04
       534 -8.5947E-03  6.5949E-03  8.0000E-04
       535 -9.2558E-03  7.1022E-03  8.0000E-04
       536 -9.9169E-03  7.6095E-03  8.0000E-04
       537 -1.0578E-02  8.1168E-03  8.0000E-04
       538 -1.1239E-02  8.6241E-03  8.0000E-04
       539 -1.1900E-02  9.1314E-03  8.0000E-04
       540 -7.9335E-03  6.0876E-03  0.0000E+00
       541 -8.5947E-03  6.5949E-03  0.0000E+00
       542 -9.2558E-03  7.1022E-03  0.0000E+00
       543 -9.9169E-03  7.6095E-03  0.0000E+00
       544 -1.0578E-02  8.1168E-03  0.0000E+00
       545 -1.1239E-02  8.6241E-03  0.0000E+00
       546 -1.1900E-02  9.1314E-03  0.0000E+00
       547 -8.3147E-03  5.5557E-03  8.0000E-04
       548 -9.0076E-03  6.0187E-03  8.0000E-04
       549 -9.7005E-03  6.4817E-03  8.0000E-04
       550 -1.0393E-02  6.9446E-03  8.0000E-04
       551 -1.1086E-02  7.4076E-03  8.0000E-04
       552 -1.1779E-02  7.8706E-03  8.0000E-04
       553 -1.2472E-02  8.3336E-03  8.0000E-04
       554 -8.3147E-03  5.5557E-03  0.0000E+00
       555 -9.0076E-03  6.0187E-03  0.0000E+00
       556 -9.7005E-03  6.4817E-03  0.0000E+00
       557 -1.0393E-02  6.9446E-03  0.0000E+00
       558 -1.1086E-02  7.4076E-03  0.0000E+00
       559 -1.1779E-02  7.8706E-03  0.0000E+00
       560 -1.2472E-02  8.3336E-03  0.0000E+00
       561 -8.6603E-03  5.0000E-03  8.0000E-04
       562 -9.3819E-03  5.4167E-03  8.0000E-04
       563 -1.0104E-02  5.8333E-03  8.0000E-04
       564 -1.0825E-02  6.2500E-03  8.0000E-04
       565 -1.1547E-02  6.6667E-03  8.0000E-04
       566 -1.2269E-02  7.0833E-03  8.0000E-04
       567 -1.2990E-02  7.5000E-03  8.0000E-04
       568 -8.6603E-03  5.0000E-03  0.0000E+00
       569 -9.3819E-03  5.4167E-03  0.0000E+00
       570 -1.0104E-02  5.8333E-03  0.0000E+00
       571 -1.0825E-02  6.2500E-03  0.0000E+00
       572 -1.1547E-02  6.6667E-03  0.0000E+00
       573 -1.2269E-02  7.0833E-03  0.0000E+00
       574 -1.2990E-02  7.5000E-03  0.0000E+00
       575 -8.9687E-03  4.4229E-03  8.0000E-04
       576 -9.7161E-03  4.7915E-03  8.0000E-04
       577 -1.0464E-02  5.1600E-03  8.0000E-04
       578 -1.1211E-02  5.5286E-03  8.0000E-04
       579 -1.1958E-02  5.8972E-03  8.0000E-04
       580 -1.2706E-02  6.2658E-03  8.0000E-04
       581 -1.3453E-02  6.6343E-03  8.0000E-04
       582 -8.9687E-03  4.4229E-03  0.0000E+00
       583 -9.7161E-03  4.7915E-03  0.0000E+00
       584 -1.0464E-02  5.1600E-03  0.0000E+00
       585 -1.1211E-02  5.5286E-03  0.0000E+00
       586 -1.1958E-02  5.8972E-03  0.0000E+00
       587 -1.2706E-02  6.2658E-03  0.0000E+00
       588 -1.3453E-02  6.6343E-03  0.0000E+00
       589 -9.2388E-03  3.8268E-03  8.0000E-04
       590 -1.0009E-02  4.1457E-03  8.0000E-04
       591 -1.0779E-02  4.4646E-03  8.0000E-04
       592 -1.1548E-02  4.7835E-03  8.0000E-04
       593 -1.2318E-02  5.1024E-03  8.0000E-04
       594 -1.3088E-02  5.4213E-03  8.0000E-04
       595 -1.3858E-02  5.7403E-03  8.0000E-04
       596 -9.2388E-03  3.8268E-03  0.0000E+00
       597 -1.0009E-02  4.1457E-03  0.0000E+00
       598 -1.0779E-02  4.4646E-03  0.0000E+00
       599 -1.1548E-02  4.7835E-03  0.0000E+00
       600 -1.2318E-02  5.1024E-03  0.0000E+00
       601 -1.3088E-02  5.4213E-03  0.0000E+00
       602 -1.3858E-02  5.7403E-03  0.0000E+00
       603 -9.4693E-03  3.2144E-03  8.0000E-04
       604 -1.0258E-02  3.4823E-03  8.0000E-04
       605 -1.1048E-02  3.7501E-03  8.0000E-04
       606 -1.1837E-02  4.0180E-03  8.0000E-04
       607 -1.2626E-02  4.2859E-03  8.0000E-04
       608 -1.3415E-02  4.5537E-03  8.0000E-04
       609 -1.4204E-02  4.8216E-03  8.0000E-04
       610 -9.4693E-03  3.2144E-03  0.0000E+00
       611 -1.0258E-02  3.4823E-03  0.0000E+00
       612 -1.1048E-02  3.7501E-03  0.0000E+00
       613 -1.1837E-02  4.0180E-03  0.0000E+00
       614 -1.2626E-02  4.2859E-03  0.0000E+00
       615 -1.3415E-02  4.5537E-03  0.0000E+00
       616 -1.4204E-02  4.8216E-03  0.0000E+00
       617 -9.6593E-03  2.5882E-03  8.0000E-04
       618 -1.0464E-02  2.8039E-03  8.0000E-04
       619 -1.1269E-02  3.0196E-03  8.0000E-04
       620 -1.2074E-02  3.2352E-03  8.0000E-04
       621 -1.2879E-02  3.4509E-03  8.0000E-04
       622 -1.3684E-02  3.6666E-03  8.0000E-04
       623 -1.4489E-02  3.8823E-03  8.0000E-04
       624 -9.6593E-03  2.5882E-03  0.0000E+00
       625 -1.0464E-02  2.8039E-03  0.0000E+00
       626 -1.1269E-02  3.0196E-03  0.0000E+00
       627 -1.2074E-02  3.2352E-03  0.0000E+00
       628 -1.2879E-02  3.4509E-03  0.0000E+00
       629 -1.3684E-02  3.6666E-03  0.0000E+00
       630 -1.4489E-02  3.8823E-03  0.0000E+00
       631 -9.8079E-03  1.9509E-03  8.0000E-04
       632 -1.0625E-02  2.1135E-03  8.0000E-04
       633 -1.1442E-02  2.2761E-03  8.0000E-04
       634 -1.2260E-02  2.4386E-03  8.0000E-04
       635 -1.3077E-02  2.6012E-03  8.0000E-04
       636 -1.3894E-02  2.7638E-03  8.0000E-04
       637 -1.4712E-02  2.9264E-03  8.0000E-04
       638 -9.8079E-03  1.9509E-03  0.0000E+00
       639 -1.0625E-02  2.1135E-03  0.0000E+00
       640 -1.1442E-02  2.2761E-03  0.0000E+00
       641 -1.2260E-02  2.4386E-03  0.0000E+00
       642 -1.3077E-02  2.6012E-03  0.0000E+00
       643 -1.3894E-02  2.7638E-03  0.0000E+00
       644 -1.4712E-02  2.9264E-03  0.0000E+00
       645 -9.9144E-03  1.3053E-03  8.0000E-04
       646 -1.0741E-02  1.4140E-03  8.0000E-04
       647 -1.1567E-02  1.5228E-03  8.0000E-04
       648 -1.2393E-02  1.6316E-03  8.0000E-04
       649 -1.3219E-02  1.7403E-03  8.0000E-04
       650 -1.4045E-02  1.8491E-03  8.0000E-04
       651 -1.4872E-02  1.9579E-03  8.0000E-04
       652 -9.9144E-03  1.3053E-03  0.0000E+00
       653 -1.0741E-02  1.4140E-03  0.0000E+00
       654 -1.1567E-02  1.5228E-03  0.0000E+00
       655 -1.2393E-02  1.6316E-03  0.0000E+00
       656 -1.3219E-02  1.7403E-03  0.0000E+00
       657 -1.4045E-02  1.8491E-03  0.0000E+00
       658 -1.4872E-02  1.9579E-03  0.0000E+00
       659 -9.9786E-03  6.5403E-04  8.0000E-04
       660 -1.0810E-02  7.0853E-04  8.0000E-04
       661 -1.1642E-02  7.6304E-04  8.0000E-04
       662 -1.2473E-02  8.1754E-04  8.0000E-04
       663 -1.3305E-02  8.7204E-04  8.0000E-04
       664 -1.4136E-02  9.2654E-04  8.0000E-04
       665 -1.4968E-02  9.8105E-04  8.0000E-04
       666 -9.9786E-03  6.5403E-04  0.0000E+00
       667 -1.0810E-02  7.0853E-04  0.0000E+00
       668 -1.1642E-02  7.6304E-04  0.0000E+00
       669 -1.2473E-02  8.1754E-04  0.0000E+00
       670 -1.3305E-02  8.7204E-04  0.0000E+00
       671 -1.4136E-02  9.2654E-04  0.0000E+00
       672 -1.4968E-02  9.8105E-04  0.0000E+00
       673 -1.0000E-02  1.2246E-18  8.0000E-04
       674 -1.0833E-02  1.3267E-18  8.0000E-04
       675 -1.1667E-02  1.4288E-18  8.0000E-04
       676 -1.2500E-02  1.5308E-18  8.0000E-04
       677 -1.3333E-02  1.6329E-18  8.0000E-04
       678 -1.4167E-02  1.7349E-18  8.0000E-04
       679 -1.5000E-02  1.8370E-18  8.0000E-04
       680 -1.0000E-02  1.2246E-18  0.0000E+00
       681 -1.0833E-02  1.3267E-18  0.0000E+00
       682 -1.1667E-02  1.4288E-18  0.0000E+00
       683 -1.2500E-02  1.5308E-18  0.0000E+00
       684 -1.3333E-02  1.6329E-18  0.0000E+00
       685 -1.4167E-02  1.7349E-18  0.0000E+00
       686 -1.5000E-02  1.8370E-18  0.0000E+00
       687 -9.9786E-03 -6.5403E-04  8.0000E-04
       688 -1.0810E-02 -7.0853E-04  8.0000E-04
       689 -1.1642E-02 -7.6304E-04  8.0000E-04
       690 -1.2473E-02 -8.1754E-04  8.0000E-04
       691 -1.3305E-02 -8.7204E-04  8.0000E-04
       692 -1.4136E-02 -9.2654E-04  8.0000E-04
       693 -1.4968E-02 -9.8105E-04  8.0000E-04
       694 -9.9786E-03 -6.5403E-04  0.0000E+00
       695 -1.0810E-02 -7.0853E-04  0.0000E+00
       696 -1.1642E-02 -7.6304E-04  0.0000E+00
       697 -1.2473E-02 -8.1754E-04  0.0000E+00
       698 -1.3305E-02 -8.7204E-04  0.0000E+00
       699 -1.4136E-02 -9.2654E-04  0.0000E+00
       700 -1.4968E-02 -9.8105E-04  0.0000E+00
       701 -9.9144E-03 -1.3053E-03  8.0000E-04
       702 -1.0741E-02 -1.4140E-03  8.0000E-04
       703 -1.1567E-02 -1.5228E-03  8.0000E-04
       704 -1.2393E-02 -1.6316E-03  8.0000E-04
       705 -1.3219E-02 -1.7403E-03  8.0000E-04
       706 -1.4045E-02 -1.8491E-03  8.0000E-04
       707 -1.4872E-02 -1.9579E-03  8.0000E-04
       708 -9.9144E-03 -1.3053E-03  0.0000E+00
       709 -1.0741E-02 -1.4140E-03  0.0000E+00
       710 -1.1567E-02 -1.5228E-03  0.0000E+00
       711 -1.2393E-02 -1.6316E-03  0.0000E+00
       712 -1.3219E-02 -1.7403E-03  0.0000E+00
       713 -1.4045E-02 -1.8491E-03  0.0000E+00
       714 -1.4872E-02 -1.9579E-03  0.0000E+00
       715 -9.8079E-03 -1.9509E-03  8.0000E-04
       716 -1.0625E-02 -2.1135E-03  8.0000E-04
       717 -1.1442E-02 -2.2761E-03  8.0000E-04
       718 -1.2260E-02 -2.4386E-03  8.0000E-04
       719 -1.3077E-02 -2.6012E-03  8.0000E-04
       720 -1.3894E-02 -2.7638E-03  8.0000E-04
       721 -1.4712E-02 -2.9264E-03  8.0000E-04
       722 -9.8079E-03 -1.9509E-03  0.0000E+00
       723 -1.0625E-02 -2.1135E-03  0.0000E+00
       724 -1.1442E-02 -2.2761E-03  0.0000E+00
       725 -1.2260E-02 -2.4386E-03  0.0000E+00
       726 -1.3077E-02 -2.6012E-03  0.0000E+00
       727 -1.3894E-02 -2.7638E-03  0.0000E+00
       728 -1.4712E-02 -2.9264E-03  0.0000E+00
       729 -9.6593E-03 -2.5882E-03  8.0000E-04
       730 -1.0464E-02 -2.8039E-03  8.0000E-04
       731 -1.1269E-02 -3.0196E-03  8.0000E-04
       732 -1.2074E-02 -3.2352E-03  8.0000E-04
       733 -1.2879E-02 -3.4509E-03  8.0000E-04
       734 -1.3684E-02 -3.6666E-03  8.0000E-04
       735 -1.4489E-02 -3.8823E-03  8.0000E-04
       736 -9.6593E-03 -2.5882E-03  0.0000E+00
       737 -1.0464E-02 -2.8039E-03  0.0000E+00
       738 -1.1269E-02 -3.0196E-03  0.0000E+00
       739 -1.2074E-02 -3.2352E-03  0.0000E+00
       740 -1.2879E-02 -3.4509E-03  0.0000E+00
       741 -1.3684E-02 -3.6666E-03  0.0000E+00
       742 -1.4489E-02 -3.8823E-03  0.0000E+00
       743 -9.4693E-03 -3.2144E-03  8.0000E-04
       744 -1.0258E-02 -3.4823E-03  8.0000E-04
       745 -1.1048E-02 -3.7501E-03  8.0000E-04
       746 -1.1837E-02 -4.0180E-03  8.0000E-04
       747 -1.2626E-02 -4.2859E-03  8.0000E-04
       748 -1.3415E-02 -4.5537E-03  8.0000E-04
       749 -1.4204E-02 -4.8216E-03  8.0000E-04
       750 -9.4693E-03 -3.2144E-03  0.0000E+00
       751 -1.0258E-02 -3.4823E-03  0.0000E+00
       752 -1.1048E-02 -3.7501E-03  0.0000E+00
       753 -1.1837E-02 -4.0180E-03  0.0000E+00
       754 -1.2626E-02 -4.2859E-03  0.0000E+00
       755 -1.3415E-02 -4.5537E-03  0.0000E+00
       756 -1.4204E-02 -4.8216E-03  0.0000E+00
       757 -9.2388E-03 -3.8268E-03  8.0000E-04
       758 -1.0009E-02 -4.1457E-03  8.0000E-04
       759 -1.0779E-02 -4.4646E-03  8.0000E-04
       760 -1.1548E-02 -4.7835E-03  8.0000E-04
       761 -1.2318E-02 -5.1024E-03  8.0000E-04
       762 -1.3088E-02 -5.4213E-03  8.0000E-04
       763 -1.3858E-02 -5.7403E-03  8.0000E-04
       764 -9.2388E-03 -3.8268E-03  0.0000E+00
       765 -1.0009E-02 -4.1457E-03  0.0000E+00
       766 -1.0779E-02 -4.4646E-03  0.0000E+00
       767 -1.1548E-02 -4.7835E-03  0.0000E+00
       768 -1.2318E-02 -5.1024E-03  0.0000E+00
       769 -1.3088E-02 -5.4213E-03  0.0000E+00
       770 -1.3858E-02 -5.7403E-03  0.0000E+00
       771 -8.9687E-03 -4.4229E-03  8.0000E-04
       772 -9.7161E-03 -4.7915E-03  8.0000E-04
       773 -1.0464E-02 -5.1600E-03  8.0000E-04
       774 -1.1211E-02 -5.5286E-03  8.0000E-04
       775 -1.1958E-02 -5.8972E-03  8.0000E-04
       776 -1.2706E-02 -6.2658E-03  8.0000E-04
       777 -1.3453E-02 -6.6343E-03  8.0000E-04
       778 -8.9687E-03 -4.4229E-03  0.0000E+00
       779 -9.7161E-03 -4.7915E-03  0.0000E+00
       780 -1.0464E-02 -5.1600E-03  0.0000E+00
       781 -1.1211E-02 -5.5286E-03  0.0000E+00
       782 -1.1958E-02 -5.8972E-03  0.0000E+00
       783 -1.2706E-02 -6.2658E-03  0.0000E+00
       784 -1.3453E-02 -6.6343E-03  0.0000E+00
       785 -8.6603E-03 -5.0000E-03  8.0000E-04
       786 -9.3819E-03 -5.4167E-03  8.0000E-04
       787 -1.0104E-02 -5.8333E-03  8.0000E-04
       788 -1.0825E-02 -6.2500E-03  8.0000E-04
       789 -1.1547E-02 -6.6667E-03  8.0000E-04
       790 -1.2269E-02 -7.0833E-03  8.0000E-04
       791 -1.2990E-02 -7.5000E-03  8.0000E-04
       792 -8.6603E-03 -5.0000E-03  0.0000E+00
       793 -9.3819E-03 -5.4167E-03  0.0000E+00
       794 -1.0104E-02 -5.8333E-03  0.0000E+00
       795 -1.0825E-02 -6.2500E-03  0.0000E+00
       796 -1.1547E-02 -6.6667E-03  0.0000E+00
       797 -1.2269E-02 -7.0833E-03  0.0000E+00
       798 -1.2990E-02 -7.5000E-03  0.0000E+00
       799 -8.3147E-03 -5.5557E-03  8.0000E-04
       800 -9.0076E-03 -6.0187E-03  8.0000E-04
       801 -9.7005E-03 -6.4817E-03  8.0000E-04
       802 -1.0393E-02 -6.9446E-03  8.0000E-04
       803 -1.1086E-02 -7.4076E-03  8.0000E-04
       804 -1.1779E-02 -7.8706E-03  8.0000E-04
       805 -1.2472E-02 -8.3336E-03  8.0000E-04
       806 -8.3147E-03 -5.5557E-03  0.0000E+00
       807 -9.0076E-03 -6.0187E-03  0.0000E+00
       808 -9.7005E-03 -6.4817E-03  0.0000E+00
       809 -1.0393E-02 -6.9446E-03  0.0000E+00
       810 -1.1086E-02 -7.4076E-03  0.0000E+00
       811 -1.1779E-02 -7.8706E-03  0.0000E+00
       812 -1.2472E-02 -8.3336E-03  0.0000E+00
       813 -7.9335E-03 -6.0876E-03  8.0000E-04
       814 -8.5947E-03 -6.5949E-03  8.0000E-04
       815 -9.2558E-03 -7.1022E-03  8.0000E-04
       816 -9.9169E-03 -7.6095E-03  8.0000E-04
       817 -1.0578E-02 -8.1168E-03  8.0000E-04
       818 -1.1239E-02 -8.6241E-03  8.0000E-04
       819 -1.1900E-02 -9.1314E-03  8.0000E-04
       820 -7.9335E-03 -6.0876E-03  0.0000E+00
       821 -8.5947E-03 -6.5949E-03  0.0000E+00
       822 -9.2558E-03 -7.1022E-03  0.0000E+00
       823 -9.9169E-03 -7.6095E-03  0.0000E+00
       824 -1.0578E-02 -8.1168E-03  0.0000E+00
       825 -1.1239E-02 -8.6241E-03  0.0000E+00
       826 -1.1900E-02 -9.1314E-03  0.0000E+00
       827 -7.5184E-03 -6.5935E-03  8.0000E-04
       828 -8.1449E-03 -7.1429E-03  8.0000E-04
       829 -8.7715E-03 -7.6924E-03  8.0000E-04
       830 -9.3980E-03 -8.2418E-03  8.0000E-04
       831 -1.0025E-02 -8.7913E-03  8.0000E-04
       832 -1.0651E-02 -9.3407E-03  8.0000E-04
       833 -1.1278E-02 -9.8902E-03  8.0000E-04
       834 -7.5184E-03 -6.5935E-03  0.0000E+00
       835 -8.1449E-03 -7.1429E-03  0.0000E+00
       836 -8.7715E-03 -7.6924E-03  0.0000E+00
       837 -9.3980E-03 -8.2418E-03  0.0000E+00
       838 -1.0025E-02 -8.7913E-03  0.0000E+00
       839 -1.0651E-02 -9.3407E-03  0.0000E+00
       840 -1.1278E-02 -9.8902E-03  0.0000E+00
       841 -7.0711E-03 -7.0711E-03  8.0000E-04
       842 -7.6603E-03 -7.6603E-03  8.0000E-04
       843 -8.2496E-03 -8.2496E-03  8.0000E-04
       844 -8.8388E-03 -8.8388E-03  8.0000E-04
       845 -9.4281E-03 -9.4281E-03  8.0000E-04
       846 -1.0017E-02 -1.0017E-02  8.0000E-04
       847 -1.0607E-02 -1.0607E-02  8.0000E-04
       848 -7.0711E-03 -7.0711E-03  0.0000E+00
       849 -7.6603E-03 -7.6603E-03  0.0000E+00
       850 -8.2496E-03 -8.2496E-03  0.0000E+00
       851 -8.8388E-03 -8.8388E-03  0.0000E+00
       852 -9.4281E-03 -9.4281E-03  0.0000E+00
       853 -1.0017E-02 -1.0017E-02  0.0000E+00
       854 -1.0607E-02 -1.0607E-02  0.0000E+00
       855 -6.5935E-03 -7.5184E-03  8.0000E-04
       856 -7.1429E-03 -8.1449E-03  8.0000E-04
       857 -7.6924E-03 -8.7715E-03  8.0000E-04
       858 -8.2418E-03 -9.3980E-03  8.0000E-04
       859 -8.7913E-03 -1.0025E-02  8.0000E-04
       860 -9.3407E-03 -1.0651E-02  8.0000E-04
       861 -9.8902E-03 -1.1278E-02  8.0000E-04
       862 -6.5935E-03 -7.5184E-03  0.0000E+00
       863 -7.1429E-03 -8.1449E-03  0.0000E+00
       864 -7.6924E-03 -8.7715E-03  0.0000E+00
       865 -8.2418E-03 -9.3980E-03  0.0000E+00
       866 -8.7913E-03 -1.0025E-02  0.0000E+00
       867 -9.3407E-03 -1.0651E-02  0.0000E+00
       868 -9.8902E-03 -1.1278E-02  0.0000E+00
       869 -6.0876E-03 -7.9335E-03  8.0000E-04
       870 -6.5949E-03 -8.5947E-03  8.0000E-04
       871 -7.1022E-03 -9.2558E-03  8.0000E-04
       872 -7.6095E-03 -9.9169E-03  8.0000E-04
       873 -8.1168E-03 -1.0578E-02  8.0000E-04
       874 -8.6241E-03 -1.1239E-02  8.0000E-04
       875 -9.1314E-03 -1.1900E-02  8.0000E-04
       876 -6.0876E-03 -7.9335E-03  0.0000E+00
       877 -6.5949E-03 -8.5947E-03  0.0000E+00
       878 -7.1022E-03 -9.2558E-03  0.0000E+00
       879 -7.6095E-03 -9.9169E-03  0.0000E+00
       880 -8.1168E-03 -1.0578E-02  0.0000E+00
       881 -8.6241E-03 -1.1239E-02  0.0000E+00
       882 -9.1314E-03 -1.1900E-02  0.0000E+00
       883 -5.5557E-03 -8.3147E-03  8.0000E-04
       884 -6.0187E-03 -9.0076E-03  8.0000E-04
       885 -6.4817E-03 -9.7005E-03  8.0000E-04
       886 -6.9446E-03 -1.0393E-02  8.0000E-04
       887 -7.4076E-03 -1.1086E-02  8.0000E-04
       888 -7.8706E-03 -1.1779E-02  8.0000E-04
       889 -8.3336E-03 -1.2472E-02  8.0000E-04
       890 -5.5557E-03 -8.3147E-03  0.0000E+00
       891 -6.0187E-03 -9.0076E-03  0.0000E+00
       892 -6.4817E-03 -9.7005E-03  0.0000E+00
       893 -6.9446E-03 -1.0393E-02  0.0000E+00
       894 -7.4076E-03 -1.1086E-02  0.0000E+00
       895 -7.8706E-03 -1.1779E-02  0.0000E+00
       896 -8.3336E-03 -1.2472E-02  0.0000E+00
       897 -5.0000E-03 -8.6603E-03  8.0000E-04
       898 -5.4167E-03 -9.3819E-03  8.0000E-04
       899 -5.8333E-03 -1.0104E-02  8.0000E-04
       900 -6.2500E-03 -1.0825E-02  8.0000E-04
       901 -6.6667E-03 -1.1547E-02  8.0000E-04
       902 -7.0833E-03 -1.2269E-02  8.0000E-04
       903 -7.5000E-03 -1.2990E-02  8.0000E-04
       904 -5.0000E-03 -8.6603E-03  0.0000E+00
       905 -5.4167E-03 -9.3819E-03  0.0000E+00
       906 -5.8333E-03 -1.0104E-02  0.0000E+00
       907 -6.2500E-03 -1.0825E-02  0.0000E+00
       908 -6.6667E-03 -1.1547E-02  0.0000E+00
       909 -7.0833E-03 -1.2269E-02  0.0000E+00
       910 -7.5000E-03 -1.2990E-02  0.0000E+00
       911 -4.4229E-03 -8.9687E-03  8.0000E-04
       912 -4.7915E-03 -9.7161E-03  8.0000E-04
       913 -5.1600E-03 -1.0464E-02  8.0000E-04
       914 -5.5286E-03 -1.1211E-02  8.0000E-04
       915 -5.8972E-03 -1.1958E-02  8.0000E-04
       916 -6.2658E-03 -1.2706E-02  8.0000E-04
       917 -6.6343E-03 -1.3453E-02  8.0000E-04
       918 -4.4229E-03 -8.9687E-03  0.0000E+00
       919 -4.7915E-03 -9.7161E-03  0.0000E+00
       920 -5.1600E-03 -1.0464E-02  0.0000E+00
       921 -5.5286E-03 -1.1211E-02  0.0000E+00
       922 -5.8972E-03 -1.1958E-02  0.0000E+00
       923 -6.2658E-03 -1.2706E-02  0.0000E+00
       924 -6.6343E-03 -1.3453E-02  0.0000E+00
       925 -3.8268E-03 -9.2388E-03  8.0000E-04
       926 -4.1457E-03 -1.0009E-02  8.0000E-04
       927 -4.4646E-03 -1.0779E-02  8.0000E-04
       928 -4.7835E-03 -1.1548E-02  8.0000E-04
       929 -5.1024E-03 -1.2318E-02  8.0000E-04
       930 -5.4213E-03 -1.3088E-02  8.0000E-04
       931 -5.7403E-03 -1.3858E-02  8.0000E-04
       932 -3.8268E-03 -9.2388E-03  0.0000E+00
       933 -4.1457E-03 -1.0009E-02  0.0000E+00
       934 -4.4646E-03 -1.0779E-02  0.0000E+00
       935 -4.7835E-03 -1.1548E-02  0.0000E+00
       936 -5.1024E-03 -1.2318E-02  0.0000E+00
       937 -5.4213E-03 -1.3088E-02  0.0000E+00
       938 -5.7403E-03 -1.3858E-02  0.0000E+00
       939 -3.2144E-03 -9.4693E-03  8.0000E-04
       940 -3.4823E-03 -1.0258E-02  8.0000E-04
       941 -3.7501E-03 -1.1048E-02  8.0000E-04
       942 -4.0180E-03 -1.1837E-02  8.0000E-04
       943 -4.2859E-03 -1.2626E-02  8.0000E-04
       944 -4.5537E-03 -1.3415E-02  8.0000E-04
       945 -4.8216E-03 -1.4204E-02  8.0000E-04
       946 -3.2144E-03 -9.4693E-03  0.0000E+00
       947 -3.4823E-03 -1.0258E-02  0.0000E+00
       948 -3.7501E-03 -1.1048E-02  0.0000E+00
       949 -4.0180E-03 -1.1837E-02  0.0000E+00
       950 -4.2859E-03 -1.2626E-02  0.0000E+00
       951 -4.5537E-03 -1.3415E-02  0.0000E+00
       952 -4.8216E-03 -1.4204E-02  0.0000E+00
       953 -2.5882E-03 -9.6593E-03  8.0000E-04
       954 -2.8039E-03 -1.0464E-02  8.0000E-04
       955 -3.0196E-03 -1.1269E-02  8.0000E-04
       956 -3.2352E-03 -1.2074E-02  8.0000E-04
       957 -3.4509E-03 -1.2879E-02  8.0000E-04
       958 -3.6666E-03 -1.3684E-02  8.0000E-04
       959 -3.8823E-03 -1.4489E-02  8.0000E-04
       960 -2.5882E-03 -9.6593E-03  0.0000E+00
       961 -2.8039E-03 -1.0464E-02  0.0000E+00
       962 -3.0196E-03 -1.1269E-02  0.0000E+00
       963 -3.2352E-03 -1.2074E-02  0.0000E+00
       964 -3.4509E-03 -1.2879E-02  0.0000E+00
       965 -3.6666E-03 -1.3684E-02  0.0000E+00
       966 -3.8823E-03 -1.4489E-02  0.0000E+00
       967 -1.9509E-03 -9.8079E-03  8.0000E-04
       968 -2.1135E-03 -1.0625E-02  8.0000E-04
       969 -2.2761E-03 -1.1442E-02  8.0000E-04
       970 -2.4386E-03 -1.2260E-02  8.0000E-04
       971 -2.6012E-03 -1.3077E-02  8.0000E-04
       972 -2.7638E-03 -1.3894E-02  8.0000E-04
       973 -2.9264E-03 -1.4712E-02  8.0000E-04
       974 -1.9509E-03 -9.8079E-03  0.0000E+00
       975 -2.1135E-03 -1.0625E-02  0.0000E+00
       976 -2.2761E-03 -1.1442E-02  0.0000E+00
       977 -2.4386E-03 -1.2260E-02  0.0000E+00
       978 -2.6012E-03 -1.3077E-02  0.0000E+00
       979 -2.7638E-03 -1.3894E-02  0.0000E+00
       980 -2.9264E-03 -1.4712E-02  0.0000E+00
       981 -1.3053E-03 -9.9144E-03  8.0000E-04
       982 -1.4140E-03 -1.0741E-02  8.0000E-04
       983 -1.5228E-03 -1.1567E-02  8.0000E-04
       984 -1.6316E-03 -1.2393E-02  8.0000E-04
       985 -1.7403E-03 -1.3219E-02  8.0000E-04
       986 -1.8491E-03 -1.4045E-02  8.0000E-04
       987 -1.9579E-03 -1.4872E-02  8.0000E-04
       988 -1.3053E-03 -9.9144E-03  0.0000E+00
       989 -1.4140E-03 -1.0741E-02  0.0000E+00
       990 -1.5228E-03 -1.1567E-02  0.0000E+00
       991 -1.6316E-03 -1.2393E-02  0.0000E+00
       992 -1.7403E-03 -1.3219E-02  0.0000E+00
       993 -1.8491E-03 -1.4045E-02  0.0000E+00
       994 -1.9579E-03 -1.4872E-02  0.0000E+00
       995 -6.5403E-04 -9.9786E-03  8.0000E-04
       996 -7.0853E-04 -1.0810E-02  8.0000E-04
       997 -7.6304E-04 -1.1642E-02  8.0000E-04
       998 -8.1754E-04 -1.2473E-02  8.0000E-04
       999 -8.7204E-04 -1.3305E-02  8.0000E-04
      1000 -9.2654E-04 -1.4136E-02  8.0000E-04
      1001 -9.8105E-04 -1.4968E-02  8.0000E-04
      1002 -6.5403E-04 -9.9786E-03  0.0000E+00
      1003 -7.0853E-04 -1.0810E-02  0.0000E+00
      1004 -7.6304E-04 -1.1642E-02  0.0000E+00
      1005 -8.1754E-04 -1.2473E-02  0.0000E+00
      1006 -8.7204E-04 -1.3305E-02  0.0000E+00
      1007 -9.2654E-04 -1.4136E-02  0.0000E+00
      1008 -9.8105E-04 -1.4968E-02  0.0000E+00
      1009 -1.8370E-18 -1.0000E-02  8.0000E-04
      1010 -1.9901E-18 -1.0833E-02  8.0000E-04
      1011 -2.1431E-18 -1.1667E-02  8.0000E-04
      1012 -2.2962E-18 -1.2500E-02  8.0000E-04
      1013 -2.4493E-18 -1.3333E-02  8.0000E-04
      1014 -2.6024E-18 -1.4167E-02  8.0000E-04
      1015 -2.7555E-18 -1.5000E-02  8.0000E-04
      1016 -1.8370E-18 -1.0000E-02  0.0000E+00
      1017 -1.9901E-18 -1.0833E-02  0.0000E+00
      1018 -2.1431E-18 -1.1667E-02  0.0000E+00
      1019 -2.2962E-18 -1.2500E-02  0.0000E+00
      1020 -2.4493E-18 -1.3333E-02  0.0000E+00
      1021 -2.6024E-18 -1.4167E-02  0.0000E+00
      1022 -2.7555E-18 -1.5000E-02  0.0000E+00
      1023  6.5403E-04 -9.9786E-03  8.0000E-04
      1024  7.0853E-04 -1.0810E-02  8.0000E-04
      1025  7.6304E-04 -1.1642E-02  8.0000E-04
      1026  8.1754E-04 -1.2473E-02  8.0000E-04
      1027  8.7204E-04 -1.3305E-02  8.0000E-04
      1028  9.2654E-04 -1.4136E-02  8.0000E-04
      1029  9.8105E-04 -1.4968E-02  8.0000E-04
      1030  6.5403E-04 -9.9786E-03  0.0000E+00
      1031  7.0853E-04 -1.0810E-02  0.0000E+00
      1032  7.6304E-04 -1.1642E-02  0.0000E+00
      1033  8.1754E-04 -1.2473E-02  0.0000E+00
      1034  8.7204E-04 -1.3305E-02  0.0000E+00
      1035  9.2654E-04 -1.4136E-02  0.0000E+00
      1036  9.8105E-04 -1.4968E-02  0.0000E+00
      1037  1.3053E-03 -9.9144E-03  8.0000E-04
      1038  1.4140E-03 -1.0741E-02  8.0000E-04
      1039  1.5228E-03 -1.1567E-02  8.0000E-04
      1040  1.6316E-03 -1.2393E-02  8.0000E-04
      1041  1.7403E-03 -1.3219E-02  8.0000E-04
      1042  1.8491E-03 -1.4045E-02  8.0000E-04
      1043  1.9579E-03 -1.4872E-02  8.0000E-04
      1044  1.3053E-03 -9.9144E-03  0.0000E+00
      1045  1.4140E-03 -1.0741E-02  0.0000E+00
      1046  1.5228E-03 -1.1567E-02  0.0000E+00
      1047  1.6316E-03 -1.2393E-02  0.0000E+00
      1048  1.7403E-03 -1.3219E-02  0.0000E+00
      1049  1.8491E-03 -1.4045E-02  0.0000E+00
      1050  1.9579E-03 -1.4872E-02  0.0000E+00
      1051  1.9509E-03 -9.8079E-03  8.0000E-04
      1052  2.1135E-03 -1.0625E-02  8.0000E-04
      1053  2.2761E-03 -1.1442E-02  8.0000E-04
      1054  2.4386E-03 -1.2260E-02  8.0000E-04
      1055  2.6012E-03 -1.3077E-02  8.0000E-04
      1056  2.7638E-03 -1.3894E-02  8.0000E-04
      1057  2.9264E-03 -1.4712E-02  8.0000E-04
      1058  1.9509E-03 -9.8079E-03  0.0000E+00
      1059  2.1135E-03 -1.0625E-02  0.0000E+00
      1060  2.2761E-03 -1.1442E-02  0.0000E+00
      1061  2.4386E-03 -1.2260E-02  0.0000E+00
      1062  2.6012E-03 -1.3077E-02  0.0000E+00
      1063  2.7638E-03 -1.3894E-02  0.0000E+00
      1064  2.9264E-03 -1.4712E-02  0.0000E+00
      1065  2.5882E-03 -9.6593E-03  8.0000E-04
      1066  2.8039E-03 -1.0464E-02  8.0000E-04
      1067  3.0196E-03 -1.1269E-02  8.0000E-04
      1068  3.2352E-03 -1.2074E-02  8.0000E-04
      1069  3.4509E-03 -1.2879E-02  8.0000E-04
      1070  3.6666E-03 -1.3684E-02  8.0000E-04
      1071  3.8823E-03 -1.4489E-02  8.0000E-04
      1072  2.5882E-03 -9.6593E-03  0.0000E+00
      1073  2.8039E-03 -1.0464E-02  0.0000E+00
      1074  3.0196E-03 -1.1269E-02  0.0000E+00
      1075  3.2352E-03 -1.2074E-02  0.0000E+00
      1076  3.4509E-03 -1.2879E-02  0.0000E+00
      1077  3.6666E-03 -1.3684E-02  0.0000E+00
      1078  3.8823E-03 -1.4489E-02  0.0000E+00
      1079  3.2144E-03 -9.4693E-03  8.0000E-04
      1080  3.4823E-03 -1.0258E-02  8.0000E-04
      1081  3.7501E-03 -1.1048E-02  8.0000E-04
      1082  4.0180E-03 -1.1837E-02  8.0000E-04
      1083  4.2859E-03 -1.2626E-02  8.0000E-04
      1084  4.5537E-03 -1.3415E-02  8.0000E-04
      1085  4.8216E-03 -1.4204E-02  8.0000E-04
      1086  3.2144E-03 -9.4693E-03  0.0000E+00
      1087  3.4823E-03 -1.0258E-02  0.0000E+00
      1088  3.7501E-03 -1.1048E-02  0.0000E+00
      1089  4.0180E-03 -1.1837E-02  0.0000E+00
      1090  4.2859E-03 -1.2626E-02  0.0000E+00
      1091  4.5537E-03 -1.3415E-02  0.0000E+00
      1092  4.8216E-03 -1.4204E-02  0.0000E+00
      1093  3.8268E-03 -9.2388E-03  8.0000E-04
      1094  4.1457E-03 -1.0009E-02  8.0000E-04
      1095  4.4646E-03 -1.0779E-02  8.0000E-04
      1096  4.7835E-03 -1.1548E-02  8.0000E-04
      1097  5.1024E-03 -1.2318E-02  8.0000E-04
      1098  5.4213E-03 -1.3088E-02  8.0000E-04
      1099  5.7403E-03 -1.3858E-02  8.0000E-04
      1100  3.8268E-03 -9.2388E-03  0.0000E+00
      1101  4.1457E-03 -1.0009E-02  0.0000E+00
      1102  4.4646E-03 -1.0779E-02  0.0000E+00
      1103  4.7835E-03 -1.1548E-02  0.0000E+00
      1104  5.1024E-03 -1.2318E-02  0.0000E+00
      1105  5.4213E-03 -1.3088E-02  0.0000E+00
      1106  5.7403E-03 -1.3858E-02  0.0000E+00
      1107  4.4229E-03 -8.9687E-03  8.0000E-04
      1108  4.7915E-03 -9.7161E-03  8.0000E-04
      1109  5.1600E-03 -1.0464E-02  8.0000E-04
      1110  5.5286E-03 -1.1211E-02  8.0000E-04
      1111  5.8972E-03 -1.1958E-02  8.0000E-04
      1112  6.2658E-03 -1.2706E-02  8.0000E-04
      1113  6.6343E-03 -1.3453E-02  8.0000E-04
      1114  4.4229E-03 -8.9687E-03  0.0000E+00
      1115  4.7915E-03 -9.7161E-03  0.0000E+00
      1116  5.1600E-03 -1.0464E-02  0.0000E+00
      1117  5.5286E-03 -1.1211E-02  0.0000E+00
      1118  5.8972E-03 -1.1958E-02  0.0000E+00
      1119  6.2658E-03 -1.2706E-02  0.0000E+00
      1120  6.6343E-03 -1.3453E-02  0.0000E+00
      1121  5.0000E-03 -8.6603E-03  8.0000E-04
      1122  5.4167E-03 -9.3819E-03  8.0000E-04
      1123  5.8333E-03 -1.0104E-02  8.0000E-04
      1124  6.2500E-03 -1.0825E-02  8.0000E-04
      1125  6.6667E-03 -1.1547E-02  8.0000E-04
      1126  7.0833E-03 -1.2269E-02  8.0000E-04
      1127  7.5000E-03 -1.2990E-02  8.0000E-04
      1128  5.0000E-03 -8.6603E-03  0.0000E+00
      1129  5.4167E-03 -9.3819E-03  0.0000E+00
      1130  5.8333E-03 -1.0104E-02  0.0000E+00
      1131  6.2500E-03 -1.0825E-02  0.0000E+00
      1132  6.6667E-03 -1.1547E-02  0.0000E+00
      1133  7.0833E-03 -1.2269E-02  0.0000E+00
      1134  7.5000E-03 -1.2990E-02  0.0000E+00
      1135  5.5557E-03 -8.3147E-03  8.0000E-04
      1136  6.0187E-03 -9.0076E-03  8.0000E-04
      1137  6.4817E-03 -9.7005E-03  8.0000E-04
      1138  6.9446E-03 -1.0393E-02  8.0000E-04
      1139  7.4076E-03 -1.1086E-02  8.0000E-04
      1140  7.8706E-03 -1.1779E-02  8.0000E-04
      1141  8.3336E-03 -1.2472E-02  8.0000E-04
      1142  5.5557E-03 -8.3147E-03  0.0000E+00
      1143  6.0187E-03 -9.0076E-03  0.0000E+00
      1144  6.4817E-03 -9.7005E-03  0.0000E+00
      1145  6.9446E-03 -1.0393E-02  0.0000E+00
      1146  7.4076E-03 -1.1086E-02  0.0000E+00
      1147  7.8706E-03 -1.1779E-02  0.0000E+00
      1148  8.3336E-03 -1.2472E-02  0.0000E+00
      1149  6.0876E-03 -7.9335E-03  8.0000E-04
      1150  6.5949E-03 -8.5947E-03  8.0000E-04
      1151  7.1022E-03 -9.2558E-03  8.0000E-04
      1152  7.6095E-03 -9.9169E-03  8.0000E-04
      1153  8.1168E-03 -1.0578E-02  8.0000E-04
      1154  8.6241E-03 -1.1239E-02  8.0000E-04
      1155  9.1314E-03 -1.1900E-02  8.0000E-04
      1156  6.0876E-03 -7.9335E-03  0.0000E+00
      1157  6.5949E-03 -8.5947E-03  0.0000E+00
      1158  7.1022E-03 -9.2558E-03  0.0000E+00
      1159  7.6095E-03 -9.9169E-03  0.0000E+00
      1160  8.1168E-03 -1.0578E-02  0.0000E+00
      1161  8.6241E-03 -1.1239E-02  0.0000E+00
      1162  9.1314E-03 -1.1900E-02  0.0000E+00
      1163  6.5935E-03 -7.5184E-03  8.0000E-04
      1164  7.1429E-03 -8.1449E-03  8.0000E-04
      1165  7.6924E-03 -8.7715E-03  8.0000E-04
      1166  8.2418E-03 -9.3980E-03  8.0000E-04
      1167  8.7913E-03 -1.0025E-02  8.0000E-04
      1168  9.3407E-03 -1.0651E-02  8.0000E-04
      1169  9.8902E-03 -1.1278E-02  8.0000E-04
      1170  6.5935E-03 -7.5184E-03  0.0000E+00
      1171  7.1429E-03 -8.1449E-03  0.0000E+00
      1172  7.6924E-03 -8.7715E-03  0.0000E+00
      1173  8.2418E-03 -9.3980E-03  0.0000E+00
      1174  8.7913E-03 -1.0025E-02  0.0000E+00
      1175  9.3407E-03 -1.0651E-02  0.0000E+00
      1176  9.8902E-03 -1.1278E-02  0.0000E+00
      1177  7.0711E-03 -7.0711E-03  8.0000E-04
      1178  7.6603E-03 -7.6603E-03  8.0000E-04
      1179  8.2496E-03 -8.2496E-03  8.0000E-04
      1180  8.8388E-03 -8.8388E-03  8.0000E-04
      1181  9.4281E-03 -9.4281E-03  8.0000E-04
      1182  1.0017E-02 -1.0017E-02  8.0000E-04
      1183  1.0607E-02 -1.0607E-02  8.0000E-04
      1184  7.0711E-03 -7.0711E-03  0.0000E+00
      1185  7.6603E-03 -7.6603E-03  0.0000E+00
      1186  8.2496E-03 -8.2496E-03  0.0000E+00
      1187  8.8388E-03 -8.8388E-03  0.0000E+00
      1188  9.4281E-03 -9.4281E-03  0.0000E+00
      1189  1.0017E-02 -1.0017E-02  0.0000E+00
      1190  1.0607E-02 -1.0607E-02  0.0000E+00
      1191  7.5184E-03 -6.5935E-03  8.0000E-04
      1192  8.1449E-03 -7.1429E-03  8.0000E-04
      1193  8.7715E-03 -7.6924E-03  8.0000E-04
      1194  9.3980E-03 -8.2418E-03  8.0000E-04
      1195  1.0025E-02 -8.7913E-03  8.0000E-04
      1196  1.0651E-02 -9.3407E-03  8.0000E-04
      1197  1.1278E-02 -9.8902E-03  8.0000E-04
      1198  7.5184E-03 -6.5935E-03  0.0000E+00
      1199  8.1449E-03 -7.1429E-03  0.0000E+00
      1200  8.7715E-03 -7.6924E-03  0.0000E+00
      1201  9.3980E-03 -8.2418E-03  0.0000E+00
      1202  1.0025E-02 -8.7913E-03  0.0000E+00
      1203  1.0651E-02 -9.3407E-03  0.0000E+00
      1204  1.1278E-02 -9.8902E-03  0.0000E+00
      1205  7.9335E-03 -6.0876E-03  8.0000E-04
      1206  8.5947E-03 -6.5949E-03  8.0000E-04
      1207  9.2558E-03 -7.1022E-03  8.0000E-04
      1208  9.9169E-03 -7.6095E-03  8.0000E-04
      1209  1.0578E-02 -8.1168E-03  8.0000E-04
      1210  1.1239E-02 -8.6241E-03  8.0000E-04
      1211  1.1900E-02 -9.1314E-03  8.0000E-04
      1212  7.9335E-03 -6.0876E-03  0.0000E+00
      1213  8.5947E-03 -6.5949E-03  0.0000E+00
      1214  9.2558E-03 -7.1022E-03  0.0000E+00
      1215  9.9169E-03 -7.6095E-03  0.0000E+00
      1216  1.0578E-02 -8.1168E-03  0.0000E+00
      1217  1.1239E-02 -8.6241E-03  0.0000E+00
      1218  1.1900E-02 -9.1314E-03  0.0000E+00
      1219  8.3147E-03 -5.5557E-03  8.0000E-04
      1220  9.0076E-03 -6.0187E-03  8.0000E-04
      1221  9.7005E-03 -6.4817E-03  8.0000E-04
      1222  1.0393E-02 -6.9446E-03  8.0000E-04
      1223  1.1086E-02 -7.4076E-03  8.0000E-04
      1224  1.1779E-02 -7.8706E-03  8.0000E-04
      1225  1.2472E-02 -8.3336E-03  8.0000E-04
      1226  8.3147E-03 -5.5557E-03  0.0000E+00
      1227  9.0076E-03 -6.0187E-03  0.0000E+00
      1228  9.7005E-03 -6.4817E-03  0.0000E+00
      1229  1.0393E-02 -6.9446E-03  0.0000E+00
      1230  1.1086E-02 -7.4076E-03  0.0000E+00
      1231  1.1779E-02 -7.8706E-03  0.0000E+00
      1232  1.2472E-02 -8.3336E-03  0.0000E+00
      1233  8.6603E-03 -5.0000E-03  8.0000E-04
      1234  9.3819E-03 -5.4167E-03  8.0000E-04
      1235  1.0104E-02 -5.8333E-03  8.0000E-04
      1236  1.0825E-02 -6.2500E-03  8.0000E-04
      1237  1.1547E-02 -6.6667E-03  8.0000E-04
      1238  1.2269E-02 -7.0833E-03  8.0000E-04
      1239  1.2990E-02 -7.5000E-03  8.0000E-04
      1240  8.6603E-03 -5.0000E-03  0.0000E+00
      1241  9.3819E-03 -5.4167E-03  0.0000E+00
      1242  1.0104E-02 -5.8333E-03  0.0000E+00
      1243  1.0825E-02 -6.2500E-03  0.0000E+00
      1244  1.1547E-02 -6.6667E-03  0.0000E+00
      1245  1.2269E-02 -7.0833E-03  0.0000E+00
      1246  1.2990E-02 -7.5000E-03  0.0000E+00
      1247  8.9687E-03 -4.4229E-03  8.0000E-04
      1248  9.7161E-03 -4.7915E-03  8.0000E-04
      1249  1.0464E-02 -5.1600E-03  8.0000E-04
      1250  1.1211E-02 -5.5286E-03  8.0000E-04
      1251  1.1958E-02 -5.8972E-03  8.0000E-04
      1252  1.2706E-02 -6.2658E-03  8.0000E-04
      1253  1.3453E-02 -6.6343E-03  8.0000E-04
      1254  8.9687E-03 -4.4229E-03  0.0000E+00
      1255  9.7161E-03 -4.7915E-03  0.0000E+00
      1256  1.0464E-02 -5.1600E-03  0.0000E+00
      1257  1.1211E-02 -5.5286E-03  0.0000E+00
      1258  1.1958E-02 -5.8972E-03  0.0000E+00
      1259  1.2706E-02 -6.2658E-03  0.0000E+00
      1260  1.3453E-02 -6.6343E-03  0.0000E+00
      1261  9.2388E-03 -3.8268E-03  8.0000E-04
      1262  1.0009E-02 -4.1457E-03  8.0000E-04
      1263  1.0779E-02 -4.4646E-03  8.0000E-04
      1264  1.1548E-02 -4.7835E-03  8.0000E-04
      1265  1.2318E-02 -5.1024E-03  8.0000E-04
      1266  1.3088E-02 -5.4213E-03  8.0000E-04
      1267  1.3858E-02 -5.7403E-03  8.0000E-04
      1268  9.2388E-03 -3.8268E-03  0.0000E+00
      1269  1.0009E-02 -4.1457E-03  0.0000E+00
      1270  1.0779E-02 -4.4646E-03  0.0000E+00
      1271  1.1548E-02 -4.7835E-03  0.0000E+00
      1272  1.2318E-02 -5.1024E-03  0.0000E+00
      1273  1.3088E-02 -5.4213E-03  0.0000E+00
      1274  1.3858E-02 -5.7403E-03  0.0000E+00
      1275  9.4693E-03 -3.2144E-03  8.0000E-04
      1276  1.0258E-02 -3.4823E-03  8.0000E-04
      1277  1.1048E-02 -3.7501E-03  8.0000E-04
      1278  1.1837E-02 -4.0180E-03  8.0000E-04
      1279  1.2626E-02 -4.2859E-03  8.0000E-04
      1280  1.3415E-02 -4.5537E-03  8.0000E-04
      1281  1.4204E-02 -4.8216E-03  8.0000E-04
      1282  9.4693E-03 -3.2144E-03  0.0000E+00
      1283  1.0258E-02 -3.4823E-03  0.0000E+00
      1284  1.1048E-02 -3.7501E-03  0.0000E+00
      1285  1.1837E-02 -4.0180E-03  0.0000E+00
      1286  1.2626E-02 -4.2859E-03  0.0000E+00
      1287  1.3415E-02 -4.5537E-03  0.0000E+00
      1288  1.4204E-02 -4.8216E-03  0.0000E+00
      1289  9.6593E-03 -2.5882E-03  8.0000E-04
      1290  1.0464E-02 -2.8039E-03  8.0000E-04
      1291  1.1269E-02 -3.0196E-03  8.0000E-04
      1292  1.2074E-02 -3.2352E-03  8.0000E-04
      1293  1.2879E-02 -3.4509E-03  8.0000E-04
      1294  1.3684E-02 -3.6666E-03  8.0000E-04
      1295  1.4489E-02 -3.8823E-03  8.0000E-04
      1296  9.6593E-03 -2.5882E-03  0.0000E+00
      1297  1.0464E-02 -2.8039E-03  0.0000E+00
      1298  1.1269E-02 -3.0196E-03  0.0000E+00
      1299  1.2074E-02 -3.2352E-03  0.0000E+00
      1300  1.2879E-02 -3.4509E-03  0.0000E+00
      1301  1.3684E-02 -3.6666E-03  0.0000E+00
      1302  1.4489E-02 -3.8823E-03  0.0000E+00
      1303  9.8079E-03 -1.9509E-03  8.0000E-04
      1304  1.0625E-02 -2.1135E-03  8.0000E-04
      1305  1.1442E-02 -2.2761E-03  8.0000E-04
      1306  1.2260E-02 -2.4386E-03  8.0000E-04
      1307  1.3077E-02 -2.6012E-03  8.0000E-04
      1308  1.3894E-02 -2.7638E-03  8.0000E-04
      1309  1.4712E-02 -2.9264E-03  8.0000E-04
      1310  9.8079E-03 -1.9509E-03  0.0000E+00
      1311  1.0625E-02 -2.1135E-03  0.0000E+00
      1312  1.1442E-02 -2.2761E-03  0.0000E+00
      1313  1.2260E-02 -2.4386E-03  0.0000E+00
      1314  1.3077E-02 -2.6012E-03  0.0000E+00
      1315  1.3894E-02 -2.7638E-03  0.0000E+00
      1316  1.4712E-02 -2.9264E-03  0.0000E+00
      1317  9.9144E-03 -1.3053E-03  8.0000E-04
      1318  1.0741E-02 -1.4140E-03  8.0000E-04
      1319  1.1567E-02 -1.5228E-03  8.0000E-04
      1320  1.2393E-02 -1.6316E-03  8.0000E-04
      1321  1.3219E-02 -1.7403E-03  8.0000E-04
      1322  1.4045E-02 -1.8491E-03  8.0000E-04
      1323  1.4872E-02 -1.9579E-03  8.0000E-04
      1324  9.9144E-03 -1.3053E-03  0.0000E+00
      1325  1.0741E-02 -1.4140E-03  0.0000E+00
      1326  1.1567E-02 -1.5228E-03  0.0000E+00
      1327  1.2393E-02 -1.6316E-03  0.0000E+00
      1328  1.3219E-02 -1.7403E-03  0.0000E+00
      1329  1.4045E-02 -1.8491E-03  0.0000E+00
      1330  1.4872E-02 -1.9579E-03  0.0000E+00
      1331  9.9786E-03 -6.5403E-04  8.0000E-04
      1332  1.0810E-02 -7.0853E-04  8.0000E-04
      1333  1.1642E-02 -7.6304E-04  8.0000E-04
      1334  1.2473E-02 -8.1754E-04  8.0000E-04
      1335  1.3305E-02 -8.7204E-04  8.0000E-04
      1336  1.4136E-02 -9.2654E-04  8.0000E-04
      1337  1.4968E-02 -9.8105E-04  8.0000E-04
      1338  9.9786E-03 -6.5403E-04  0.0000E+00
      1339  1.0810E-02 -7.0853E-04  0.0000E+00
      1340  1.1642E-02 -7.6304E-04  0.0000E+00
      1341  1.2473E-02 -8.1754E-04  0.0000E+00
      1342  1.3305E-02 -8.7204E-04  0.0000E+00
      1343  1.4136E-02 -9.2654E-04  0.0000E+00
      1344  1.4968E-02 -9.8105E-04  0.0000E+00
      1345  1.0000E-02 -2.4493E-18  8.0000E-04
      1346  1.0833E-02 -2.6534E-18  8.0000E-04
      1347  1.1667E-02 -2.8575E-18  8.0000E-04
      1348  1.2500E-02 -3.0616E-18  8.0000E-04
      1349  1.3333E-02 -3.2657E-18  8.0000E-04
      1350  1.4167E-02 -3.4698E-18  8.0000E-04
      1351  1.5000E-02 -3.6739E-18  8.0000E-04
      1352  1.0000E-02 -2.4493E-18  0.0000E+00
      1353  1.0833E-02 -2.6534E-18  0.0000E+00
      1354  1.1667E-02 -2.8575E-18  0.0000E+00
      1355  1.2500E-02 -3.0616E-18  0.0000E+00
      1356  1.3333E-02 -3.2657E-18  0.0000E+00
      1357  1.4167E-02 -3.4698E-18  0.0000E+00
      1358  1.5000E-02 -3.6739E-18  0.0000E+00

 FEAP *** inflated fiber reinforced soft ring - circum. b.c. top surf. linked in 

   E l e m e n t   C o n n e c t i o n s

    Elem Mat Reg  1-Node  2-Node  3-Node  4-Node  5-Node  6-Node  7-Node  8-Node
       1   1   0       1       2       9       8      15      16      23      22
       2   1   0       2       3      10       9      16      17      24      23
       3   1   0       3       4      11      10      17      18      25      24
       4   1   0       4       5      12      11      18      19      26      25
       5   1   0       5       6      13      12      19      20      27      26
       6   1   0       6       7      14      13      20      21      28      27
       7   2   0       1       8      22      15
       8   1   0      15      16      23      22      29      30      37      36
       9   1   0      16      17      24      23      30      31      38      37
      10   1   0      17      18      25      24      31      32      39      38
      11   1   0      18      19      26      25      32      33      40      39
      12   1   0      19      20      27      26      33      34      41      40
      13   1   0      20      21      28      27      34      35      42      41
      14   2   0      15      22      36      29
      15   1   0      29      30      37      36      43      44      51      50
      16   1   0      30      31      38      37      44      45      52      51
      17   1   0      31      32      39      38      45      46      53      52
      18   1   0      32      33      40      39      46      47      54      53
      19   1   0      33      34      41      40      47      48      55      54
      20   1   0      34      35      42      41      48      49      56      55
      21   2   0      29      36      50      43
      22   1   0      43      44      51      50      57      58      65      64
      23   1   0      44      45      52      51      58      59      66      65
      24   1   0      45      46      53      52      59      60      67      66
      25   1   0      46      47      54      53      60      61      68      67
      26   1   0      47      48      55      54      61      62      69      68
      27   1   0      48      49      56      55      62      63      70      69
      28   2   0      43      50      64      57
      29   1   0      57      58      65      64      71      72      79      78
      30   1   0      58      59      66      65      72      73      80      79
      31   1   0      59      60      67      66      73      74      81      80
      32   1   0      60      61      68      67      74      75      82      81
      33   1   0      61      62      69      68      75      76      83      82
      34   1   0      62      63      70      69      76      77      84      83
      35   2   0      57      64      78      71
      36   1   0      71      72      79      78      85      86      93      92
      37   1   0      72      73      80      79      86      87      94      93
      38   1   0      73      74      81      80      87      88      95      94
      39   1   0      74      75      82      81      88      89      96      95
      40   1   0      75      76      83      82      89      90      97      96
      41   1   0      76      77      84      83      90      91      98      97
      42   2   0      71      78      92      85
      43   1   0      85      86      93      92      99     100     107     106
      44   1   0      86      87      94      93     100     101     108     107
      45   1   0      87      88      95      94     101     102     109     108
      46   1   0      88      89      96      95     102     103     110     109
      47   1   0      89      90      97      96     103     104     111     110
      48   1   0      90      91      98      97     104     105     112     111
      49   2   0      85      92     106      99
      50   1   0      99     100     107     106     113     114     121     120
      51   1   0     100     101     108     107     114     115     122     121
      52   1   0     101     102     109     108     115     116     123     122
      53   1   0     102     103     110     109     116     117     124     123
      54   1   0     103     104     111     110     117     118     125     124
      55   1   0     104     105     112     111     118     119     126     125
      56   2   0      99     106     120     113
      57   1   0     113     114     121     120     127     128     135     134
      58   1   0     114     115     122     121     128     129     136     135
      59   1   0     115     116     123     122     129     130     137     136
      60   1   0     116     117     124     123     130     131     138     137
      61   1   0     117     118     125     124     131     132     139     138
      62   1   0     118     119     126     125     132     133     140     139
      63   2   0     113     120     134     127
      64   1   0     127     128     135     134     141     142     149     148
      65   1   0     128     129     136     135     142     143     150     149
      66   1   0     129     130     137     136     143     144     151     150
      67   1   0     130     131     138     137     144     145     152     151
      68   1   0     131     132     139     138     145     146     153     152
      69   1   0     132     133     140     139     146     147     154     153
      70   2   0     127     134     148     141
      71   1   0     141     142     149     148     155     156     163     162
      72   1   0     142     143     150     149     156     157     164     163
      73   1   0     143     144     151     150     157     158     165     164
      74   1   0     144     145     152     151     158     159     166     165
      75   1   0     145     146     153     152     159     160     167     166
      76   1   0     146     147     154     153     160     161     168     167
      77   2   0     141     148     162     155
      78   1   0     155     156     163     162     169     170     177     176
      79   1   0     156     157     164     163     170     171     178     177
      80   1   0     157     158     165     164     171     172     179     178
      81   1   0     158     159     166     165     172     173     180     179
      82   1   0     159     160     167     166     173     174     181     180
      83   1   0     160     161     168     167     174     175     182     181
      84   2   0     155     162     176     169
      85   1   0     169     170     177     176     183     184     191     190
      86   1   0     170     171     178     177     184     185     192     191
      87   1   0     171     172     179     178     185     186     193     192
      88   1   0     172     173     180     179     186     187     194     193
      89   1   0     173     174     181     180     187     188     195     194
      90   1   0     174     175     182     181     188     189     196     195
      91   2   0     169     176     190     183
      92   1   0     183     184     191     190     197     198     205     204
      93   1   0     184     185     192     191     198     199     206     205
      94   1   0     185     186     193     192     199     200     207     206
      95   1   0     186     187     194     193     200     201     208     207
      96   1   0     187     188     195     194     201     202     209     208
      97   1   0     188     189     196     195     202     203     210     209
      98   2   0     183     190     204     197
      99   1   0     197     198     205     204     211     212     219     218
     100   1   0     198     199     206     205     212     213     220     219
     101   1   0     199     200     207     206     213     214     221     220
     102   1   0     200     201     208     207     214     215     222     221
     103   1   0     201     202     209     208     215     216     223     222
     104   1   0     202     203     210     209     216     217     224     223
     105   2   0     197     204     218     211
     106   1   0     211     212     219     218     225     226     233     232
     107   1   0     212     213     220     219     226     227     234     233
     108   1   0     213     214     221     220     227     228     235     234
     109   1   0     214     215     222     221     228     229     236     235
     110   1   0     215     216     223     222     229     230     237     236
     111   1   0     216     217     224     223     230     231     238     237
     112   2   0     211     218     232     225
     113   1   0     225     226     233     232     239     240     247     246
     114   1   0     226     227     234     233     240     241     248     247
     115   1   0     227     228     235     234     241     242     249     248
     116   1   0     228     229     236     235     242     243     250     249
     117   1   0     229     230     237     236     243     244     251     250
     118   1   0     230     231     238     237     244     245     252     251
     119   2   0     225     232     246     239
     120   1   0     239     240     247     246     253     254     261     260
     121   1   0     240     241     248     247     254     255     262     261
     122   1   0     241     242     249     248     255     256     263     262
     123   1   0     242     243     250     249     256     257     264     263
     124   1   0     243     244     251     250     257     258     265     264
     125   1   0     244     245     252     251     258     259     266     265
     126   2   0     239     246     260     253
     127   1   0     253     254     261     260     267     268     275     274
     128   1   0     254     255     262     261     268     269     276     275
     129   1   0     255     256     263     262     269     270     277     276
     130   1   0     256     257     264     263     270     271     278     277
     131   1   0     257     258     265     264     271     272     279     278
     132   1   0     258     259     266     265     272     273     280     279
     133   2   0     253     260     274     267
     134   1   0     267     268     275     274     281     282     289     288
     135   1   0     268     269     276     275     282     283     290     289
     136   1   0     269     270     277     276     283     284     291     290
     137   1   0     270     271     278     277     284     285     292     291
     138   1   0     271     272     279     278     285     286     293     292
     139   1   0     272     273     280     279     286     287     294     293
     140   2   0     267     274     288     281
     141   1   0     281     282     289     288     295     296     303     302
     142   1   0     282     283     290     289     296     297     304     303
     143   1   0     283     284     291     290     297     298     305     304
     144   1   0     284     285     292     291     298     299     306     305
     145   1   0     285     286     293     292     299     300     307     306
     146   1   0     286     287     294     293     300     301     308     307
     147   2   0     281     288     302     295
     148   1   0     295     296     303     302     309     310     317     316
     149   1   0     296     297     304     303     310     311     318     317
     150   1   0     297     298     305     304     311     312     319     318
     151   1   0     298     299     306     305     312     313     320     319
     152   1   0     299     300     307     306     313     314     321     320
     153   1   0     300     301     308     307     314     315     322     321
     154   2   0     295     302     316     309
     155   1   0     309     310     317     316     323     324     331     330
     156   1   0     310     311     318     317     324     325     332     331
     157   1   0     311     312     319     318     325     326     333     332
     158   1   0     312     313     320     319     326     327     334     333
     159   1   0     313     314     321     320     327     328     335     334
     160   1   0     314     315     322     321     328     329     336     335
     161   2   0     309     316     330     323
     162   1   0     323     324     331     330     337     338     345     344
     163   1   0     324     325     332     331     338     339     346     345
     164   1   0     325     326     333     332     339     340     347     346
     165   1   0     326     327     334     333     340     341     348     347
     166   1   0     327     328     335     334     341     342     349     348
     167   1   0     328     329     336     335     342     343     350     349
     168   2   0     323     330     344     337
     169   1   0     337     338     345     344     351     352     359     358
     170   1   0     338     339     346     345     352     353     360     359
     171   1   0     339     340     347     346     353     354     361     360
     172   1   0     340     341     348     347     354     355     362     361
     173   1   0     341     342     349     348     355     356     363     362
     174   1   0     342     343     350     349     356     357     364     363
     175   2   0     337     344     358     351
     176   1   0     351     352     359     358     365     366     373     372
     177   1   0     352     353     360     359     366     367     374     373
     178   1   0     353     354     361     360     367     368     375     374
     179   1   0     354     355     362     361     368     369     376     375
     180   1   0     355     356     363     362     369     370     377     376
     181   1   0     356     357     364     363     370     371     378     377
     182   2   0     351     358     372     365
     183   1   0     365     366     373     372     379     380     387     386
     184   1   0     366     367     374     373     380     381     388     387
     185   1   0     367     368     375     374     381     382     389     388
     186   1   0     368     369     376     375     382     383     390     389
     187   1   0     369     370     377     376     383     384     391     390
     188   1   0     370     371     378     377     384     385     392     391
     189   2   0     365     372     386     379
     190   1   0     379     380     387     386     393     394     401     400
     191   1   0     380     381     388     387     394     395     402     401
     192   1   0     381     382     389     388     395     396     403     402
     193   1   0     382     383     390     389     396     397     404     403
     194   1   0     383     384     391     390     397     398     405     404
     195   1   0     384     385     392     391     398     399     406     405
     196   2   0     379     386     400     393
     197   1   0     393     394     401     400     407     408     415     414
     198   1   0     394     395     402     401     408     409     416     415
     199   1   0     395     396     403     402     409     410     417     416
     200   1   0     396     397     404     403     410     411     418     417
     201   1   0     397     398     405     404     411     412     419     418
     202   1   0     398     399     406     405     412     413     420     419
     203   2   0     393     400     414     407
     204   1   0     407     408     415     414     421     422     429     428
     205   1   0     408     409     416     415     422     423     430     429
     206   1   0     409     410     417     416     423     424     431     430
     207   1   0     410     411     418     417     424     425     432     431
     208   1   0     411     412     419     418     425     426     433     432
     209   1   0     412     413     420     419     426     427     434     433
     210   2   0     407     414     428     421
     211   1   0     421     422     429     428     435     436     443     442
     212   1   0     422     423     430     429     436     437     444     443
     213   1   0     423     424     431     430     437     438     445     444
     214   1   0     424     425     432     431     438     439     446     445
     215   1   0     425     426     433     432     439     440     447     446
     216   1   0     426     427     434     433     440     441     448     447
     217   2   0     421     428     442     435
     218   1   0     435     436     443     442     449     450     457     456
     219   1   0     436     437     444     443     450     451     458     457
     220   1   0     437     438     445     444     451     452     459     458
     221   1   0     438     439     446     445     452     453     460     459
     222   1   0     439     440     447     446     453     454     461     460
     223   1   0     440     441     448     447     454     455     462     461
     224   2   0     435     442     456     449
     225   1   0     449     450     457     456     463     464     471     470
     226   1   0     450     451     458     457     464     465     472     471
     227   1   0     451     452     459     458     465     466     473     472
     228   1   0     452     453     460     459     466     467     474     473
     229   1   0     453     454     461     460     467     468     475     474
     230   1   0     454     455     462     461     468     469     476     475
     231   2   0     449     456     470     463
     232   1   0     463     464     471     470     477     478     485     484
     233   1   0     464     465     472     471     478     479     486     485
     234   1   0     465     466     473     472     479     480     487     486
     235   1   0     466     467     474     473     480     481     488     487
     236   1   0     467     468     475     474     481     482     489     488
     237   1   0     468     469     476     475     482     483     490     489
     238   2   0     463     470     484     477
     239   1   0     477     478     485     484     491     492     499     498
     240   1   0     478     479     486     485     492     493     500     499
     241   1   0     479     480     487     486     493     494     501     500
     242   1   0     480     481     488     487     494     495     502     501
     243   1   0     481     482     489     488     495     496     503     502
     244   1   0     482     483     490     489     496     497     504     503
     245   2   0     477     484     498     491
     246   1   0     491     492     499     498     505     506     513     512
     247   1   0     492     493     500     499     506     507     514     513
     248   1   0     493     494     501     500     507     508     515     514
     249   1   0     494     495     502     501     508     509     516     515
     250   1   0     495     496     503     502     509     510     517     516
     251   1   0     496     497     504     503     510     511     518     517
     252   2   0     491     498     512     505
     253   1   0     505     506     513     512     519     520     527     526
     254   1   0     506     507     514     513     520     521     528     527
     255   1   0     507     508     515     514     521     522     529     528
     256   1   0     508     509     516     515     522     523     530     529
     257   1   0     509     510     517     516     523     524     531     530
     258   1   0     510     511     518     517     524     525     532     531
     259   2   0     505     512     526     519
     260   1   0     519     520     527     526     533     534     541     540
     261   1   0     520     521     528     527     534     535     542     541
     262   1   0     521     522     529     528     535     536     543     542
     263   1   0     522     523     530     529     536     537     544     543
     264   1   0     523     524     531     530     537     538     545     544
     265   1   0     524     525     532     531     538     539     546     545
     266   2   0     519     526     540     533
     267   1   0     533     534     541     540     547     548     555     554
     268   1   0     534     535     542     541     548     549     556     555
     269   1   0     535     536     543     542     549     550     557     556
     270   1   0     536     537     544     543     550     551     558     557
     271   1   0     537     538     545     544     551     552     559     558
     272   1   0     538     539     546     545     552     553     560     559
     273   2   0     533     540     554     547
     274   1   0     547     548     555     554     561     562     569     568
     275   1   0     548     549     556     555     562     563     570     569
     276   1   0     549     550     557     556     563     564     571     570
     277   1   0     550     551     558     557     564     565     572     571
     278   1   0     551     552     559     558     565     566     573     572
     279   1   0     552     553     560     559     566     567     574     573
     280   2   0     547     554     568     561
     281   1   0     561     562     569     568     575     576     583     582
     282   1   0     562     563     570     569     576     577     584     583
     283   1   0     563     564     571     570     577     578     585     584
     284   1   0     564     565     572     571     578     579     586     585
     285   1   0     565     566     573     572     579     580     587     586
     286   1   0     566     567     574     573     580     581     588     587
     287   2   0     561     568     582     575
     288   1   0     575     576     583     582     589     590     597     596
     289   1   0     576     577     584     583     590     591     598     597
     290   1   0     577     578     585     584     591     592     599     598
     291   1   0     578     579     586     585     592     593     600     599
     292   1   0     579     580     587     586     593     594     601     600
     293   1   0     580     581     588     587     594     595     602     601
     294   2   0     575     582     596     589
     295   1   0     589     590     597     596     603     604     611     610
     296   1   0     590     591     598     597     604     605     612     611
     297   1   0     591     592     599     598     605     606     613     612
     298   1   0     592     593     600     599     606     607     614     613
     299   1   0     593     594     601     600     607     608     615     614
     300   1   0     594     595     602     601     608     609     616     615
     301   2   0     589     596     610     603
     302   1   0     603     604     611     610     617     618     625     624
     303   1   0     604     605     612     611     618     619     626     625
     304   1   0     605     606     613     612     619     620     627     626
     305   1   0     606     607     614     613     620     621     628     627
     306   1   0     607     608     615     614     621     622     629     628
     307   1   0     608     609     616     615     622     623     630     629
     308   2   0     603     610     624     617
     309   1   0     617     618     625     624     631     632     639     638
     310   1   0     618     619     626     625     632     633     640     639
     311   1   0     619     620     627     626     633     634     641     640
     312   1   0     620     621     628     627     634     635     642     641
     313   1   0     621     622     629     628     635     636     643     642
     314   1   0     622     623     630     629     636     637     644     643
     315   2   0     617     624     638     631
     316   1   0     631     632     639     638     645     646     653     652
     317   1   0     632     633     640     639     646     647     654     653
     318   1   0     633     634     641     640     647     648     655     654
     319   1   0     634     635     642     641     648     649     656     655
     320   1   0     635     636     643     642     649     650     657     656
     321   1   0     636     637     644     643     650     651     658     657
     322   2   0     631     638     652     645
     323   1   0     645     646     653     652     659     660     667     666
     324   1   0     646     647     654     653     660     661     668     667
     325   1   0     647     648     655     654     661     662     669     668
     326   1   0     648     649     656     655     662     663     670     669
     327   1   0     649     650     657     656     663     664     671     670
     328   1   0     650     651     658     657     664     665     672     671
     329   2   0     645     652     666     659
     330   1   0     659     660     667     666     673     674     681     680
     331   1   0     660     661     668     667     674     675     682     681
     332   1   0     661     662     669     668     675     676     683     682
     333   1   0     662     663     670     669     676     677     684     683
     334   1   0     663     664     671     670     677     678     685     684
     335   1   0     664     665     672     671     678     679     686     685
     336   2   0     659     666     680     673
     337   1   0     673     674     681     680     687     688     695     694
     338   1   0     674     675     682     681     688     689     696     695
     339   1   0     675     676     683     682     689     690     697     696
     340   1   0     676     677     684     683     690     691     698     697
     341   1   0     677     678     685     684     691     692     699     698
     342   1   0     678     679     686     685     692     693     700     699
     343   2   0     673     680     694     687
     344   1   0     687     688     695     694     701     702     709     708
     345   1   0     688     689     696     695     702     703     710     709
     346   1   0     689     690     697     696     703     704     711     710
     347   1   0     690     691     698     697     704     705     712     711
     348   1   0     691     692     699     698     705     706     713     712
     349   1   0     692     693     700     699     706     707     714     713
     350   2   0     687     694     708     701
     351   1   0     701     702     709     708     715     716     723     722
     352   1   0     702     703     710     709     716     717     724     723
     353   1   0     703     704     711     710     717     718     725     724
     354   1   0     704     705     712     711     718     719     726     725
     355   1   0     705     706     713     712     719     720     727     726
     356   1   0     706     707     714     713     720     721     728     727
     357   2   0     701     708     722     715
     358   1   0     715     716     723     722     729     730     737     736
     359   1   0     716     717     724     723     730     731     738     737
     360   1   0     717     718     725     724     731     732     739     738
     361   1   0     718     719     726     725     732     733     740     739
     362   1   0     719     720     727     726     733     734     741     740
     363   1   0     720     721     728     727     734     735     742     741
     364   2   0     715     722     736     729
     365   1   0     729     730     737     736     743     744     751     750
     366   1   0     730     731     738     737     744     745     752     751
     367   1   0     731     732     739     738     745     746     753     752
     368   1   0     732     733     740     739     746     747     754     753
     369   1   0     733     734     741     740     747     748     755     754
     370   1   0     734     735     742     741     748     749     756     755
     371   2   0     729     736     750     743
     372   1   0     743     744     751     750     757     758     765     764
     373   1   0     744     745     752     751     758     759     766     765
     374   1   0     745     746     753     752     759     760     767     766
     375   1   0     746     747     754     753     760     761     768     767
     376   1   0     747     748     755     754     761     762     769     768
     377   1   0     748     749     756     755     762     763     770     769
     378   2   0     743     750     764     757
     379   1   0     757     758     765     764     771     772     779     778
     380   1   0     758     759     766     765     772     773     780     779
     381   1   0     759     760     767     766     773     774     781     780
     382   1   0     760     761     768     767     774     775     782     781
     383   1   0     761     762     769     768     775     776     783     782
     384   1   0     762     763     770     769     776     777     784     783
     385   2   0     757     764     778     771
     386   1   0     771     772     779     778     785     786     793     792
     387   1   0     772     773     780     779     786     787     794     793
     388   1   0     773     774     781     780     787     788     795     794
     389   1   0     774     775     782     781     788     789     796     795
     390   1   0     775     776     783     782     789     790     797     796
     391   1   0     776     777     784     783     790     791     798     797
     392   2   0     771     778     792     785
     393   1   0     785     786     793     792     799     800     807     806
     394   1   0     786     787     794     793     800     801     808     807
     395   1   0     787     788     795     794     801     802     809     808
     396   1   0     788     789     796     795     802     803     810     809
     397   1   0     789     790     797     796     803     804     811     810
     398   1   0     790     791     798     797     804     805     812     811
     399   2   0     785     792     806     799
     400   1   0     799     800     807     806     813     814     821     820
     401   1   0     800     801     808     807     814     815     822     821
     402   1   0     801     802     809     808     815     816     823     822
     403   1   0     802     803     810     809     816     817     824     823
     404   1   0     803     804     811     810     817     818     825     824
     405   1   0     804     805     812     811     818     819     826     825
     406   2   0     799     806     820     813
     407   1   0     813     814     821     820     827     828     835     834
     408   1   0     814     815     822     821     828     829     836     835
     409   1   0     815     816     823     822     829     830     837     836
     410   1   0     816     817     824     823     830     831     838     837
     411   1   0     817     818     825     824     831     832     839     838
     412   1   0     818     819     826     825     832     833     840     839
     413   2   0     813     820     834     827
     414   1   0     827     828     835     834     841     842     849     848
     415   1   0     828     829     836     835     842     843     850     849
     416   1   0     829     830     837     836     843     844     851     850
     417   1   0     830     831     838     837     844     845     852     851
     418   1   0     831     832     839     838     845     846     853     852
     419   1   0     832     833     840     839     846     847     854     853
     420   2   0     827     834     848     841
     421   1   0     841     842     849     848     855     856     863     862
     422   1   0     842     843     850     849     856     857     864     863
     423   1   0     843     844     851     850     857     858     865     864
     424   1   0     844     845     852     851     858     859     866     865
     425   1   0     845     846     853     852     859     860     867     866
     426   1   0     846     847     854     853     860     861     868     867
     427   2   0     841     848     862     855
     428   1   0     855     856     863     862     869     870     877     876
     429   1   0     856     857     864     863     870     871     878     877
     430   1   0     857     858     865     864     871     872     879     878
     431   1   0     858     859     866     865     872     873     880     879
     432   1   0     859     860     867     866     873     874     881     880
     433   1   0     860     861     868     867     874     875     882     881
     434   2   0     855     862     876     869
     435   1   0     869     870     877     876     883     884     891     890
     436   1   0     870     871     878     877     884     885     892     891
     437   1   0     871     872     879     878     885     886     893     892
     438   1   0     872     873     880     879     886     887     894     893
     439   1   0     873     874     881     880     887     888     895     894
     440   1   0     874     875     882     881     888     889     896     895
     441   2   0     869     876     890     883
     442   1   0     883     884     891     890     897     898     905     904
     443   1   0     884     885     892     891     898     899     906     905
     444   1   0     885     886     893     892     899     900     907     906
     445   1   0     886     887     894     893     900     901     908     907
     446   1   0     887     888     895     894     901     902     909     908
     447   1   0     888     889     896     895     902     903     910     909
     448   2   0     883     890     904     897
     449   1   0     897     898     905     904     911     912     919     918
     450   1   0     898     899     906     905     912     913     920     919
     451   1   0     899     900     907     906     913     914     921     920
     452   1   0     900     901     908     907     914     915     922     921
     453   1   0     901     902     909     908     915     916     923     922
     454   1   0     902     903     910     909     916     917     924     923
     455   2   0     897     904     918     911
     456   1   0     911     912     919     918     925     926     933     932
     457   1   0     912     913     920     919     926     927     934     933
     458   1   0     913     914     921     920     927     928     935     934
     459   1   0     914     915     922     921     928     929     936     935
     460   1   0     915     916     923     922     929     930     937     936
     461   1   0     916     917     924     923     930     931     938     937
     462   2   0     911     918     932     925
     463   1   0     925     926     933     932     939     940     947     946
     464   1   0     926     927     934     933     940     941     948     947
     465   1   0     927     928     935     934     941     942     949     948
     466   1   0     928     929     936     935     942     943     950     949
     467   1   0     929     930     937     936     943     944     951     950
     468   1   0     930     931     938     937     944     945     952     951
     469   2   0     925     932     946     939
     470   1   0     939     940     947     946     953     954     961     960
     471   1   0     940     941     948     947     954     955     962     961
     472   1   0     941     942     949     948     955     956     963     962
     473   1   0     942     943     950     949     956     957     964     963
     474   1   0     943     944     951     950     957     958     965     964
     475   1   0     944     945     952     951     958     959     966     965
     476   2   0     939     946     960     953
     477   1   0     953     954     961     960     967     968     975     974
     478   1   0     954     955     962     961     968     969     976     975
     479   1   0     955     956     963     962     969     970     977     976
     480   1   0     956     957     964     963     970     971     978     977
     481   1   0     957     958     965     964     971     972     979     978
     482   1   0     958     959     966     965     972     973     980     979
     483   2   0     953     960     974     967
     484   1   0     967     968     975     974     981     982     989     988
     485   1   0     968     969     976     975     982     983     990     989
     486   1   0     969     970     977     976     983     984     991     990
     487   1   0     970     971     978     977     984     985     992     991
     488   1   0     971     972     979     978     985     986     993     992
     489   1   0     972     973     980     979     986     987     994     993
     490   2   0     967     974     988     981
     491   1   0     981     982     989     988     995     996    1003    1002
     492   1   0     982     983     990     989     996     997    1004    1003
     493   1   0     983     984     991     990     997     998    1005    1004
     494   1   0     984     985     992     991     998     999    1006    1005
     495   1   0     985     986     993     992     999    1000    1007    1006
     496   1   0     986     987     994     993    1000    1001    1008    1007
     497   2   0     981     988    1002     995
     498   1   0     995     996    1003    1002    1009    1010    1017    1016
     499   1   0     996     997    1004    1003    1010    1011    1018    1017
     500   1   0     997     998    1005    1004    1011    1012    1019    1018
     501   1   0     998     999    1006    1005    1012    1013    1020    1019
     502   1   0     999    1000    1007    1006    1013    1014    1021    1020
     503   1   0    1000    1001    1008    1007    1014    1015    1022    1021
     504   2   0     995    1002    1016    1009
     505   1   0    1009    1010    1017    1016    1023    1024    1031    1030
     506   1   0    1010    1011    1018    1017    1024    1025    1032    1031
     507   1   0    1011    1012    1019    1018    1025    1026    1033    1032
     508   1   0    1012    1013    1020    1019    1026    1027    1034    1033
     509   1   0    1013    1014    1021    1020    1027    1028    1035    1034
     510   1   0    1014    1015    1022    1021    1028    1029    1036    1035
     511   2   0    1009    1016    1030    1023
     512   1   0    1023    1024    1031    1030    1037    1038    1045    1044
     513   1   0    1024    1025    1032    1031    1038    1039    1046    1045
     514   1   0    1025    1026    1033    1032    1039    1040    1047    1046
     515   1   0    1026    1027    1034    1033    1040    1041    1048    1047
     516   1   0    1027    1028    1035    1034    1041    1042    1049    1048
     517   1   0    1028    1029    1036    1035    1042    1043    1050    1049
     518   2   0    1023    1030    1044    1037
     519   1   0    1037    1038    1045    1044    1051    1052    1059    1058
     520   1   0    1038    1039    1046    1045    1052    1053    1060    1059
     521   1   0    1039    1040    1047    1046    1053    1054    1061    1060
     522   1   0    1040    1041    1048    1047    1054    1055    1062    1061
     523   1   0    1041    1042    1049    1048    1055    1056    1063    1062
     524   1   0    1042    1043    1050    1049    1056    1057    1064    1063
     525   2   0    1037    1044    1058    1051
     526   1   0    1051    1052    1059    1058    1065    1066    1073    1072
     527   1   0    1052    1053    1060    1059    1066    1067    1074    1073
     528   1   0    1053    1054    1061    1060    1067    1068    1075    1074
     529   1   0    1054    1055    1062    1061    1068    1069    1076    1075
     530   1   0    1055    1056    1063    1062    1069    1070    1077    1076
     531   1   0    1056    1057    1064    1063    1070    1071    1078    1077
     532   2   0    1051    1058    1072    1065
     533   1   0    1065    1066    1073    1072    1079    1080    1087    1086
     534   1   0    1066    1067    1074    1073    1080    1081    1088    1087
     535   1   0    1067    1068    1075    1074    1081    1082    1089    1088
     536   1   0    1068    1069    1076    1075    1082    1083    1090    1089
     537   1   0    1069    1070    1077    1076    1083    1084    1091    1090
     538   1   0    1070    1071    1078    1077    1084    1085    1092    1091
     539   2   0    1065    1072    1086    1079
     540   1   0    1079    1080    1087    1086    1093    1094    1101    1100
     541   1   0    1080    1081    1088    1087    1094    1095    1102    1101
     542   1   0    1081    1082    1089    1088    1095    1096    1103    1102
     543   1   0    1082    1083    1090    1089    1096    1097    1104    1103
     544   1   0    1083    1084    1091    1090    1097    1098    1105    1104
     545   1   0    1084    1085    1092    1091    1098    1099    1106    1105
     546   2   0    1079    1086    1100    1093
     547   1   0    1093    1094    1101    1100    1107    1108    1115    1114
     548   1   0    1094    1095    1102    1101    1108    1109    1116    1115
     549   1   0    1095    1096    1103    1102    1109    1110    1117    1116
     550   1   0    1096    1097    1104    1103    1110    1111    1118    1117
     551   1   0    1097    1098    1105    1104    1111    1112    1119    1118
     552   1   0    1098    1099    1106    1105    1112    1113    1120    1119
     553   2   0    1093    1100    1114    1107
     554   1   0    1107    1108    1115    1114    1121    1122    1129    1128
     555   1   0    1108    1109    1116    1115    1122    1123    1130    1129
     556   1   0    1109    1110    1117    1116    1123    1124    1131    1130
     557   1   0    1110    1111    1118    1117    1124    1125    1132    1131
     558   1   0    1111    1112    1119    1118    1125    1126    1133    1132
     559   1   0    1112    1113    1120    1119    1126    1127    1134    1133
     560   2   0    1107    1114    1128    1121
     561   1   0    1121    1122    1129    1128    1135    1136    1143    1142
     562   1   0    1122    1123    1130    1129    1136    1137    1144    1143
     563   1   0    1123    1124    1131    1130    1137    1138    1145    1144
     564   1   0    1124    1125    1132    1131    1138    1139    1146    1145
     565   1   0    1125    1126    1133    1132    1139    1140    1147    1146
     566   1   0    1126    1127    1134    1133    1140    1141    1148    1147
     567   2   0    1121    1128    1142    1135
     568   1   0    1135    1136    1143    1142    1149    1150    1157    1156
     569   1   0    1136    1137    1144    1143    1150    1151    1158    1157
     570   1   0    1137    1138    1145    1144    1151    1152    1159    1158
     571   1   0    1138    1139    1146    1145    1152    1153    1160    1159
     572   1   0    1139    1140    1147    1146    1153    1154    1161    1160
     573   1   0    1140    1141    1148    1147    1154    1155    1162    1161
     574   2   0    1135    1142    1156    1149
     575   1   0    1149    1150    1157    1156    1163    1164    1171    1170
     576   1   0    1150    1151    1158    1157    1164    1165    1172    1171
     577   1   0    1151    1152    1159    1158    1165    1166    1173    1172
     578   1   0    1152    1153    1160    1159    1166    1167    1174    1173
     579   1   0    1153    1154    1161    1160    1167    1168    1175    1174
     580   1   0    1154    1155    1162    1161    1168    1169    1176    1175
     581   2   0    1149    1156    1170    1163
     582   1   0    1163    1164    1171    1170    1177    1178    1185    1184
     583   1   0    1164    1165    1172    1171    1178    1179    1186    1185
     584   1   0    1165    1166    1173    1172    1179    1180    1187    1186
     585   1   0    1166    1167    1174    1173    1180    1181    1188    1187
     586   1   0    1167    1168    1175    1174    1181    1182    1189    1188
     587   1   0    1168    1169    1176    1175    1182    1183    1190    1189
     588   2   0    1163    1170    1184    1177
     589   1   0    1177    1178    1185    1184    1191    1192    1199    1198
     590   1   0    1178    1179    1186    1185    1192    1193    1200    1199
     591   1   0    1179    1180    1187    1186    1193    1194    1201    1200
     592   1   0    1180    1181    1188    1187    1194    1195    1202    1201
     593   1   0    1181    1182    1189    1188    1195    1196    1203    1202
     594   1   0    1182    1183    1190    1189    1196    1197    1204    1203
     595   2   0    1177    1184    1198    1191
     596   1   0    1191    1192    1199    1198    1205    1206    1213    1212
     597   1   0    1192    1193    1200    1199    1206    1207    1214    1213
     598   1   0    1193    1194    1201    1200    1207    1208    1215    1214
     599   1   0    1194    1195    1202    1201    1208    1209    1216    1215
     600   1   0    1195    1196    1203    1202    1209    1210    1217    1216
     601   1   0    1196    1197    1204    1203    1210    1211    1218    1217
     602   2   0    1191    1198    1212    1205
     603   1   0    1205    1206    1213    1212    1219    1220    1227    1226
     604   1   0    1206    1207    1214    1213    1220    1221    1228    1227
     605   1   0    1207    1208    1215    1214    1221    1222    1229    1228
     606   1   0    1208    1209    1216    1215    1222    1223    1230    1229
     607   1   0    1209    1210    1217    1216    1223    1224    1231    1230
     608   1   0    1210    1211    1218    1217    1224    1225    1232    1231
     609   2   0    1205    1212    1226    1219
     610   1   0    1219    1220    1227    1226    1233    1234    1241    1240
     611   1   0    1220    1221    1228    1227    1234    1235    1242    1241
     612   1   0    1221    1222    1229    1228    1235    1236    1243    1242
     613   1   0    1222    1223    1230    1229    1236    1237    1244    1243
     614   1   0    1223    1224    1231    1230    1237    1238    1245    1244
     615   1   0    1224    1225    1232    1231    1238    1239    1246    1245
     616   2   0    1219    1226    1240    1233
     617   1   0    1233    1234    1241    1240    1247    1248    1255    1254
     618   1   0    1234    1235    1242    1241    1248    1249    1256    1255
     619   1   0    1235    1236    1243    1242    1249    1250    1257    1256
     620   1   0    1236    1237    1244    1243    1250    1251    1258    1257
     621   1   0    1237    1238    1245    1244    1251    1252    1259    1258
     622   1   0    1238    1239    1246    1245    1252    1253    1260    1259
     623   2   0    1233    1240    1254    1247
     624   1   0    1247    1248    1255    1254    1261    1262    1269    1268
     625   1   0    1248    1249    1256    1255    1262    1263    1270    1269
     626   1   0    1249    1250    1257    1256    1263    1264    1271    1270
     627   1   0    1250    1251    1258    1257    1264    1265    1272    1271
     628   1   0    1251    1252    1259    1258    1265    1266    1273    1272
     629   1   0    1252    1253    1260    1259    1266    1267    1274    1273
     630   2   0    1247    1254    1268    1261
     631   1   0    1261    1262    1269    1268    1275    1276    1283    1282
     632   1   0    1262    1263    1270    1269    1276    1277    1284    1283
     633   1   0    1263    1264    1271    1270    1277    1278    1285    1284
     634   1   0    1264    1265    1272    1271    1278    1279    1286    1285
     635   1   0    1265    1266    1273    1272    1279    1280    1287    1286
     636   1   0    1266    1267    1274    1273    1280    1281    1288    1287
     637   2   0    1261    1268    1282    1275
     638   1   0    1275    1276    1283    1282    1289    1290    1297    1296
     639   1   0    1276    1277    1284    1283    1290    1291    1298    1297
     640   1   0    1277    1278    1285    1284    1291    1292    1299    1298
     641   1   0    1278    1279    1286    1285    1292    1293    1300    1299
     642   1   0    1279    1280    1287    1286    1293    1294    1301    1300
     643   1   0    1280    1281    1288    1287    1294    1295    1302    1301
     644   2   0    1275    1282    1296    1289
     645   1   0    1289    1290    1297    1296    1303    1304    1311    1310
     646   1   0    1290    1291    1298    1297    1304    1305    1312    1311
     647   1   0    1291    1292    1299    1298    1305    1306    1313    1312
     648   1   0    1292    1293    1300    1299    1306    1307    1314    1313
     649   1   0    1293    1294    1301    1300    1307    1308    1315    1314
     650   1   0    1294    1295    1302    1301    1308    1309    1316    1315
     651   2   0    1289    1296    1310    1303
     652   1   0    1303    1304    1311    1310    1317    1318    1325    1324
     653   1   0    1304    1305    1312    1311    1318    1319    1326    1325
     654   1   0    1305    1306    1313    1312    1319    1320    1327    1326
     655   1   0    1306    1307    1314    1313    1320    1321    1328    1327
     656   1   0    1307    1308    1315    1314    1321    1322    1329    1328
     657   1   0    1308    1309    1316    1315    1322    1323    1330    1329
     658   2   0    1303    1310    1324    1317
     659   1   0    1317    1318    1325    1324    1331    1332    1339    1338
     660   1   0    1318    1319    1326    1325    1332    1333    1340    1339
     661   1   0    1319    1320    1327    1326    1333    1334    1341    1340
     662   1   0    1320    1321    1328    1327    1334    1335    1342    1341
     663   1   0    1321    1322    1329    1328    1335    1336    1343    1342
     664   1   0    1322    1323    1330    1329    1336    1337    1344    1343
     665   2   0    1317    1324    1338    1331
     666   1   0    1331    1332    1339    1338    1345    1346    1353    1352
     667   1   0    1332    1333    1340    1339    1346    1347    1354    1353
     668   1   0    1333    1334    1341    1340    1347    1348    1355    1354
     669   1   0    1334    1335    1342    1341    1348    1349    1356    1355
     670   1   0    1335    1336    1343    1342    1349    1350    1357    1356
     671   1   0    1336    1337    1344    1343    1350    1351    1358    1357
     672   2   0    1331    1338    1352    1345

     E l e m e n t   S i z e   V a l u e s
          h-minimum =  6.5438E-04
          h-maximum =  1.4981E-03

     Tie all nodes with common coordinates


      Gap Tolerance =  2.7136E-05



       T i e  - - -  N o d a l   C o o r d i n a t e s

          The following nodes have been deleted:

            1      2      3      4      5      6      7      8      9     10
           11     12     13     14

         14 nodes merged by the tie command


 FEAP *** inflated fiber reinforced soft ring - circum. b.c. top surf. linked i

  E d g e    N o d a l    B.C.

    node  1-B.C.  2-B.C.  3-B.C.
      22       0       0       1
      23       0       0       1
      24       0       0       1
      25       0       0       1
      26       0       0       1
      27       0       0       1
      28       0       0       1
      36       0       0       1
      37       0       0       1
      38       0       0       1
      39       0       0       1
      40       0       0       1
      41       0       0       1
      42       0       0       1
      50       0       0       1
      51       0       0       1
      52       0       0       1
      53       0       0       1
      54       0       0       1
      55       0       0       1
      56       0       0       1
      64       0       0       1
      65       0       0       1
      66       0       0       1
      67       0       0       1
      68       0       0       1
      69       0       0       1
      70       0       0       1
      78       0       0       1
      79       0       0       1
      80       0       0       1
      81       0       0       1
      82       0       0       1
      83       0       0       1
      84       0       0       1
      92       0       0       1
      93       0       0       1
      94       0       0       1
      95       0       0       1
      96       0       0       1
      97       0       0       1
      98       0       0       1
     106       0       0       1
     107       0       0       1
     108       0       0       1
     109       0       0       1
     110       0       0       1
     111       0       0       1
     112       0       0       1
     120       0       0       1
     121       0       0       1
     122       0       0       1
     123       0       0       1
     124       0       0       1
     125       0       0       1
     126       0       0       1
     134       0       0       1
     135       0       0       1
     136       0       0       1
     137       0       0       1
     138       0       0       1
     139       0       0       1
     140       0       0       1
     148       0       0       1
     149       0       0       1
     150       0       0       1
     151       0       0       1
     152       0       0       1
     153       0       0       1
     154       0       0       1
     162       0       0       1
     163       0       0       1
     164       0       0       1
     165       0       0       1
     166       0       0       1
     167       0       0       1
     168       0       0       1
     176       0       0       1
     177       0       0       1
     178       0       0       1
     179       0       0       1
     180       0       0       1
     181       0       0       1
     182       0       0       1
     190       0       0       1
     191       0       0       1
     192       0       0       1
     193       0       0       1
     194       0       0       1
     195       0       0       1
     196       0       0       1
     204       0       0       1
     205       0       0       1
     206       0       0       1
     207       0       0       1
     208       0       0       1
     209       0       0       1
     210       0       0       1
     218       0       0       1
     219       0       0       1
     220       0       0       1
     221       0       0       1
     222       0       0       1
     223       0       0       1
     224       0       0       1
     232       0       0       1
     233       0       0       1
     234       0       0       1
     235       0       0       1
     236       0       0       1
     237       0       0       1
     238       0       0       1
     246       0       0       1
     247       0       0       1
     248       0       0       1
     249       0       0       1
     250       0       0       1
     251       0       0       1
     252       0       0       1
     260       0       0       1
     261       0       0       1
     262       0       0       1
     263       0       0       1
     264       0       0       1
     265       0       0       1
     266       0       0       1
     274       0       0       1
     275       0       0       1
     276       0       0       1
     277       0       0       1
     278       0       0       1
     279       0       0       1
     280       0       0       1
     288       0       0       1
     289       0       0       1
     290       0       0       1
     291       0       0       1
     292       0       0       1
     293       0       0       1
     294       0       0       1
     302       0       0       1
     303       0       0       1
     304       0       0       1
     305       0       0       1
     306       0       0       1
     307       0       0       1
     308       0       0       1
     316       0       0       1
     317       0       0       1
     318       0       0       1
     319       0       0       1
     320       0       0       1
     321       0       0       1
     322       0       0       1
     330       0       0       1
     331       0       0       1
     332       0       0       1
     333       0       0       1
     334       0       0       1
     335       0       0       1
     336       0       0       1
     344       0       0       1
     345       0       0       1
     346       0       0       1
     347       0       0       1
     348       0       0       1
     349       0       0       1
     350       0       0       1
     358       0       0       1
     359       0       0       1
     360       0       0       1
     361       0       0       1
     362       0       0       1
     363       0       0       1
     364       0       0       1
     372       0       0       1
     373       0       0       1
     374       0       0       1
     375       0       0       1
     376       0       0       1
     377       0       0       1
     378       0       0       1
     386       0       0       1
     387       0       0       1
     388       0       0       1
     389       0       0       1
     390       0       0       1
     391       0       0       1
     392       0       0       1
     400       0       0       1
     401       0       0       1
     402       0       0       1
     403       0       0       1
     404       0       0       1
     405       0       0       1
     406       0       0       1
     414       0       0       1
     415       0       0       1
     416       0       0       1
     417       0       0       1
     418       0       0       1
     419       0       0       1
     420       0       0       1
     428       0       0       1
     429       0       0       1
     430       0       0       1
     431       0       0       1
     432       0       0       1
     433       0       0       1
     434       0       0       1
     442       0       0       1
     443       0       0       1
     444       0       0       1
     445       0       0       1
     446       0       0       1
     447       0       0       1
     448       0       0       1
     456       0       0       1
     457       0       0       1
     458       0       0       1
     459       0       0       1
     460       0       0       1
     461       0       0       1
     462       0       0       1
     470       0       0       1
     471       0       0       1
     472       0       0       1
     473       0       0       1
     474       0       0       1
     475       0       0       1
     476       0       0       1
     484       0       0       1
     485       0       0       1
     486       0       0       1
     487       0       0       1
     488       0       0       1
     489       0       0       1
     490       0       0       1
     498       0       0       1
     499       0       0       1
     500       0       0       1
     501       0       0       1
     502       0       0       1
     503       0       0       1
     504       0       0       1
     512       0       0       1
     513       0       0       1
     514       0       0       1
     515       0       0       1
     516       0       0       1
     517       0       0       1
     518       0       0       1
     526       0       0       1
     527       0       0       1
     528       0       0       1
     529       0       0       1
     530       0       0       1
     531       0       0       1
     532       0       0       1
     540       0       0       1
     541       0       0       1
     542       0       0       1
     543       0       0       1
     544       0       0       1
     545       0       0       1
     546       0       0       1
     554       0       0       1
     555       0       0       1
     556       0       0       1
     557       0       0       1
     558       0       0       1
     559       0       0       1
     560       0       0       1
     568       0       0       1
     569       0       0       1
     570       0       0       1
     571       0       0       1
     572       0       0       1
     573       0       0       1
     574       0       0       1
     582       0       0       1
     583       0       0       1
     584       0       0       1
     585       0       0       1
     586       0       0       1
     587       0       0       1
     588       0       0       1
     596       0       0       1
     597       0       0       1
     598       0       0       1
     599       0       0       1
     600       0       0       1
     601       0       0       1
     602       0       0       1
     610       0       0       1
     611       0       0       1
     612       0       0       1
     613       0       0       1
     614       0       0       1
     615       0       0       1
     616       0       0       1
     624       0       0       1
     625       0       0       1
     626       0       0       1
     627       0       0       1
     628       0       0       1
     629       0       0       1
     630       0       0       1
     638       0       0       1
     639       0       0       1
     640       0       0       1
     641       0       0       1
     642       0       0       1
     643       0       0       1
     644       0       0       1
     652       0       0       1
     653       0       0       1
     654       0       0       1
     655       0       0       1
     656       0       0       1
     657       0       0       1
     658       0       0       1
     666       0       0       1
     667       0       0       1
     668       0       0       1
     669       0       0       1
     670       0       0       1
     671       0       0       1
     672       0       0       1
     680       0       0       1
     681       0       0       1
     682       0       0       1
     683       0       0       1
     684       0       0       1
     685       0       0       1
     686       0       0       1
     694       0       0       1
     695       0       0       1
     696       0       0       1
     697       0       0       1
     698       0       0       1
     699       0       0       1
     700       0       0       1
     708       0       0       1
     709       0       0       1
     710       0       0       1
     711       0       0       1
     712       0       0       1
     713       0       0       1
     714       0       0       1
     722       0       0       1
     723       0       0       1
     724       0       0       1
     725       0       0       1
     726       0       0       1
     727       0       0       1
     728       0       0       1
     736       0       0       1
     737       0       0       1
     738       0       0       1
     739       0       0       1
     740       0       0       1
     741       0       0       1
     742       0       0       1
     750       0       0       1
     751       0       0       1
     752       0       0       1
     753       0       0       1
     754       0       0       1
     755       0       0       1
     756       0       0       1
     764       0       0       1
     765       0       0       1
     766       0       0       1
     767       0       0       1
     768       0       0       1
     769       0       0       1
     770       0       0       1
     778       0       0       1
     779       0       0       1
     780       0       0       1
     781       0       0       1
     782       0       0       1
     783       0       0       1
     784       0       0       1
     792       0       0       1
     793       0       0       1
     794       0       0       1
     795       0       0       1
     796       0       0       1
     797       0       0       1
     798       0       0       1
     806       0       0       1
     807       0       0       1
     808       0       0       1
     809       0       0       1
     810       0       0       1
     811       0       0       1
     812       0       0       1
     820       0       0       1
     821       0       0       1
     822       0       0       1
     823       0       0       1
     824       0       0       1
     825       0       0       1
     826       0       0       1
     834       0       0       1
     835       0       0       1
     836       0       0       1
     837       0       0       1
     838       0       0       1
     839       0       0       1
     840       0       0       1
     848       0       0       1
     849       0       0       1
     850       0       0       1
     851       0       0       1
     852       0       0       1
     853       0       0       1
     854       0       0       1
     862       0       0       1
     863       0       0       1
     864       0       0       1
     865       0       0       1
     866       0       0       1
     867       0       0       1
     868       0       0       1
     876       0       0       1
     877       0       0       1
     878       0       0       1
     879       0       0       1
     880       0       0       1
     881       0       0       1
     882       0       0       1
     890       0       0       1
     891       0       0       1
     892       0       0       1
     893       0       0       1
     894       0       0       1
     895       0       0       1
     896       0       0       1
     904       0       0       1
     905       0       0       1
     906       0       0       1
     907       0       0       1
     908       0       0       1
     909       0       0       1
     910       0       0       1
     918       0       0       1
     919       0       0       1
     920       0       0       1
     921       0       0       1
     922       0       0       1
     923       0       0       1
     924       0       0       1
     932       0       0       1
     933       0       0       1
     934       0       0       1
     935       0       0       1
     936       0       0       1
     937       0       0       1
     938       0       0       1
     946       0       0       1
     947       0       0       1
     948       0       0       1
     949       0       0       1
     950       0       0       1
     951       0       0       1
     952       0       0       1
     960       0       0       1
     961       0       0       1
     962       0       0       1
     963       0       0       1
     964       0       0       1
     965       0       0       1
     966       0       0       1
     974       0       0       1
     975       0       0       1
     976       0       0       1
     977       0       0       1
     978       0       0       1
     979       0       0       1
     980       0       0       1
     988       0       0       1
     989       0       0       1
     990       0       0       1
     991       0       0       1
     992       0       0       1
     993       0       0       1
     994       0       0       1
    1002       0       0       1
    1003       0       0       1
    1004       0       0       1
    1005       0       0       1
    1006       0       0       1
    1007       0       0       1
    1008       0       0       1
    1016       0       0       1
    1017       0       0       1
    1018       0       0       1
    1019       0       0       1
    1020       0       0       1
    1021       0       0       1
    1022       0       0       1
    1030       0       0       1
    1031       0       0       1
    1032       0       0       1
    1033       0       0       1
    1034       0       0       1
    1035       0       0       1
    1036       0       0       1
    1044       0       0       1
    1045       0       0       1
    1046       0       0       1
    1047       0       0       1
    1048       0       0       1
    1049       0       0       1
    1050       0       0       1
    1058       0       0       1
    1059       0       0       1
    1060       0       0       1
    1061       0       0       1
    1062       0       0       1
    1063       0       0       1
    1064       0       0       1
    1072       0       0       1
    1073       0       0       1
    1074       0       0       1
    1075       0       0       1
    1076       0       0       1
    1077       0       0       1
    1078       0       0       1
    1086       0       0       1
    1087       0       0       1
    1088       0       0       1
    1089       0       0       1
    1090       0       0       1
    1091       0       0       1
    1092       0       0       1
    1100       0       0       1
    1101       0       0       1
    1102       0       0       1
    1103       0       0       1
    1104       0       0       1
    1105       0       0       1
    1106       0       0       1
    1114       0       0       1
    1115       0       0       1
    1116       0       0       1
    1117       0       0       1
    1118       0       0       1
    1119       0       0       1
    1120       0       0       1
    1128       0       0       1
    1129       0       0       1
    1130       0       0       1
    1131       0       0       1
    1132       0       0       1
    1133       0       0       1
    1134       0       0       1
    1142       0       0       1
    1143       0       0       1
    1144       0       0       1
    1145       0       0       1
    1146       0       0       1
    1147       0       0       1
    1148       0       0       1
    1156       0       0       1
    1157       0       0       1
    1158       0       0       1
    1159       0       0       1
    1160       0       0       1
    1161       0       0       1
    1162       0       0       1
    1170       0       0       1
    1171       0       0       1
    1172       0       0       1
    1173       0       0       1
    1174       0       0       1
    1175       0       0       1
    1176       0       0       1
    1184       0       0       1
    1185       0       0       1
    1186       0       0       1
    1187       0       0       1
    1188       0       0       1
    1189       0       0       1
    1190       0       0       1
    1198       0       0       1
    1199       0       0       1
    1200       0       0       1
    1201       0       0       1
    1202       0       0       1
    1203       0       0       1
    1204       0       0       1
    1212       0       0       1
    1213       0       0       1
    1214       0       0       1
    1215       0       0       1
    1216       0       0       1
    1217       0       0       1
    1218       0       0       1
    1226       0       0       1
    1227       0       0       1
    1228       0       0       1
    1229       0       0       1
    1230       0       0       1
    1231       0       0       1
    1232       0       0       1
    1240       0       0       1
    1241       0       0       1
    1242       0       0       1
    1243       0       0       1
    1244       0       0       1
    1245       0       0       1
    1246       0       0       1
    1254       0       0       1
    1255       0       0       1
    1256       0       0       1
    1257       0       0       1
    1258       0       0       1
    1259       0       0       1
    1260       0       0       1
    1268       0       0       1
    1269       0       0       1
    1270       0       0       1
    1271       0       0       1
    1272       0       0       1
    1273       0       0       1
    1274       0       0       1
    1282       0       0       1
    1283       0       0       1
    1284       0       0       1
    1285       0       0       1
    1286       0       0       1
    1287       0       0       1
    1288       0       0       1
    1296       0       0       1
    1297       0       0       1
    1298       0       0       1
    1299       0       0       1
    1300       0       0       1
    1301       0       0       1
    1302       0       0       1
    1310       0       0       1
    1311       0       0       1
    1312       0       0       1
    1313       0       0       1
    1314       0       0       1
    1315       0       0       1
    1316       0       0       1
    1324       0       0       1
    1325       0       0       1
    1326       0       0       1
    1327       0       0       1
    1328       0       0       1
    1329       0       0       1
    1330       0       0       1
    1338       0       0       1
    1339       0       0       1
    1340       0       0       1
    1341       0       0       1
    1342       0       0       1
    1343       0       0       1
    1344       0       0       1
    1352       0       0       1
    1353       0       0       1
    1354       0       0       1
    1355       0       0       1
    1356       0       0       1
    1357       0       0       1
    1358       0       0       1

       P o l a r    S u r f a c e

     x_Coord.     y_Coord.     z_Coord.
   0.0000E+00   0.0000E+00   0.0000E+00

 FEAP *** inflated fiber reinforced soft ring - circum. b.c. top surf. linked i

   C o o r d i n a t e    S u r f a c e   A n g l e s

      Node    1 Coord    2 Coord    3 Coord      Angle
         1  1.000E-02 -1.800E+02  0.000E+00 -1.800E+02
         2  1.000E-02 -1.800E+02  5.000E-03 -1.800E+02
         3  1.000E-02 -9.000E+01  5.000E-03 -9.000E+01
         4  1.000E-02 -9.000E+01  0.000E+00 -9.000E+01
         5  1.000E-02 -1.800E+02  2.500E-03 -1.800E+02
         6  1.000E-02 -1.350E+02  5.000E-03 -1.350E+02
         7  1.000E-02 -9.000E+01  2.500E-03 -9.000E+01
         8  1.000E-02 -1.350E+02  0.000E+00 -1.350E+02
         9  1.000E-02 -1.350E+02  2.500E-03 -1.350E+02

       N o d a l    A n g l e s

          Global Node    Angle

                 673 -1.800E+02
                 680 -1.800E+02
                 687 -1.762E+02
                 694 -1.762E+02
                 701 -1.725E+02
                 708 -1.725E+02
                 715 -1.687E+02
                 722 -1.688E+02
                 729 -1.650E+02
                 736 -1.650E+02
                 743 -1.613E+02
                 750 -1.613E+02
                 757 -1.575E+02
                 764 -1.575E+02
                 771 -1.538E+02
                 778 -1.538E+02
                 785 -1.500E+02
                 792 -1.500E+02
                 799 -1.462E+02
                 806 -1.462E+02
                 813 -1.425E+02
                 820 -1.425E+02
                 827 -1.388E+02
                 834 -1.388E+02
                 841 -1.350E+02
                 848 -1.350E+02
                 855 -1.313E+02
                 862 -1.313E+02
                 869 -1.275E+02
                 876 -1.275E+02
                 883 -1.238E+02
                 890 -1.238E+02
                 897 -1.200E+02
                 904 -1.200E+02
                 911 -1.163E+02
                 918 -1.163E+02
                 925 -1.125E+02
                 932 -1.125E+02
                 939 -1.088E+02
                 946 -1.088E+02
                 953 -1.050E+02
                 960 -1.050E+02
                 967 -1.013E+02
                 974 -1.013E+02
                 981 -9.750E+01
                 988 -9.750E+01
                 995 -9.375E+01
                1002 -9.375E+01
                1009 -9.000E+01
                1016 -9.000E+01

 FEAP *** inflated fiber reinforced soft ring - circum. b.c. top surf. linked i

   C o o r d i n a t e    S u r f a c e   A n g l e s

      Node    1 Coord    2 Coord    3 Coord      Angle
         1  1.000E-02 -9.000E+01  0.000E+00 -9.000E+01
         2  1.000E-02 -9.000E+01  5.000E-03 -9.000E+01
         3  1.000E-02  0.000E+00  5.000E-03  0.000E+00
         4  1.000E-02  0.000E+00  0.000E+00  0.000E+00
         5  1.000E-02 -9.000E+01  2.500E-03 -9.000E+01
         6  1.000E-02 -4.500E+01  5.000E-03 -4.500E+01
         7  1.000E-02  0.000E+00  2.500E-03  0.000E+00
         8  1.000E-02 -4.500E+01  0.000E+00 -4.500E+01
         9  1.000E-02 -4.500E+01  2.500E-03 -4.500E+01

       N o d a l    A n g l e s

          Global Node    Angle

                   1 -4.996E-15
                   8 -4.996E-15
                1009 -9.000E+01
                1016 -9.000E+01
                1023 -8.625E+01
                1030 -8.625E+01
                1037 -8.250E+01
                1044 -8.250E+01
                1051 -7.875E+01
                1058 -7.875E+01
                1065 -7.500E+01
                1072 -7.500E+01
                1079 -7.125E+01
                1086 -7.125E+01
                1093 -6.750E+01
                1100 -6.750E+01
                1107 -6.375E+01
                1114 -6.375E+01
                1121 -6.000E+01
                1128 -6.000E+01
                1135 -5.625E+01
                1142 -5.625E+01
                1149 -5.250E+01
                1156 -5.250E+01
                1163 -4.875E+01
                1170 -4.875E+01
                1177 -4.500E+01
                1184 -4.500E+01
                1191 -4.125E+01
                1198 -4.125E+01
                1205 -3.750E+01
                1212 -3.750E+01
                1219 -3.375E+01
                1226 -3.375E+01
                1233 -3.000E+01
                1240 -3.000E+01
                1247 -2.625E+01
                1254 -2.625E+01
                1261 -2.250E+01
                1268 -2.250E+01
                1275 -1.875E+01
                1282 -1.875E+01
                1289 -1.500E+01
                1296 -1.500E+01
                1303 -1.125E+01
                1310 -1.125E+01
                1317 -7.500E+00
                1324 -7.500E+00
                1331 -3.750E+00
                1338 -3.750E+00
                1345 -1.998E-14
                1352 -1.998E-14

 FEAP *** inflated fiber reinforced soft ring - circum. b.c. top surf. linked i

   C o o r d i n a t e    S u r f a c e   A n g l e s

      Node    1 Coord    2 Coord    3 Coord      Angle
         1  1.000E-02  0.000E+00  0.000E+00  0.000E+00
         2  1.000E-02  0.000E+00  5.000E-03  0.000E+00
         3  1.000E-02  9.000E+01  5.000E-03  9.000E+01
         4  1.000E-02  9.000E+01  0.000E+00  9.000E+01
         5  1.000E-02  0.000E+00  2.500E-03  0.000E+00
         6  1.000E-02  4.500E+01  5.000E-03  4.500E+01
         7  1.000E-02  9.000E+01  2.500E-03  9.000E+01
         8  1.000E-02  4.500E+01  0.000E+00  4.500E+01
         9  1.000E-02  4.500E+01  2.500E-03  4.500E+01

       N o d a l    A n g l e s

          Global Node    Angle

                   1  4.996E-15
                   8  4.996E-15
                  15  3.750E+00
                  22  3.750E+00
                  29  7.500E+00
                  36  7.500E+00
                  43  1.125E+01
                  50  1.125E+01
                  57  1.500E+01
                  64  1.500E+01
                  71  1.875E+01
                  78  1.875E+01
                  85  2.250E+01
                  92  2.250E+01
                  99  2.625E+01
                 106  2.625E+01
                 113  3.000E+01
                 120  3.000E+01
                 127  3.375E+01
                 134  3.375E+01
                 141  3.750E+01
                 148  3.750E+01
                 155  4.125E+01
                 162  4.125E+01
                 169  4.500E+01
                 176  4.500E+01
                 183  4.875E+01
                 190  4.875E+01
                 197  5.250E+01
                 204  5.250E+01
                 211  5.625E+01
                 218  5.625E+01
                 225  6.000E+01
                 232  6.000E+01
                 239  6.375E+01
                 246  6.375E+01
                 253  6.750E+01
                 260  6.750E+01
                 267  7.125E+01
                 274  7.125E+01
                 281  7.500E+01
                 288  7.500E+01
                 295  7.875E+01
                 302  7.875E+01
                 309  8.250E+01
                 316  8.250E+01
                 323  8.625E+01
                 330  8.625E+01
                 337  9.000E+01
                 344  9.000E+01
                1345 -9.992E-15
                1352 -9.992E-15

 FEAP *** inflated fiber reinforced soft ring - circum. b.c. top surf. linked i

   C o o r d i n a t e    S u r f a c e   A n g l e s

      Node    1 Coord    2 Coord    3 Coord      Angle
         1  1.000E-02  9.000E+01  0.000E+00  9.000E+01
         2  1.000E-02  9.000E+01  5.000E-03  9.000E+01
         3  1.000E-02  1.800E+02  5.000E-03  1.800E+02
         4  1.000E-02  1.800E+02  0.000E+00  1.800E+02
         5  1.000E-02  9.000E+01  2.500E-03  9.000E+01
         6  1.000E-02  1.350E+02  5.000E-03  1.350E+02
         7  1.000E-02  1.800E+02  2.500E-03  1.800E+02
         8  1.000E-02  1.350E+02  0.000E+00  1.350E+02
         9  1.000E-02  1.350E+02  2.500E-03  1.350E+02

       N o d a l    A n g l e s

          Global Node    Angle

                 337  9.000E+01
                 344  9.000E+01
                 351  9.375E+01
                 358  9.375E+01
                 365  9.750E+01
                 372  9.750E+01
                 379  1.012E+02
                 386  1.012E+02
                 393  1.050E+02
                 400  1.050E+02
                 407  1.087E+02
                 414  1.087E+02
                 421  1.125E+02
                 428  1.125E+02
                 435  1.162E+02
                 442  1.162E+02
                 449  1.200E+02
                 456  1.200E+02
                 463  1.238E+02
                 470  1.238E+02
                 477  1.275E+02
                 484  1.275E+02
                 491  1.312E+02
                 498  1.312E+02
                 505  1.350E+02
                 512  1.350E+02
                 519  1.388E+02
                 526  1.388E+02
                 533  1.425E+02
                 540  1.425E+02
                 547  1.462E+02
                 554  1.463E+02
                 561  1.500E+02
                 568  1.500E+02
                 575  1.538E+02
                 582  1.538E+02
                 589  1.575E+02
                 596  1.575E+02
                 603  1.612E+02
                 610  1.612E+02
                 617  1.650E+02
                 624  1.650E+02
                 631  1.687E+02
                 638  1.688E+02
                 645  1.725E+02
                 652  1.725E+02
                 659  1.762E+02
                 666  1.762E+02
                 673  1.800E+02
                 680  1.800E+02

       P o l a r    S u r f a c e

     x_Coord.     y_Coord.     z_Coord.
   0.0000E+00   0.0000E+00   0.0000E+00

 FEAP *** inflated fiber reinforced soft ring - circum. b.c. top surf. linked i

   C o o r d i n a t e   S u r f a c e   B o u n d a r y   C o n d i t i o n s

      Node    1 Coord    2 Coord    3 Coord 1-BC 2-BC 3-BC
                                               0    1    0
         1  9.900E-03 -1.800E+02  0.000E+00
         2  9.900E-03 -9.000E+01  0.000E+00
         3  1.010E-02 -9.000E+01  0.000E+00
         4  1.010E-02 -1.800E+02  0.000E+00
         5  9.900E-03 -1.350E+02  0.000E+00
         6  1.000E-02 -9.000E+01  0.000E+00
         7  1.010E-02 -1.350E+02  0.000E+00
         8  1.000E-02 -1.800E+02  0.000E+00
         9  1.000E-02 -1.350E+02  0.000E+00

      Node  1-BC  2-BC  3-BC
       680     0     1     1
       694     0     1     1
       708     0     1     1
       722     0     1     1
       736     0     1     1
       750     0     1     1
       764     0     1     1
       778     0     1     1
       792     0     1     1
       806     0     1     1
       820     0     1     1
       834     0     1     1
       848     0     1     1
       862     0     1     1
       876     0     1     1
       890     0     1     1
       904     0     1     1
       918     0     1     1
       932     0     1     1
       946     0     1     1
       960     0     1     1
       974     0     1     1
       988     0     1     1
      1002     0     1     1
      1016     0     1     1

 FEAP *** inflated fiber reinforced soft ring - circum. b.c. top surf. linked i

   C o o r d i n a t e   S u r f a c e   B o u n d a r y   C o n d i t i o n s

      Node    1 Coord    2 Coord    3 Coord 1-BC 2-BC 3-BC
                                               0    1    0
         1  9.900E-03 -9.000E+01  0.000E+00
         2  9.900E-03  0.000E+00  0.000E+00
         3  1.010E-02  0.000E+00  0.000E+00
         4  1.010E-02 -9.000E+01  0.000E+00
         5  9.900E-03 -4.500E+01  0.000E+00
         6  1.000E-02  0.000E+00  0.000E+00
         7  1.010E-02 -4.500E+01  0.000E+00
         8  1.000E-02 -9.000E+01  0.000E+00
         9  1.000E-02 -4.500E+01  0.000E+00

      Node  1-BC  2-BC  3-BC
         8     1     2     1
      1016     0     2     1
      1030     0     1     1
      1044     0     1     1
      1058     0     1     1
      1072     0     1     1
      1086     0     1     1
      1100     0     1     1
      1114     0     1     1
      1128     0     1     1
      1142     0     1     1
      1156     0     1     1
      1170     0     1     1
      1184     0     1     1
      1198     0     1     1
      1212     0     1     1
      1226     0     1     1
      1240     0     1     1
      1254     0     1     1
      1268     0     1     1
      1282     0     1     1
      1296     0     1     1
      1310     0     1     1
      1324     0     1     1
      1338     0     1     1
      1352     0     1     1

 FEAP *** inflated fiber reinforced soft ring - circum. b.c. top surf. linked i

   C o o r d i n a t e   S u r f a c e   B o u n d a r y   C o n d i t i o n s

      Node    1 Coord    2 Coord    3 Coord 1-BC 2-BC 3-BC
                                               0    1    0
         1  9.900E-03  0.000E+00  0.000E+00
         2  9.900E-03  9.000E+01  0.000E+00
         3  1.010E-02  9.000E+01  0.000E+00
         4  1.010E-02  0.000E+00  0.000E+00
         5  9.900E-03  4.500E+01  0.000E+00
         6  1.000E-02  9.000E+01  0.000E+00
         7  1.010E-02  4.500E+01  0.000E+00
         8  1.000E-02  0.000E+00  0.000E+00
         9  1.000E-02  4.500E+01  0.000E+00

      Node  1-BC  2-BC  3-BC
         8     1     3     1
        22     0     1     1
        36     0     1     1
        50     0     1     1
        64     0     1     1
        78     0     1     1
        92     0     1     1
       106     0     1     1
       120     0     1     1
       134     0     1     1
       148     0     1     1
       162     0     1     1
       176     0     1     1
       190     0     1     1
       204     0     1     1
       218     0     1     1
       232     0     1     1
       246     0     1     1
       260     0     1     1
       274     0     1     1
       288     0     1     1
       302     0     1     1
       316     0     1     1
       330     0     1     1
       344     0     1     1
      1352     0     2     1

 FEAP *** inflated fiber reinforced soft ring - circum. b.c. top surf. linked i

   C o o r d i n a t e   S u r f a c e   B o u n d a r y   C o n d i t i o n s

      Node    1 Coord    2 Coord    3 Coord 1-BC 2-BC 3-BC
                                               0    1    0
         1  9.900E-03  9.000E+01  0.000E+00
         2  9.900E-03  1.800E+02  0.000E+00
         3  1.010E-02  1.800E+02  0.000E+00
         4  1.010E-02  9.000E+01  0.000E+00
         5  9.900E-03  1.350E+02  0.000E+00
         6  1.000E-02  1.800E+02  0.000E+00
         7  1.010E-02  1.350E+02  0.000E+00
         8  1.000E-02  9.000E+01  0.000E+00
         9  1.000E-02  1.350E+02  0.000E+00

      Node  1-BC  2-BC  3-BC
       344     0     2     1
       358     0     1     1
       372     0     1     1
       386     0     1     1
       400     0     1     1
       414     0     1     1
       428     0     1     1
       442     0     1     1
       456     0     1     1
       470     0     1     1
       484     0     1     1
       498     0     1     1
       512     0     1     1
       526     0     1     1
       540     0     1     1
       554     0     1     1
       568     0     1     1
       582     0     1     1
       596     0     1     1
       610     0     1     1
       624     0     1     1
       638     0     1     1
       652     0     1     1
       666     0     1     1
       680     0     2     1

    Material  Element Set  Element Type  NH1/2 History  NH3 History  NH4 History
         1            1     Solid                 0            0            0
         2            2     Pressure              0            0            0

     P a r t i t i o n   1

     E q u a t i o n / P r o b l e m   S u m m a r y:

       Mesh dimension  (ndm) =         3 :  Number nodes     =            1358
       Number dof/node (ndf) =         3 :  Number elements  =             672
       Element eqs.   (nadd) =         0 :  Number materials =               2
       Number rigid bodies   =         0 :  Number equations =            3264
                                         :  Number global eq =               0
       Number joints         =         0 :  Number tang terms=          250740
       Transient integrator  = Static    :  Average col. ht. =              77


  ---------------------------- END OF MESH INPUTS ----------------------------


 FEAP *** inflated fiber reinforced soft ring - circum. b.c. top surf. linked i

     Solution Commands       Variable 1  Variable 2  Variable 3
       PROP                  1.0000E+00  0.0000E+00  0.0000E+00
 *Command   1 * prop                v:   1.00       0.00       0.00    
                                                         t=     0.138     0.032
  Proportional Load Table Number  1
  Type 2: Piecewise Linear Function Variation
  Linear Interpolation Table
   No.    Time        Value
    1   0.00000E+00   0.00000E+00
    2   1.00000E+00   1.00000E+00
 *End of Solution Execution*                             t=     0.138     0.033

 FEAP *** inflated fiber reinforced soft ring - circum. b.c. top surf. linked i

     Solution Commands       Variable 1  Variable 2  Variable 3
       CYLI                  0.0000E+00  0.0000E+00  0.0000E+00
       TPLOT                 1.0000E+00  0.0000E+00  0.0000E+00
 *Command   1 * cyli                v:   0.00       0.00       0.00    
                                                         t=     0.139     0.033
   Coordinates in Cartesian coordinates;
 Displacements in cylindrical coordinates.
   Transformation origin located at:
    x(1) =  0.00000E+00    x(2) =  0.00000E+00    x(3) =  0.00000E+00
 *Command   2 * tplo                v:   1.00       0.00       0.00    
                                                         t=     0.139     0.033

   Output interval for time history data =   1
 *End of Solution Execution*                             t=     0.140     0.033

 FEAP *** inflated fiber reinforced soft ring - circum. b.c. top surf. linked i

     Solution Commands       Variable 1  Variable 2  Variable 3
       PLOT      PERS        1.0000E+00  0.0000E+00  0.0000E+00
 *Command   1 * plot PERS           v:   1.00       0.00       0.00    
                                                         t=     0.141     0.033
 Body occupies the space with:
                 X             Y             Z
   Minimum   -1.50000E-02  -1.50000E-02   0.00000E+00
   Maximum    1.50000E-02   1.50000E-02   8.00000E-04
   View pt    0.00000E+00   0.00000E+00   3.00000E-01

   Components of vertical vector   (X,Y,Z).
          X= 1.00E+00, Y= 0.00E+00, Z= 0.00E+00

 *End of Solution Execution*                             t=     0.148     0.037

 FEAP *** inflated fiber reinforced soft ring - circum. b.c. top surf. linked i

     Solution Commands       Variable 1  Variable 2  Variable 3
       PLOT      HIDE        0.0000E+00  0.0000E+00  0.0000E+00
       PLOT      MESH        0.0000E+00  0.0000E+00  0.0000E+00
       PLOT      AXIS        0.0000E+00  0.0000E+00  0.0000E+00
       PLOT      CYLI        0.0000E+00  0.0000E+00  0.0000E+00
       PLOT      DEFO        0.0000E+00  0.0000E+00  0.0000E+00
 *Command   1 * plot HIDE           v:   0.00       0.00       0.00    
                                                         t=     0.149     0.037
 *Command   2 * plot MESH           v:   0.00       0.00       0.00    
                                                         t=     0.149     0.037
 *Command   3 * plot AXIS           v:   0.00       0.00       0.00    
                                                         t=     0.150     0.037
 *Command   4 * plot CYLI           v:   0.00       0.00       0.00    
                                                         t=     0.150     0.038
 *Command   5 * plot DEFO           v:   0.00       0.00       0.00    
                                                         t=     0.150     0.038
  -> Plots on deformed mesh with scale: 1.00000E+00
                     Eigenvector scale: 0.00000E+00
 *End of Solution Execution*                             t=     0.150     0.038

 FEAP *** inflated fiber reinforced soft ring - circum. b.c. top surf. linked i

     Solution Commands       Variable 1  Variable 2  Variable 3
       cyli      0           0.0000E+00  0.0000E+00  0.0000E+00
       LOOP      time        1.0000E+01  0.0000E+00  0.0000E+00
       DT                    1.0000E-01  0.0000E+00  0.0000E+00
       TIME                  0.0000E+00  0.0000E+00  0.0000E+00
       LOOP      augment     3.0000E+00  0.0000E+00  0.0000E+00
       AUGMent               0.0000E+00  0.0000E+00  0.0000E+00
       LOOP      newton      5.0000E+01  0.0000E+00  0.0000E+00
       UTANG                 1.0000E+00  0.0000E+00  0.0000E+00
       NEXT      newton      0.0000E+00  0.0000E+00  0.0000E+00
       NEXT      augment     0.0000E+00  0.0000E+00  0.0000E+00
       PLOT      WIPE        0.0000E+00  0.0000E+00  0.0000E+00
       PLOT      UNDE        0.0000E+00  0.0000E+00  0.0000E+00
       PLOT      MESH        0.0000E+00  0.0000E+00  0.0000E+00
       PLOT      DEFO        1.0000E+00  1.0000E+00  0.0000E+00
       STRE      ne          1.0000E+00  0.0000E+00  0.0000E+00
       NEXT      time        0.0000E+00  0.0000E+00  0.0000E+00
 *Command   1 * cyli 0              v:   0.00       0.00       0.00    
                                                         t=     0.151     0.038
   Coordinates in Cartesian coordinates;
 Displacements in cylindrical coordinates.
   Transformation origin located at:
    x(1) =  0.00000E+00    x(2) =  0.00000E+00    x(3) =  0.00000E+00
 *Command   2 * loop time           v:   10.0       17.0       0.00    
                                                         t=     0.151     0.038
 *Command   3 * dt                  v:  0.100       0.00       0.00    
                                                         t=     0.152     0.038
   DT: equal linear increments = 1.000000E-01
 *Command   4 * time                v:   0.00       0.00       0.00    
                                                         t=     0.152     0.038

   Computing solution at time   1.0000E-01 using dt =  1.0000E-01
   Total proportional load is   1.0000E-01
 *Command   5 * loop augment        v:   3.00       11.0       0.00    
                                                         t=     0.161     0.040
 *Command   6 * augm                v:   0.00       0.00       0.00    
                                                         t=     0.161     0.040
   Current Augmented Lagrangian Factor =  1.00000E+00
 *Command   7 * loop newton         v:   50.0       10.0       0.00    
                                                         t=     0.166     0.040
 *Command   8 * utan                v:   1.00       0.00       0.00    
                                                         t=     0.166     0.040
   Residual 1 norm =  3.6250094E-02 Rel =  1.0000000E+00 t=     0.185     0.045
      Convergence: Equations  norm   = F
      Convergence: Individual groups = F
 Condition check: D-max 0.1250E+04; D-min 0.1750E+03; Ratio 0.7143E+01
 Maximum no. diagonal digits lost:  1 in reducing equation    3263
   End Triangular Decomposition                          t=     0.208     0.046
   Number of operations =  249608 plus       20 Mega-ops
  Time: CPU =         0.21 , System =         0.05
--> SOLVE AT  1798.05 Mflops. Time=        0.02
   Energy convergence check
    Initial   =    1.554824170566938E-04 Current   =    1.554824170566938E-04
    Relative  =    1.000000000000000E+00 Tolerance =    1.000000000000000E-16
      Convergence: Energy |R*u| norm = F
      Convergence: Individual groups = F
 *Command   9 * next newton         v:   1.00       8.00       1.00    
                                                         t=     0.211     0.046
 *Command   8 * utan                v:   1.00       0.00       0.00    
                                                         t=     0.211     0.046
   Residual 1 norm =  8.8494485E-06 Rel =  2.4412209E-04 t=     0.232     0.047
      Convergence: Equations  norm   = F
      Convergence: Individual groups = F
 Condition check: D-max 0.1250E+04; D-min 0.1750E+03; Ratio 0.7142E+01
 Maximum no. diagonal digits lost:  1 in reducing equation    3263
   End Triangular Decomposition                          t=     0.259     0.047
   Number of operations =  249608 plus       20 Mega-ops
  Time: CPU =         0.26 , System =         0.05
--> SOLVE AT  1501.70 Mflops. Time=        0.03
   Energy convergence check
    Initial   =    1.554824170566938E-04 Current   =    9.252498613234528E-12
    Relative  =    5.950832761919811E-08 Tolerance =    1.000000000000000E-16
      Convergence: Energy |R*u| norm = F
      Convergence: Individual groups = F
 *Command   9 * next newton         v:   2.00       8.00       2.00    
                                                         t=     0.262     0.048
 *Command   8 * utan                v:   1.00       0.00       0.00    
                                                         t=     0.262     0.048
   Residual 1 norm =  5.5498119E-13 Rel =  1.5309786E-11 t=     0.298     0.048
      Convergence: Equations  norm   = T
      Convergence: Individual groups = T
 Condition check: D-max 0.1250E+04; D-min 0.1750E+03; Ratio 0.7142E+01
 Maximum no. diagonal digits lost:  1 in reducing equation    3263
   End Triangular Decomposition                          t=     0.337     0.048
   Number of operations =  249608 plus       20 Mega-ops
  Time: CPU =         0.34 , System =         0.05
--> SOLVE AT  1051.55 Mflops. Time=        0.04
   Energy convergence check
    Initial   =    1.554824170566938E-04 Current   =    3.636005991956268E-26
    Relative  =    2.338531945146226E-22 Tolerance =    1.000000000000000E-16
      Convergence: Energy |R*u| norm = T
      Convergence: Individual groups = T
 *Command   9 * next newton         v:   50.0       8.00       3.00    
                                                         t=     0.341     0.048
 *Command  10 * next augment        v:   1.00       6.00       1.00    
                                                         t=     0.342     0.048
 *Command   6 * augm                v:   0.00       0.00       0.00    
                                                         t=     0.342     0.048
 *Command   7 * loop newton         v:   50.0       10.0       0.00    
                                                         t=     0.352     0.048
 *Command   8 * utan                v:   1.00       0.00       0.00    
                                                         t=     0.353     0.048
   Residual 1 norm =  9.0748866E-16 Rel =  2.5034105E-14 t=     0.391     0.048
      Convergence: Equations  norm   = T
      Convergence: Individual groups = T
 Condition check: D-max 0.1250E+04; D-min 0.1750E+03; Ratio 0.7142E+01
 Maximum no. diagonal digits lost:  1 in reducing equation    3263
   End Triangular Decomposition                          t=     0.434     0.048
   Number of operations =  249608 plus       20 Mega-ops
  Time: CPU =         0.44 , System =         0.05
--> SOLVE AT   945.34 Mflops. Time=        0.04
   Energy convergence check
    Initial   =    1.554824170566938E-04 Current   =    5.208982111710391E-34
    Relative  =    3.350206544455141E-30 Tolerance =    1.000000000000000E-16
      Convergence: Energy |R*u| norm = T
      Convergence: Individual groups = T
 *Command   9 * next newton         v:   50.0       8.00       1.00    
                                                         t=     0.438     0.049
 *Command  10 * next augment        v:   2.00       6.00       2.00    
                                                         t=     0.438     0.049

   Augmented iteration converged in loop =   2: Maximum gap =  0.0000E+00

 *Command  11 * plot WIPE           v:   0.00       0.00       0.00    
                                                         t=     0.438     0.049
 *Command  12 * plot UNDE           v:   0.00       0.00       0.00    
                                                         t=     0.438     0.049
 *Command  13 * plot MESH           v:   0.00       0.00       0.00    
                                                         t=     0.438     0.050
 *Command  14 * plot DEFO           v:   1.00       1.00       0.00    
                                                         t=     0.439     0.051
  -> Plots on deformed mesh with scale: 1.00000E+00
                     Eigenvector scale: 0.00000E+00
 *Command  15 * stre ne             v:   1.00       0.00       0.00    
                                                         t=     0.439     0.051

 FEAP *** inflated fiber reinforced soft ring - circum. b.c. top surf. linked in 

     Element Cartesian Stresses

    Elmt  Matl  Quad     1-Coord     2-Coord     3-Coord
           11-Stress   22-Stress   33-Stress   12-Stress   23-Stress   31-Stress
           11-Strain   22-Strain   33-Strain   12-Strain   23-Strain   31-Strain
            1-Stress    2-Stress    3-Stress    1-Strain    2-Strain    3-Strain
 - - - - - - - - - - - - - - - - - - - - - - - - - - - - - - - - - - - - - - - -

       1     1     1  1.0171E-02  1.4065E-04  6.3094E-04
         -7.1565E+03  2.7217E+04  7.4400E+02 -8.0064E+02  7.8255E+00  1.6109E+02
         -1.8900E-02  2.9910E-02 -7.6813E-03 -2.2738E-03  2.2224E-05  4.5751E-04
          2.7235E+04  7.4728E+02 -7.1784E+03  2.9936E-02 -7.6766E-03 -1.8931E-02

       1     1     2  1.0652E-02  1.4730E-04  6.3094E-04
         -1.0049E+04  2.2772E+04 -1.6965E+03 -7.6450E+02  8.3194E+00  1.9681E+02
         -1.8901E-02  2.7705E-02 -7.0402E-03 -2.1712E-03  2.3627E-05  5.5895E-04
          2.2790E+04 -1.6918E+03 -1.0072E+04  2.7731E-02 -7.0336E-03 -1.8933E-02

       1     1     3  1.0652E-02  1.4730E-04  1.6906E-04
         -1.0275E+04  2.2623E+04 -1.8540E+03 -7.6629E+02  1.2247E+00 -1.9907E+01
         -1.8998E-02  2.7718E-02 -7.0402E-03 -2.1763E-03  3.4781E-06 -5.6535E-05
          2.2641E+04 -1.8539E+03 -1.0293E+04  2.7743E-02 -7.0401E-03 -1.9024E-02

       1     1     4  1.0171E-02  1.4065E-04  1.6906E-04
         -7.3730E+03  2.7081E+04  5.9607E+02 -8.0252E+02  7.3080E-01 -5.5625E+01
         -1.8997E-02  2.9927E-02 -7.6813E-03 -2.2792E-03  2.0755E-06 -1.5798E-04
          2.7100E+04  5.9646E+02 -7.3921E+03  2.9954E-02 -7.6807E-03 -1.9024E-02

       1     1     5  1.0159E-02  5.2490E-04  6.3094E-04
         -7.1140E+03  2.7174E+04  7.4400E+02 -1.4495E+03  2.7274E+00  1.6126E+02
         -1.8840E-02  2.9850E-02 -7.6813E-03 -4.1166E-03  7.7457E-06  4.5798E-04
          2.7235E+04  7.4728E+02 -7.1784E+03  2.9936E-02 -7.6766E-03 -1.8931E-02

       1     1     6  1.0639E-02  5.4972E-04  6.3094E-04
         -1.0009E+04  2.2732E+04 -1.6965E+03 -1.3841E+03  4.5706E+00  1.9694E+02
         -1.8843E-02  2.7648E-02 -7.0402E-03 -3.9308E-03  1.2981E-05  5.5930E-04
          2.2790E+04 -1.6918E+03 -1.0072E+04  2.7731E-02 -7.0336E-03 -1.8933E-02

       1     1     7  1.0639E-02  5.4972E-04  1.6906E-04
         -1.0235E+04  2.2583E+04 -1.8540E+03 -1.3873E+03 -2.5240E+00 -1.9784E+01
         -1.8941E-02  2.7660E-02 -7.0402E-03 -3.9400E-03 -7.1683E-06 -5.6187E-05
          2.2641E+04 -1.8539E+03 -1.0293E+04  2.7743E-02 -7.0401E-03 -1.9024E-02

       1     1     8  1.0159E-02  5.2490E-04  1.6906E-04
         -7.3304E+03  2.7038E+04  5.9607E+02 -1.4529E+03 -4.3673E+00 -5.5458E+01
         -1.8937E-02  2.9867E-02 -7.6813E-03 -4.1263E-03 -1.2403E-05 -1.5750E-04
          2.7100E+04  5.9646E+02 -7.3921E+03  2.9954E-02 -7.6807E-03 -1.9024E-02

       1     1   Avg  1.0411E-02  3.4082E-04  4.0000E-04
         -8.7261E+03  2.4851E+04 -5.8082E+02 -1.1004E+03  2.3269E+00  7.1078E+01
         -1.8920E-02  2.8760E-02 -7.3533E-03 -3.1251E-03  6.6083E-06  2.0186E-04
          2.4887E+04 -5.8020E+02 -8.7628E+03  2.8964E-02 -7.3499E-03 -1.9127E-02
 *Command  16 * next time           v:   1.00       3.00       1.00    
                                                         t=     0.441     0.051
 *Command   3 * dt                  v:  0.100       0.00       0.00    
                                                         t=     0.441     0.051
   DT: equal linear increments = 1.000000E-01
 *Command   4 * time                v:   0.00       0.00       0.00    
                                                         t=     0.441     0.051

   Computing solution at time   2.0000E-01 using dt =  1.0000E-01
   Total proportional load is   2.0000E-01
 *Command   5 * loop augment        v:   3.00       11.0       0.00    
                                                         t=     0.458     0.054
 *Command   6 * augm                v:   0.00       0.00       0.00    
                                                         t=     0.458     0.054
   Current Augmented Lagrangian Factor =  1.00000E+00
 *Command   7 * loop newton         v:   50.0       10.0       0.00    
                                                         t=     0.463     0.055
 *Command   8 * utan                v:   1.00       0.00       0.00    
                                                         t=     0.463     0.055
   Residual 1 norm =  3.7070882E-02 Rel =  1.0000000E+00 t=     0.484     0.056
      Convergence: Equations  norm   = F
      Convergence: Individual groups = F
 Condition check: D-max 0.1250E+04; D-min 0.1746E+03; Ratio 0.7156E+01
 Maximum no. diagonal digits lost:  1 in reducing equation    3263
   End Triangular Decomposition                          t=     0.511     0.056
   Number of operations =  249608 plus       20 Mega-ops
  Time: CPU =         0.51 , System =         0.06
--> SOLVE AT  1499.14 Mflops. Time=        0.03
   Energy convergence check
    Initial   =    1.670835839886150E-04 Current   =    1.670835839886150E-04
    Relative  =    1.000000000000000E+00 Tolerance =    1.000000000000000E-16
      Convergence: Energy |R*u| norm = F
      Convergence: Individual groups = F
 *Command   9 * next newton         v:   1.00       8.00       1.00    
                                                         t=     0.514     0.056
 *Command   8 * utan                v:   1.00       0.00       0.00    
                                                         t=     0.514     0.056
   Residual 1 norm =  1.9330983E-05 Rel =  5.2146003E-04 t=     0.534     0.056
      Convergence: Equations  norm   = F
      Convergence: Individual groups = F
 Condition check: D-max 0.1250E+04; D-min 0.1747E+03; Ratio 0.7154E+01
 Maximum no. diagonal digits lost:  1 in reducing equation    3263
   End Triangular Decomposition                          t=     0.566     0.056
   Number of operations =  249608 plus       20 Mega-ops
  Time: CPU =         0.58 , System =         0.06
--> SOLVE AT  1297.97 Mflops. Time=        0.03
   Energy convergence check
    Initial   =    1.670835839886150E-04 Current   =    4.530952483207412E-11
    Relative  =    2.711787941726310E-07 Tolerance =    1.000000000000000E-16
      Convergence: Energy |R*u| norm = F
      Convergence: Individual groups = F
 *Command   9 * next newton         v:   2.00       8.00       2.00    
                                                         t=     0.576     0.057
 *Command   8 * utan                v:   1.00       0.00       0.00    
                                                         t=     0.576     0.057
   Residual 1 norm =  5.5145737E-12 Rel =  1.4875755E-10 t=     0.599     0.057
      Convergence: Equations  norm   = T
      Convergence: Individual groups = T
 Condition check: D-max 0.1250E+04; D-min 0.1747E+03; Ratio 0.7154E+01
 Maximum no. diagonal digits lost:  1 in reducing equation    3263
   End Triangular Decomposition                          t=     0.625     0.057
   Number of operations =  249608 plus       20 Mega-ops
  Time: CPU =         0.63 , System =         0.06
--> SOLVE AT  1518.76 Mflops. Time=        0.03
   Energy convergence check
    Initial   =    1.670835839886150E-04 Current   =    3.682813237684339E-24
    Relative  =    2.204174192202679E-20 Tolerance =    1.000000000000000E-16
      Convergence: Energy |R*u| norm = T
      Convergence: Individual groups = T
 *Command   9 * next newton         v:   50.0       8.00       3.00    
                                                         t=     0.628     0.057
 *Command  10 * next augment        v:   1.00       6.00       1.00    
                                                         t=     0.628     0.057
 *Command   6 * augm                v:   0.00       0.00       0.00    
                                                         t=     0.628     0.057
 *Command   7 * loop newton         v:   50.0       10.0       0.00    
                                                         t=     0.634     0.057
 *Command   8 * utan                v:   1.00       0.00       0.00    
                                                         t=     0.634     0.057
   Residual 1 norm =  1.8800832E-15 Rel =  5.0715902E-14 t=     0.655     0.057
      Convergence: Equations  norm   = T
      Convergence: Individual groups = T
 Condition check: D-max 0.1250E+04; D-min 0.1747E+03; Ratio 0.7154E+01
 Maximum no. diagonal digits lost:  1 in reducing equation    3263
   End Triangular Decomposition                          t=     0.680     0.057
   Number of operations =  249608 plus       20 Mega-ops
  Time: CPU =         0.68 , System =         0.06
--> SOLVE AT  1607.50 Mflops. Time=        0.03
   Energy convergence check
    Initial   =    1.670835839886150E-04 Current   =    2.157270418797860E-33
    Relative  =    1.291132478307896E-29 Tolerance =    1.000000000000000E-16
      Convergence: Energy |R*u| norm = T
      Convergence: Individual groups = T
 *Command   9 * next newton         v:   50.0       8.00       1.00    
                                                         t=     0.683     0.057
 *Command  10 * next augment        v:   2.00       6.00       2.00    
                                                         t=     0.683     0.057

   Augmented iteration converged in loop =   2: Maximum gap =  0.0000E+00

 *Command  11 * plot WIPE           v:   0.00       0.00       0.00    
                                                         t=     0.683     0.057
 *Command  12 * plot UNDE           v:   0.00       0.00       0.00    
                                                         t=     0.683     0.057
 *Command  13 * plot MESH           v:   0.00       0.00       0.00    
                                                         t=     0.683     0.057
 *Command  14 * plot DEFO           v:   1.00       1.00       0.00    
                                                         t=     0.684     0.057
  -> Plots on deformed mesh with scale: 1.00000E+00
                     Eigenvector scale: 0.00000E+00
 *Command  15 * stre ne             v:   1.00       0.00       0.00    
                                                         t=     0.684     0.057

 FEAP *** inflated fiber reinforced soft ring - circum. b.c. top surf. linked in 

     Element Cartesian Stresses

    Elmt  Matl  Quad     1-Coord     2-Coord     3-Coord
           11-Stress   22-Stress   33-Stress   12-Stress   23-Stress   31-Stress
           11-Strain   22-Strain   33-Strain   12-Strain   23-Strain   31-Strain
            1-Stress    2-Stress    3-Stress    1-Strain    2-Strain    3-Strain
 - - - - - - - - - - - - - - - - - - - - - - - - - - - - - - - - - - - - - - - -

       1     1     1  1.0171E-02  1.4065E-04  6.3094E-04
         -1.4633E+04  5.5671E+04  1.5316E+03 -1.6376E+03  1.5951E+01  3.2834E+02
         -3.8659E-02  6.1174E-02 -1.5704E-02 -4.6507E-03  4.5302E-05  9.3248E-04
          5.5709E+04  1.5382E+03 -1.4678E+04  6.1228E-02 -1.5695E-02 -3.8722E-02

       1     1     2  1.0652E-02  1.4730E-04  6.3094E-04
         -2.0558E+04  4.6573E+04 -3.4712E+03 -1.5637E+03  1.6959E+01  4.0118E+02
         -3.8661E-02  5.6665E-02 -1.4397E-02 -4.4408E-03  4.8163E-05  1.1394E-03
          4.6609E+04 -3.4618E+03 -2.0604E+04  5.6717E-02 -1.4384E-02 -3.8726E-02

       1     1     3  1.0652E-02  1.4730E-04  1.6906E-04
         -2.1019E+04  4.6269E+04 -3.7924E+03 -1.5673E+03  2.4963E+00 -4.0599E+01
         -3.8859E-02  5.6690E-02 -1.4397E-02 -4.4512E-03  7.0894E-06 -1.1530E-04
          4.6306E+04 -3.7923E+03 -2.1056E+04  5.6742E-02 -1.4397E-02 -3.8911E-02

       1     1     4  1.0171E-02  1.4065E-04  1.6906E-04
         -1.5075E+04  5.5395E+04  1.2299E+03 -1.6414E+03  1.4890E+00 -1.1344E+02
         -3.8857E-02  6.1209E-02 -1.5704E-02 -4.6616E-03  4.2288E-06 -3.2218E-04
          5.5433E+04  1.2306E+03 -1.5114E+04  6.1264E-02 -1.5703E-02 -3.8913E-02

       1     1     5  1.0159E-02  5.2490E-04  6.3094E-04
         -1.4546E+04  5.5584E+04  1.5316E+03 -2.9647E+03  5.5571E+00  3.2868E+02
         -3.8535E-02  6.1051E-02 -1.5704E-02 -8.4198E-03  1.5782E-05  9.3345E-04
          5.5709E+04  1.5382E+03 -1.4678E+04  6.1228E-02 -1.5695E-02 -3.8722E-02

       1     1     6  1.0639E-02  5.4972E-04  6.3094E-04
         -2.0475E+04  4.6490E+04 -3.4712E+03 -2.8309E+03  9.3162E+00  4.0143E+02
         -3.8543E-02  5.6547E-02 -1.4397E-02 -8.0397E-03  2.6458E-05  1.1401E-03
          4.6609E+04 -3.4618E+03 -2.0604E+04  5.6717E-02 -1.4384E-02 -3.8726E-02

       1     1     7  1.0639E-02  5.4972E-04  1.6906E-04
         -2.0936E+04  4.6186E+04 -3.7924E+03 -2.8375E+03 -5.1462E+00 -4.0349E+01
         -3.8741E-02  5.6572E-02 -1.4397E-02 -8.0586E-03 -1.4615E-05 -1.1459E-04
          4.6306E+04 -3.7923E+03 -2.1056E+04  5.6742E-02 -1.4397E-02 -3.8911E-02

       1     1     8  1.0159E-02  5.2490E-04  1.6906E-04
         -1.4988E+04  5.5307E+04  1.2299E+03 -2.9717E+03 -8.9054E+00 -1.1310E+02
         -3.8733E-02  6.1086E-02 -1.5704E-02 -8.4396E-03 -2.5291E-05 -3.2121E-04
          5.5433E+04  1.2306E+03 -1.5114E+04  6.1264E-02 -1.5703E-02 -3.8913E-02

       1     1   Avg  1.0411E-02  3.4082E-04  4.0000E-04
         -1.7847E+04  5.0829E+04 -1.1834E+03 -2.2506E+03  4.7422E+00  1.4486E+02
         -3.8698E-02  5.8822E-02 -1.5036E-02 -6.3918E-03  1.3468E-05  4.1140E-04
          5.0903E+04 -1.1822E+03 -1.7922E+04  5.9239E-02 -1.5029E-02 -3.9123E-02
 *Command  16 * next time           v:   2.00       3.00       2.00    
                                                         t=     0.685     0.057
 *Command   3 * dt                  v:  0.100       0.00       0.00    
                                                         t=     0.685     0.057
   DT: equal linear increments = 1.000000E-01
 *Command   4 * time                v:   0.00       0.00       0.00    
                                                         t=     0.685     0.057

   Computing solution at time   3.0000E-01 using dt =  1.0000E-01
   Total proportional load is   3.0000E-01
 *Command   5 * loop augment        v:   3.00       11.0       0.00    
                                                         t=     0.698     0.058
 *Command   6 * augm                v:   0.00       0.00       0.00    
                                                         t=     0.698     0.058
   Current Augmented Lagrangian Factor =  1.00000E+00
 *Command   7 * loop newton         v:   50.0       10.0       0.00    
                                                         t=     0.702     0.058
 *Command   8 * utan                v:   1.00       0.00       0.00    
                                                         t=     0.703     0.058
   Residual 1 norm =  3.7910229E-02 Rel =  1.0000000E+00 t=     0.727     0.059
      Convergence: Equations  norm   = F
      Convergence: Individual groups = F
 Condition check: D-max 0.1250E+04; D-min 0.1743E+03; Ratio 0.7168E+01
 Maximum no. diagonal digits lost:  1 in reducing equation    3263
   End Triangular Decomposition                          t=     0.756     0.061
   Number of operations =  249608 plus       20 Mega-ops
  Time: CPU =         0.76 , System =         0.06
--> SOLVE AT  1393.83 Mflops. Time=        0.03
   Energy convergence check
    Initial   =    1.795120909617371E-04 Current   =    1.795120909617371E-04
    Relative  =    1.000000000000000E+00 Tolerance =    1.000000000000000E-16
      Convergence: Energy |R*u| norm = F
      Convergence: Individual groups = F
 *Command   9 * next newton         v:   1.00       8.00       1.00    
                                                         t=     0.759     0.061
 *Command   8 * utan                v:   1.00       0.00       0.00    
                                                         t=     0.759     0.061
   Residual 1 norm =  3.1632545E-05 Rel =  8.3440659E-04 t=     0.782     0.062
      Convergence: Equations  norm   = F
      Convergence: Individual groups = F
 Condition check: D-max 0.1250E+04; D-min 0.1744E+03; Ratio 0.7165E+01
 Maximum no. diagonal digits lost:  1 in reducing equation    3263
   End Triangular Decomposition                          t=     0.812     0.063
   Number of operations =  249608 plus       20 Mega-ops
  Time: CPU =         0.81 , System =         0.06
--> SOLVE AT  1362.01 Mflops. Time=        0.03
   Energy convergence check
    Initial   =    1.795120909617371E-04 Current   =    1.244699609636196E-10
    Relative  =    6.933792609554657E-07 Tolerance =    1.000000000000000E-16
      Convergence: Energy |R*u| norm = F
      Convergence: Individual groups = F
 *Command   9 * next newton         v:   2.00       8.00       2.00    
                                                         t=     0.814     0.063
 *Command   8 * utan                v:   1.00       0.00       0.00    
                                                         t=     0.815     0.063
   Residual 1 norm =  2.3029198E-11 Rel =  6.0746659E-10 t=     0.840     0.063
      Convergence: Equations  norm   = T
      Convergence: Individual groups = T
 Condition check: D-max 0.1250E+04; D-min 0.1744E+03; Ratio 0.7165E+01
 Maximum no. diagonal digits lost:  1 in reducing equation    3263
   End Triangular Decomposition                          t=     0.872     0.064
   Number of operations =  249608 plus       20 Mega-ops
  Time: CPU =         0.88 , System =         0.06
--> SOLVE AT  1264.06 Mflops. Time=        0.03
   Energy convergence check
    Initial   =    1.795120909617371E-04 Current   =    6.587478825177036E-23
    Relative  =    3.669657453091087E-19 Tolerance =    1.000000000000000E-16
      Convergence: Energy |R*u| norm = T
      Convergence: Individual groups = T
 *Command   9 * next newton         v:   50.0       8.00       3.00    
                                                         t=     0.875     0.064
 *Command  10 * next augment        v:   1.00       6.00       1.00    
                                                         t=     0.876     0.064
 *Command   6 * augm                v:   0.00       0.00       0.00    
                                                         t=     0.876     0.064
 *Command   7 * loop newton         v:   50.0       10.0       0.00    
                                                         t=     0.882     0.064
 *Command   8 * utan                v:   1.00       0.00       0.00    
                                                         t=     0.882     0.064
   Residual 1 norm =  2.5889158E-15 Rel =  6.8290694E-14 t=     0.905     0.064
      Convergence: Equations  norm   = T
      Convergence: Individual groups = T
 Condition check: D-max 0.1250E+04; D-min 0.1744E+03; Ratio 0.7165E+01
 Maximum no. diagonal digits lost:  1 in reducing equation    3263
   End Triangular Decomposition                          t=     0.931     0.064
   Number of operations =  249608 plus       20 Mega-ops
  Time: CPU =         0.93 , System =         0.06
--> SOLVE AT  1567.25 Mflops. Time=        0.03
   Energy convergence check
    Initial   =    1.795120909617371E-04 Current   =    4.340027050758538E-33
    Relative  =    2.417679515350091E-29 Tolerance =    1.000000000000000E-16
      Convergence: Energy |R*u| norm = T
      Convergence: Individual groups = T
 *Command   9 * next newton         v:   50.0       8.00       1.00    
                                                         t=     0.934     0.064
 *Command  10 * next augment        v:   2.00       6.00       2.00    
                                                         t=     0.934     0.064

   Augmented iteration converged in loop =   2: Maximum gap =  0.0000E+00

 *Command  11 * plot WIPE           v:   0.00       0.00       0.00    
                                                         t=     0.934     0.064
 *Command  12 * plot UNDE           v:   0.00       0.00       0.00    
                                                         t=     0.935     0.064
 *Command  13 * plot MESH           v:   0.00       0.00       0.00    
                                                         t=     0.935     0.064
 *Command  14 * plot DEFO           v:   1.00       1.00       0.00    
                                                         t=     0.937     0.064
  -> Plots on deformed mesh with scale: 1.00000E+00
                     Eigenvector scale: 0.00000E+00
 *Command  15 * stre ne             v:   1.00       0.00       0.00    
                                                         t=     0.937     0.064

 FEAP *** inflated fiber reinforced soft ring - circum. b.c. top surf. linked in 

     Element Cartesian Stresses

    Elmt  Matl  Quad     1-Coord     2-Coord     3-Coord
           11-Stress   22-Stress   33-Stress   12-Stress   23-Stress   31-Stress
           11-Strain   22-Strain   33-Strain   12-Strain   23-Strain   31-Strain
            1-Stress    2-Stress    3-Stress    1-Strain    2-Strain    3-Strain
 - - - - - - - - - - - - - - - - - - - - - - - - - - - - - - - - - - - - - - - -

       1     1     1  1.0171E-02  1.4065E-04  6.3094E-04
         -2.2440E+04  8.5403E+04  2.3653E+03 -2.5119E+03  2.4381E+01  5.0179E+02
         -5.9302E-02  9.3834E-02 -2.4079E-02 -7.1339E-03  6.9241E-05  1.4251E-03
          8.5461E+04  2.3754E+03 -2.2509E+04  9.3917E-02 -2.4065E-02 -5.9400E-02

       1     1     2  1.0652E-02  1.4730E-04  6.3094E-04
         -3.1541E+04  7.1433E+04 -5.3267E+03 -2.3985E+03  2.5921E+01  6.1318E+02
         -5.9306E-02  8.6917E-02 -2.2081E-02 -6.8118E-03  7.3616E-05  1.7414E-03
          7.1489E+04 -5.3124E+03 -3.1611E+04  8.6997E-02 -2.2061E-02 -5.9405E-02

       1     1     3  1.0652E-02  1.4730E-04  1.6906E-04
         -3.2246E+04  7.0968E+04 -5.8180E+03 -2.4041E+03  3.8152E+00 -6.2083E+01
         -5.9609E-02  8.6955E-02 -2.2081E-02 -6.8277E-03  1.0835E-05 -1.7632E-04
          7.1024E+04 -5.8178E+03 -3.2302E+04  8.7035E-02 -2.2081E-02 -5.9689E-02

       1     1     4  1.0171E-02  1.4065E-04  1.6906E-04
         -2.3115E+04  8.4979E+04  1.9039E+03 -2.5178E+03  2.2749E+00 -1.7348E+02
         -5.9606E-02  9.3888E-02 -2.4079E-02 -7.1506E-03  6.4607E-06 -4.9267E-04
          8.5038E+04  1.9051E+03 -2.3175E+04  9.3971E-02 -2.4077E-02 -5.9691E-02

       1     1     5  1.0159E-02  5.2490E-04  6.3094E-04
         -2.2306E+04  8.5269E+04  2.3653E+03 -4.5477E+03  8.4900E+00  5.0231E+02
         -5.9113E-02  9.3644E-02 -2.4079E-02 -1.2915E-02  2.4112E-05  1.4266E-03
          8.5461E+04  2.3754E+03 -2.2509E+04  9.3917E-02 -2.4065E-02 -5.9400E-02

       1     1     6  1.0639E-02  5.4972E-04  6.3094E-04
         -3.1413E+04  7.1306E+04 -5.3267E+03 -4.3424E+03  1.4238E+01  6.1356E+02
         -5.9125E-02  8.6736E-02 -2.2081E-02 -1.2332E-02  4.0437E-05  1.7425E-03
          7.1489E+04 -5.3124E+03 -3.1611E+04  8.6997E-02 -2.2061E-02 -5.9405E-02

       1     1     7  1.0639E-02  5.4972E-04  1.6906E-04
         -3.2118E+04  7.0841E+04 -5.8180E+03 -4.3525E+03 -7.8674E+00 -6.1701E+01
         -5.9428E-02  8.6774E-02 -2.2081E-02 -1.2361E-02 -2.2344E-05 -1.7523E-04
          7.1024E+04 -5.8178E+03 -3.2302E+04  8.7035E-02 -2.2081E-02 -5.9689E-02

       1     1     8  1.0159E-02  5.2490E-04  1.6906E-04
         -2.2981E+04  8.4845E+04  1.9039E+03 -4.5583E+03 -1.3616E+01 -1.7296E+02
         -5.9416E-02  9.3698E-02 -2.4079E-02 -1.2946E-02 -3.8669E-05 -4.9119E-04
          8.5038E+04  1.9051E+03 -2.3175E+04  9.3971E-02 -2.4077E-02 -5.9691E-02

       1     1   Avg  1.0411E-02  3.4082E-04  4.0000E-04
         -2.7376E+04  7.7969E+04 -1.8079E+03 -3.4523E+03  7.2467E+00  2.2136E+02
         -5.9363E-02  9.0226E-02 -2.3057E-02 -9.8046E-03  2.0581E-05  6.2867E-04
          7.8082E+04 -1.8060E+03 -2.7490E+04  9.0866E-02 -2.3046E-02 -6.0014E-02
 *Command  16 * next time           v:   3.00       3.00       3.00    
                                                         t=     0.938     0.064
 *Command   3 * dt                  v:  0.100       0.00       0.00    
                                                         t=     0.938     0.064
   DT: equal linear increments = 1.000000E-01
 *Command   4 * time                v:   0.00       0.00       0.00    
                                                         t=     0.938     0.064

   Computing solution at time   4.0000E-01 using dt =  1.0000E-01
   Total proportional load is   4.0000E-01
 *Command   5 * loop augment        v:   3.00       11.0       0.00    
                                                         t=     0.952     0.064
 *Command   6 * augm                v:   0.00       0.00       0.00    
                                                         t=     0.953     0.064
   Current Augmented Lagrangian Factor =  1.00000E+00
 *Command   7 * loop newton         v:   50.0       10.0       0.00    
                                                         t=     0.958     0.064
 *Command   8 * utan                v:   1.00       0.00       0.00    
                                                         t=     0.958     0.064
   Residual 1 norm =  3.8766775E-02 Rel =  1.0000000E+00 t=     0.981     0.065
      Convergence: Equations  norm   = F
      Convergence: Individual groups = F
 Condition check: D-max 0.1250E+04; D-min 0.1741E+03; Ratio 0.7178E+01
 Maximum no. diagonal digits lost:  1 in reducing equation    3263
   End Triangular Decomposition                          t=     1.009     0.065
   Number of operations =  249608 plus       20 Mega-ops
  Time: CPU =         1.01 , System =         0.06
--> SOLVE AT  1443.82 Mflops. Time=        0.03
   Energy convergence check
    Initial   =    1.927880022396223E-04 Current   =    1.927880022396223E-04
    Relative  =    1.000000000000000E+00 Tolerance =    1.000000000000000E-16
      Convergence: Energy |R*u| norm = F
      Convergence: Individual groups = F
 *Command   9 * next newton         v:   1.00       8.00       1.00    
                                                         t=     1.012     0.065
 *Command   8 * utan                v:   1.00       0.00       0.00    
                                                         t=     1.012     0.065
   Residual 1 norm =  4.5940879E-05 Rel =  1.1850581E-03 t=     1.028     0.067
      Convergence: Equations  norm   = F
      Convergence: Individual groups = F
 Condition check: D-max 0.1250E+04; D-min 0.1742E+03; Ratio 0.7174E+01
 Maximum no. diagonal digits lost:  1 in reducing equation    3263
   End Triangular Decomposition                          t=     1.047     0.067
   Number of operations =  249608 plus       20 Mega-ops
  Time: CPU =         1.05 , System =         0.07
--> SOLVE AT  2122.82 Mflops. Time=        0.02
   Energy convergence check
    Initial   =    1.927880022396223E-04 Current   =    2.692310604850236E-10
    Relative  =    1.396513565975894E-06 Tolerance =    1.000000000000000E-16
      Convergence: Energy |R*u| norm = F
      Convergence: Individual groups = F
 *Command   9 * next newton         v:   2.00       8.00       2.00    
                                                         t=     1.049     0.068
 *Command   8 * utan                v:   1.00       0.00       0.00    
                                                         t=     1.049     0.068
   Residual 1 norm =  6.7232065E-11 Rel =  1.7342703E-09 t=     1.070     0.069
      Convergence: Equations  norm   = T
      Convergence: Individual groups = T
 Condition check: D-max 0.1250E+04; D-min 0.1742E+03; Ratio 0.7174E+01
 Maximum no. diagonal digits lost:  1 in reducing equation    3263
   End Triangular Decomposition                          t=     1.102     0.069
   Number of operations =  249608 plus       20 Mega-ops
  Time: CPU =         1.11 , System =         0.07
--> SOLVE AT  1241.74 Mflops. Time=        0.03
   Energy convergence check
    Initial   =    1.927880022396223E-04 Current   =    5.756088253438577E-22
    Relative  =    2.985708750840290E-18 Tolerance =    1.000000000000000E-16
      Convergence: Energy |R*u| norm = T
      Convergence: Individual groups = T
 *Command   9 * next newton         v:   50.0       8.00       3.00    
                                                         t=     1.106     0.069
 *Command  10 * next augment        v:   1.00       6.00       1.00    
                                                         t=     1.106     0.069
 *Command   6 * augm                v:   0.00       0.00       0.00    
                                                         t=     1.106     0.069
 *Command   7 * loop newton         v:   50.0       10.0       0.00    
                                                         t=     1.115     0.069
 *Command   8 * utan                v:   1.00       0.00       0.00    
                                                         t=     1.116     0.069
   Residual 1 norm =  3.8906512E-15 Rel =  1.0036046E-13 t=     1.157     0.070
      Convergence: Equations  norm   = T
      Convergence: Individual groups = T
 Condition check: D-max 0.1250E+04; D-min 0.1742E+03; Ratio 0.7174E+01
 Maximum no. diagonal digits lost:  1 in reducing equation    3263
   End Triangular Decomposition                          t=     1.195     0.073
   Number of operations =  249608 plus       20 Mega-ops
  Time: CPU =         1.20 , System =         0.07
--> SOLVE AT  1069.09 Mflops. Time=        0.04
   Energy convergence check
    Initial   =    1.927880022396223E-04 Current   =    9.544988729403178E-33
    Relative  =    4.951028393115154E-29 Tolerance =    1.000000000000000E-16
      Convergence: Energy |R*u| norm = T
      Convergence: Individual groups = T
 *Command   9 * next newton         v:   50.0       8.00       1.00    
                                                         t=     1.199     0.073
 *Command  10 * next augment        v:   2.00       6.00       2.00    
                                                         t=     1.199     0.073

   Augmented iteration converged in loop =   2: Maximum gap =  0.0000E+00

 *Command  11 * plot WIPE           v:   0.00       0.00       0.00    
                                                         t=     1.199     0.073
 *Command  12 * plot UNDE           v:   0.00       0.00       0.00    
                                                         t=     1.199     0.073
 *Command  13 * plot MESH           v:   0.00       0.00       0.00    
                                                         t=     1.199     0.073
 *Command  14 * plot DEFO           v:   1.00       1.00       0.00    
                                                         t=     1.200     0.073
  -> Plots on deformed mesh with scale: 1.00000E+00
                     Eigenvector scale: 0.00000E+00
 *Command  15 * stre ne             v:   1.00       0.00       0.00    
                                                         t=     1.201     0.073

 FEAP *** inflated fiber reinforced soft ring - circum. b.c. top surf. linked in 

     Element Cartesian Stresses

    Elmt  Matl  Quad     1-Coord     2-Coord     3-Coord
           11-Stress   22-Stress   33-Stress   12-Stress   23-Stress   31-Stress
           11-Strain   22-Strain   33-Strain   12-Strain   23-Strain   31-Strain
            1-Stress    2-Stress    3-Stress    1-Strain    2-Strain    3-Strain
 - - - - - - - - - - - - - - - - - - - - - - - - - - - - - - - - - - - - - - - -

       1     1     1  1.0171E-02  1.4065E-04  6.3094E-04
         -3.0584E+04  1.1644E+05  3.2476E+03 -3.4247E+03  3.3114E+01  6.8145E+02
         -8.0855E-02  1.2793E-01 -3.2814E-02 -9.7261E-03  9.4042E-05  1.9353E-03
          1.1652E+05  3.2613E+03 -3.0678E+04  1.2804E-01 -3.2794E-02 -8.0987E-02

       1     1     2  1.0652E-02  1.4730E-04  6.3094E-04
         -4.3011E+04  9.7380E+04 -7.2654E+03 -3.2701E+03  3.5207E+01  8.3281E+02
         -8.0859E-02  1.1850E-01 -3.0100E-02 -9.2870E-03  9.9986E-05  2.3652E-03
          9.7456E+04 -7.2460E+03 -4.3107E+04  1.1860E-01 -3.0073E-02 -8.0995E-02

       1     1     3  1.0652E-02  1.4730E-04  1.6906E-04
         -4.3969E+04  9.6748E+04 -7.9330E+03 -3.2777E+03  5.1814E+00 -8.4360E+01
         -8.1272E-02  1.1855E-01 -3.0100E-02 -9.3086E-03  1.4715E-05 -2.3958E-04
          9.6825E+04 -7.9328E+03 -4.4046E+04  1.1866E-01 -3.0100E-02 -8.1380E-02

       1     1     4  1.0171E-02  1.4065E-04  1.6906E-04
         -3.1502E+04  1.1587E+05  2.6206E+03 -3.4327E+03  3.0884E+00 -2.3572E+02
         -8.1267E-02  1.2800E-01 -3.2814E-02 -9.7487E-03  8.7711E-06 -6.6946E-04
          1.1595E+05  2.6222E+03 -3.1583E+04  1.2811E-01 -3.2811E-02 -8.1383E-02

       1     1     5  1.0159E-02  5.2490E-04  6.3094E-04
         -3.0402E+04  1.1626E+05  3.2476E+03 -6.2001E+03  1.1526E+01  6.8215E+02
         -8.0596E-02  1.2767E-01 -3.2814E-02 -1.7608E-02  3.2734E-05  1.9373E-03
          1.1652E+05  3.2613E+03 -3.0678E+04  1.2804E-01 -3.2794E-02 -8.0987E-02

       1     1     6  1.0639E-02  5.4972E-04  6.3094E-04
         -4.2837E+04  9.7206E+04 -7.2654E+03 -5.9202E+03  1.9337E+01  8.3333E+02
         -8.0612E-02  1.1825E-01 -3.0100E-02 -1.6813E-02  5.4918E-05  2.3667E-03
          9.7456E+04 -7.2460E+03 -4.3107E+04  1.1860E-01 -3.0073E-02 -8.0995E-02

       1     1     7  1.0639E-02  5.4972E-04  1.6906E-04
         -4.3795E+04  9.6574E+04 -7.9330E+03 -5.9340E+03 -1.0688E+01 -8.3841E+01
         -8.1024E-02  1.1830E-01 -3.0100E-02 -1.6853E-02 -3.0353E-05 -2.3811E-04
          9.6825E+04 -7.9328E+03 -4.4046E+04  1.1866E-01 -3.0100E-02 -8.1380E-02

       1     1     8  1.0159E-02  5.2490E-04  1.6906E-04
         -3.1319E+04  1.1569E+05  2.6206E+03 -6.2146E+03 -1.8499E+01 -2.3502E+02
         -8.1008E-02  1.2774E-01 -3.2814E-02 -1.7649E-02 -5.2537E-05 -6.6745E-04
          1.1595E+05  2.6222E+03 -3.1583E+04  1.2811E-01 -3.2811E-02 -8.1383E-02

       1     1   Avg  1.0411E-02  3.4082E-04  4.0000E-04
         -3.7321E+04  1.0630E+05 -2.4542E+03 -4.7067E+03  9.8405E+00  3.0060E+02
         -8.0937E-02  1.2301E-01 -3.1426E-02 -1.3367E-02  2.7947E-05  8.5370E-04
          1.0645E+05 -2.4516E+03 -3.7478E+04  1.2388E-01 -3.1411E-02 -8.1824E-02
 *Command  16 * next time           v:   4.00       3.00       4.00    
                                                         t=     1.201     0.073
 *Command   3 * dt                  v:  0.100       0.00       0.00    
                                                         t=     1.201     0.073
   DT: equal linear increments = 1.000000E-01
 *Command   4 * time                v:   0.00       0.00       0.00    
                                                         t=     1.201     0.073

   Computing solution at time   5.0000E-01 using dt =  1.0000E-01
   Total proportional load is   5.0000E-01
 *Command   5 * loop augment        v:   3.00       11.0       0.00    
                                                         t=     1.216     0.075
 *Command   6 * augm                v:   0.00       0.00       0.00    
                                                         t=     1.216     0.075
   Current Augmented Lagrangian Factor =  1.00000E+00
 *Command   7 * loop newton         v:   50.0       10.0       0.00    
                                                         t=     1.224     0.075
 *Command   8 * utan                v:   1.00       0.00       0.00    
                                                         t=     1.224     0.075
   Residual 1 norm =  3.9638814E-02 Rel =  1.0000000E+00 t=     1.250     0.075
      Convergence: Equations  norm   = F
      Convergence: Individual groups = F
 Condition check: D-max 0.1250E+04; D-min 0.1739E+03; Ratio 0.7187E+01
 Maximum no. diagonal digits lost:  1 in reducing equation    3263
   End Triangular Decomposition                          t=     1.276     0.075
   Number of operations =  249608 plus       20 Mega-ops
  Time: CPU =         1.28 , System =         0.08
--> SOLVE AT  1554.43 Mflops. Time=        0.03
   Energy convergence check
    Initial   =    2.069206638650320E-04 Current   =    2.069206638650320E-04
    Relative  =    1.000000000000000E+00 Tolerance =    1.000000000000000E-16
      Convergence: Energy |R*u| norm = F
      Convergence: Individual groups = F
 *Command   9 * next newton         v:   1.00       8.00       1.00    
                                                         t=     1.279     0.075
 *Command   8 * utan                v:   1.00       0.00       0.00    
                                                         t=     1.279     0.075
   Residual 1 norm =  6.2433520E-05 Rel =  1.5750602E-03 t=     1.301     0.078
      Convergence: Equations  norm   = F
      Convergence: Individual groups = F
 Condition check: D-max 0.1250E+04; D-min 0.1740E+03; Ratio 0.7181E+01
 Maximum no. diagonal digits lost:  1 in reducing equation    3263
   End Triangular Decomposition                          t=     1.330     0.078
   Number of operations =  249608 plus       20 Mega-ops
  Time: CPU =         1.33 , System =         0.08
--> SOLVE AT  1406.76 Mflops. Time=        0.03
   Energy convergence check
    Initial   =    2.069206638650320E-04 Current   =    5.096368315029551E-10
    Relative  =    2.462957647552183E-06 Tolerance =    1.000000000000000E-16
      Convergence: Energy |R*u| norm = F
      Convergence: Individual groups = F
 *Command   9 * next newton         v:   2.00       8.00       2.00    
                                                         t=     1.334     0.078
 *Command   8 * utan                v:   1.00       0.00       0.00    
                                                         t=     1.334     0.078
   Residual 1 norm =  1.6082227E-10 Rel =  4.0571916E-09 t=     1.355     0.078
      Convergence: Equations  norm   = T
      Convergence: Individual groups = T
 Condition check: D-max 0.1250E+04; D-min 0.1740E+03; Ratio 0.7181E+01
 Maximum no. diagonal digits lost:  1 in reducing equation    3263
   End Triangular Decomposition                          t=     1.379     0.079
   Number of operations =  249608 plus       20 Mega-ops
  Time: CPU =         1.38 , System =         0.08
--> SOLVE AT  1654.99 Mflops. Time=        0.02
   Energy convergence check
    Initial   =    2.069206638650320E-04 Current   =    3.374796558149818E-21
    Relative  =    1.630961594222941E-17 Tolerance =    1.000000000000000E-16
      Convergence: Energy |R*u| norm = T
      Convergence: Individual groups = T
 *Command   9 * next newton         v:   50.0       8.00       3.00    
                                                         t=     1.382     0.079
 *Command  10 * next augment        v:   1.00       6.00       1.00    
                                                         t=     1.382     0.079
 *Command   6 * augm                v:   0.00       0.00       0.00    
                                                         t=     1.382     0.079
 *Command   7 * loop newton         v:   50.0       10.0       0.00    
                                                         t=     1.387     0.079
 *Command   8 * utan                v:   1.00       0.00       0.00    
                                                         t=     1.387     0.079
   Residual 1 norm =  4.6897044E-15 Rel =  1.1831091E-13 t=     1.405     0.079
      Convergence: Equations  norm   = T
      Convergence: Individual groups = T
 Condition check: D-max 0.1250E+04; D-min 0.1740E+03; Ratio 0.7181E+01
 Maximum no. diagonal digits lost:  1 in reducing equation    3263
   End Triangular Decomposition                          t=     1.428     0.079
   Number of operations =  249608 plus       20 Mega-ops
  Time: CPU =         1.43 , System =         0.08
--> SOLVE AT  1838.45 Mflops. Time=        0.02
   Energy convergence check
    Initial   =    2.069206638650320E-04 Current   =    1.395452139808799E-32
    Relative  =    6.743899394789347E-29 Tolerance =    1.000000000000000E-16
      Convergence: Energy |R*u| norm = T
      Convergence: Individual groups = T
 *Command   9 * next newton         v:   50.0       8.00       1.00    
                                                         t=     1.430     0.080
 *Command  10 * next augment        v:   2.00       6.00       2.00    
                                                         t=     1.430     0.080

   Augmented iteration converged in loop =   2: Maximum gap =  0.0000E+00

 *Command  11 * plot WIPE           v:   0.00       0.00       0.00    
                                                         t=     1.430     0.080
 *Command  12 * plot UNDE           v:   0.00       0.00       0.00    
                                                         t=     1.431     0.080
 *Command  13 * plot MESH           v:   0.00       0.00       0.00    
                                                         t=     1.431     0.080
 *Command  14 * plot DEFO           v:   1.00       1.00       0.00    
                                                         t=     1.432     0.080
  -> Plots on deformed mesh with scale: 1.00000E+00
                     Eigenvector scale: 0.00000E+00
 *Command  15 * stre ne             v:   1.00       0.00       0.00    
                                                         t=     1.432     0.080

 FEAP *** inflated fiber reinforced soft ring - circum. b.c. top surf. linked in 

     Element Cartesian Stresses

    Elmt  Matl  Quad     1-Coord     2-Coord     3-Coord
           11-Stress   22-Stress   33-Stress   12-Stress   23-Stress   31-Stress
           11-Strain   22-Strain   33-Strain   12-Strain   23-Strain   31-Strain
            1-Stress    2-Stress    3-Stress    1-Strain    2-Strain    3-Strain
 - - - - - - - - - - - - - - - - - - - - - - - - - - - - - - - - - - - - - - - -

       1     1     1  1.0171E-02  1.4065E-04  6.3094E-04
         -3.9073E+04  1.4882E+05  4.1812E+03 -4.3766E+03  4.2148E+01  8.6727E+02
         -1.0333E-01  1.6348E-01 -4.1914E-02 -1.2430E-02  1.1970E-04  2.4631E-03
          1.4893E+05  4.1986E+03 -3.9192E+04  1.6362E-01 -4.1890E-02 -1.0350E-01

       1     1     2  1.0652E-02  1.4730E-04  6.3094E-04
         -5.4979E+04  1.2443E+05 -9.2892E+03 -4.1790E+03  4.4813E+01  1.0600E+03
         -1.0334E-01  1.5143E-01 -3.8461E-02 -1.1868E-02  1.2727E-04  3.0105E-03
          1.2453E+05 -9.2647E+03 -5.5101E+04  1.5157E-01 -3.8426E-02 -1.0351E-01

       1     1     3  1.0652E-02  1.4730E-04  1.6906E-04
         -5.6199E+04  1.2363E+05 -1.0139E+04 -4.1887E+03  6.5947E+00 -1.0742E+02
         -1.0387E-01  1.5149E-01 -3.8461E-02 -1.1896E-02  1.8729E-05 -3.0508E-04
          1.2373E+05 -1.0139E+04 -5.6297E+04  1.5163E-01 -3.8460E-02 -1.0400E-01

       1     1     4  1.0171E-02  1.4065E-04  1.6906E-04
         -4.0241E+04  1.4809E+05  3.3827E+03 -4.3867E+03  3.9294E+00 -3.0017E+02
         -1.0386E-01  1.6357E-01 -4.1914E-02 -1.2458E-02  1.1160E-05 -8.5249E-04
          1.4819E+05  3.3848E+03 -4.0345E+04  1.6372E-01 -4.1911E-02 -1.0401E-01

       1     1     5  1.0159E-02  5.2490E-04  6.3094E-04
         -3.8840E+04  1.4859E+05  4.1812E+03 -7.9235E+03  1.4665E+01  8.6817E+02
         -1.0300E-01  1.6315E-01 -4.1914E-02 -2.2503E-02  4.1648E-05  2.4656E-03
          1.4893E+05  4.1986E+03 -3.9192E+04  1.6362E-01 -4.1890E-02 -1.0350E-01

       1     1     6  1.0639E-02  5.4972E-04  6.3094E-04
         -5.4757E+04  1.2421E+05 -9.2892E+03 -7.5658E+03  2.4612E+01  1.0607E+03
         -1.0302E-01  1.5111E-01 -3.8461E-02 -2.1487E-02  6.9897E-05  3.0123E-03
          1.2453E+05 -9.2647E+03 -5.5101E+04  1.5157E-01 -3.8426E-02 -1.0351E-01

       1     1     7  1.0639E-02  5.4972E-04  1.6906E-04
         -5.5977E+04  1.2341E+05 -1.0139E+04 -7.5834E+03 -1.3606E+01 -1.0676E+02
         -1.0355E-01  1.5118E-01 -3.8461E-02 -2.1537E-02 -3.8642E-05 -3.0320E-04
          1.2373E+05 -1.0139E+04 -5.6297E+04  1.5163E-01 -3.8460E-02 -1.0400E-01

       1     1     8  1.0159E-02  5.2490E-04  1.6906E-04
         -4.0008E+04  1.4786E+05  3.3827E+03 -7.9419E+03 -2.3553E+01 -2.9927E+02
         -1.0353E-01  1.6324E-01 -4.1914E-02 -2.2555E-02 -6.6891E-05 -8.4994E-04
          1.4819E+05  3.3848E+03 -4.0345E+04  1.6372E-01 -4.1911E-02 -1.0401E-01

       1     1   Avg  1.0411E-02  3.4082E-04  4.0000E-04
         -4.7693E+04  1.3585E+05 -3.1220E+03 -6.0150E+03  1.2523E+01  3.8254E+02
         -1.0344E-01  1.5719E-01 -4.0147E-02 -1.7083E-02  3.5565E-05  1.0864E-03
          1.3605E+05 -3.1187E+03 -4.7893E+04  1.5831E-01 -4.0129E-02 -1.0457E-01
 *Command  16 * next time           v:   5.00       3.00       5.00    
                                                         t=     1.433     0.080
 *Command   3 * dt                  v:  0.100       0.00       0.00    
                                                         t=     1.433     0.080
   DT: equal linear increments = 1.000000E-01
 *Command   4 * time                v:   0.00       0.00       0.00    
                                                         t=     1.433     0.080

   Computing solution at time   6.0000E-01 using dt =  1.0000E-01
   Total proportional load is   6.0000E-01
 *Command   5 * loop augment        v:   3.00       11.0       0.00    
                                                         t=     1.445     0.080
 *Command   6 * augm                v:   0.00       0.00       0.00    
                                                         t=     1.445     0.080
   Current Augmented Lagrangian Factor =  1.00000E+00
 *Command   7 * loop newton         v:   50.0       10.0       0.00    
                                                         t=     1.450     0.080
 *Command   8 * utan                v:   1.00       0.00       0.00    
                                                         t=     1.450     0.080
   Residual 1 norm =  4.0524270E-02 Rel =  1.0000000E+00 t=     1.472     0.080
      Convergence: Equations  norm   = F
      Convergence: Individual groups = F
 Condition check: D-max 0.1250E+04; D-min 0.1737E+03; Ratio 0.7193E+01
 Maximum no. diagonal digits lost:  1 in reducing equation    3263
   End Triangular Decomposition                          t=     1.502     0.080
   Number of operations =  249608 plus       20 Mega-ops
  Time: CPU =         1.50 , System =         0.08
--> SOLVE AT  1325.41 Mflops. Time=        0.03
   Energy convergence check
    Initial   =    2.219060402199109E-04 Current   =    2.219060402199109E-04
    Relative  =    1.000000000000000E+00 Tolerance =    1.000000000000000E-16
      Convergence: Energy |R*u| norm = F
      Convergence: Individual groups = F
 *Command   9 * next newton         v:   1.00       8.00       1.00    
                                                         t=     1.505     0.080
 *Command   8 * utan                v:   1.00       0.00       0.00    
                                                         t=     1.505     0.080
   Residual 1 norm =  8.1268725E-05 Rel =  2.0054334E-03 t=     1.531     0.081
      Convergence: Equations  norm   = F
      Convergence: Individual groups = F
 Condition check: D-max 0.1250E+04; D-min 0.1739E+03; Ratio 0.7186E+01
 Maximum no. diagonal digits lost:  1 in reducing equation    3263
   End Triangular Decomposition                          t=     1.561     0.081
   Number of operations =  249608 plus       20 Mega-ops
  Time: CPU =         1.56 , System =         0.08
--> SOLVE AT  1317.48 Mflops. Time=        0.03
   Energy convergence check
    Initial   =    2.219060402199109E-04 Current   =    8.844822950109628E-10
    Relative  =    3.985841458549000E-06 Tolerance =    1.000000000000000E-16
      Convergence: Energy |R*u| norm = F
      Convergence: Individual groups = F
 *Command   9 * next newton         v:   2.00       8.00       2.00    
                                                         t=     1.564     0.081
 *Command   8 * utan                v:   1.00       0.00       0.00    
                                                         t=     1.564     0.081
   Residual 1 norm =  3.3809482E-10 Rel =  8.3430208E-09 t=     1.586     0.082
      Convergence: Equations  norm   = T
      Convergence: Individual groups = T
 Condition check: D-max 0.1250E+04; D-min 0.1739E+03; Ratio 0.7186E+01
 Maximum no. diagonal digits lost:  1 in reducing equation    3263
   End Triangular Decomposition                          t=     1.618     0.082
   Number of operations =  249608 plus       20 Mega-ops
  Time: CPU =         1.62 , System =         0.08
--> SOLVE AT  1250.59 Mflops. Time=        0.03
   Energy convergence check
    Initial   =    2.219060402199109E-04 Current   =    1.527310958314416E-20
    Relative  =    6.882692137631028E-17 Tolerance =    1.000000000000000E-16
      Convergence: Energy |R*u| norm = T
      Convergence: Individual groups = T
 *Command   9 * next newton         v:   50.0       8.00       3.00    
                                                         t=     1.621     0.082
 *Command  10 * next augment        v:   1.00       6.00       1.00    
                                                         t=     1.621     0.082
 *Command   6 * augm                v:   0.00       0.00       0.00    
                                                         t=     1.621     0.082
 *Command   7 * loop newton         v:   50.0       10.0       0.00    
                                                         t=     1.626     0.082
 *Command   8 * utan                v:   1.00       0.00       0.00    
                                                         t=     1.626     0.082
   Residual 1 norm =  5.5238111E-15 Rel =  1.3630871E-13 t=     1.650     0.082
      Convergence: Equations  norm   = T
      Convergence: Individual groups = T
 Condition check: D-max 0.1250E+04; D-min 0.1739E+03; Ratio 0.7186E+01
 Maximum no. diagonal digits lost:  1 in reducing equation    3263
   End Triangular Decomposition                          t=     1.678     0.082
   Number of operations =  249608 plus       20 Mega-ops
  Time: CPU =         1.68 , System =         0.08
--> SOLVE AT  1485.61 Mflops. Time=        0.03
   Energy convergence check
    Initial   =    2.219060402199109E-04 Current   =    1.996338528731756E-32
    Relative  =    8.996323519420050E-29 Tolerance =    1.000000000000000E-16
      Convergence: Energy |R*u| norm = T
      Convergence: Individual groups = T
 *Command   9 * next newton         v:   50.0       8.00       1.00    
                                                         t=     1.681     0.082
 *Command  10 * next augment        v:   2.00       6.00       2.00    
                                                         t=     1.682     0.082

   Augmented iteration converged in loop =   2: Maximum gap =  0.0000E+00

 *Command  11 * plot WIPE           v:   0.00       0.00       0.00    
                                                         t=     1.682     0.082
 *Command  12 * plot UNDE           v:   0.00       0.00       0.00    
                                                         t=     1.682     0.083
 *Command  13 * plot MESH           v:   0.00       0.00       0.00    
                                                         t=     1.682     0.083
 *Command  14 * plot DEFO           v:   1.00       1.00       0.00    
                                                         t=     1.683     0.083
  -> Plots on deformed mesh with scale: 1.00000E+00
                     Eigenvector scale: 0.00000E+00
 *Command  15 * stre ne             v:   1.00       0.00       0.00    
                                                         t=     1.683     0.083

 FEAP *** inflated fiber reinforced soft ring - circum. b.c. top surf. linked in 

     Element Cartesian Stresses

    Elmt  Matl  Quad     1-Coord     2-Coord     3-Coord
           11-Stress   22-Stress   33-Stress   12-Stress   23-Stress   31-Stress
           11-Strain   22-Strain   33-Strain   12-Strain   23-Strain   31-Strain
            1-Stress    2-Stress    3-Stress    1-Strain    2-Strain    3-Strain
 - - - - - - - - - - - - - - - - - - - - - - - - - - - - - - - - - - - - - - - -

       1     1     1  1.0171E-02  1.4065E-04  6.3094E-04
         -4.7909E+04  1.8256E+05  5.1685E+03 -5.3682E+03  5.1478E+01  1.0591E+03
         -1.2676E-01  2.0051E-01 -5.1385E-02 -1.5246E-02  1.4620E-04  3.0080E-03
          1.8269E+05  5.1896E+03 -4.8055E+04  2.0069E-01 -5.1355E-02 -1.2696E-01

       1     1     2  1.0652E-02  1.4730E-04  6.3094E-04
         -6.7453E+04  1.5261E+05 -1.1400E+04 -5.1259E+03  5.4734E+01  1.2947E+03
         -1.2676E-01  1.8573E-01 -4.7167E-02 -1.4558E-02  1.5545E-04  3.6769E-03
          1.5273E+05 -1.1370E+04 -6.7602E+04  1.8590E-01 -4.7124E-02 -1.2697E-01

       1     1     3  1.0652E-02  1.4730E-04  1.6906E-04
         -6.8944E+04  1.5163E+05 -1.2438E+04 -5.1377E+03  8.0542E+00 -1.3126E+02
         -1.2740E-01  1.8581E-01 -4.7167E-02 -1.4591E-02  2.2874E-05 -3.7277E-04
          1.5175E+05 -1.2438E+04 -6.9064E+04  1.8598E-01 -4.7166E-02 -1.2757E-01

       1     1     4  1.0171E-02  1.4065E-04  1.6906E-04
         -4.9337E+04  1.8167E+05  4.1928E+03 -5.3807E+03  4.7974E+00 -3.6679E+02
         -1.2740E-01  2.0063E-01 -5.1385E-02 -1.5281E-02  1.3625E-05 -1.0417E-03
          1.8179E+05  4.1953E+03 -4.9465E+04  2.0080E-01 -5.1382E-02 -1.2758E-01

       1     1     5  1.0159E-02  5.2490E-04  6.3094E-04
         -4.7624E+04  1.8228E+05  5.1685E+03 -9.7188E+03  1.7904E+01  1.0602E+03
         -1.2635E-01  2.0011E-01 -5.1385E-02 -2.7602E-02  5.0848E-05  3.0111E-03
          1.8269E+05  5.1896E+03 -4.8055E+04  2.0069E-01 -5.1355E-02 -1.2696E-01

       1     1     6  1.0639E-02  5.4972E-04  6.3094E-04
         -6.7180E+04  1.5234E+05 -1.1400E+04 -9.2801E+03  3.0059E+01  1.2955E+03
         -1.2638E-01  1.8534E-01 -4.7167E-02 -2.6355E-02  8.5366E-05  3.6792E-03
          1.5273E+05 -1.1370E+04 -6.7602E+04  1.8590E-01 -4.7124E-02 -1.2697E-01

       1     1     7  1.0639E-02  5.4972E-04  1.6906E-04
         -6.8671E+04  1.5136E+05 -1.2438E+04 -9.3015E+03 -1.6622E+01 -1.3045E+02
         -1.2702E-01  1.8542E-01 -4.7167E-02 -2.6416E-02 -4.7205E-05 -3.7048E-04
          1.5175E+05 -1.2438E+04 -6.9064E+04  1.8598E-01 -4.7166E-02 -1.2757E-01

       1     1     8  1.0159E-02  5.2490E-04  1.6906E-04
         -4.9051E+04  1.8138E+05  4.1928E+03 -9.7413E+03 -2.8776E+01 -3.6569E+02
         -1.2699E-01  2.0022E-01 -5.1385E-02 -2.7665E-02 -8.1724E-05 -1.0385E-03
          1.8179E+05  4.1953E+03 -4.9465E+04  2.0080E-01 -5.1382E-02 -1.2758E-01

       1     1   Avg  1.0411E-02  3.4082E-04  4.0000E-04
         -5.8497E+04  1.6663E+05 -3.8109E+03 -7.3779E+03  1.5293E+01  4.6714E+02
         -1.2688E-01  1.9280E-01 -4.9227E-02 -2.0953E-02  4.3431E-05  1.3267E-03
          1.6687E+05 -3.8069E+03 -5.8743E+04  1.9417E-01 -4.9205E-02 -1.2827E-01
 *Command  16 * next time           v:   6.00       3.00       6.00    
                                                         t=     1.684     0.083
 *Command   3 * dt                  v:  0.100       0.00       0.00    
                                                         t=     1.684     0.083
   DT: equal linear increments = 1.000000E-01
 *Command   4 * time                v:   0.00       0.00       0.00    
                                                         t=     1.684     0.083

   Computing solution at time   7.0000E-01 using dt =  1.0000E-01
   Total proportional load is   7.0000E-01
 *Command   5 * loop augment        v:   3.00       11.0       0.00    
                                                         t=     1.698     0.084
 *Command   6 * augm                v:   0.00       0.00       0.00    
                                                         t=     1.698     0.084
   Current Augmented Lagrangian Factor =  1.00000E+00
 *Command   7 * loop newton         v:   50.0       10.0       0.00    
                                                         t=     1.703     0.084
 *Command   8 * utan                v:   1.00       0.00       0.00    
                                                         t=     1.703     0.084
   Residual 1 norm =  4.1420667E-02 Rel =  1.0000000E+00 t=     1.728     0.084
      Convergence: Equations  norm   = F
      Convergence: Individual groups = F
 Condition check: D-max 0.1250E+04; D-min 0.1736E+03; Ratio 0.7198E+01
 Maximum no. diagonal digits lost:  1 in reducing equation    3263
   End Triangular Decomposition                          t=     1.759     0.084
   Number of operations =  249608 plus       20 Mega-ops
  Time: CPU =         1.76 , System =         0.08
--> SOLVE AT  1321.43 Mflops. Time=        0.03
   Energy convergence check
    Initial   =    2.377239892728957E-04 Current   =    2.377239892728957E-04
    Relative  =    1.000000000000000E+00 Tolerance =    1.000000000000000E-16
      Convergence: Energy |R*u| norm = F
      Convergence: Individual groups = F
 *Command   9 * next newton         v:   1.00       8.00       1.00    
                                                         t=     1.762     0.084
 *Command   8 * utan                v:   1.00       0.00       0.00    
                                                         t=     1.762     0.084
   Residual 1 norm =  1.0257349E-04 Rel =  2.4763843E-03 t=     1.785     0.088
      Convergence: Equations  norm   = F
      Convergence: Individual groups = F
 Condition check: D-max 0.1250E+04; D-min 0.1738E+03; Ratio 0.7188E+01
 Maximum no. diagonal digits lost:  1 in reducing equation    3263
   End Triangular Decomposition                          t=     1.812     0.089
   Number of operations =  249608 plus       20 Mega-ops
  Time: CPU =         1.81 , System =         0.09
--> SOLVE AT  1536.80 Mflops. Time=        0.03
   Energy convergence check
    Initial   =    2.377239892728957E-04 Current   =    1.442103144574992E-09
    Relative  =    6.066292043078273E-06 Tolerance =    1.000000000000000E-16
      Convergence: Energy |R*u| norm = F
      Convergence: Individual groups = F
 *Command   9 * next newton         v:   2.00       8.00       2.00    
                                                         t=     1.815     0.089
 *Command   8 * utan                v:   1.00       0.00       0.00    
                                                         t=     1.815     0.089
   Residual 1 norm =  6.4813101E-10 Rel =  1.5647527E-08 t=     1.837     0.089
      Convergence: Equations  norm   = F
      Convergence: Individual groups = T
 Condition check: D-max 0.1250E+04; D-min 0.1738E+03; Ratio 0.7188E+01
 Maximum no. diagonal digits lost:  1 in reducing equation    3263
   End Triangular Decomposition                          t=     1.862     0.089
   Number of operations =  249608 plus       20 Mega-ops
  Time: CPU =         1.86 , System =         0.09
--> SOLVE AT  1639.58 Mflops. Time=        0.02
   Energy convergence check
    Initial   =    2.377239892728957E-04 Current   =    5.742932828236647E-20
    Relative  =    2.415798609892936E-16 Tolerance =    1.000000000000000E-16
      Convergence: Energy |R*u| norm = F
      Convergence: Individual groups = T
 *Command   9 * next newton         v:   50.0       8.00       3.00    
                                                         t=     1.864     0.089
 *Command  10 * next augment        v:   1.00       6.00       1.00    
                                                         t=     1.864     0.089
 *Command   6 * augm                v:   0.00       0.00       0.00    
                                                         t=     1.864     0.089
 *Command   7 * loop newton         v:   50.0       10.0       0.00    
                                                         t=     1.869     0.089
 *Command   8 * utan                v:   1.00       0.00       0.00    
                                                         t=     1.869     0.089
   Residual 1 norm =  7.0260790E-15 Rel =  1.6962738E-13 t=     1.889     0.089
      Convergence: Equations  norm   = T
      Convergence: Individual groups = T
 Condition check: D-max 0.1250E+04; D-min 0.1738E+03; Ratio 0.7188E+01
 Maximum no. diagonal digits lost:  1 in reducing equation    3263
   End Triangular Decomposition                          t=     1.916     0.089
   Number of operations =  249608 plus       20 Mega-ops
  Time: CPU =         1.92 , System =         0.09
--> SOLVE AT  1471.36 Mflops. Time=        0.03
   Energy convergence check
    Initial   =    2.377239892728957E-04 Current   =    3.199386807799497E-32
    Relative  =    1.345840955128325E-28 Tolerance =    1.000000000000000E-16
      Convergence: Energy |R*u| norm = T
      Convergence: Individual groups = T
 *Command   9 * next newton         v:   50.0       8.00       1.00    
                                                         t=     1.920     0.089
 *Command  10 * next augment        v:   2.00       6.00       2.00    
                                                         t=     1.920     0.089

   Augmented iteration converged in loop =   2: Maximum gap =  0.0000E+00

 *Command  11 * plot WIPE           v:   0.00       0.00       0.00    
                                                         t=     1.920     0.089
 *Command  12 * plot UNDE           v:   0.00       0.00       0.00    
                                                         t=     1.920     0.090
 *Command  13 * plot MESH           v:   0.00       0.00       0.00    
                                                         t=     1.920     0.090
 *Command  14 * plot DEFO           v:   1.00       1.00       0.00    
                                                         t=     1.921     0.090
  -> Plots on deformed mesh with scale: 1.00000E+00
                     Eigenvector scale: 0.00000E+00
 *Command  15 * stre ne             v:   1.00       0.00       0.00    
                                                         t=     1.921     0.090

 FEAP *** inflated fiber reinforced soft ring - circum. b.c. top surf. linked in 

     Element Cartesian Stresses

    Elmt  Matl  Quad     1-Coord     2-Coord     3-Coord
           11-Stress   22-Stress   33-Stress   12-Stress   23-Stress   31-Stress
           11-Strain   22-Strain   33-Strain   12-Strain   23-Strain   31-Strain
            1-Stress    2-Stress    3-Stress    1-Strain    2-Strain    3-Strain
 - - - - - - - - - - - - - - - - - - - - - - - - - - - - - - - - - - - - - - - -

       1     1     1  1.0171E-02  1.4065E-04  6.3094E-04
         -5.7095E+04  2.1767E+05  6.2120E+03 -6.3999E+03  6.1095E+01  1.2569E+03
         -1.5112E-01  2.3904E-01 -6.1228E-02 -1.8176E-02  1.7351E-04  3.5696E-03
          2.1781E+05  6.2369E+03 -5.7269E+04  2.3925E-01 -6.1192E-02 -1.5137E-01

       1     1     2  1.0652E-02  1.4730E-04  6.3094E-04
         -8.0436E+04  1.8192E+05 -1.3597E+04 -6.1110E+03  6.4962E+01  1.5366E+03
         -1.5113E-01  2.2141E-01 -5.6221E-02 -1.7355E-02  1.8449E-04  4.3638E-03
          1.8206E+05 -1.3562E+04 -8.0614E+04  2.2162E-01 -5.6171E-02 -1.5138E-01

       1     1     3  1.0652E-02  1.4730E-04  1.6906E-04
         -8.2207E+04  1.8075E+05 -1.4831E+04 -6.1250E+03  9.5585E+00 -1.5584E+02
         -1.5189E-01  2.2151E-01 -5.6221E-02 -1.7395E-02  2.7146E-05 -4.4259E-04
          1.8090E+05 -1.4831E+04 -8.2350E+04  2.2171E-01 -5.6220E-02 -1.5210E-01

       1     1     4  1.0171E-02  1.4065E-04  1.6906E-04
         -5.8791E+04  2.1660E+05  5.0534E+03 -6.4146E+03  5.6915E+00 -4.3550E+02
         -1.5189E-01  2.3917E-01 -6.1228E-02 -1.8218E-02  1.6164E-05 -1.2368E-03
          2.1675E+05  5.0563E+03 -5.8943E+04  2.3938E-01 -6.1223E-02 -1.5210E-01

       1     1     5  1.0159E-02  5.2490E-04  6.3094E-04
         -5.6755E+04  2.1733E+05  6.2120E+03 -1.1587E+04  2.1241E+01  1.2582E+03
         -1.5064E-01  2.3855E-01 -6.1228E-02 -3.2906E-02  6.0325E-05  3.5733E-03
          2.1781E+05  6.2369E+03 -5.7269E+04  2.3925E-01 -6.1192E-02 -1.5137E-01

       1     1     6  1.0639E-02  5.4972E-04  6.3094E-04
         -8.0112E+04  1.8160E+05 -1.3597E+04 -1.1064E+04  3.5673E+01  1.5375E+03
         -1.5067E-01  2.2095E-01 -5.6221E-02 -3.1420E-02  1.0131E-04  4.3665E-03
          1.8206E+05 -1.3562E+04 -8.0614E+04  2.2162E-01 -5.6171E-02 -1.5138E-01

       1     1     7  1.0639E-02  5.4972E-04  1.6906E-04
         -8.1881E+04  1.8043E+05 -1.4831E+04 -1.1089E+04 -1.9730E+01 -1.5488E+02
         -1.5143E-01  2.2105E-01 -5.6221E-02 -3.1493E-02 -5.6035E-05 -4.3987E-04
          1.8090E+05 -1.4831E+04 -8.2350E+04  2.2171E-01 -5.6220E-02 -1.5210E-01

       1     1     8  1.0159E-02  5.2490E-04  1.6906E-04
         -5.8450E+04  2.1626E+05  5.0534E+03 -1.1613E+04 -3.4162E+01 -4.3419E+02
         -1.5140E-01  2.3869E-01 -6.1228E-02 -3.2982E-02 -9.7020E-05 -1.2331E-03
          2.1675E+05  5.0563E+03 -5.8943E+04  2.3938E-01 -6.1223E-02 -1.5210E-01

       1     1   Avg  1.0411E-02  3.4082E-04  4.0000E-04
         -6.9736E+04  1.9866E+05 -4.5199E+03 -8.7957E+03  1.8147E+01  5.5432E+02
         -1.5127E-01  2.2984E-01 -5.8666E-02 -2.4980E-02  5.1536E-05  1.5743E-03
          1.9894E+05 -4.5152E+03 -7.0029E+04  2.3147E-01 -5.8640E-02 -1.5293E-01
 *Command  16 * next time           v:   7.00       3.00       7.00    
                                                         t=     1.921     0.091
 *Command   3 * dt                  v:  0.100       0.00       0.00    
                                                         t=     1.921     0.091
   DT: equal linear increments = 1.000000E-01
 *Command   4 * time                v:   0.00       0.00       0.00    
                                                         t=     1.922     0.091

   Computing solution at time   8.0000E-01 using dt =  1.0000E-01
   Total proportional load is   8.0000E-01
 *Command   5 * loop augment        v:   3.00       11.0       0.00    
                                                         t=     1.936     0.091
 *Command   6 * augm                v:   0.00       0.00       0.00    
                                                         t=     1.936     0.091
   Current Augmented Lagrangian Factor =  1.00000E+00
 *Command   7 * loop newton         v:   50.0       10.0       0.00    
                                                         t=     1.942     0.091
 *Command   8 * utan                v:   1.00       0.00       0.00    
                                                         t=     1.942     0.091
   Residual 1 norm =  4.2325124E-02 Rel =  1.0000000E+00 t=     1.970     0.092
      Convergence: Equations  norm   = F
      Convergence: Individual groups = F
 Condition check: D-max 0.1250E+04; D-min 0.1736E+03; Ratio 0.7200E+01
 Maximum no. diagonal digits lost:  1 in reducing equation    3263
   End Triangular Decomposition                          t=     2.006     0.092
   Number of operations =  249608 plus       20 Mega-ops
  Time: CPU =         2.01 , System =         0.09
--> SOLVE AT  1148.39 Mflops. Time=        0.04
   Energy convergence check
    Initial   =    2.543356496747176E-04 Current   =    2.543356496747176E-04
    Relative  =    1.000000000000000E+00 Tolerance =    1.000000000000000E-16
      Convergence: Energy |R*u| norm = F
      Convergence: Individual groups = F
 *Command   9 * next newton         v:   1.00       8.00       1.00    
                                                         t=     2.009     0.092
 *Command   8 * utan                v:   1.00       0.00       0.00    
                                                         t=     2.009     0.092
   Residual 1 norm =  1.2643001E-04 Rel =  2.9871150E-03 t=     2.032     0.093
      Convergence: Equations  norm   = F
      Convergence: Individual groups = F
 Condition check: D-max 0.1250E+04; D-min 0.1739E+03; Ratio 0.7188E+01
 Maximum no. diagonal digits lost:  1 in reducing equation    3263
   End Triangular Decomposition                          t=     2.057     0.093
   Number of operations =  249608 plus       20 Mega-ops
  Time: CPU =         2.06 , System =         0.09
--> SOLVE AT  1615.89 Mflops. Time=        0.03
   Energy convergence check
    Initial   =    2.543356496747176E-04 Current   =    2.240393545344786E-09
    Relative  =    8.808806583780668E-06 Tolerance =    1.000000000000000E-16
      Convergence: Energy |R*u| norm = F
      Convergence: Individual groups = F
 *Command   9 * next newton         v:   2.00       8.00       2.00    
                                                         t=     2.059     0.093
 *Command   8 * utan                v:   1.00       0.00       0.00    
                                                         t=     2.059     0.093
   Residual 1 norm =  1.1576277E-09 Rel =  2.7350841E-08 t=     2.080     0.093
      Convergence: Equations  norm   = F
      Convergence: Individual groups = T
 Condition check: D-max 0.1250E+04; D-min 0.1739E+03; Ratio 0.7188E+01
 Maximum no. diagonal digits lost:  1 in reducing equation    3263
   End Triangular Decomposition                          t=     2.104     0.093
   Number of operations =  249608 plus       20 Mega-ops
  Time: CPU =         2.11 , System =         0.09
--> SOLVE AT  1695.03 Mflops. Time=        0.02
   Energy convergence check
    Initial   =    2.543356496747176E-04 Current   =    1.872895287695212E-19
    Relative  =    7.363872465737895E-16 Tolerance =    1.000000000000000E-16
      Convergence: Energy |R*u| norm = F
      Convergence: Individual groups = T
 *Command   9 * next newton         v:   50.0       8.00       3.00    
                                                         t=     2.106     0.093
 *Command  10 * next augment        v:   1.00       6.00       1.00    
                                                         t=     2.106     0.093
 *Command   6 * augm                v:   0.00       0.00       0.00    
                                                         t=     2.106     0.093
 *Command   7 * loop newton         v:   50.0       10.0       0.00    
                                                         t=     2.111     0.093
 *Command   8 * utan                v:   1.00       0.00       0.00    
                                                         t=     2.111     0.093
   Residual 1 norm =  8.5807424E-15 Rel =  2.0273401E-13 t=     2.131     0.093
      Convergence: Equations  norm   = T
      Convergence: Individual groups = T
 Condition check: D-max 0.1250E+04; D-min 0.1739E+03; Ratio 0.7188E+01
 Maximum no. diagonal digits lost:  1 in reducing equation    3263
   End Triangular Decomposition                          t=     2.153     0.094
   Number of operations =  249608 plus       20 Mega-ops
  Time: CPU =         2.15 , System =         0.09
--> SOLVE AT  1852.92 Mflops. Time=        0.02
   Energy convergence check
    Initial   =    2.543356496747176E-04 Current   =    4.544029402185984E-32
    Relative  =    1.786627005690145E-28 Tolerance =    1.000000000000000E-16
      Convergence: Energy |R*u| norm = T
      Convergence: Individual groups = T
 *Command   9 * next newton         v:   50.0       8.00       1.00    
                                                         t=     2.155     0.094
 *Command  10 * next augment        v:   2.00       6.00       2.00    
                                                         t=     2.155     0.094

   Augmented iteration converged in loop =   2: Maximum gap =  0.0000E+00

 *Command  11 * plot WIPE           v:   0.00       0.00       0.00    
                                                         t=     2.155     0.094
 *Command  12 * plot UNDE           v:   0.00       0.00       0.00    
                                                         t=     2.156     0.094
 *Command  13 * plot MESH           v:   0.00       0.00       0.00    
                                                         t=     2.156     0.094
 *Command  14 * plot DEFO           v:   1.00       1.00       0.00    
                                                         t=     2.157     0.094
  -> Plots on deformed mesh with scale: 1.00000E+00
                     Eigenvector scale: 0.00000E+00
 *Command  15 * stre ne             v:   1.00       0.00       0.00    
                                                         t=     2.157     0.094

 FEAP *** inflated fiber reinforced soft ring - circum. b.c. top surf. linked in 

     Element Cartesian Stresses

    Elmt  Matl  Quad     1-Coord     2-Coord     3-Coord
           11-Stress   22-Stress   33-Stress   12-Stress   23-Stress   31-Stress
           11-Strain   22-Strain   33-Strain   12-Strain   23-Strain   31-Strain
            1-Stress    2-Stress    3-Stress    1-Strain    2-Strain    3-Strain
 - - - - - - - - - - - - - - - - - - - - - - - - - - - - - - - - - - - - - - - -

       1     1     1  1.0171E-02  1.4065E-04  6.3094E-04
         -6.6630E+04  2.5414E+05  7.3138E+03 -7.4715E+03  7.0986E+01  1.4603E+03
         -1.7644E-01  2.7905E-01 -7.1440E-02 -2.1219E-02  2.0160E-04  4.1471E-03
          2.5431E+05  7.3426E+03 -6.6833E+04  2.7930E-01 -7.1399E-02 -1.7673E-01

       1     1     2  1.0652E-02  1.4730E-04  6.3094E-04
         -9.3930E+04  2.1236E+05 -1.5883E+04 -7.1342E+03  7.5481E+01  1.7853E+03
         -1.7645E-01  2.5848E-01 -6.5622E-02 -2.0261E-02  2.1437E-04  5.0703E-03
          2.1252E+05 -1.5842E+04 -9.4137E+04  2.5871E-01 -6.5564E-02 -1.7674E-01

       1     1     3  1.0652E-02  1.4730E-04  1.6906E-04
         -9.5988E+04  2.1100E+05 -1.7317E+04 -7.1506E+03  1.1106E+01 -1.8114E+02
         -1.7734E-01  2.5859E-01 -6.5622E-02 -2.0308E-02  3.1540E-05 -5.1443E-04
          2.1117E+05 -1.7317E+04 -9.6155E+04  2.5883E-01 -6.5622E-02 -1.7757E-01

       1     1     4  1.0171E-02  1.4065E-04  1.6906E-04
         -6.8601E+04  2.5290E+05  5.9669E+03 -7.4887E+03  6.6106E+00 -5.0621E+02
         -1.7733E-01  2.7921E-01 -7.1440E-02 -2.1268E-02  1.8774E-05 -1.4376E-03
          2.5308E+05  5.9703E+03 -6.8779E+04  2.7946E-01 -7.1435E-02 -1.7758E-01

       1     1     5  1.0159E-02  5.2490E-04  6.3094E-04
         -6.6233E+04  2.5374E+05  7.3138E+03 -1.3527E+04  2.4671E+01  1.4618E+03
         -1.7588E-01  2.7849E-01 -7.1440E-02 -3.8416E-02  7.0066E-05  4.1514E-03
          2.5431E+05  7.3426E+03 -6.6833E+04  2.7930E-01 -7.1399E-02 -1.7673E-01

       1     1     6  1.0639E-02  5.4972E-04  6.3094E-04
         -9.3551E+04  2.1198E+05 -1.5883E+04 -1.2916E+04  4.1447E+01  1.7864E+03
         -1.7591E-01  2.5794E-01 -6.5622E-02 -3.6682E-02  1.1771E-04  5.0735E-03
          2.1252E+05 -1.5842E+04 -9.4137E+04  2.5871E-01 -6.5564E-02 -1.7674E-01

       1     1     7  1.0639E-02  5.4972E-04  1.6906E-04
         -9.5609E+04  2.1062E+05 -1.7317E+04 -1.2946E+04 -2.2929E+01 -1.8002E+02
         -1.7680E-01  2.5805E-01 -6.5622E-02 -3.6766E-02 -6.5118E-05 -5.1127E-04
          2.1117E+05 -1.7317E+04 -9.6155E+04  2.5883E-01 -6.5622E-02 -1.7757E-01

       1     1     8  1.0159E-02  5.2490E-04  1.6906E-04
         -6.8203E+04  2.5250E+05  5.9669E+03 -1.3558E+04 -3.9704E+01 -5.0470E+02
         -1.7676E-01  2.7864E-01 -7.1440E-02 -3.8504E-02 -1.1276E-04 -1.4333E-03
          2.5308E+05  5.9703E+03 -6.8779E+04  2.7946E-01 -7.1435E-02 -1.7758E-01

       1     1   Avg  1.0411E-02  3.4082E-04  4.0000E-04
         -8.1409E+04  2.3192E+05 -5.2482E+03 -1.0268E+04  2.1081E+01  6.4397E+02
         -1.7661E-01  2.6832E-01 -6.8464E-02 -2.9162E-02  5.9871E-05  1.8289E-03
          2.3226E+05 -5.2427E+03 -8.1751E+04  2.7022E-01 -6.8433E-02 -1.7855E-01
 *Command  16 * next time           v:   8.00       3.00       8.00    
                                                         t=     2.158     0.094
 *Command   3 * dt                  v:  0.100       0.00       0.00    
                                                         t=     2.158     0.094
   DT: equal linear increments = 1.000000E-01
 *Command   4 * time                v:   0.00       0.00       0.00    
                                                         t=     2.158     0.094

   Computing solution at time   9.0000E-01 using dt =  1.0000E-01
   Total proportional load is   9.0000E-01
 *Command   5 * loop augment        v:   3.00       11.0       0.00    
                                                         t=     2.170     0.094
 *Command   6 * augm                v:   0.00       0.00       0.00    
                                                         t=     2.170     0.094
   Current Augmented Lagrangian Factor =  1.00000E+00
 *Command   7 * loop newton         v:   50.0       10.0       0.00    
                                                         t=     2.175     0.094
 *Command   8 * utan                v:   1.00       0.00       0.00    
                                                         t=     2.175     0.094
   Residual 1 norm =  4.3234352E-02 Rel =  1.0000000E+00 t=     2.197     0.094
      Convergence: Equations  norm   = F
      Convergence: Individual groups = F
 Condition check: D-max 0.1250E+04; D-min 0.1736E+03; Ratio 0.7199E+01
 Maximum no. diagonal digits lost:  1 in reducing equation    3263
   End Triangular Decomposition                          t=     2.224     0.094
   Number of operations =  249608 plus       20 Mega-ops
  Time: CPU =         2.23 , System =         0.09
--> SOLVE AT  1488.89 Mflops. Time=        0.03
   Energy convergence check
    Initial   =    2.716811615443997E-04 Current   =    2.716811615443997E-04
    Relative  =    1.000000000000000E+00 Tolerance =    1.000000000000000E-16
      Convergence: Energy |R*u| norm = F
      Convergence: Individual groups = F
 *Command   9 * next newton         v:   1.00       8.00       1.00    
                                                         t=     2.227     0.094
 *Command   8 * utan                v:   1.00       0.00       0.00    
                                                         t=     2.227     0.094
   Residual 1 norm =  1.5286135E-04 Rel =  3.5356457E-03 t=     2.249     0.094
      Convergence: Equations  norm   = F
      Convergence: Individual groups = F
 Condition check: D-max 0.1250E+04; D-min 0.1739E+03; Ratio 0.7185E+01
 Maximum no. diagonal digits lost:  1 in reducing equation    3263
   End Triangular Decomposition                          t=     2.267     0.097
   Number of operations =  249608 plus       20 Mega-ops
  Time: CPU =         2.27 , System =         0.10
--> SOLVE AT  2202.13 Mflops. Time=        0.02
   Energy convergence check
    Initial   =    2.716811615443997E-04 Current   =    3.345637391565776E-09
    Relative  =    1.231457261352665E-05 Tolerance =    1.000000000000000E-16
      Convergence: Energy |R*u| norm = F
      Convergence: Individual groups = F
 *Command   9 * next newton         v:   2.00       8.00       2.00    
                                                         t=     2.269     0.098
 *Command   8 * utan                v:   1.00       0.00       0.00    
                                                         t=     2.269     0.098
   Residual 1 norm =  1.9525757E-09 Rel =  4.5162599E-08 t=     2.290     0.098
      Convergence: Equations  norm   = F
      Convergence: Individual groups = T
 Condition check: D-max 0.1250E+04; D-min 0.1739E+03; Ratio 0.7185E+01
 Maximum no. diagonal digits lost:  1 in reducing equation    3263
   End Triangular Decomposition                          t=     2.315     0.099
   Number of operations =  249608 plus       20 Mega-ops
  Time: CPU =         2.32 , System =         0.10
--> SOLVE AT  1635.09 Mflops. Time=        0.02
   Energy convergence check
    Initial   =    2.716811615443997E-04 Current   =    5.441462739917132E-19
    Relative  =    2.002885554885209E-15 Tolerance =    1.000000000000000E-16
      Convergence: Energy |R*u| norm = F
      Convergence: Individual groups = T
 *Command   9 * next newton         v:   50.0       8.00       3.00    
                                                         t=     2.318     0.099
 *Command  10 * next augment        v:   1.00       6.00       1.00    
                                                         t=     2.318     0.099
 *Command   6 * augm                v:   0.00       0.00       0.00    
                                                         t=     2.318     0.099
 *Command   7 * loop newton         v:   50.0       10.0       0.00    
                                                         t=     2.322     0.099
 *Command   8 * utan                v:   1.00       0.00       0.00    
                                                         t=     2.322     0.099
   Residual 1 norm =  9.9656446E-15 Rel =  2.3050292E-13 t=     2.341     0.099
      Convergence: Equations  norm   = T
      Convergence: Individual groups = T
 Condition check: D-max 0.1250E+04; D-min 0.1739E+03; Ratio 0.7185E+01
 Maximum no. diagonal digits lost:  1 in reducing equation    3263
   End Triangular Decomposition                          t=     2.364     0.103
   Number of operations =  249608 plus       20 Mega-ops
  Time: CPU =         2.37 , System =         0.10
--> SOLVE AT  1838.20 Mflops. Time=        0.02
   Energy convergence check
    Initial   =    2.716811615443997E-04 Current   =    6.100410619735839E-32
    Relative  =    2.245430115602209E-28 Tolerance =    1.000000000000000E-16
      Convergence: Energy |R*u| norm = T
      Convergence: Individual groups = T
 *Command   9 * next newton         v:   50.0       8.00       1.00    
                                                         t=     2.367     0.103
 *Command  10 * next augment        v:   2.00       6.00       2.00    
                                                         t=     2.367     0.103

   Augmented iteration converged in loop =   2: Maximum gap =  0.0000E+00

 *Command  11 * plot WIPE           v:   0.00       0.00       0.00    
                                                         t=     2.367     0.103
 *Command  12 * plot UNDE           v:   0.00       0.00       0.00    
                                                         t=     2.367     0.103
 *Command  13 * plot MESH           v:   0.00       0.00       0.00    
                                                         t=     2.367     0.103
 *Command  14 * plot DEFO           v:   1.00       1.00       0.00    
                                                         t=     2.369     0.103
  -> Plots on deformed mesh with scale: 1.00000E+00
                     Eigenvector scale: 0.00000E+00
 *Command  15 * stre ne             v:   1.00       0.00       0.00    
                                                         t=     2.369     0.103

 FEAP *** inflated fiber reinforced soft ring - circum. b.c. top surf. linked in 

     Element Cartesian Stresses

    Elmt  Matl  Quad     1-Coord     2-Coord     3-Coord
           11-Stress   22-Stress   33-Stress   12-Stress   23-Stress   31-Stress
           11-Strain   22-Strain   33-Strain   12-Strain   23-Strain   31-Strain
            1-Stress    2-Stress    3-Stress    1-Strain    2-Strain    3-Strain
 - - - - - - - - - - - - - - - - - - - - - - - - - - - - - - - - - - - - - - - -

       1     1     1  1.0171E-02  1.4065E-04  6.3094E-04
         -7.6509E+04  2.9197E+05  8.4759E+03 -8.5828E+03  8.1135E+01  1.6689E+03
         -2.0269E-01  3.2054E-01 -8.2016E-02 -2.4375E-02  2.3042E-04  4.7396E-03
          2.9217E+05  8.5086E+03 -7.6742E+04  3.2082E-01 -8.1970E-02 -2.0303E-01

       1     1     2  1.0652E-02  1.4730E-04  6.3094E-04
         -1.0793E+05  2.4391E+05 -1.8256E+04 -8.1953E+03  8.6275E+01  2.0406E+03
         -2.0271E-01  2.9691E-01 -7.5367E-02 -2.3275E-02  2.4502E-04  5.7953E-03
          2.4410E+05 -1.8209E+04 -1.0817E+05  2.9718E-01 -7.5301E-02 -2.0304E-01

       1     1     3  1.0652E-02  1.4730E-04  1.6906E-04
         -1.1028E+05  2.4236E+05 -1.9896E+04 -8.2140E+03  1.2693E+01 -2.0710E+02
         -2.0372E-01  2.9703E-01 -7.5367E-02 -2.3328E-02  3.6048E-05 -5.8817E-04
          2.4255E+05 -1.9895E+04 -1.1048E+05  2.9731E-01 -7.5366E-02 -2.0399E-01

       1     1     4  1.0171E-02  1.4065E-04  1.6906E-04
         -7.8763E+04  2.9055E+05  6.9357E+03 -8.6023E+03  7.5531E+00 -5.7882E+02
         -2.0371E-01  3.2072E-01 -8.2016E-02 -2.4431E-02  2.1451E-05 -1.6438E-03
          2.9075E+05  6.9396E+03 -7.8967E+04  3.2100E-01 -8.2011E-02 -2.0400E-01

       1     1     5  1.0159E-02  5.2490E-04  6.3094E-04
         -7.6053E+04  2.9151E+05  8.4759E+03 -1.5539E+04  2.8188E+01  1.6706E+03
         -2.0205E-01  3.1989E-01 -8.2016E-02 -4.4129E-02  8.0055E-05  4.7445E-03
          2.9217E+05  8.5086E+03 -7.6742E+04  3.2082E-01 -8.1970E-02 -2.0303E-01

       1     1     6  1.0639E-02  5.4972E-04  6.3094E-04
         -1.0750E+05  2.4347E+05 -1.8256E+04 -1.4837E+04  4.7371E+01  2.0419E+03
         -2.0209E-01  2.9629E-01 -7.5367E-02 -4.2137E-02  1.3453E-04  5.7989E-03
          2.4410E+05 -1.8209E+04 -1.0817E+05  2.9718E-01 -7.5301E-02 -2.0304E-01

       1     1     7  1.0639E-02  5.4972E-04  1.6906E-04
         -1.0985E+05  2.4192E+05 -1.9896E+04 -1.4871E+04 -2.6211E+01 -2.0583E+02
         -2.0310E-01  2.9641E-01 -7.5367E-02 -4.2233E-02 -7.4439E-05 -5.8455E-04
          2.4255E+05 -1.9895E+04 -1.1048E+05  2.9731E-01 -7.5366E-02 -2.0399E-01

       1     1     8  1.0159E-02  5.2490E-04  1.6906E-04
         -7.8306E+04  2.9010E+05  6.9357E+03 -1.5574E+04 -4.5393E+01 -5.7708E+02
         -2.0306E-01  3.2007E-01 -8.2016E-02 -4.4230E-02 -1.2892E-04 -1.6389E-03
          2.9075E+05  6.9396E+03 -7.8967E+04  3.2100E-01 -8.2011E-02 -2.0400E-01

       1     1   Avg  1.0411E-02  3.4082E-04  4.0000E-04
         -9.3512E+04  2.6642E+05 -5.9942E+03 -1.1796E+04  2.4092E+01  7.3593E+02
         -2.0289E-01  3.0821E-01 -7.8615E-02 -3.3499E-02  6.8420E-05  2.0900E-03
          2.6680E+05 -5.9880E+03 -9.3905E+04  3.1040E-01 -7.8580E-02 -2.0511E-01
 *Command  16 * next time           v:   9.00       3.00       9.00    
                                                         t=     2.369     0.104
 *Command   3 * dt                  v:  0.100       0.00       0.00    
                                                         t=     2.369     0.104
   DT: equal linear increments = 1.000000E-01
 *Command   4 * time                v:   0.00       0.00       0.00    
                                                         t=     2.369     0.104

   Computing solution at time   1.0000E+00 using dt =  1.0000E-01
   Total proportional load is   1.0000E+00
 *Command   5 * loop augment        v:   3.00       11.0       0.00    
                                                         t=     2.383     0.104
 *Command   6 * augm                v:   0.00       0.00       0.00    
                                                         t=     2.383     0.104
   Current Augmented Lagrangian Factor =  1.00000E+00
 *Command   7 * loop newton         v:   50.0       10.0       0.00    
                                                         t=     2.388     0.104
 *Command   8 * utan                v:   1.00       0.00       0.00    
                                                         t=     2.388     0.104
   Residual 1 norm =  4.4144666E-02 Rel =  1.0000000E+00 t=     2.415     0.104
      Convergence: Equations  norm   = F
      Convergence: Individual groups = F
 Condition check: D-max 0.1250E+04; D-min 0.1737E+03; Ratio 0.7194E+01
 Maximum no. diagonal digits lost:  1 in reducing equation    3263
   End Triangular Decomposition                          t=     2.453     0.104
   Number of operations =  249608 plus       20 Mega-ops
  Time: CPU =         2.46 , System =         0.10
--> SOLVE AT  1073.63 Mflops. Time=        0.04
   Energy convergence check
    Initial   =    2.896779811656828E-04 Current   =    2.896779811656828E-04
    Relative  =    1.000000000000000E+00 Tolerance =    1.000000000000000E-16
      Convergence: Energy |R*u| norm = F
      Convergence: Individual groups = F
 *Command   9 * next newton         v:   1.00       8.00       1.00    
                                                         t=     2.456     0.105
 *Command   8 * utan                v:   1.00       0.00       0.00    
                                                         t=     2.456     0.105
   Residual 1 norm =  1.8181731E-04 Rel =  4.1186699E-03 t=     2.483     0.105
      Convergence: Equations  norm   = F
      Convergence: Individual groups = F
 Condition check: D-max 0.1250E+04; D-min 0.1741E+03; Ratio 0.7179E+01
 Maximum no. diagonal digits lost:  1 in reducing equation    3263
   End Triangular Decomposition                          t=     2.512     0.106
   Number of operations =  249608 plus       20 Mega-ops
  Time: CPU =         2.52 , System =         0.11
--> SOLVE AT  1362.14 Mflops. Time=        0.03
   Energy convergence check
    Initial   =    2.896779811656828E-04 Current   =    4.829746804256415E-09
    Relative  =    1.667281297950643E-05 Tolerance =    1.000000000000000E-16
      Convergence: Energy |R*u| norm = F
      Convergence: Individual groups = F
 *Command   9 * next newton         v:   2.00       8.00       2.00    
                                                         t=     2.516     0.106
 *Command   8 * utan                v:   1.00       0.00       0.00    
                                                         t=     2.516     0.106
   Residual 1 norm =  3.1377679E-09 Rel =  7.1079207E-08 t=     2.539     0.108
      Convergence: Equations  norm   = F
      Convergence: Individual groups = T
 Condition check: D-max 0.1250E+04; D-min 0.1741E+03; Ratio 0.7179E+01
 Maximum no. diagonal digits lost:  1 in reducing equation    3263
   End Triangular Decomposition                          t=     2.566     0.109
   Number of operations =  249608 plus       20 Mega-ops
  Time: CPU =         2.57 , System =         0.11
--> SOLVE AT  1459.59 Mflops. Time=        0.03
   Energy convergence check
    Initial   =    2.896779811656828E-04 Current   =    1.433412892752585E-18
    Relative  =    4.948297716603932E-15 Tolerance =    1.000000000000000E-16
      Convergence: Energy |R*u| norm = F
      Convergence: Individual groups = T
 *Command   9 * next newton         v:   50.0       8.00       3.00    
                                                         t=     2.570     0.109
 *Command  10 * next augment        v:   1.00       6.00       1.00    
                                                         t=     2.570     0.109
 *Command   6 * augm                v:   0.00       0.00       0.00    
                                                         t=     2.570     0.109
 *Command   7 * loop newton         v:   50.0       10.0       0.00    
                                                         t=     2.576     0.109
 *Command   8 * utan                v:   1.00       0.00       0.00    
                                                         t=     2.576     0.109
   Residual 1 norm =  9.8338225E-15 Rel =  2.2276355E-13 t=     2.596     0.112
      Convergence: Equations  norm   = T
      Convergence: Individual groups = T
 Condition check: D-max 0.1250E+04; D-min 0.1741E+03; Ratio 0.7179E+01
 Maximum no. diagonal digits lost:  1 in reducing equation    3263
   End Triangular Decomposition                          t=     2.622     0.115
   Number of operations =  249608 plus       20 Mega-ops
  Time: CPU =         2.62 , System =         0.11
--> SOLVE AT  1562.65 Mflops. Time=        0.03
   Energy convergence check
    Initial   =    2.896779811656828E-04 Current   =    6.372967327734247E-32
    Relative  =    2.200017861933799E-28 Tolerance =    1.000000000000000E-16
      Convergence: Energy |R*u| norm = T
      Convergence: Individual groups = T
 *Command   9 * next newton         v:   50.0       8.00       1.00    
                                                         t=     2.625     0.115
 *Command  10 * next augment        v:   2.00       6.00       2.00    
                                                         t=     2.625     0.115

   Augmented iteration converged in loop =   2: Maximum gap =  0.0000E+00

 *Command  11 * plot WIPE           v:   0.00       0.00       0.00    
                                                         t=     2.625     0.115
 *Command  12 * plot UNDE           v:   0.00       0.00       0.00    
                                                         t=     2.626     0.115
 *Command  13 * plot MESH           v:   0.00       0.00       0.00    
                                                         t=     2.626     0.115
 *Command  14 * plot DEFO           v:   1.00       1.00       0.00    
                                                         t=     2.627     0.115
  -> Plots on deformed mesh with scale: 1.00000E+00
                     Eigenvector scale: 0.00000E+00
 *Command  15 * stre ne             v:   1.00       0.00       0.00    
                                                         t=     2.627     0.115

 FEAP *** inflated fiber reinforced soft ring - circum. b.c. top surf. linked in 

     Element Cartesian Stresses

    Elmt  Matl  Quad     1-Coord     2-Coord     3-Coord
           11-Stress   22-Stress   33-Stress   12-Stress   23-Stress   31-Stress
           11-Strain   22-Strain   33-Strain   12-Strain   23-Strain   31-Strain
            1-Stress    2-Stress    3-Stress    1-Strain    2-Strain    3-Strain
 - - - - - - - - - - - - - - - - - - - - - - - - - - - - - - - - - - - - - - - -

       1     1     1  1.0171E-02  1.4065E-04  6.3094E-04
         -8.6724E+04  3.3112E+05  9.7000E+03 -9.7328E+03  9.1520E+01  1.8823E+03
         -2.2987E-01  3.6347E-01 -9.2948E-02 -2.7641E-02  2.5992E-04  5.3458E-03
          3.3135E+05  9.7367E+03 -8.6987E+04  3.6379E-01 -9.2895E-02 -2.3024E-01

       1     1     2  1.0652E-02  1.4730E-04  6.3094E-04
         -1.2243E+05  2.7655E+05 -2.0714E+04 -9.2934E+03  9.7320E+01  2.3018E+03
         -2.2988E-01  3.3667E-01 -8.5447E-02 -2.6393E-02  2.7639E-04  6.5371E-03
          2.7677E+05 -2.0662E+04 -1.2270E+05  3.3698E-01 -8.5373E-02 -2.3026E-01

       1     1     3  1.0652E-02  1.4730E-04  1.6906E-04
         -1.2509E+05  2.7480E+05 -2.2565E+04 -9.3145E+03  1.4317E+01 -2.3368E+02
         -2.3103E-01  3.3682E-01 -8.5447E-02 -2.6453E-02  4.0661E-05 -6.6365E-04
          2.7502E+05 -2.2564E+04 -1.2530E+05  3.3712E-01 -8.5446E-02 -2.3133E-01

       1     1     4  1.0171E-02  1.4065E-04  1.6906E-04
         -8.9267E+04  3.2953E+05  7.9619E+03 -9.7548E+03  8.5170E+00 -6.5315E+02
         -2.3101E-01  3.6368E-01 -9.2948E-02 -2.7704E-02  2.4188E-05 -1.8549E-03
          3.2976E+05  7.9663E+03 -8.9499E+04  3.6400E-01 -9.2941E-02 -2.3134E-01

       1     1     5  1.0159E-02  5.2490E-04  6.3094E-04
         -8.6207E+04  3.3061E+05  9.7000E+03 -1.7621E+04  3.1786E+01  1.8843E+03
         -2.2914E-01  3.6274E-01 -9.2948E-02 -5.0042E-02  9.0272E-05  5.3513E-03
          3.3135E+05  9.7367E+03 -8.6987E+04  3.6379E-01 -9.2895E-02 -2.3024E-01

       1     1     6  1.0639E-02  5.4972E-04  6.3094E-04
         -1.2194E+05  2.7606E+05 -2.0714E+04 -1.6825E+04  5.3433E+01  2.3032E+03
         -2.2918E-01  3.3597E-01 -8.5447E-02 -4.7783E-02  1.5175E-04  6.5412E-03
          2.7677E+05 -2.0662E+04 -1.2270E+05  3.3698E-01 -8.5373E-02 -2.3026E-01

       1     1     7  1.0639E-02  5.4972E-04  1.6906E-04
         -1.2459E+05  2.7431E+05 -2.2565E+04 -1.6863E+04 -2.9570E+01 -2.3224E+02
         -2.3032E-01  3.3611E-01 -8.5447E-02 -4.7892E-02 -8.3979E-05 -6.5957E-04
          2.7502E+05 -2.2564E+04 -1.2530E+05  3.3712E-01 -8.5446E-02 -2.3133E-01

       1     1     8  1.0159E-02  5.2490E-04  1.6906E-04
         -8.8749E+04  3.2901E+05  7.9619E+03 -1.7660E+04 -5.1217E+01 -6.5119E+02
         -2.3028E-01  3.6294E-01 -9.2948E-02 -5.0156E-02 -1.4546E-04 -1.8494E-03
          3.2976E+05  7.9663E+03 -8.9499E+04  3.6400E-01 -9.2941E-02 -2.3134E-01

       1     1   Avg  1.0411E-02  3.4082E-04  4.0000E-04
         -1.0604E+05  3.0212E+05 -6.7562E+03 -1.3376E+04  2.7172E+01  8.3001E+02
         -2.3009E-01  3.4949E-01 -8.9111E-02 -3.7988E-02  7.7167E-05  2.3572E-03
          3.0256E+05 -6.7493E+03 -1.0648E+05  3.5197E-01 -8.9072E-02 -2.3261E-01
 *Command  16 * next time           v:   10.0       3.00       10.0    
                                                         t=     2.629     0.115
 *End of Solution Execution*                             t=     2.629     0.115
 *Command   1 * stre                v:   4.00       0.00       0.00    
                                                         t=     2.631     0.116

 FEAP *** inflated fiber reinforced soft ring - circum. b.c. top surf. linked in 

     Element Cartesian Stresses

    Elmt  Matl  Quad     1-Coord     2-Coord     3-Coord
           11-Stress   22-Stress   33-Stress   12-Stress   23-Stress   31-Stress
           11-Strain   22-Strain   33-Strain   12-Strain   23-Strain   31-Strain
            1-Stress    2-Stress    3-Stress    1-Strain    2-Strain    3-Strain
 - - - - - - - - - - - - - - - - - - - - - - - - - - - - - - - - - - - - - - - -

       4     1     1  1.2670E-02  1.7520E-04  6.3094E-04
         -2.1012E+04  2.5185E+05  1.3885E+04 -6.3557E+03 -2.1172E+00 -9.2930E+01
         -1.3262E-01  2.5485E-01 -8.3068E-02 -1.8050E-02 -6.0130E-06 -2.6392E-04
          2.5200E+05  1.3885E+04 -2.1160E+04  2.5506E-01 -8.3068E-02 -1.3283E-01

       4     1     2  1.3151E-02  1.8185E-04  6.3094E-04
         -4.7408E+04  2.1548E+05 -1.2574E+04 -6.1233E+03 -2.4137E+00 -1.1437E+02
         -1.3263E-01  2.4067E-01 -8.3164E-02 -1.7390E-02 -6.8548E-06 -3.2480E-04
          2.1562E+05 -1.2574E+04 -4.7551E+04  2.4087E-01 -8.3163E-02 -1.3283E-01

       4     1     3  1.3151E-02  1.8185E-04  1.6906E-04
         -4.7246E+04  2.1560E+05 -1.2453E+04 -6.1225E+03 -1.3589E+00 -8.2147E+01
         -1.3257E-01  2.4068E-01 -8.3164E-02 -1.7388E-02 -3.8593E-06 -2.3330E-04
          2.1575E+05 -1.2453E+04 -4.7389E+04  2.4088E-01 -8.3164E-02 -1.3277E-01

       4     1     4  1.2670E-02  1.7520E-04  1.6906E-04
         -2.0853E+04  2.5197E+05  1.4002E+04 -6.3549E+03 -1.0625E+00 -6.0709E+01
         -1.3256E-01  2.5485E-01 -8.3068E-02 -1.8048E-02 -3.0174E-06 -1.7241E-04
          2.5212E+05  1.4002E+04 -2.1001E+04  2.5506E-01 -8.3068E-02 -1.3277E-01

       4     1     5  1.2655E-02  6.5386E-04  6.3094E-04
         -2.0674E+04  2.5152E+05  1.3885E+04 -1.1507E+04 -3.9652E+00 -9.2869E+01
         -1.3214E-01  2.5437E-01 -8.3068E-02 -3.2679E-02 -1.1261E-05 -2.6375E-04
          2.5200E+05  1.3885E+04 -2.1160E+04  2.5506E-01 -8.3068E-02 -1.3283E-01

       4     1     6  1.3135E-02  6.7867E-04  6.3094E-04
         -4.7083E+04  2.1515E+05 -1.2574E+04 -1.1086E+04 -5.0715E+00 -1.1428E+02
         -1.3217E-01  2.4021E-01 -8.3164E-02 -3.1484E-02 -1.4403E-05 -3.2456E-04
          2.1562E+05 -1.2574E+04 -4.7551E+04  2.4087E-01 -8.3163E-02 -1.3283E-01

       4     1     7  1.3135E-02  6.7867E-04  1.6906E-04
         -4.6921E+04  2.1528E+05 -1.2453E+04 -1.1084E+04 -4.0167E+00 -8.2060E+01
         -1.3211E-01  2.4022E-01 -8.3164E-02 -3.1480E-02 -1.1407E-05 -2.3305E-04
          2.1575E+05 -1.2453E+04 -4.7389E+04  2.4088E-01 -8.3164E-02 -1.3277E-01

       4     1     8  1.2655E-02  6.5386E-04  1.6906E-04
         -2.0515E+04  2.5164E+05  1.4002E+04 -1.1505E+04 -2.9104E+00 -6.0649E+01
         -1.3208E-01  2.5437E-01 -8.3068E-02 -3.2674E-02 -8.2655E-06 -1.7224E-04
          2.5212E+05  1.4002E+04 -2.1001E+04  2.5506E-01 -8.3068E-02 -1.3277E-01

       4     1   Avg  1.2907E-02  4.2254E-04  4.0000E-04
         -3.4210E+04  2.3322E+05  4.6866E+02 -8.7642E+03 -2.8710E+00 -8.7701E+01
         -1.3236E-01  2.4739E-01 -8.3117E-02 -2.4890E-02 -8.1537E-06 -2.4907E-04
          2.3351E+05  4.6888E+02 -3.4497E+04  2.4902E-01 -8.3116E-02 -1.3399E-01
 *End of Solution Execution*                             t=     2.634     0.119

 *End of <FEAP> solution,  File: Osweep2                                                                                                                         

