 FEAP *** inflated fiber reinforced soft ring - circum. b.c. top surf. linked in

     Solution date: Wed Aug  5 14:56:45 2026

              Release 8.7.1b      
              03 July 2026        

     Input Data Filename: Isweep3                                                                                                                         

     Number of Nodal Points  - - - - - - :     1358
     Number of Elements  - - - - - - - - :      672

     Spatial Dimension of Mesh - - - - - :        3
     Degrees-of-Freedom/Node (Maximum) - :        3
     Equations/Element       (Maximum) - :        0
     Number Element Nodes    (Maximum) - :        8

     Number of Material Sets - - - - - - :        2
     Number Parameters/Set   (Program) - :      350
     Number Parameters/Set   (Users  ) - :      150

     Number Added Element Equations  - - :        0

  C o n s t a n t    V a l u e s

     Constant pi =  3.14159265E+00
     Constant pr =  1.00000000E+05
     Constant ri =  1.00000000E-02
     Constant ro =  1.50000000E-02
     Constant ht =  5.00000000E-03
     Constant nl =  6.00000000E+00
     Constant lt =  8.33333333E-04
     Constant to =  1.00000000E-04
     Constant em =  1.00000000E+06
     Constant nu =  4.20000000E-01
     Constant rh =  1.06000000E+03
     Constant dt =  1.00000000E-01
     Constant ta =  1.00000000E+00
     Constant ln =  5.00000000E+01
     Constant la =  3.00000000E+00

 FEAP *** inflated fiber reinforced soft ring - circum. b.c. top surf. linked i

   M a t e r i a l    P r o p e r t i e s

     Material Set Number   1: Element Type: SOLID:                           
     Degree of Freedom Assignments    Local    Global
                                     Number    Number
                                        1         1
                                        2         2
                                        3         3

     T h r e e   D i m e n s i o n a l   S o l i d   E l e m e n t

     M e c h a n i c a l   P r o p e r t i e s

     NeoHookean Stored Energy Function 

          3-Dimensional Analysis

          Modulus E        1.00000E+06
          Poisson ratio    0.42000
          Bulk Modulus     2.08333E+06
          Shear Modulus    3.52113E+05

          Volume Model     2
               1: U(J) = 0.25*(J**2 - 1 - 2 * ln J)
               2: U(J) = 0.50*(J - 1)**2
               3: U(J) = 0.50*(ln J)**2
               4: U(J) = 2.00*(J - 1 - ln J)
               5: None: Incompressible

          Density          1.06000E+03

          1-Gravity Load   0.00000E+00
          2-Gravity Load   0.00000E+00
          3-Gravity Load   0.00000E+00
          Wave speed - c_o 4.90746E+01
          Implicit time integration: theta =:, 0.00000

     C o n s t i t u t i v e    S t a r t

          Start state  : Elastic

     E l e m e n t    M o d e l

          Formulation  : Finite Deformation Mixed       
          Element type : Mixed
          Plot Output  : On
          Augmenting   : Off
          Interpolation: Lagrangian Polynomials
          Mass type    : Consistent.
          History terms/pt  =     0

 FEAP *** inflated fiber reinforced soft ring - circum. b.c. top surf. linked i

   M a t e r i a l    P r o p e r t i e s

     Material Set Number   2: Element Type: PRESs:                           
     Degree of Freedom Assignments    Local    Global
                                     Number    Number
                                        1         1
                                        2         2
                                        3         3

     P r e s s u r e   L o a d i n g

          Loading Intensity     -1.0000E+05
          Proportional Load No.           1
          Gradient Intensity     0.0000E+00
          Proportional Load No.           0
          Follower Loading
          Three dimensional analysis
          Gauss quadrature
          Surface plot on 

 FEAP *** inflated fiber reinforced soft ring - circum. b.c. top surf. linked in 

   3-D   M e s h   f r o m   2-D   M e s h

           2-d File Name: Isect.rev      

  C o n s t a n t    V a l u e s

     Constant pr =  1.00000000E+10
     Constant ri =  1.00000000E-02
     Constant ro =  1.50000000E-02
     Constant ht =  5.00000000E-03
     Constant em =  1.00000000E+06
     Constant nu =  4.20000000E-01
     Constant rh =  1.06000000E+03

           Spline Definition for 3-d mesh

            Cylindrical sweep
           Generate   96 segments

           Rotate on   4 axis

           Center at:  0.0000E+00  0.0000E+00  0.0000E+00

           Node     1-Coord     2-Coord     3-Coord
              1  0.0000E+00  0.0000E+00  0.0000E+00
              2 -3.6000E+02  0.0000E+00  0.0000E+00

 FEAP *** inflated fiber reinforced soft ring - circum. b.c. top surf. linked in 

   N o d a l   C o o r d i n a t e s

      Node     1-Coord     2-Coord     3-Coord
         1  1.0000E-02  0.0000E+00  8.0000E-04
         2  1.0833E-02  0.0000E+00  8.0000E-04
         3  1.1667E-02  0.0000E+00  8.0000E-04
         4  1.2500E-02  0.0000E+00  8.0000E-04
         5  1.3333E-02  0.0000E+00  8.0000E-04
         6  1.4167E-02  0.0000E+00  8.0000E-04
         7  1.5000E-02  0.0000E+00  8.0000E-04
         8  1.0000E-02  0.0000E+00  0.0000E+00
         9  1.0833E-02  0.0000E+00  0.0000E+00
        10  1.1667E-02  0.0000E+00  0.0000E+00
        11  1.2500E-02  0.0000E+00  0.0000E+00
        12  1.3333E-02  0.0000E+00  0.0000E+00
        13  1.4167E-02  0.0000E+00  0.0000E+00
        14  1.5000E-02  0.0000E+00  0.0000E+00
        15  9.9786E-03 -6.5403E-04  8.0000E-04
        16  1.0810E-02 -7.0853E-04  8.0000E-04
        17  1.1642E-02 -7.6304E-04  8.0000E-04
        18  1.2473E-02 -8.1754E-04  8.0000E-04
        19  1.3305E-02 -8.7204E-04  8.0000E-04
        20  1.4136E-02 -9.2654E-04  8.0000E-04
        21  1.4968E-02 -9.8105E-04  8.0000E-04
        22  9.9786E-03 -6.5403E-04  0.0000E+00
        23  1.0810E-02 -7.0853E-04  0.0000E+00
        24  1.1642E-02 -7.6304E-04  0.0000E+00
        25  1.2473E-02 -8.1754E-04  0.0000E+00
        26  1.3305E-02 -8.7204E-04  0.0000E+00
        27  1.4136E-02 -9.2654E-04  0.0000E+00
        28  1.4968E-02 -9.8105E-04  0.0000E+00
        29  9.9144E-03 -1.3053E-03  8.0000E-04
        30  1.0741E-02 -1.4140E-03  8.0000E-04
        31  1.1567E-02 -1.5228E-03  8.0000E-04
        32  1.2393E-02 -1.6316E-03  8.0000E-04
        33  1.3219E-02 -1.7403E-03  8.0000E-04
        34  1.4045E-02 -1.8491E-03  8.0000E-04
        35  1.4872E-02 -1.9579E-03  8.0000E-04
        36  9.9144E-03 -1.3053E-03  0.0000E+00
        37  1.0741E-02 -1.4140E-03  0.0000E+00
        38  1.1567E-02 -1.5228E-03  0.0000E+00
        39  1.2393E-02 -1.6316E-03  0.0000E+00
        40  1.3219E-02 -1.7403E-03  0.0000E+00
        41  1.4045E-02 -1.8491E-03  0.0000E+00
        42  1.4872E-02 -1.9579E-03  0.0000E+00
        43  9.8079E-03 -1.9509E-03  8.0000E-04
        44  1.0625E-02 -2.1135E-03  8.0000E-04
        45  1.1442E-02 -2.2761E-03  8.0000E-04
        46  1.2260E-02 -2.4386E-03  8.0000E-04
        47  1.3077E-02 -2.6012E-03  8.0000E-04
        48  1.3894E-02 -2.7638E-03  8.0000E-04
        49  1.4712E-02 -2.9264E-03  8.0000E-04
        50  9.8079E-03 -1.9509E-03  0.0000E+00
        51  1.0625E-02 -2.1135E-03  0.0000E+00
        52  1.1442E-02 -2.2761E-03  0.0000E+00
        53  1.2260E-02 -2.4386E-03  0.0000E+00
        54  1.3077E-02 -2.6012E-03  0.0000E+00
        55  1.3894E-02 -2.7638E-03  0.0000E+00
        56  1.4712E-02 -2.9264E-03  0.0000E+00
        57  9.6593E-03 -2.5882E-03  8.0000E-04
        58  1.0464E-02 -2.8039E-03  8.0000E-04
        59  1.1269E-02 -3.0196E-03  8.0000E-04
        60  1.2074E-02 -3.2352E-03  8.0000E-04
        61  1.2879E-02 -3.4509E-03  8.0000E-04
        62  1.3684E-02 -3.6666E-03  8.0000E-04
        63  1.4489E-02 -3.8823E-03  8.0000E-04
        64  9.6593E-03 -2.5882E-03  0.0000E+00
        65  1.0464E-02 -2.8039E-03  0.0000E+00
        66  1.1269E-02 -3.0196E-03  0.0000E+00
        67  1.2074E-02 -3.2352E-03  0.0000E+00
        68  1.2879E-02 -3.4509E-03  0.0000E+00
        69  1.3684E-02 -3.6666E-03  0.0000E+00
        70  1.4489E-02 -3.8823E-03  0.0000E+00
        71  9.4693E-03 -3.2144E-03  8.0000E-04
        72  1.0258E-02 -3.4823E-03  8.0000E-04
        73  1.1048E-02 -3.7501E-03  8.0000E-04
        74  1.1837E-02 -4.0180E-03  8.0000E-04
        75  1.2626E-02 -4.2859E-03  8.0000E-04
        76  1.3415E-02 -4.5537E-03  8.0000E-04
        77  1.4204E-02 -4.8216E-03  8.0000E-04
        78  9.4693E-03 -3.2144E-03  0.0000E+00
        79  1.0258E-02 -3.4823E-03  0.0000E+00
        80  1.1048E-02 -3.7501E-03  0.0000E+00
        81  1.1837E-02 -4.0180E-03  0.0000E+00
        82  1.2626E-02 -4.2859E-03  0.0000E+00
        83  1.3415E-02 -4.5537E-03  0.0000E+00
        84  1.4204E-02 -4.8216E-03  0.0000E+00
        85  9.2388E-03 -3.8268E-03  8.0000E-04
        86  1.0009E-02 -4.1457E-03  8.0000E-04
        87  1.0779E-02 -4.4646E-03  8.0000E-04
        88  1.1548E-02 -4.7835E-03  8.0000E-04
        89  1.2318E-02 -5.1024E-03  8.0000E-04
        90  1.3088E-02 -5.4213E-03  8.0000E-04
        91  1.3858E-02 -5.7403E-03  8.0000E-04
        92  9.2388E-03 -3.8268E-03  0.0000E+00
        93  1.0009E-02 -4.1457E-03  0.0000E+00
        94  1.0779E-02 -4.4646E-03  0.0000E+00
        95  1.1548E-02 -4.7835E-03  0.0000E+00
        96  1.2318E-02 -5.1024E-03  0.0000E+00
        97  1.3088E-02 -5.4213E-03  0.0000E+00
        98  1.3858E-02 -5.7403E-03  0.0000E+00
        99  8.9687E-03 -4.4229E-03  8.0000E-04
       100  9.7161E-03 -4.7915E-03  8.0000E-04
       101  1.0464E-02 -5.1600E-03  8.0000E-04
       102  1.1211E-02 -5.5286E-03  8.0000E-04
       103  1.1958E-02 -5.8972E-03  8.0000E-04
       104  1.2706E-02 -6.2658E-03  8.0000E-04
       105  1.3453E-02 -6.6343E-03  8.0000E-04
       106  8.9687E-03 -4.4229E-03  0.0000E+00
       107  9.7161E-03 -4.7915E-03  0.0000E+00
       108  1.0464E-02 -5.1600E-03  0.0000E+00
       109  1.1211E-02 -5.5286E-03  0.0000E+00
       110  1.1958E-02 -5.8972E-03  0.0000E+00
       111  1.2706E-02 -6.2658E-03  0.0000E+00
       112  1.3453E-02 -6.6343E-03  0.0000E+00
       113  8.6603E-03 -5.0000E-03  8.0000E-04
       114  9.3819E-03 -5.4167E-03  8.0000E-04
       115  1.0104E-02 -5.8333E-03  8.0000E-04
       116  1.0825E-02 -6.2500E-03  8.0000E-04
       117  1.1547E-02 -6.6667E-03  8.0000E-04
       118  1.2269E-02 -7.0833E-03  8.0000E-04
       119  1.2990E-02 -7.5000E-03  8.0000E-04
       120  8.6603E-03 -5.0000E-03  0.0000E+00
       121  9.3819E-03 -5.4167E-03  0.0000E+00
       122  1.0104E-02 -5.8333E-03  0.0000E+00
       123  1.0825E-02 -6.2500E-03  0.0000E+00
       124  1.1547E-02 -6.6667E-03  0.0000E+00
       125  1.2269E-02 -7.0833E-03  0.0000E+00
       126  1.2990E-02 -7.5000E-03  0.0000E+00
       127  8.3147E-03 -5.5557E-03  8.0000E-04
       128  9.0076E-03 -6.0187E-03  8.0000E-04
       129  9.7005E-03 -6.4817E-03  8.0000E-04
       130  1.0393E-02 -6.9446E-03  8.0000E-04
       131  1.1086E-02 -7.4076E-03  8.0000E-04
       132  1.1779E-02 -7.8706E-03  8.0000E-04
       133  1.2472E-02 -8.3336E-03  8.0000E-04
       134  8.3147E-03 -5.5557E-03  0.0000E+00
       135  9.0076E-03 -6.0187E-03  0.0000E+00
       136  9.7005E-03 -6.4817E-03  0.0000E+00
       137  1.0393E-02 -6.9446E-03  0.0000E+00
       138  1.1086E-02 -7.4076E-03  0.0000E+00
       139  1.1779E-02 -7.8706E-03  0.0000E+00
       140  1.2472E-02 -8.3336E-03  0.0000E+00
       141  7.9335E-03 -6.0876E-03  8.0000E-04
       142  8.5947E-03 -6.5949E-03  8.0000E-04
       143  9.2558E-03 -7.1022E-03  8.0000E-04
       144  9.9169E-03 -7.6095E-03  8.0000E-04
       145  1.0578E-02 -8.1168E-03  8.0000E-04
       146  1.1239E-02 -8.6241E-03  8.0000E-04
       147  1.1900E-02 -9.1314E-03  8.0000E-04
       148  7.9335E-03 -6.0876E-03  0.0000E+00
       149  8.5947E-03 -6.5949E-03  0.0000E+00
       150  9.2558E-03 -7.1022E-03  0.0000E+00
       151  9.9169E-03 -7.6095E-03  0.0000E+00
       152  1.0578E-02 -8.1168E-03  0.0000E+00
       153  1.1239E-02 -8.6241E-03  0.0000E+00
       154  1.1900E-02 -9.1314E-03  0.0000E+00
       155  7.5184E-03 -6.5935E-03  8.0000E-04
       156  8.1449E-03 -7.1429E-03  8.0000E-04
       157  8.7715E-03 -7.6924E-03  8.0000E-04
       158  9.3980E-03 -8.2418E-03  8.0000E-04
       159  1.0025E-02 -8.7913E-03  8.0000E-04
       160  1.0651E-02 -9.3407E-03  8.0000E-04
       161  1.1278E-02 -9.8902E-03  8.0000E-04
       162  7.5184E-03 -6.5935E-03  0.0000E+00
       163  8.1449E-03 -7.1429E-03  0.0000E+00
       164  8.7715E-03 -7.6924E-03  0.0000E+00
       165  9.3980E-03 -8.2418E-03  0.0000E+00
       166  1.0025E-02 -8.7913E-03  0.0000E+00
       167  1.0651E-02 -9.3407E-03  0.0000E+00
       168  1.1278E-02 -9.8902E-03  0.0000E+00
       169  7.0711E-03 -7.0711E-03  8.0000E-04
       170  7.6603E-03 -7.6603E-03  8.0000E-04
       171  8.2496E-03 -8.2496E-03  8.0000E-04
       172  8.8388E-03 -8.8388E-03  8.0000E-04
       173  9.4281E-03 -9.4281E-03  8.0000E-04
       174  1.0017E-02 -1.0017E-02  8.0000E-04
       175  1.0607E-02 -1.0607E-02  8.0000E-04
       176  7.0711E-03 -7.0711E-03  0.0000E+00
       177  7.6603E-03 -7.6603E-03  0.0000E+00
       178  8.2496E-03 -8.2496E-03  0.0000E+00
       179  8.8388E-03 -8.8388E-03  0.0000E+00
       180  9.4281E-03 -9.4281E-03  0.0000E+00
       181  1.0017E-02 -1.0017E-02  0.0000E+00
       182  1.0607E-02 -1.0607E-02  0.0000E+00
       183  6.5935E-03 -7.5184E-03  8.0000E-04
       184  7.1429E-03 -8.1449E-03  8.0000E-04
       185  7.6924E-03 -8.7715E-03  8.0000E-04
       186  8.2418E-03 -9.3980E-03  8.0000E-04
       187  8.7913E-03 -1.0025E-02  8.0000E-04
       188  9.3407E-03 -1.0651E-02  8.0000E-04
       189  9.8902E-03 -1.1278E-02  8.0000E-04
       190  6.5935E-03 -7.5184E-03  0.0000E+00
       191  7.1429E-03 -8.1449E-03  0.0000E+00
       192  7.6924E-03 -8.7715E-03  0.0000E+00
       193  8.2418E-03 -9.3980E-03  0.0000E+00
       194  8.7913E-03 -1.0025E-02  0.0000E+00
       195  9.3407E-03 -1.0651E-02  0.0000E+00
       196  9.8902E-03 -1.1278E-02  0.0000E+00
       197  6.0876E-03 -7.9335E-03  8.0000E-04
       198  6.5949E-03 -8.5947E-03  8.0000E-04
       199  7.1022E-03 -9.2558E-03  8.0000E-04
       200  7.6095E-03 -9.9169E-03  8.0000E-04
       201  8.1168E-03 -1.0578E-02  8.0000E-04
       202  8.6241E-03 -1.1239E-02  8.0000E-04
       203  9.1314E-03 -1.1900E-02  8.0000E-04
       204  6.0876E-03 -7.9335E-03  0.0000E+00
       205  6.5949E-03 -8.5947E-03  0.0000E+00
       206  7.1022E-03 -9.2558E-03  0.0000E+00
       207  7.6095E-03 -9.9169E-03  0.0000E+00
       208  8.1168E-03 -1.0578E-02  0.0000E+00
       209  8.6241E-03 -1.1239E-02  0.0000E+00
       210  9.1314E-03 -1.1900E-02  0.0000E+00
       211  5.5557E-03 -8.3147E-03  8.0000E-04
       212  6.0187E-03 -9.0076E-03  8.0000E-04
       213  6.4817E-03 -9.7005E-03  8.0000E-04
       214  6.9446E-03 -1.0393E-02  8.0000E-04
       215  7.4076E-03 -1.1086E-02  8.0000E-04
       216  7.8706E-03 -1.1779E-02  8.0000E-04
       217  8.3336E-03 -1.2472E-02  8.0000E-04
       218  5.5557E-03 -8.3147E-03  0.0000E+00
       219  6.0187E-03 -9.0076E-03  0.0000E+00
       220  6.4817E-03 -9.7005E-03  0.0000E+00
       221  6.9446E-03 -1.0393E-02  0.0000E+00
       222  7.4076E-03 -1.1086E-02  0.0000E+00
       223  7.8706E-03 -1.1779E-02  0.0000E+00
       224  8.3336E-03 -1.2472E-02  0.0000E+00
       225  5.0000E-03 -8.6603E-03  8.0000E-04
       226  5.4167E-03 -9.3819E-03  8.0000E-04
       227  5.8333E-03 -1.0104E-02  8.0000E-04
       228  6.2500E-03 -1.0825E-02  8.0000E-04
       229  6.6667E-03 -1.1547E-02  8.0000E-04
       230  7.0833E-03 -1.2269E-02  8.0000E-04
       231  7.5000E-03 -1.2990E-02  8.0000E-04
       232  5.0000E-03 -8.6603E-03  0.0000E+00
       233  5.4167E-03 -9.3819E-03  0.0000E+00
       234  5.8333E-03 -1.0104E-02  0.0000E+00
       235  6.2500E-03 -1.0825E-02  0.0000E+00
       236  6.6667E-03 -1.1547E-02  0.0000E+00
       237  7.0833E-03 -1.2269E-02  0.0000E+00
       238  7.5000E-03 -1.2990E-02  0.0000E+00
       239  4.4229E-03 -8.9687E-03  8.0000E-04
       240  4.7915E-03 -9.7161E-03  8.0000E-04
       241  5.1600E-03 -1.0464E-02  8.0000E-04
       242  5.5286E-03 -1.1211E-02  8.0000E-04
       243  5.8972E-03 -1.1958E-02  8.0000E-04
       244  6.2658E-03 -1.2706E-02  8.0000E-04
       245  6.6343E-03 -1.3453E-02  8.0000E-04
       246  4.4229E-03 -8.9687E-03  0.0000E+00
       247  4.7915E-03 -9.7161E-03  0.0000E+00
       248  5.1600E-03 -1.0464E-02  0.0000E+00
       249  5.5286E-03 -1.1211E-02  0.0000E+00
       250  5.8972E-03 -1.1958E-02  0.0000E+00
       251  6.2658E-03 -1.2706E-02  0.0000E+00
       252  6.6343E-03 -1.3453E-02  0.0000E+00
       253  3.8268E-03 -9.2388E-03  8.0000E-04
       254  4.1457E-03 -1.0009E-02  8.0000E-04
       255  4.4646E-03 -1.0779E-02  8.0000E-04
       256  4.7835E-03 -1.1548E-02  8.0000E-04
       257  5.1024E-03 -1.2318E-02  8.0000E-04
       258  5.4213E-03 -1.3088E-02  8.0000E-04
       259  5.7403E-03 -1.3858E-02  8.0000E-04
       260  3.8268E-03 -9.2388E-03  0.0000E+00
       261  4.1457E-03 -1.0009E-02  0.0000E+00
       262  4.4646E-03 -1.0779E-02  0.0000E+00
       263  4.7835E-03 -1.1548E-02  0.0000E+00
       264  5.1024E-03 -1.2318E-02  0.0000E+00
       265  5.4213E-03 -1.3088E-02  0.0000E+00
       266  5.7403E-03 -1.3858E-02  0.0000E+00
       267  3.2144E-03 -9.4693E-03  8.0000E-04
       268  3.4823E-03 -1.0258E-02  8.0000E-04
       269  3.7501E-03 -1.1048E-02  8.0000E-04
       270  4.0180E-03 -1.1837E-02  8.0000E-04
       271  4.2859E-03 -1.2626E-02  8.0000E-04
       272  4.5537E-03 -1.3415E-02  8.0000E-04
       273  4.8216E-03 -1.4204E-02  8.0000E-04
       274  3.2144E-03 -9.4693E-03  0.0000E+00
       275  3.4823E-03 -1.0258E-02  0.0000E+00
       276  3.7501E-03 -1.1048E-02  0.0000E+00
       277  4.0180E-03 -1.1837E-02  0.0000E+00
       278  4.2859E-03 -1.2626E-02  0.0000E+00
       279  4.5537E-03 -1.3415E-02  0.0000E+00
       280  4.8216E-03 -1.4204E-02  0.0000E+00
       281  2.5882E-03 -9.6593E-03  8.0000E-04
       282  2.8039E-03 -1.0464E-02  8.0000E-04
       283  3.0196E-03 -1.1269E-02  8.0000E-04
       284  3.2352E-03 -1.2074E-02  8.0000E-04
       285  3.4509E-03 -1.2879E-02  8.0000E-04
       286  3.6666E-03 -1.3684E-02  8.0000E-04
       287  3.8823E-03 -1.4489E-02  8.0000E-04
       288  2.5882E-03 -9.6593E-03  0.0000E+00
       289  2.8039E-03 -1.0464E-02  0.0000E+00
       290  3.0196E-03 -1.1269E-02  0.0000E+00
       291  3.2352E-03 -1.2074E-02  0.0000E+00
       292  3.4509E-03 -1.2879E-02  0.0000E+00
       293  3.6666E-03 -1.3684E-02  0.0000E+00
       294  3.8823E-03 -1.4489E-02  0.0000E+00
       295  1.9509E-03 -9.8079E-03  8.0000E-04
       296  2.1135E-03 -1.0625E-02  8.0000E-04
       297  2.2761E-03 -1.1442E-02  8.0000E-04
       298  2.4386E-03 -1.2260E-02  8.0000E-04
       299  2.6012E-03 -1.3077E-02  8.0000E-04
       300  2.7638E-03 -1.3894E-02  8.0000E-04
       301  2.9264E-03 -1.4712E-02  8.0000E-04
       302  1.9509E-03 -9.8079E-03  0.0000E+00
       303  2.1135E-03 -1.0625E-02  0.0000E+00
       304  2.2761E-03 -1.1442E-02  0.0000E+00
       305  2.4386E-03 -1.2260E-02  0.0000E+00
       306  2.6012E-03 -1.3077E-02  0.0000E+00
       307  2.7638E-03 -1.3894E-02  0.0000E+00
       308  2.9264E-03 -1.4712E-02  0.0000E+00
       309  1.3053E-03 -9.9144E-03  8.0000E-04
       310  1.4140E-03 -1.0741E-02  8.0000E-04
       311  1.5228E-03 -1.1567E-02  8.0000E-04
       312  1.6316E-03 -1.2393E-02  8.0000E-04
       313  1.7403E-03 -1.3219E-02  8.0000E-04
       314  1.8491E-03 -1.4045E-02  8.0000E-04
       315  1.9579E-03 -1.4872E-02  8.0000E-04
       316  1.3053E-03 -9.9144E-03  0.0000E+00
       317  1.4140E-03 -1.0741E-02  0.0000E+00
       318  1.5228E-03 -1.1567E-02  0.0000E+00
       319  1.6316E-03 -1.2393E-02  0.0000E+00
       320  1.7403E-03 -1.3219E-02  0.0000E+00
       321  1.8491E-03 -1.4045E-02  0.0000E+00
       322  1.9579E-03 -1.4872E-02  0.0000E+00
       323  6.5403E-04 -9.9786E-03  8.0000E-04
       324  7.0853E-04 -1.0810E-02  8.0000E-04
       325  7.6304E-04 -1.1642E-02  8.0000E-04
       326  8.1754E-04 -1.2473E-02  8.0000E-04
       327  8.7204E-04 -1.3305E-02  8.0000E-04
       328  9.2654E-04 -1.4136E-02  8.0000E-04
       329  9.8105E-04 -1.4968E-02  8.0000E-04
       330  6.5403E-04 -9.9786E-03  0.0000E+00
       331  7.0853E-04 -1.0810E-02  0.0000E+00
       332  7.6304E-04 -1.1642E-02  0.0000E+00
       333  8.1754E-04 -1.2473E-02  0.0000E+00
       334  8.7204E-04 -1.3305E-02  0.0000E+00
       335  9.2654E-04 -1.4136E-02  0.0000E+00
       336  9.8105E-04 -1.4968E-02  0.0000E+00
       337  6.1232E-19 -1.0000E-02  8.0000E-04
       338  6.6335E-19 -1.0833E-02  8.0000E-04
       339  7.1438E-19 -1.1667E-02  8.0000E-04
       340  7.6540E-19 -1.2500E-02  8.0000E-04
       341  8.1643E-19 -1.3333E-02  8.0000E-04
       342  8.6746E-19 -1.4167E-02  8.0000E-04
       343  9.1849E-19 -1.5000E-02  8.0000E-04
       344  6.1232E-19 -1.0000E-02  0.0000E+00
       345  6.6335E-19 -1.0833E-02  0.0000E+00
       346  7.1438E-19 -1.1667E-02  0.0000E+00
       347  7.6540E-19 -1.2500E-02  0.0000E+00
       348  8.1643E-19 -1.3333E-02  0.0000E+00
       349  8.6746E-19 -1.4167E-02  0.0000E+00
       350  9.1849E-19 -1.5000E-02  0.0000E+00
       351 -6.5403E-04 -9.9786E-03  8.0000E-04
       352 -7.0853E-04 -1.0810E-02  8.0000E-04
       353 -7.6304E-04 -1.1642E-02  8.0000E-04
       354 -8.1754E-04 -1.2473E-02  8.0000E-04
       355 -8.7204E-04 -1.3305E-02  8.0000E-04
       356 -9.2654E-04 -1.4136E-02  8.0000E-04
       357 -9.8105E-04 -1.4968E-02  8.0000E-04
       358 -6.5403E-04 -9.9786E-03  0.0000E+00
       359 -7.0853E-04 -1.0810E-02  0.0000E+00
       360 -7.6304E-04 -1.1642E-02  0.0000E+00
       361 -8.1754E-04 -1.2473E-02  0.0000E+00
       362 -8.7204E-04 -1.3305E-02  0.0000E+00
       363 -9.2654E-04 -1.4136E-02  0.0000E+00
       364 -9.8105E-04 -1.4968E-02  0.0000E+00
       365 -1.3053E-03 -9.9144E-03  8.0000E-04
       366 -1.4140E-03 -1.0741E-02  8.0000E-04
       367 -1.5228E-03 -1.1567E-02  8.0000E-04
       368 -1.6316E-03 -1.2393E-02  8.0000E-04
       369 -1.7403E-03 -1.3219E-02  8.0000E-04
       370 -1.8491E-03 -1.4045E-02  8.0000E-04
       371 -1.9579E-03 -1.4872E-02  8.0000E-04
       372 -1.3053E-03 -9.9144E-03  0.0000E+00
       373 -1.4140E-03 -1.0741E-02  0.0000E+00
       374 -1.5228E-03 -1.1567E-02  0.0000E+00
       375 -1.6316E-03 -1.2393E-02  0.0000E+00
       376 -1.7403E-03 -1.3219E-02  0.0000E+00
       377 -1.8491E-03 -1.4045E-02  0.0000E+00
       378 -1.9579E-03 -1.4872E-02  0.0000E+00
       379 -1.9509E-03 -9.8079E-03  8.0000E-04
       380 -2.1135E-03 -1.0625E-02  8.0000E-04
       381 -2.2761E-03 -1.1442E-02  8.0000E-04
       382 -2.4386E-03 -1.2260E-02  8.0000E-04
       383 -2.6012E-03 -1.3077E-02  8.0000E-04
       384 -2.7638E-03 -1.3894E-02  8.0000E-04
       385 -2.9264E-03 -1.4712E-02  8.0000E-04
       386 -1.9509E-03 -9.8079E-03  0.0000E+00
       387 -2.1135E-03 -1.0625E-02  0.0000E+00
       388 -2.2761E-03 -1.1442E-02  0.0000E+00
       389 -2.4386E-03 -1.2260E-02  0.0000E+00
       390 -2.6012E-03 -1.3077E-02  0.0000E+00
       391 -2.7638E-03 -1.3894E-02  0.0000E+00
       392 -2.9264E-03 -1.4712E-02  0.0000E+00
       393 -2.5882E-03 -9.6593E-03  8.0000E-04
       394 -2.8039E-03 -1.0464E-02  8.0000E-04
       395 -3.0196E-03 -1.1269E-02  8.0000E-04
       396 -3.2352E-03 -1.2074E-02  8.0000E-04
       397 -3.4509E-03 -1.2879E-02  8.0000E-04
       398 -3.6666E-03 -1.3684E-02  8.0000E-04
       399 -3.8823E-03 -1.4489E-02  8.0000E-04
       400 -2.5882E-03 -9.6593E-03  0.0000E+00
       401 -2.8039E-03 -1.0464E-02  0.0000E+00
       402 -3.0196E-03 -1.1269E-02  0.0000E+00
       403 -3.2352E-03 -1.2074E-02  0.0000E+00
       404 -3.4509E-03 -1.2879E-02  0.0000E+00
       405 -3.6666E-03 -1.3684E-02  0.0000E+00
       406 -3.8823E-03 -1.4489E-02  0.0000E+00
       407 -3.2144E-03 -9.4693E-03  8.0000E-04
       408 -3.4823E-03 -1.0258E-02  8.0000E-04
       409 -3.7501E-03 -1.1048E-02  8.0000E-04
       410 -4.0180E-03 -1.1837E-02  8.0000E-04
       411 -4.2859E-03 -1.2626E-02  8.0000E-04
       412 -4.5537E-03 -1.3415E-02  8.0000E-04
       413 -4.8216E-03 -1.4204E-02  8.0000E-04
       414 -3.2144E-03 -9.4693E-03  0.0000E+00
       415 -3.4823E-03 -1.0258E-02  0.0000E+00
       416 -3.7501E-03 -1.1048E-02  0.0000E+00
       417 -4.0180E-03 -1.1837E-02  0.0000E+00
       418 -4.2859E-03 -1.2626E-02  0.0000E+00
       419 -4.5537E-03 -1.3415E-02  0.0000E+00
       420 -4.8216E-03 -1.4204E-02  0.0000E+00
       421 -3.8268E-03 -9.2388E-03  8.0000E-04
       422 -4.1457E-03 -1.0009E-02  8.0000E-04
       423 -4.4646E-03 -1.0779E-02  8.0000E-04
       424 -4.7835E-03 -1.1548E-02  8.0000E-04
       425 -5.1024E-03 -1.2318E-02  8.0000E-04
       426 -5.4213E-03 -1.3088E-02  8.0000E-04
       427 -5.7403E-03 -1.3858E-02  8.0000E-04
       428 -3.8268E-03 -9.2388E-03  0.0000E+00
       429 -4.1457E-03 -1.0009E-02  0.0000E+00
       430 -4.4646E-03 -1.0779E-02  0.0000E+00
       431 -4.7835E-03 -1.1548E-02  0.0000E+00
       432 -5.1024E-03 -1.2318E-02  0.0000E+00
       433 -5.4213E-03 -1.3088E-02  0.0000E+00
       434 -5.7403E-03 -1.3858E-02  0.0000E+00
       435 -4.4229E-03 -8.9687E-03  8.0000E-04
       436 -4.7915E-03 -9.7161E-03  8.0000E-04
       437 -5.1600E-03 -1.0464E-02  8.0000E-04
       438 -5.5286E-03 -1.1211E-02  8.0000E-04
       439 -5.8972E-03 -1.1958E-02  8.0000E-04
       440 -6.2658E-03 -1.2706E-02  8.0000E-04
       441 -6.6343E-03 -1.3453E-02  8.0000E-04
       442 -4.4229E-03 -8.9687E-03  0.0000E+00
       443 -4.7915E-03 -9.7161E-03  0.0000E+00
       444 -5.1600E-03 -1.0464E-02  0.0000E+00
       445 -5.5286E-03 -1.1211E-02  0.0000E+00
       446 -5.8972E-03 -1.1958E-02  0.0000E+00
       447 -6.2658E-03 -1.2706E-02  0.0000E+00
       448 -6.6343E-03 -1.3453E-02  0.0000E+00
       449 -5.0000E-03 -8.6603E-03  8.0000E-04
       450 -5.4167E-03 -9.3819E-03  8.0000E-04
       451 -5.8333E-03 -1.0104E-02  8.0000E-04
       452 -6.2500E-03 -1.0825E-02  8.0000E-04
       453 -6.6667E-03 -1.1547E-02  8.0000E-04
       454 -7.0833E-03 -1.2269E-02  8.0000E-04
       455 -7.5000E-03 -1.2990E-02  8.0000E-04
       456 -5.0000E-03 -8.6603E-03  0.0000E+00
       457 -5.4167E-03 -9.3819E-03  0.0000E+00
       458 -5.8333E-03 -1.0104E-02  0.0000E+00
       459 -6.2500E-03 -1.0825E-02  0.0000E+00
       460 -6.6667E-03 -1.1547E-02  0.0000E+00
       461 -7.0833E-03 -1.2269E-02  0.0000E+00
       462 -7.5000E-03 -1.2990E-02  0.0000E+00
       463 -5.5557E-03 -8.3147E-03  8.0000E-04
       464 -6.0187E-03 -9.0076E-03  8.0000E-04
       465 -6.4817E-03 -9.7005E-03  8.0000E-04
       466 -6.9446E-03 -1.0393E-02  8.0000E-04
       467 -7.4076E-03 -1.1086E-02  8.0000E-04
       468 -7.8706E-03 -1.1779E-02  8.0000E-04
       469 -8.3336E-03 -1.2472E-02  8.0000E-04
       470 -5.5557E-03 -8.3147E-03  0.0000E+00
       471 -6.0187E-03 -9.0076E-03  0.0000E+00
       472 -6.4817E-03 -9.7005E-03  0.0000E+00
       473 -6.9446E-03 -1.0393E-02  0.0000E+00
       474 -7.4076E-03 -1.1086E-02  0.0000E+00
       475 -7.8706E-03 -1.1779E-02  0.0000E+00
       476 -8.3336E-03 -1.2472E-02  0.0000E+00
       477 -6.0876E-03 -7.9335E-03  8.0000E-04
       478 -6.5949E-03 -8.5947E-03  8.0000E-04
       479 -7.1022E-03 -9.2558E-03  8.0000E-04
       480 -7.6095E-03 -9.9169E-03  8.0000E-04
       481 -8.1168E-03 -1.0578E-02  8.0000E-04
       482 -8.6241E-03 -1.1239E-02  8.0000E-04
       483 -9.1314E-03 -1.1900E-02  8.0000E-04
       484 -6.0876E-03 -7.9335E-03  0.0000E+00
       485 -6.5949E-03 -8.5947E-03  0.0000E+00
       486 -7.1022E-03 -9.2558E-03  0.0000E+00
       487 -7.6095E-03 -9.9169E-03  0.0000E+00
       488 -8.1168E-03 -1.0578E-02  0.0000E+00
       489 -8.6241E-03 -1.1239E-02  0.0000E+00
       490 -9.1314E-03 -1.1900E-02  0.0000E+00
       491 -6.5935E-03 -7.5184E-03  8.0000E-04
       492 -7.1429E-03 -8.1449E-03  8.0000E-04
       493 -7.6924E-03 -8.7715E-03  8.0000E-04
       494 -8.2418E-03 -9.3980E-03  8.0000E-04
       495 -8.7913E-03 -1.0025E-02  8.0000E-04
       496 -9.3407E-03 -1.0651E-02  8.0000E-04
       497 -9.8902E-03 -1.1278E-02  8.0000E-04
       498 -6.5935E-03 -7.5184E-03  0.0000E+00
       499 -7.1429E-03 -8.1449E-03  0.0000E+00
       500 -7.6924E-03 -8.7715E-03  0.0000E+00
       501 -8.2418E-03 -9.3980E-03  0.0000E+00
       502 -8.7913E-03 -1.0025E-02  0.0000E+00
       503 -9.3407E-03 -1.0651E-02  0.0000E+00
       504 -9.8902E-03 -1.1278E-02  0.0000E+00
       505 -7.0711E-03 -7.0711E-03  8.0000E-04
       506 -7.6603E-03 -7.6603E-03  8.0000E-04
       507 -8.2496E-03 -8.2496E-03  8.0000E-04
       508 -8.8388E-03 -8.8388E-03  8.0000E-04
       509 -9.4281E-03 -9.4281E-03  8.0000E-04
       510 -1.0017E-02 -1.0017E-02  8.0000E-04
       511 -1.0607E-02 -1.0607E-02  8.0000E-04
       512 -7.0711E-03 -7.0711E-03  0.0000E+00
       513 -7.6603E-03 -7.6603E-03  0.0000E+00
       514 -8.2496E-03 -8.2496E-03  0.0000E+00
       515 -8.8388E-03 -8.8388E-03  0.0000E+00
       516 -9.4281E-03 -9.4281E-03  0.0000E+00
       517 -1.0017E-02 -1.0017E-02  0.0000E+00
       518 -1.0607E-02 -1.0607E-02  0.0000E+00
       519 -7.5184E-03 -6.5935E-03  8.0000E-04
       520 -8.1449E-03 -7.1429E-03  8.0000E-04
       521 -8.7715E-03 -7.6924E-03  8.0000E-04
       522 -9.3980E-03 -8.2418E-03  8.0000E-04
       523 -1.0025E-02 -8.7913E-03  8.0000E-04
       524 -1.0651E-02 -9.3407E-03  8.0000E-04
       525 -1.1278E-02 -9.8902E-03  8.0000E-04
       526 -7.5184E-03 -6.5935E-03  0.0000E+00
       527 -8.1449E-03 -7.1429E-03  0.0000E+00
       528 -8.7715E-03 -7.6924E-03  0.0000E+00
       529 -9.3980E-03 -8.2418E-03  0.0000E+00
       530 -1.0025E-02 -8.7913E-03  0.0000E+00
       531 -1.0651E-02 -9.3407E-03  0.0000E+00
       532 -1.1278E-02 -9.8902E-03  0.0000E+00
       533 -7.9335E-03 -6.0876E-03  8.0000E-04
       534 -8.5947E-03 -6.5949E-03  8.0000E-04
       535 -9.2558E-03 -7.1022E-03  8.0000E-04
       536 -9.9169E-03 -7.6095E-03  8.0000E-04
       537 -1.0578E-02 -8.1168E-03  8.0000E-04
       538 -1.1239E-02 -8.6241E-03  8.0000E-04
       539 -1.1900E-02 -9.1314E-03  8.0000E-04
       540 -7.9335E-03 -6.0876E-03  0.0000E+00
       541 -8.5947E-03 -6.5949E-03  0.0000E+00
       542 -9.2558E-03 -7.1022E-03  0.0000E+00
       543 -9.9169E-03 -7.6095E-03  0.0000E+00
       544 -1.0578E-02 -8.1168E-03  0.0000E+00
       545 -1.1239E-02 -8.6241E-03  0.0000E+00
       546 -1.1900E-02 -9.1314E-03  0.0000E+00
       547 -8.3147E-03 -5.5557E-03  8.0000E-04
       548 -9.0076E-03 -6.0187E-03  8.0000E-04
       549 -9.7005E-03 -6.4817E-03  8.0000E-04
       550 -1.0393E-02 -6.9446E-03  8.0000E-04
       551 -1.1086E-02 -7.4076E-03  8.0000E-04
       552 -1.1779E-02 -7.8706E-03  8.0000E-04
       553 -1.2472E-02 -8.3336E-03  8.0000E-04
       554 -8.3147E-03 -5.5557E-03  0.0000E+00
       555 -9.0076E-03 -6.0187E-03  0.0000E+00
       556 -9.7005E-03 -6.4817E-03  0.0000E+00
       557 -1.0393E-02 -6.9446E-03  0.0000E+00
       558 -1.1086E-02 -7.4076E-03  0.0000E+00
       559 -1.1779E-02 -7.8706E-03  0.0000E+00
       560 -1.2472E-02 -8.3336E-03  0.0000E+00
       561 -8.6603E-03 -5.0000E-03  8.0000E-04
       562 -9.3819E-03 -5.4167E-03  8.0000E-04
       563 -1.0104E-02 -5.8333E-03  8.0000E-04
       564 -1.0825E-02 -6.2500E-03  8.0000E-04
       565 -1.1547E-02 -6.6667E-03  8.0000E-04
       566 -1.2269E-02 -7.0833E-03  8.0000E-04
       567 -1.2990E-02 -7.5000E-03  8.0000E-04
       568 -8.6603E-03 -5.0000E-03  0.0000E+00
       569 -9.3819E-03 -5.4167E-03  0.0000E+00
       570 -1.0104E-02 -5.8333E-03  0.0000E+00
       571 -1.0825E-02 -6.2500E-03  0.0000E+00
       572 -1.1547E-02 -6.6667E-03  0.0000E+00
       573 -1.2269E-02 -7.0833E-03  0.0000E+00
       574 -1.2990E-02 -7.5000E-03  0.0000E+00
       575 -8.9687E-03 -4.4229E-03  8.0000E-04
       576 -9.7161E-03 -4.7915E-03  8.0000E-04
       577 -1.0464E-02 -5.1600E-03  8.0000E-04
       578 -1.1211E-02 -5.5286E-03  8.0000E-04
       579 -1.1958E-02 -5.8972E-03  8.0000E-04
       580 -1.2706E-02 -6.2658E-03  8.0000E-04
       581 -1.3453E-02 -6.6343E-03  8.0000E-04
       582 -8.9687E-03 -4.4229E-03  0.0000E+00
       583 -9.7161E-03 -4.7915E-03  0.0000E+00
       584 -1.0464E-02 -5.1600E-03  0.0000E+00
       585 -1.1211E-02 -5.5286E-03  0.0000E+00
       586 -1.1958E-02 -5.8972E-03  0.0000E+00
       587 -1.2706E-02 -6.2658E-03  0.0000E+00
       588 -1.3453E-02 -6.6343E-03  0.0000E+00
       589 -9.2388E-03 -3.8268E-03  8.0000E-04
       590 -1.0009E-02 -4.1457E-03  8.0000E-04
       591 -1.0779E-02 -4.4646E-03  8.0000E-04
       592 -1.1548E-02 -4.7835E-03  8.0000E-04
       593 -1.2318E-02 -5.1024E-03  8.0000E-04
       594 -1.3088E-02 -5.4213E-03  8.0000E-04
       595 -1.3858E-02 -5.7403E-03  8.0000E-04
       596 -9.2388E-03 -3.8268E-03  0.0000E+00
       597 -1.0009E-02 -4.1457E-03  0.0000E+00
       598 -1.0779E-02 -4.4646E-03  0.0000E+00
       599 -1.1548E-02 -4.7835E-03  0.0000E+00
       600 -1.2318E-02 -5.1024E-03  0.0000E+00
       601 -1.3088E-02 -5.4213E-03  0.0000E+00
       602 -1.3858E-02 -5.7403E-03  0.0000E+00
       603 -9.4693E-03 -3.2144E-03  8.0000E-04
       604 -1.0258E-02 -3.4823E-03  8.0000E-04
       605 -1.1048E-02 -3.7501E-03  8.0000E-04
       606 -1.1837E-02 -4.0180E-03  8.0000E-04
       607 -1.2626E-02 -4.2859E-03  8.0000E-04
       608 -1.3415E-02 -4.5537E-03  8.0000E-04
       609 -1.4204E-02 -4.8216E-03  8.0000E-04
       610 -9.4693E-03 -3.2144E-03  0.0000E+00
       611 -1.0258E-02 -3.4823E-03  0.0000E+00
       612 -1.1048E-02 -3.7501E-03  0.0000E+00
       613 -1.1837E-02 -4.0180E-03  0.0000E+00
       614 -1.2626E-02 -4.2859E-03  0.0000E+00
       615 -1.3415E-02 -4.5537E-03  0.0000E+00
       616 -1.4204E-02 -4.8216E-03  0.0000E+00
       617 -9.6593E-03 -2.5882E-03  8.0000E-04
       618 -1.0464E-02 -2.8039E-03  8.0000E-04
       619 -1.1269E-02 -3.0196E-03  8.0000E-04
       620 -1.2074E-02 -3.2352E-03  8.0000E-04
       621 -1.2879E-02 -3.4509E-03  8.0000E-04
       622 -1.3684E-02 -3.6666E-03  8.0000E-04
       623 -1.4489E-02 -3.8823E-03  8.0000E-04
       624 -9.6593E-03 -2.5882E-03  0.0000E+00
       625 -1.0464E-02 -2.8039E-03  0.0000E+00
       626 -1.1269E-02 -3.0196E-03  0.0000E+00
       627 -1.2074E-02 -3.2352E-03  0.0000E+00
       628 -1.2879E-02 -3.4509E-03  0.0000E+00
       629 -1.3684E-02 -3.6666E-03  0.0000E+00
       630 -1.4489E-02 -3.8823E-03  0.0000E+00
       631 -9.8079E-03 -1.9509E-03  8.0000E-04
       632 -1.0625E-02 -2.1135E-03  8.0000E-04
       633 -1.1442E-02 -2.2761E-03  8.0000E-04
       634 -1.2260E-02 -2.4386E-03  8.0000E-04
       635 -1.3077E-02 -2.6012E-03  8.0000E-04
       636 -1.3894E-02 -2.7638E-03  8.0000E-04
       637 -1.4712E-02 -2.9264E-03  8.0000E-04
       638 -9.8079E-03 -1.9509E-03  0.0000E+00
       639 -1.0625E-02 -2.1135E-03  0.0000E+00
       640 -1.1442E-02 -2.2761E-03  0.0000E+00
       641 -1.2260E-02 -2.4386E-03  0.0000E+00
       642 -1.3077E-02 -2.6012E-03  0.0000E+00
       643 -1.3894E-02 -2.7638E-03  0.0000E+00
       644 -1.4712E-02 -2.9264E-03  0.0000E+00
       645 -9.9144E-03 -1.3053E-03  8.0000E-04
       646 -1.0741E-02 -1.4140E-03  8.0000E-04
       647 -1.1567E-02 -1.5228E-03  8.0000E-04
       648 -1.2393E-02 -1.6316E-03  8.0000E-04
       649 -1.3219E-02 -1.7403E-03  8.0000E-04
       650 -1.4045E-02 -1.8491E-03  8.0000E-04
       651 -1.4872E-02 -1.9579E-03  8.0000E-04
       652 -9.9144E-03 -1.3053E-03  0.0000E+00
       653 -1.0741E-02 -1.4140E-03  0.0000E+00
       654 -1.1567E-02 -1.5228E-03  0.0000E+00
       655 -1.2393E-02 -1.6316E-03  0.0000E+00
       656 -1.3219E-02 -1.7403E-03  0.0000E+00
       657 -1.4045E-02 -1.8491E-03  0.0000E+00
       658 -1.4872E-02 -1.9579E-03  0.0000E+00
       659 -9.9786E-03 -6.5403E-04  8.0000E-04
       660 -1.0810E-02 -7.0853E-04  8.0000E-04
       661 -1.1642E-02 -7.6304E-04  8.0000E-04
       662 -1.2473E-02 -8.1754E-04  8.0000E-04
       663 -1.3305E-02 -8.7204E-04  8.0000E-04
       664 -1.4136E-02 -9.2654E-04  8.0000E-04
       665 -1.4968E-02 -9.8105E-04  8.0000E-04
       666 -9.9786E-03 -6.5403E-04  0.0000E+00
       667 -1.0810E-02 -7.0853E-04  0.0000E+00
       668 -1.1642E-02 -7.6304E-04  0.0000E+00
       669 -1.2473E-02 -8.1754E-04  0.0000E+00
       670 -1.3305E-02 -8.7204E-04  0.0000E+00
       671 -1.4136E-02 -9.2654E-04  0.0000E+00
       672 -1.4968E-02 -9.8105E-04  0.0000E+00
       673 -1.0000E-02 -1.2246E-18  8.0000E-04
       674 -1.0833E-02 -1.3267E-18  8.0000E-04
       675 -1.1667E-02 -1.4288E-18  8.0000E-04
       676 -1.2500E-02 -1.5308E-18  8.0000E-04
       677 -1.3333E-02 -1.6329E-18  8.0000E-04
       678 -1.4167E-02 -1.7349E-18  8.0000E-04
       679 -1.5000E-02 -1.8370E-18  8.0000E-04
       680 -1.0000E-02 -1.2246E-18  0.0000E+00
       681 -1.0833E-02 -1.3267E-18  0.0000E+00
       682 -1.1667E-02 -1.4288E-18  0.0000E+00
       683 -1.2500E-02 -1.5308E-18  0.0000E+00
       684 -1.3333E-02 -1.6329E-18  0.0000E+00
       685 -1.4167E-02 -1.7349E-18  0.0000E+00
       686 -1.5000E-02 -1.8370E-18  0.0000E+00
       687 -9.9786E-03  6.5403E-04  8.0000E-04
       688 -1.0810E-02  7.0853E-04  8.0000E-04
       689 -1.1642E-02  7.6304E-04  8.0000E-04
       690 -1.2473E-02  8.1754E-04  8.0000E-04
       691 -1.3305E-02  8.7204E-04  8.0000E-04
       692 -1.4136E-02  9.2654E-04  8.0000E-04
       693 -1.4968E-02  9.8105E-04  8.0000E-04
       694 -9.9786E-03  6.5403E-04  0.0000E+00
       695 -1.0810E-02  7.0853E-04  0.0000E+00
       696 -1.1642E-02  7.6304E-04  0.0000E+00
       697 -1.2473E-02  8.1754E-04  0.0000E+00
       698 -1.3305E-02  8.7204E-04  0.0000E+00
       699 -1.4136E-02  9.2654E-04  0.0000E+00
       700 -1.4968E-02  9.8105E-04  0.0000E+00
       701 -9.9144E-03  1.3053E-03  8.0000E-04
       702 -1.0741E-02  1.4140E-03  8.0000E-04
       703 -1.1567E-02  1.5228E-03  8.0000E-04
       704 -1.2393E-02  1.6316E-03  8.0000E-04
       705 -1.3219E-02  1.7403E-03  8.0000E-04
       706 -1.4045E-02  1.8491E-03  8.0000E-04
       707 -1.4872E-02  1.9579E-03  8.0000E-04
       708 -9.9144E-03  1.3053E-03  0.0000E+00
       709 -1.0741E-02  1.4140E-03  0.0000E+00
       710 -1.1567E-02  1.5228E-03  0.0000E+00
       711 -1.2393E-02  1.6316E-03  0.0000E+00
       712 -1.3219E-02  1.7403E-03  0.0000E+00
       713 -1.4045E-02  1.8491E-03  0.0000E+00
       714 -1.4872E-02  1.9579E-03  0.0000E+00
       715 -9.8079E-03  1.9509E-03  8.0000E-04
       716 -1.0625E-02  2.1135E-03  8.0000E-04
       717 -1.1442E-02  2.2761E-03  8.0000E-04
       718 -1.2260E-02  2.4386E-03  8.0000E-04
       719 -1.3077E-02  2.6012E-03  8.0000E-04
       720 -1.3894E-02  2.7638E-03  8.0000E-04
       721 -1.4712E-02  2.9264E-03  8.0000E-04
       722 -9.8079E-03  1.9509E-03  0.0000E+00
       723 -1.0625E-02  2.1135E-03  0.0000E+00
       724 -1.1442E-02  2.2761E-03  0.0000E+00
       725 -1.2260E-02  2.4386E-03  0.0000E+00
       726 -1.3077E-02  2.6012E-03  0.0000E+00
       727 -1.3894E-02  2.7638E-03  0.0000E+00
       728 -1.4712E-02  2.9264E-03  0.0000E+00
       729 -9.6593E-03  2.5882E-03  8.0000E-04
       730 -1.0464E-02  2.8039E-03  8.0000E-04
       731 -1.1269E-02  3.0196E-03  8.0000E-04
       732 -1.2074E-02  3.2352E-03  8.0000E-04
       733 -1.2879E-02  3.4509E-03  8.0000E-04
       734 -1.3684E-02  3.6666E-03  8.0000E-04
       735 -1.4489E-02  3.8823E-03  8.0000E-04
       736 -9.6593E-03  2.5882E-03  0.0000E+00
       737 -1.0464E-02  2.8039E-03  0.0000E+00
       738 -1.1269E-02  3.0196E-03  0.0000E+00
       739 -1.2074E-02  3.2352E-03  0.0000E+00
       740 -1.2879E-02  3.4509E-03  0.0000E+00
       741 -1.3684E-02  3.6666E-03  0.0000E+00
       742 -1.4489E-02  3.8823E-03  0.0000E+00
       743 -9.4693E-03  3.2144E-03  8.0000E-04
       744 -1.0258E-02  3.4823E-03  8.0000E-04
       745 -1.1048E-02  3.7501E-03  8.0000E-04
       746 -1.1837E-02  4.0180E-03  8.0000E-04
       747 -1.2626E-02  4.2859E-03  8.0000E-04
       748 -1.3415E-02  4.5537E-03  8.0000E-04
       749 -1.4204E-02  4.8216E-03  8.0000E-04
       750 -9.4693E-03  3.2144E-03  0.0000E+00
       751 -1.0258E-02  3.4823E-03  0.0000E+00
       752 -1.1048E-02  3.7501E-03  0.0000E+00
       753 -1.1837E-02  4.0180E-03  0.0000E+00
       754 -1.2626E-02  4.2859E-03  0.0000E+00
       755 -1.3415E-02  4.5537E-03  0.0000E+00
       756 -1.4204E-02  4.8216E-03  0.0000E+00
       757 -9.2388E-03  3.8268E-03  8.0000E-04
       758 -1.0009E-02  4.1457E-03  8.0000E-04
       759 -1.0779E-02  4.4646E-03  8.0000E-04
       760 -1.1548E-02  4.7835E-03  8.0000E-04
       761 -1.2318E-02  5.1024E-03  8.0000E-04
       762 -1.3088E-02  5.4213E-03  8.0000E-04
       763 -1.3858E-02  5.7403E-03  8.0000E-04
       764 -9.2388E-03  3.8268E-03  0.0000E+00
       765 -1.0009E-02  4.1457E-03  0.0000E+00
       766 -1.0779E-02  4.4646E-03  0.0000E+00
       767 -1.1548E-02  4.7835E-03  0.0000E+00
       768 -1.2318E-02  5.1024E-03  0.0000E+00
       769 -1.3088E-02  5.4213E-03  0.0000E+00
       770 -1.3858E-02  5.7403E-03  0.0000E+00
       771 -8.9687E-03  4.4229E-03  8.0000E-04
       772 -9.7161E-03  4.7915E-03  8.0000E-04
       773 -1.0464E-02  5.1600E-03  8.0000E-04
       774 -1.1211E-02  5.5286E-03  8.0000E-04
       775 -1.1958E-02  5.8972E-03  8.0000E-04
       776 -1.2706E-02  6.2658E-03  8.0000E-04
       777 -1.3453E-02  6.6343E-03  8.0000E-04
       778 -8.9687E-03  4.4229E-03  0.0000E+00
       779 -9.7161E-03  4.7915E-03  0.0000E+00
       780 -1.0464E-02  5.1600E-03  0.0000E+00
       781 -1.1211E-02  5.5286E-03  0.0000E+00
       782 -1.1958E-02  5.8972E-03  0.0000E+00
       783 -1.2706E-02  6.2658E-03  0.0000E+00
       784 -1.3453E-02  6.6343E-03  0.0000E+00
       785 -8.6603E-03  5.0000E-03  8.0000E-04
       786 -9.3819E-03  5.4167E-03  8.0000E-04
       787 -1.0104E-02  5.8333E-03  8.0000E-04
       788 -1.0825E-02  6.2500E-03  8.0000E-04
       789 -1.1547E-02  6.6667E-03  8.0000E-04
       790 -1.2269E-02  7.0833E-03  8.0000E-04
       791 -1.2990E-02  7.5000E-03  8.0000E-04
       792 -8.6603E-03  5.0000E-03  0.0000E+00
       793 -9.3819E-03  5.4167E-03  0.0000E+00
       794 -1.0104E-02  5.8333E-03  0.0000E+00
       795 -1.0825E-02  6.2500E-03  0.0000E+00
       796 -1.1547E-02  6.6667E-03  0.0000E+00
       797 -1.2269E-02  7.0833E-03  0.0000E+00
       798 -1.2990E-02  7.5000E-03  0.0000E+00
       799 -8.3147E-03  5.5557E-03  8.0000E-04
       800 -9.0076E-03  6.0187E-03  8.0000E-04
       801 -9.7005E-03  6.4817E-03  8.0000E-04
       802 -1.0393E-02  6.9446E-03  8.0000E-04
       803 -1.1086E-02  7.4076E-03  8.0000E-04
       804 -1.1779E-02  7.8706E-03  8.0000E-04
       805 -1.2472E-02  8.3336E-03  8.0000E-04
       806 -8.3147E-03  5.5557E-03  0.0000E+00
       807 -9.0076E-03  6.0187E-03  0.0000E+00
       808 -9.7005E-03  6.4817E-03  0.0000E+00
       809 -1.0393E-02  6.9446E-03  0.0000E+00
       810 -1.1086E-02  7.4076E-03  0.0000E+00
       811 -1.1779E-02  7.8706E-03  0.0000E+00
       812 -1.2472E-02  8.3336E-03  0.0000E+00
       813 -7.9335E-03  6.0876E-03  8.0000E-04
       814 -8.5947E-03  6.5949E-03  8.0000E-04
       815 -9.2558E-03  7.1022E-03  8.0000E-04
       816 -9.9169E-03  7.6095E-03  8.0000E-04
       817 -1.0578E-02  8.1168E-03  8.0000E-04
       818 -1.1239E-02  8.6241E-03  8.0000E-04
       819 -1.1900E-02  9.1314E-03  8.0000E-04
       820 -7.9335E-03  6.0876E-03  0.0000E+00
       821 -8.5947E-03  6.5949E-03  0.0000E+00
       822 -9.2558E-03  7.1022E-03  0.0000E+00
       823 -9.9169E-03  7.6095E-03  0.0000E+00
       824 -1.0578E-02  8.1168E-03  0.0000E+00
       825 -1.1239E-02  8.6241E-03  0.0000E+00
       826 -1.1900E-02  9.1314E-03  0.0000E+00
       827 -7.5184E-03  6.5935E-03  8.0000E-04
       828 -8.1449E-03  7.1429E-03  8.0000E-04
       829 -8.7715E-03  7.6924E-03  8.0000E-04
       830 -9.3980E-03  8.2418E-03  8.0000E-04
       831 -1.0025E-02  8.7913E-03  8.0000E-04
       832 -1.0651E-02  9.3407E-03  8.0000E-04
       833 -1.1278E-02  9.8902E-03  8.0000E-04
       834 -7.5184E-03  6.5935E-03  0.0000E+00
       835 -8.1449E-03  7.1429E-03  0.0000E+00
       836 -8.7715E-03  7.6924E-03  0.0000E+00
       837 -9.3980E-03  8.2418E-03  0.0000E+00
       838 -1.0025E-02  8.7913E-03  0.0000E+00
       839 -1.0651E-02  9.3407E-03  0.0000E+00
       840 -1.1278E-02  9.8902E-03  0.0000E+00
       841 -7.0711E-03  7.0711E-03  8.0000E-04
       842 -7.6603E-03  7.6603E-03  8.0000E-04
       843 -8.2496E-03  8.2496E-03  8.0000E-04
       844 -8.8388E-03  8.8388E-03  8.0000E-04
       845 -9.4281E-03  9.4281E-03  8.0000E-04
       846 -1.0017E-02  1.0017E-02  8.0000E-04
       847 -1.0607E-02  1.0607E-02  8.0000E-04
       848 -7.0711E-03  7.0711E-03  0.0000E+00
       849 -7.6603E-03  7.6603E-03  0.0000E+00
       850 -8.2496E-03  8.2496E-03  0.0000E+00
       851 -8.8388E-03  8.8388E-03  0.0000E+00
       852 -9.4281E-03  9.4281E-03  0.0000E+00
       853 -1.0017E-02  1.0017E-02  0.0000E+00
       854 -1.0607E-02  1.0607E-02  0.0000E+00
       855 -6.5935E-03  7.5184E-03  8.0000E-04
       856 -7.1429E-03  8.1449E-03  8.0000E-04
       857 -7.6924E-03  8.7715E-03  8.0000E-04
       858 -8.2418E-03  9.3980E-03  8.0000E-04
       859 -8.7913E-03  1.0025E-02  8.0000E-04
       860 -9.3407E-03  1.0651E-02  8.0000E-04
       861 -9.8902E-03  1.1278E-02  8.0000E-04
       862 -6.5935E-03  7.5184E-03  0.0000E+00
       863 -7.1429E-03  8.1449E-03  0.0000E+00
       864 -7.6924E-03  8.7715E-03  0.0000E+00
       865 -8.2418E-03  9.3980E-03  0.0000E+00
       866 -8.7913E-03  1.0025E-02  0.0000E+00
       867 -9.3407E-03  1.0651E-02  0.0000E+00
       868 -9.8902E-03  1.1278E-02  0.0000E+00
       869 -6.0876E-03  7.9335E-03  8.0000E-04
       870 -6.5949E-03  8.5947E-03  8.0000E-04
       871 -7.1022E-03  9.2558E-03  8.0000E-04
       872 -7.6095E-03  9.9169E-03  8.0000E-04
       873 -8.1168E-03  1.0578E-02  8.0000E-04
       874 -8.6241E-03  1.1239E-02  8.0000E-04
       875 -9.1314E-03  1.1900E-02  8.0000E-04
       876 -6.0876E-03  7.9335E-03  0.0000E+00
       877 -6.5949E-03  8.5947E-03  0.0000E+00
       878 -7.1022E-03  9.2558E-03  0.0000E+00
       879 -7.6095E-03  9.9169E-03  0.0000E+00
       880 -8.1168E-03  1.0578E-02  0.0000E+00
       881 -8.6241E-03  1.1239E-02  0.0000E+00
       882 -9.1314E-03  1.1900E-02  0.0000E+00
       883 -5.5557E-03  8.3147E-03  8.0000E-04
       884 -6.0187E-03  9.0076E-03  8.0000E-04
       885 -6.4817E-03  9.7005E-03  8.0000E-04
       886 -6.9446E-03  1.0393E-02  8.0000E-04
       887 -7.4076E-03  1.1086E-02  8.0000E-04
       888 -7.8706E-03  1.1779E-02  8.0000E-04
       889 -8.3336E-03  1.2472E-02  8.0000E-04
       890 -5.5557E-03  8.3147E-03  0.0000E+00
       891 -6.0187E-03  9.0076E-03  0.0000E+00
       892 -6.4817E-03  9.7005E-03  0.0000E+00
       893 -6.9446E-03  1.0393E-02  0.0000E+00
       894 -7.4076E-03  1.1086E-02  0.0000E+00
       895 -7.8706E-03  1.1779E-02  0.0000E+00
       896 -8.3336E-03  1.2472E-02  0.0000E+00
       897 -5.0000E-03  8.6603E-03  8.0000E-04
       898 -5.4167E-03  9.3819E-03  8.0000E-04
       899 -5.8333E-03  1.0104E-02  8.0000E-04
       900 -6.2500E-03  1.0825E-02  8.0000E-04
       901 -6.6667E-03  1.1547E-02  8.0000E-04
       902 -7.0833E-03  1.2269E-02  8.0000E-04
       903 -7.5000E-03  1.2990E-02  8.0000E-04
       904 -5.0000E-03  8.6603E-03  0.0000E+00
       905 -5.4167E-03  9.3819E-03  0.0000E+00
       906 -5.8333E-03  1.0104E-02  0.0000E+00
       907 -6.2500E-03  1.0825E-02  0.0000E+00
       908 -6.6667E-03  1.1547E-02  0.0000E+00
       909 -7.0833E-03  1.2269E-02  0.0000E+00
       910 -7.5000E-03  1.2990E-02  0.0000E+00
       911 -4.4229E-03  8.9687E-03  8.0000E-04
       912 -4.7915E-03  9.7161E-03  8.0000E-04
       913 -5.1600E-03  1.0464E-02  8.0000E-04
       914 -5.5286E-03  1.1211E-02  8.0000E-04
       915 -5.8972E-03  1.1958E-02  8.0000E-04
       916 -6.2658E-03  1.2706E-02  8.0000E-04
       917 -6.6343E-03  1.3453E-02  8.0000E-04
       918 -4.4229E-03  8.9687E-03  0.0000E+00
       919 -4.7915E-03  9.7161E-03  0.0000E+00
       920 -5.1600E-03  1.0464E-02  0.0000E+00
       921 -5.5286E-03  1.1211E-02  0.0000E+00
       922 -5.8972E-03  1.1958E-02  0.0000E+00
       923 -6.2658E-03  1.2706E-02  0.0000E+00
       924 -6.6343E-03  1.3453E-02  0.0000E+00
       925 -3.8268E-03  9.2388E-03  8.0000E-04
       926 -4.1457E-03  1.0009E-02  8.0000E-04
       927 -4.4646E-03  1.0779E-02  8.0000E-04
       928 -4.7835E-03  1.1548E-02  8.0000E-04
       929 -5.1024E-03  1.2318E-02  8.0000E-04
       930 -5.4213E-03  1.3088E-02  8.0000E-04
       931 -5.7403E-03  1.3858E-02  8.0000E-04
       932 -3.8268E-03  9.2388E-03  0.0000E+00
       933 -4.1457E-03  1.0009E-02  0.0000E+00
       934 -4.4646E-03  1.0779E-02  0.0000E+00
       935 -4.7835E-03  1.1548E-02  0.0000E+00
       936 -5.1024E-03  1.2318E-02  0.0000E+00
       937 -5.4213E-03  1.3088E-02  0.0000E+00
       938 -5.7403E-03  1.3858E-02  0.0000E+00
       939 -3.2144E-03  9.4693E-03  8.0000E-04
       940 -3.4823E-03  1.0258E-02  8.0000E-04
       941 -3.7501E-03  1.1048E-02  8.0000E-04
       942 -4.0180E-03  1.1837E-02  8.0000E-04
       943 -4.2859E-03  1.2626E-02  8.0000E-04
       944 -4.5537E-03  1.3415E-02  8.0000E-04
       945 -4.8216E-03  1.4204E-02  8.0000E-04
       946 -3.2144E-03  9.4693E-03  0.0000E+00
       947 -3.4823E-03  1.0258E-02  0.0000E+00
       948 -3.7501E-03  1.1048E-02  0.0000E+00
       949 -4.0180E-03  1.1837E-02  0.0000E+00
       950 -4.2859E-03  1.2626E-02  0.0000E+00
       951 -4.5537E-03  1.3415E-02  0.0000E+00
       952 -4.8216E-03  1.4204E-02  0.0000E+00
       953 -2.5882E-03  9.6593E-03  8.0000E-04
       954 -2.8039E-03  1.0464E-02  8.0000E-04
       955 -3.0196E-03  1.1269E-02  8.0000E-04
       956 -3.2352E-03  1.2074E-02  8.0000E-04
       957 -3.4509E-03  1.2879E-02  8.0000E-04
       958 -3.6666E-03  1.3684E-02  8.0000E-04
       959 -3.8823E-03  1.4489E-02  8.0000E-04
       960 -2.5882E-03  9.6593E-03  0.0000E+00
       961 -2.8039E-03  1.0464E-02  0.0000E+00
       962 -3.0196E-03  1.1269E-02  0.0000E+00
       963 -3.2352E-03  1.2074E-02  0.0000E+00
       964 -3.4509E-03  1.2879E-02  0.0000E+00
       965 -3.6666E-03  1.3684E-02  0.0000E+00
       966 -3.8823E-03  1.4489E-02  0.0000E+00
       967 -1.9509E-03  9.8079E-03  8.0000E-04
       968 -2.1135E-03  1.0625E-02  8.0000E-04
       969 -2.2761E-03  1.1442E-02  8.0000E-04
       970 -2.4386E-03  1.2260E-02  8.0000E-04
       971 -2.6012E-03  1.3077E-02  8.0000E-04
       972 -2.7638E-03  1.3894E-02  8.0000E-04
       973 -2.9264E-03  1.4712E-02  8.0000E-04
       974 -1.9509E-03  9.8079E-03  0.0000E+00
       975 -2.1135E-03  1.0625E-02  0.0000E+00
       976 -2.2761E-03  1.1442E-02  0.0000E+00
       977 -2.4386E-03  1.2260E-02  0.0000E+00
       978 -2.6012E-03  1.3077E-02  0.0000E+00
       979 -2.7638E-03  1.3894E-02  0.0000E+00
       980 -2.9264E-03  1.4712E-02  0.0000E+00
       981 -1.3053E-03  9.9144E-03  8.0000E-04
       982 -1.4140E-03  1.0741E-02  8.0000E-04
       983 -1.5228E-03  1.1567E-02  8.0000E-04
       984 -1.6316E-03  1.2393E-02  8.0000E-04
       985 -1.7403E-03  1.3219E-02  8.0000E-04
       986 -1.8491E-03  1.4045E-02  8.0000E-04
       987 -1.9579E-03  1.4872E-02  8.0000E-04
       988 -1.3053E-03  9.9144E-03  0.0000E+00
       989 -1.4140E-03  1.0741E-02  0.0000E+00
       990 -1.5228E-03  1.1567E-02  0.0000E+00
       991 -1.6316E-03  1.2393E-02  0.0000E+00
       992 -1.7403E-03  1.3219E-02  0.0000E+00
       993 -1.8491E-03  1.4045E-02  0.0000E+00
       994 -1.9579E-03  1.4872E-02  0.0000E+00
       995 -6.5403E-04  9.9786E-03  8.0000E-04
       996 -7.0853E-04  1.0810E-02  8.0000E-04
       997 -7.6304E-04  1.1642E-02  8.0000E-04
       998 -8.1754E-04  1.2473E-02  8.0000E-04
       999 -8.7204E-04  1.3305E-02  8.0000E-04
      1000 -9.2654E-04  1.4136E-02  8.0000E-04
      1001 -9.8105E-04  1.4968E-02  8.0000E-04
      1002 -6.5403E-04  9.9786E-03  0.0000E+00
      1003 -7.0853E-04  1.0810E-02  0.0000E+00
      1004 -7.6304E-04  1.1642E-02  0.0000E+00
      1005 -8.1754E-04  1.2473E-02  0.0000E+00
      1006 -8.7204E-04  1.3305E-02  0.0000E+00
      1007 -9.2654E-04  1.4136E-02  0.0000E+00
      1008 -9.8105E-04  1.4968E-02  0.0000E+00
      1009 -1.8370E-18  1.0000E-02  8.0000E-04
      1010 -1.9901E-18  1.0833E-02  8.0000E-04
      1011 -2.1431E-18  1.1667E-02  8.0000E-04
      1012 -2.2962E-18  1.2500E-02  8.0000E-04
      1013 -2.4493E-18  1.3333E-02  8.0000E-04
      1014 -2.6024E-18  1.4167E-02  8.0000E-04
      1015 -2.7555E-18  1.5000E-02  8.0000E-04
      1016 -1.8370E-18  1.0000E-02  0.0000E+00
      1017 -1.9901E-18  1.0833E-02  0.0000E+00
      1018 -2.1431E-18  1.1667E-02  0.0000E+00
      1019 -2.2962E-18  1.2500E-02  0.0000E+00
      1020 -2.4493E-18  1.3333E-02  0.0000E+00
      1021 -2.6024E-18  1.4167E-02  0.0000E+00
      1022 -2.7555E-18  1.5000E-02  0.0000E+00
      1023  6.5403E-04  9.9786E-03  8.0000E-04
      1024  7.0853E-04  1.0810E-02  8.0000E-04
      1025  7.6304E-04  1.1642E-02  8.0000E-04
      1026  8.1754E-04  1.2473E-02  8.0000E-04
      1027  8.7204E-04  1.3305E-02  8.0000E-04
      1028  9.2654E-04  1.4136E-02  8.0000E-04
      1029  9.8105E-04  1.4968E-02  8.0000E-04
      1030  6.5403E-04  9.9786E-03  0.0000E+00
      1031  7.0853E-04  1.0810E-02  0.0000E+00
      1032  7.6304E-04  1.1642E-02  0.0000E+00
      1033  8.1754E-04  1.2473E-02  0.0000E+00
      1034  8.7204E-04  1.3305E-02  0.0000E+00
      1035  9.2654E-04  1.4136E-02  0.0000E+00
      1036  9.8105E-04  1.4968E-02  0.0000E+00
      1037  1.3053E-03  9.9144E-03  8.0000E-04
      1038  1.4140E-03  1.0741E-02  8.0000E-04
      1039  1.5228E-03  1.1567E-02  8.0000E-04
      1040  1.6316E-03  1.2393E-02  8.0000E-04
      1041  1.7403E-03  1.3219E-02  8.0000E-04
      1042  1.8491E-03  1.4045E-02  8.0000E-04
      1043  1.9579E-03  1.4872E-02  8.0000E-04
      1044  1.3053E-03  9.9144E-03  0.0000E+00
      1045  1.4140E-03  1.0741E-02  0.0000E+00
      1046  1.5228E-03  1.1567E-02  0.0000E+00
      1047  1.6316E-03  1.2393E-02  0.0000E+00
      1048  1.7403E-03  1.3219E-02  0.0000E+00
      1049  1.8491E-03  1.4045E-02  0.0000E+00
      1050  1.9579E-03  1.4872E-02  0.0000E+00
      1051  1.9509E-03  9.8079E-03  8.0000E-04
      1052  2.1135E-03  1.0625E-02  8.0000E-04
      1053  2.2761E-03  1.1442E-02  8.0000E-04
      1054  2.4386E-03  1.2260E-02  8.0000E-04
      1055  2.6012E-03  1.3077E-02  8.0000E-04
      1056  2.7638E-03  1.3894E-02  8.0000E-04
      1057  2.9264E-03  1.4712E-02  8.0000E-04
      1058  1.9509E-03  9.8079E-03  0.0000E+00
      1059  2.1135E-03  1.0625E-02  0.0000E+00
      1060  2.2761E-03  1.1442E-02  0.0000E+00
      1061  2.4386E-03  1.2260E-02  0.0000E+00
      1062  2.6012E-03  1.3077E-02  0.0000E+00
      1063  2.7638E-03  1.3894E-02  0.0000E+00
      1064  2.9264E-03  1.4712E-02  0.0000E+00
      1065  2.5882E-03  9.6593E-03  8.0000E-04
      1066  2.8039E-03  1.0464E-02  8.0000E-04
      1067  3.0196E-03  1.1269E-02  8.0000E-04
      1068  3.2352E-03  1.2074E-02  8.0000E-04
      1069  3.4509E-03  1.2879E-02  8.0000E-04
      1070  3.6666E-03  1.3684E-02  8.0000E-04
      1071  3.8823E-03  1.4489E-02  8.0000E-04
      1072  2.5882E-03  9.6593E-03  0.0000E+00
      1073  2.8039E-03  1.0464E-02  0.0000E+00
      1074  3.0196E-03  1.1269E-02  0.0000E+00
      1075  3.2352E-03  1.2074E-02  0.0000E+00
      1076  3.4509E-03  1.2879E-02  0.0000E+00
      1077  3.6666E-03  1.3684E-02  0.0000E+00
      1078  3.8823E-03  1.4489E-02  0.0000E+00
      1079  3.2144E-03  9.4693E-03  8.0000E-04
      1080  3.4823E-03  1.0258E-02  8.0000E-04
      1081  3.7501E-03  1.1048E-02  8.0000E-04
      1082  4.0180E-03  1.1837E-02  8.0000E-04
      1083  4.2859E-03  1.2626E-02  8.0000E-04
      1084  4.5537E-03  1.3415E-02  8.0000E-04
      1085  4.8216E-03  1.4204E-02  8.0000E-04
      1086  3.2144E-03  9.4693E-03  0.0000E+00
      1087  3.4823E-03  1.0258E-02  0.0000E+00
      1088  3.7501E-03  1.1048E-02  0.0000E+00
      1089  4.0180E-03  1.1837E-02  0.0000E+00
      1090  4.2859E-03  1.2626E-02  0.0000E+00
      1091  4.5537E-03  1.3415E-02  0.0000E+00
      1092  4.8216E-03  1.4204E-02  0.0000E+00
      1093  3.8268E-03  9.2388E-03  8.0000E-04
      1094  4.1457E-03  1.0009E-02  8.0000E-04
      1095  4.4646E-03  1.0779E-02  8.0000E-04
      1096  4.7835E-03  1.1548E-02  8.0000E-04
      1097  5.1024E-03  1.2318E-02  8.0000E-04
      1098  5.4213E-03  1.3088E-02  8.0000E-04
      1099  5.7403E-03  1.3858E-02  8.0000E-04
      1100  3.8268E-03  9.2388E-03  0.0000E+00
      1101  4.1457E-03  1.0009E-02  0.0000E+00
      1102  4.4646E-03  1.0779E-02  0.0000E+00
      1103  4.7835E-03  1.1548E-02  0.0000E+00
      1104  5.1024E-03  1.2318E-02  0.0000E+00
      1105  5.4213E-03  1.3088E-02  0.0000E+00
      1106  5.7403E-03  1.3858E-02  0.0000E+00
      1107  4.4229E-03  8.9687E-03  8.0000E-04
      1108  4.7915E-03  9.7161E-03  8.0000E-04
      1109  5.1600E-03  1.0464E-02  8.0000E-04
      1110  5.5286E-03  1.1211E-02  8.0000E-04
      1111  5.8972E-03  1.1958E-02  8.0000E-04
      1112  6.2658E-03  1.2706E-02  8.0000E-04
      1113  6.6343E-03  1.3453E-02  8.0000E-04
      1114  4.4229E-03  8.9687E-03  0.0000E+00
      1115  4.7915E-03  9.7161E-03  0.0000E+00
      1116  5.1600E-03  1.0464E-02  0.0000E+00
      1117  5.5286E-03  1.1211E-02  0.0000E+00
      1118  5.8972E-03  1.1958E-02  0.0000E+00
      1119  6.2658E-03  1.2706E-02  0.0000E+00
      1120  6.6343E-03  1.3453E-02  0.0000E+00
      1121  5.0000E-03  8.6603E-03  8.0000E-04
      1122  5.4167E-03  9.3819E-03  8.0000E-04
      1123  5.8333E-03  1.0104E-02  8.0000E-04
      1124  6.2500E-03  1.0825E-02  8.0000E-04
      1125  6.6667E-03  1.1547E-02  8.0000E-04
      1126  7.0833E-03  1.2269E-02  8.0000E-04
      1127  7.5000E-03  1.2990E-02  8.0000E-04
      1128  5.0000E-03  8.6603E-03  0.0000E+00
      1129  5.4167E-03  9.3819E-03  0.0000E+00
      1130  5.8333E-03  1.0104E-02  0.0000E+00
      1131  6.2500E-03  1.0825E-02  0.0000E+00
      1132  6.6667E-03  1.1547E-02  0.0000E+00
      1133  7.0833E-03  1.2269E-02  0.0000E+00
      1134  7.5000E-03  1.2990E-02  0.0000E+00
      1135  5.5557E-03  8.3147E-03  8.0000E-04
      1136  6.0187E-03  9.0076E-03  8.0000E-04
      1137  6.4817E-03  9.7005E-03  8.0000E-04
      1138  6.9446E-03  1.0393E-02  8.0000E-04
      1139  7.4076E-03  1.1086E-02  8.0000E-04
      1140  7.8706E-03  1.1779E-02  8.0000E-04
      1141  8.3336E-03  1.2472E-02  8.0000E-04
      1142  5.5557E-03  8.3147E-03  0.0000E+00
      1143  6.0187E-03  9.0076E-03  0.0000E+00
      1144  6.4817E-03  9.7005E-03  0.0000E+00
      1145  6.9446E-03  1.0393E-02  0.0000E+00
      1146  7.4076E-03  1.1086E-02  0.0000E+00
      1147  7.8706E-03  1.1779E-02  0.0000E+00
      1148  8.3336E-03  1.2472E-02  0.0000E+00
      1149  6.0876E-03  7.9335E-03  8.0000E-04
      1150  6.5949E-03  8.5947E-03  8.0000E-04
      1151  7.1022E-03  9.2558E-03  8.0000E-04
      1152  7.6095E-03  9.9169E-03  8.0000E-04
      1153  8.1168E-03  1.0578E-02  8.0000E-04
      1154  8.6241E-03  1.1239E-02  8.0000E-04
      1155  9.1314E-03  1.1900E-02  8.0000E-04
      1156  6.0876E-03  7.9335E-03  0.0000E+00
      1157  6.5949E-03  8.5947E-03  0.0000E+00
      1158  7.1022E-03  9.2558E-03  0.0000E+00
      1159  7.6095E-03  9.9169E-03  0.0000E+00
      1160  8.1168E-03  1.0578E-02  0.0000E+00
      1161  8.6241E-03  1.1239E-02  0.0000E+00
      1162  9.1314E-03  1.1900E-02  0.0000E+00
      1163  6.5935E-03  7.5184E-03  8.0000E-04
      1164  7.1429E-03  8.1449E-03  8.0000E-04
      1165  7.6924E-03  8.7715E-03  8.0000E-04
      1166  8.2418E-03  9.3980E-03  8.0000E-04
      1167  8.7913E-03  1.0025E-02  8.0000E-04
      1168  9.3407E-03  1.0651E-02  8.0000E-04
      1169  9.8902E-03  1.1278E-02  8.0000E-04
      1170  6.5935E-03  7.5184E-03  0.0000E+00
      1171  7.1429E-03  8.1449E-03  0.0000E+00
      1172  7.6924E-03  8.7715E-03  0.0000E+00
      1173  8.2418E-03  9.3980E-03  0.0000E+00
      1174  8.7913E-03  1.0025E-02  0.0000E+00
      1175  9.3407E-03  1.0651E-02  0.0000E+00
      1176  9.8902E-03  1.1278E-02  0.0000E+00
      1177  7.0711E-03  7.0711E-03  8.0000E-04
      1178  7.6603E-03  7.6603E-03  8.0000E-04
      1179  8.2496E-03  8.2496E-03  8.0000E-04
      1180  8.8388E-03  8.8388E-03  8.0000E-04
      1181  9.4281E-03  9.4281E-03  8.0000E-04
      1182  1.0017E-02  1.0017E-02  8.0000E-04
      1183  1.0607E-02  1.0607E-02  8.0000E-04
      1184  7.0711E-03  7.0711E-03  0.0000E+00
      1185  7.6603E-03  7.6603E-03  0.0000E+00
      1186  8.2496E-03  8.2496E-03  0.0000E+00
      1187  8.8388E-03  8.8388E-03  0.0000E+00
      1188  9.4281E-03  9.4281E-03  0.0000E+00
      1189  1.0017E-02  1.0017E-02  0.0000E+00
      1190  1.0607E-02  1.0607E-02  0.0000E+00
      1191  7.5184E-03  6.5935E-03  8.0000E-04
      1192  8.1449E-03  7.1429E-03  8.0000E-04
      1193  8.7715E-03  7.6924E-03  8.0000E-04
      1194  9.3980E-03  8.2418E-03  8.0000E-04
      1195  1.0025E-02  8.7913E-03  8.0000E-04
      1196  1.0651E-02  9.3407E-03  8.0000E-04
      1197  1.1278E-02  9.8902E-03  8.0000E-04
      1198  7.5184E-03  6.5935E-03  0.0000E+00
      1199  8.1449E-03  7.1429E-03  0.0000E+00
      1200  8.7715E-03  7.6924E-03  0.0000E+00
      1201  9.3980E-03  8.2418E-03  0.0000E+00
      1202  1.0025E-02  8.7913E-03  0.0000E+00
      1203  1.0651E-02  9.3407E-03  0.0000E+00
      1204  1.1278E-02  9.8902E-03  0.0000E+00
      1205  7.9335E-03  6.0876E-03  8.0000E-04
      1206  8.5947E-03  6.5949E-03  8.0000E-04
      1207  9.2558E-03  7.1022E-03  8.0000E-04
      1208  9.9169E-03  7.6095E-03  8.0000E-04
      1209  1.0578E-02  8.1168E-03  8.0000E-04
      1210  1.1239E-02  8.6241E-03  8.0000E-04
      1211  1.1900E-02  9.1314E-03  8.0000E-04
      1212  7.9335E-03  6.0876E-03  0.0000E+00
      1213  8.5947E-03  6.5949E-03  0.0000E+00
      1214  9.2558E-03  7.1022E-03  0.0000E+00
      1215  9.9169E-03  7.6095E-03  0.0000E+00
      1216  1.0578E-02  8.1168E-03  0.0000E+00
      1217  1.1239E-02  8.6241E-03  0.0000E+00
      1218  1.1900E-02  9.1314E-03  0.0000E+00
      1219  8.3147E-03  5.5557E-03  8.0000E-04
      1220  9.0076E-03  6.0187E-03  8.0000E-04
      1221  9.7005E-03  6.4817E-03  8.0000E-04
      1222  1.0393E-02  6.9446E-03  8.0000E-04
      1223  1.1086E-02  7.4076E-03  8.0000E-04
      1224  1.1779E-02  7.8706E-03  8.0000E-04
      1225  1.2472E-02  8.3336E-03  8.0000E-04
      1226  8.3147E-03  5.5557E-03  0.0000E+00
      1227  9.0076E-03  6.0187E-03  0.0000E+00
      1228  9.7005E-03  6.4817E-03  0.0000E+00
      1229  1.0393E-02  6.9446E-03  0.0000E+00
      1230  1.1086E-02  7.4076E-03  0.0000E+00
      1231  1.1779E-02  7.8706E-03  0.0000E+00
      1232  1.2472E-02  8.3336E-03  0.0000E+00
      1233  8.6603E-03  5.0000E-03  8.0000E-04
      1234  9.3819E-03  5.4167E-03  8.0000E-04
      1235  1.0104E-02  5.8333E-03  8.0000E-04
      1236  1.0825E-02  6.2500E-03  8.0000E-04
      1237  1.1547E-02  6.6667E-03  8.0000E-04
      1238  1.2269E-02  7.0833E-03  8.0000E-04
      1239  1.2990E-02  7.5000E-03  8.0000E-04
      1240  8.6603E-03  5.0000E-03  0.0000E+00
      1241  9.3819E-03  5.4167E-03  0.0000E+00
      1242  1.0104E-02  5.8333E-03  0.0000E+00
      1243  1.0825E-02  6.2500E-03  0.0000E+00
      1244  1.1547E-02  6.6667E-03  0.0000E+00
      1245  1.2269E-02  7.0833E-03  0.0000E+00
      1246  1.2990E-02  7.5000E-03  0.0000E+00
      1247  8.9687E-03  4.4229E-03  8.0000E-04
      1248  9.7161E-03  4.7915E-03  8.0000E-04
      1249  1.0464E-02  5.1600E-03  8.0000E-04
      1250  1.1211E-02  5.5286E-03  8.0000E-04
      1251  1.1958E-02  5.8972E-03  8.0000E-04
      1252  1.2706E-02  6.2658E-03  8.0000E-04
      1253  1.3453E-02  6.6343E-03  8.0000E-04
      1254  8.9687E-03  4.4229E-03  0.0000E+00
      1255  9.7161E-03  4.7915E-03  0.0000E+00
      1256  1.0464E-02  5.1600E-03  0.0000E+00
      1257  1.1211E-02  5.5286E-03  0.0000E+00
      1258  1.1958E-02  5.8972E-03  0.0000E+00
      1259  1.2706E-02  6.2658E-03  0.0000E+00
      1260  1.3453E-02  6.6343E-03  0.0000E+00
      1261  9.2388E-03  3.8268E-03  8.0000E-04
      1262  1.0009E-02  4.1457E-03  8.0000E-04
      1263  1.0779E-02  4.4646E-03  8.0000E-04
      1264  1.1548E-02  4.7835E-03  8.0000E-04
      1265  1.2318E-02  5.1024E-03  8.0000E-04
      1266  1.3088E-02  5.4213E-03  8.0000E-04
      1267  1.3858E-02  5.7403E-03  8.0000E-04
      1268  9.2388E-03  3.8268E-03  0.0000E+00
      1269  1.0009E-02  4.1457E-03  0.0000E+00
      1270  1.0779E-02  4.4646E-03  0.0000E+00
      1271  1.1548E-02  4.7835E-03  0.0000E+00
      1272  1.2318E-02  5.1024E-03  0.0000E+00
      1273  1.3088E-02  5.4213E-03  0.0000E+00
      1274  1.3858E-02  5.7403E-03  0.0000E+00
      1275  9.4693E-03  3.2144E-03  8.0000E-04
      1276  1.0258E-02  3.4823E-03  8.0000E-04
      1277  1.1048E-02  3.7501E-03  8.0000E-04
      1278  1.1837E-02  4.0180E-03  8.0000E-04
      1279  1.2626E-02  4.2859E-03  8.0000E-04
      1280  1.3415E-02  4.5537E-03  8.0000E-04
      1281  1.4204E-02  4.8216E-03  8.0000E-04
      1282  9.4693E-03  3.2144E-03  0.0000E+00
      1283  1.0258E-02  3.4823E-03  0.0000E+00
      1284  1.1048E-02  3.7501E-03  0.0000E+00
      1285  1.1837E-02  4.0180E-03  0.0000E+00
      1286  1.2626E-02  4.2859E-03  0.0000E+00
      1287  1.3415E-02  4.5537E-03  0.0000E+00
      1288  1.4204E-02  4.8216E-03  0.0000E+00
      1289  9.6593E-03  2.5882E-03  8.0000E-04
      1290  1.0464E-02  2.8039E-03  8.0000E-04
      1291  1.1269E-02  3.0196E-03  8.0000E-04
      1292  1.2074E-02  3.2352E-03  8.0000E-04
      1293  1.2879E-02  3.4509E-03  8.0000E-04
      1294  1.3684E-02  3.6666E-03  8.0000E-04
      1295  1.4489E-02  3.8823E-03  8.0000E-04
      1296  9.6593E-03  2.5882E-03  0.0000E+00
      1297  1.0464E-02  2.8039E-03  0.0000E+00
      1298  1.1269E-02  3.0196E-03  0.0000E+00
      1299  1.2074E-02  3.2352E-03  0.0000E+00
      1300  1.2879E-02  3.4509E-03  0.0000E+00
      1301  1.3684E-02  3.6666E-03  0.0000E+00
      1302  1.4489E-02  3.8823E-03  0.0000E+00
      1303  9.8079E-03  1.9509E-03  8.0000E-04
      1304  1.0625E-02  2.1135E-03  8.0000E-04
      1305  1.1442E-02  2.2761E-03  8.0000E-04
      1306  1.2260E-02  2.4386E-03  8.0000E-04
      1307  1.3077E-02  2.6012E-03  8.0000E-04
      1308  1.3894E-02  2.7638E-03  8.0000E-04
      1309  1.4712E-02  2.9264E-03  8.0000E-04
      1310  9.8079E-03  1.9509E-03  0.0000E+00
      1311  1.0625E-02  2.1135E-03  0.0000E+00
      1312  1.1442E-02  2.2761E-03  0.0000E+00
      1313  1.2260E-02  2.4386E-03  0.0000E+00
      1314  1.3077E-02  2.6012E-03  0.0000E+00
      1315  1.3894E-02  2.7638E-03  0.0000E+00
      1316  1.4712E-02  2.9264E-03  0.0000E+00
      1317  9.9144E-03  1.3053E-03  8.0000E-04
      1318  1.0741E-02  1.4140E-03  8.0000E-04
      1319  1.1567E-02  1.5228E-03  8.0000E-04
      1320  1.2393E-02  1.6316E-03  8.0000E-04
      1321  1.3219E-02  1.7403E-03  8.0000E-04
      1322  1.4045E-02  1.8491E-03  8.0000E-04
      1323  1.4872E-02  1.9579E-03  8.0000E-04
      1324  9.9144E-03  1.3053E-03  0.0000E+00
      1325  1.0741E-02  1.4140E-03  0.0000E+00
      1326  1.1567E-02  1.5228E-03  0.0000E+00
      1327  1.2393E-02  1.6316E-03  0.0000E+00
      1328  1.3219E-02  1.7403E-03  0.0000E+00
      1329  1.4045E-02  1.8491E-03  0.0000E+00
      1330  1.4872E-02  1.9579E-03  0.0000E+00
      1331  9.9786E-03  6.5403E-04  8.0000E-04
      1332  1.0810E-02  7.0853E-04  8.0000E-04
      1333  1.1642E-02  7.6304E-04  8.0000E-04
      1334  1.2473E-02  8.1754E-04  8.0000E-04
      1335  1.3305E-02  8.7204E-04  8.0000E-04
      1336  1.4136E-02  9.2654E-04  8.0000E-04
      1337  1.4968E-02  9.8105E-04  8.0000E-04
      1338  9.9786E-03  6.5403E-04  0.0000E+00
      1339  1.0810E-02  7.0853E-04  0.0000E+00
      1340  1.1642E-02  7.6304E-04  0.0000E+00
      1341  1.2473E-02  8.1754E-04  0.0000E+00
      1342  1.3305E-02  8.7204E-04  0.0000E+00
      1343  1.4136E-02  9.2654E-04  0.0000E+00
      1344  1.4968E-02  9.8105E-04  0.0000E+00
      1345  1.0000E-02  2.4493E-18  8.0000E-04
      1346  1.0833E-02  2.6534E-18  8.0000E-04
      1347  1.1667E-02  2.8575E-18  8.0000E-04
      1348  1.2500E-02  3.0616E-18  8.0000E-04
      1349  1.3333E-02  3.2657E-18  8.0000E-04
      1350  1.4167E-02  3.4698E-18  8.0000E-04
      1351  1.5000E-02  3.6739E-18  8.0000E-04
      1352  1.0000E-02  2.4493E-18  0.0000E+00
      1353  1.0833E-02  2.6534E-18  0.0000E+00
      1354  1.1667E-02  2.8575E-18  0.0000E+00
      1355  1.2500E-02  3.0616E-18  0.0000E+00
      1356  1.3333E-02  3.2657E-18  0.0000E+00
      1357  1.4167E-02  3.4698E-18  0.0000E+00
      1358  1.5000E-02  3.6739E-18  0.0000E+00

 FEAP *** inflated fiber reinforced soft ring - circum. b.c. top surf. linked in 

   E l e m e n t   C o n n e c t i o n s

    Elem Mat Reg  1-Node  2-Node  3-Node  4-Node  5-Node  6-Node  7-Node  8-Node
       1   1   0      15      16      23      22       1       2       9       8
       2   1   0      16      17      24      23       2       3      10       9
       3   1   0      17      18      25      24       3       4      11      10
       4   1   0      18      19      26      25       4       5      12      11
       5   1   0      19      20      27      26       5       6      13      12
       6   1   0      20      21      28      27       6       7      14      13
       7   2   0       1       8      22      15
       8   1   0      29      30      37      36      15      16      23      22
       9   1   0      30      31      38      37      16      17      24      23
      10   1   0      31      32      39      38      17      18      25      24
      11   1   0      32      33      40      39      18      19      26      25
      12   1   0      33      34      41      40      19      20      27      26
      13   1   0      34      35      42      41      20      21      28      27
      14   2   0      15      22      36      29
      15   1   0      43      44      51      50      29      30      37      36
      16   1   0      44      45      52      51      30      31      38      37
      17   1   0      45      46      53      52      31      32      39      38
      18   1   0      46      47      54      53      32      33      40      39
      19   1   0      47      48      55      54      33      34      41      40
      20   1   0      48      49      56      55      34      35      42      41
      21   2   0      29      36      50      43
      22   1   0      57      58      65      64      43      44      51      50
      23   1   0      58      59      66      65      44      45      52      51
      24   1   0      59      60      67      66      45      46      53      52
      25   1   0      60      61      68      67      46      47      54      53
      26   1   0      61      62      69      68      47      48      55      54
      27   1   0      62      63      70      69      48      49      56      55
      28   2   0      43      50      64      57
      29   1   0      71      72      79      78      57      58      65      64
      30   1   0      72      73      80      79      58      59      66      65
      31   1   0      73      74      81      80      59      60      67      66
      32   1   0      74      75      82      81      60      61      68      67
      33   1   0      75      76      83      82      61      62      69      68
      34   1   0      76      77      84      83      62      63      70      69
      35   2   0      57      64      78      71
      36   1   0      85      86      93      92      71      72      79      78
      37   1   0      86      87      94      93      72      73      80      79
      38   1   0      87      88      95      94      73      74      81      80
      39   1   0      88      89      96      95      74      75      82      81
      40   1   0      89      90      97      96      75      76      83      82
      41   1   0      90      91      98      97      76      77      84      83
      42   2   0      71      78      92      85
      43   1   0      99     100     107     106      85      86      93      92
      44   1   0     100     101     108     107      86      87      94      93
      45   1   0     101     102     109     108      87      88      95      94
      46   1   0     102     103     110     109      88      89      96      95
      47   1   0     103     104     111     110      89      90      97      96
      48   1   0     104     105     112     111      90      91      98      97
      49   2   0      85      92     106      99
      50   1   0     113     114     121     120      99     100     107     106
      51   1   0     114     115     122     121     100     101     108     107
      52   1   0     115     116     123     122     101     102     109     108
      53   1   0     116     117     124     123     102     103     110     109
      54   1   0     117     118     125     124     103     104     111     110
      55   1   0     118     119     126     125     104     105     112     111
      56   2   0      99     106     120     113
      57   1   0     127     128     135     134     113     114     121     120
      58   1   0     128     129     136     135     114     115     122     121
      59   1   0     129     130     137     136     115     116     123     122
      60   1   0     130     131     138     137     116     117     124     123
      61   1   0     131     132     139     138     117     118     125     124
      62   1   0     132     133     140     139     118     119     126     125
      63   2   0     113     120     134     127
      64   1   0     141     142     149     148     127     128     135     134
      65   1   0     142     143     150     149     128     129     136     135
      66   1   0     143     144     151     150     129     130     137     136
      67   1   0     144     145     152     151     130     131     138     137
      68   1   0     145     146     153     152     131     132     139     138
      69   1   0     146     147     154     153     132     133     140     139
      70   2   0     127     134     148     141
      71   1   0     155     156     163     162     141     142     149     148
      72   1   0     156     157     164     163     142     143     150     149
      73   1   0     157     158     165     164     143     144     151     150
      74   1   0     158     159     166     165     144     145     152     151
      75   1   0     159     160     167     166     145     146     153     152
      76   1   0     160     161     168     167     146     147     154     153
      77   2   0     141     148     162     155
      78   1   0     169     170     177     176     155     156     163     162
      79   1   0     170     171     178     177     156     157     164     163
      80   1   0     171     172     179     178     157     158     165     164
      81   1   0     172     173     180     179     158     159     166     165
      82   1   0     173     174     181     180     159     160     167     166
      83   1   0     174     175     182     181     160     161     168     167
      84   2   0     155     162     176     169
      85   1   0     183     184     191     190     169     170     177     176
      86   1   0     184     185     192     191     170     171     178     177
      87   1   0     185     186     193     192     171     172     179     178
      88   1   0     186     187     194     193     172     173     180     179
      89   1   0     187     188     195     194     173     174     181     180
      90   1   0     188     189     196     195     174     175     182     181
      91   2   0     169     176     190     183
      92   1   0     197     198     205     204     183     184     191     190
      93   1   0     198     199     206     205     184     185     192     191
      94   1   0     199     200     207     206     185     186     193     192
      95   1   0     200     201     208     207     186     187     194     193
      96   1   0     201     202     209     208     187     188     195     194
      97   1   0     202     203     210     209     188     189     196     195
      98   2   0     183     190     204     197
      99   1   0     211     212     219     218     197     198     205     204
     100   1   0     212     213     220     219     198     199     206     205
     101   1   0     213     214     221     220     199     200     207     206
     102   1   0     214     215     222     221     200     201     208     207
     103   1   0     215     216     223     222     201     202     209     208
     104   1   0     216     217     224     223     202     203     210     209
     105   2   0     197     204     218     211
     106   1   0     225     226     233     232     211     212     219     218
     107   1   0     226     227     234     233     212     213     220     219
     108   1   0     227     228     235     234     213     214     221     220
     109   1   0     228     229     236     235     214     215     222     221
     110   1   0     229     230     237     236     215     216     223     222
     111   1   0     230     231     238     237     216     217     224     223
     112   2   0     211     218     232     225
     113   1   0     239     240     247     246     225     226     233     232
     114   1   0     240     241     248     247     226     227     234     233
     115   1   0     241     242     249     248     227     228     235     234
     116   1   0     242     243     250     249     228     229     236     235
     117   1   0     243     244     251     250     229     230     237     236
     118   1   0     244     245     252     251     230     231     238     237
     119   2   0     225     232     246     239
     120   1   0     253     254     261     260     239     240     247     246
     121   1   0     254     255     262     261     240     241     248     247
     122   1   0     255     256     263     262     241     242     249     248
     123   1   0     256     257     264     263     242     243     250     249
     124   1   0     257     258     265     264     243     244     251     250
     125   1   0     258     259     266     265     244     245     252     251
     126   2   0     239     246     260     253
     127   1   0     267     268     275     274     253     254     261     260
     128   1   0     268     269     276     275     254     255     262     261
     129   1   0     269     270     277     276     255     256     263     262
     130   1   0     270     271     278     277     256     257     264     263
     131   1   0     271     272     279     278     257     258     265     264
     132   1   0     272     273     280     279     258     259     266     265
     133   2   0     253     260     274     267
     134   1   0     281     282     289     288     267     268     275     274
     135   1   0     282     283     290     289     268     269     276     275
     136   1   0     283     284     291     290     269     270     277     276
     137   1   0     284     285     292     291     270     271     278     277
     138   1   0     285     286     293     292     271     272     279     278
     139   1   0     286     287     294     293     272     273     280     279
     140   2   0     267     274     288     281
     141   1   0     295     296     303     302     281     282     289     288
     142   1   0     296     297     304     303     282     283     290     289
     143   1   0     297     298     305     304     283     284     291     290
     144   1   0     298     299     306     305     284     285     292     291
     145   1   0     299     300     307     306     285     286     293     292
     146   1   0     300     301     308     307     286     287     294     293
     147   2   0     281     288     302     295
     148   1   0     309     310     317     316     295     296     303     302
     149   1   0     310     311     318     317     296     297     304     303
     150   1   0     311     312     319     318     297     298     305     304
     151   1   0     312     313     320     319     298     299     306     305
     152   1   0     313     314     321     320     299     300     307     306
     153   1   0     314     315     322     321     300     301     308     307
     154   2   0     295     302     316     309
     155   1   0     323     324     331     330     309     310     317     316
     156   1   0     324     325     332     331     310     311     318     317
     157   1   0     325     326     333     332     311     312     319     318
     158   1   0     326     327     334     333     312     313     320     319
     159   1   0     327     328     335     334     313     314     321     320
     160   1   0     328     329     336     335     314     315     322     321
     161   2   0     309     316     330     323
     162   1   0     337     338     345     344     323     324     331     330
     163   1   0     338     339     346     345     324     325     332     331
     164   1   0     339     340     347     346     325     326     333     332
     165   1   0     340     341     348     347     326     327     334     333
     166   1   0     341     342     349     348     327     328     335     334
     167   1   0     342     343     350     349     328     329     336     335
     168   2   0     323     330     344     337
     169   1   0     351     352     359     358     337     338     345     344
     170   1   0     352     353     360     359     338     339     346     345
     171   1   0     353     354     361     360     339     340     347     346
     172   1   0     354     355     362     361     340     341     348     347
     173   1   0     355     356     363     362     341     342     349     348
     174   1   0     356     357     364     363     342     343     350     349
     175   2   0     337     344     358     351
     176   1   0     365     366     373     372     351     352     359     358
     177   1   0     366     367     374     373     352     353     360     359
     178   1   0     367     368     375     374     353     354     361     360
     179   1   0     368     369     376     375     354     355     362     361
     180   1   0     369     370     377     376     355     356     363     362
     181   1   0     370     371     378     377     356     357     364     363
     182   2   0     351     358     372     365
     183   1   0     379     380     387     386     365     366     373     372
     184   1   0     380     381     388     387     366     367     374     373
     185   1   0     381     382     389     388     367     368     375     374
     186   1   0     382     383     390     389     368     369     376     375
     187   1   0     383     384     391     390     369     370     377     376
     188   1   0     384     385     392     391     370     371     378     377
     189   2   0     365     372     386     379
     190   1   0     393     394     401     400     379     380     387     386
     191   1   0     394     395     402     401     380     381     388     387
     192   1   0     395     396     403     402     381     382     389     388
     193   1   0     396     397     404     403     382     383     390     389
     194   1   0     397     398     405     404     383     384     391     390
     195   1   0     398     399     406     405     384     385     392     391
     196   2   0     379     386     400     393
     197   1   0     407     408     415     414     393     394     401     400
     198   1   0     408     409     416     415     394     395     402     401
     199   1   0     409     410     417     416     395     396     403     402
     200   1   0     410     411     418     417     396     397     404     403
     201   1   0     411     412     419     418     397     398     405     404
     202   1   0     412     413     420     419     398     399     406     405
     203   2   0     393     400     414     407
     204   1   0     421     422     429     428     407     408     415     414
     205   1   0     422     423     430     429     408     409     416     415
     206   1   0     423     424     431     430     409     410     417     416
     207   1   0     424     425     432     431     410     411     418     417
     208   1   0     425     426     433     432     411     412     419     418
     209   1   0     426     427     434     433     412     413     420     419
     210   2   0     407     414     428     421
     211   1   0     435     436     443     442     421     422     429     428
     212   1   0     436     437     444     443     422     423     430     429
     213   1   0     437     438     445     444     423     424     431     430
     214   1   0     438     439     446     445     424     425     432     431
     215   1   0     439     440     447     446     425     426     433     432
     216   1   0     440     441     448     447     426     427     434     433
     217   2   0     421     428     442     435
     218   1   0     449     450     457     456     435     436     443     442
     219   1   0     450     451     458     457     436     437     444     443
     220   1   0     451     452     459     458     437     438     445     444
     221   1   0     452     453     460     459     438     439     446     445
     222   1   0     453     454     461     460     439     440     447     446
     223   1   0     454     455     462     461     440     441     448     447
     224   2   0     435     442     456     449
     225   1   0     463     464     471     470     449     450     457     456
     226   1   0     464     465     472     471     450     451     458     457
     227   1   0     465     466     473     472     451     452     459     458
     228   1   0     466     467     474     473     452     453     460     459
     229   1   0     467     468     475     474     453     454     461     460
     230   1   0     468     469     476     475     454     455     462     461
     231   2   0     449     456     470     463
     232   1   0     477     478     485     484     463     464     471     470
     233   1   0     478     479     486     485     464     465     472     471
     234   1   0     479     480     487     486     465     466     473     472
     235   1   0     480     481     488     487     466     467     474     473
     236   1   0     481     482     489     488     467     468     475     474
     237   1   0     482     483     490     489     468     469     476     475
     238   2   0     463     470     484     477
     239   1   0     491     492     499     498     477     478     485     484
     240   1   0     492     493     500     499     478     479     486     485
     241   1   0     493     494     501     500     479     480     487     486
     242   1   0     494     495     502     501     480     481     488     487
     243   1   0     495     496     503     502     481     482     489     488
     244   1   0     496     497     504     503     482     483     490     489
     245   2   0     477     484     498     491
     246   1   0     505     506     513     512     491     492     499     498
     247   1   0     506     507     514     513     492     493     500     499
     248   1   0     507     508     515     514     493     494     501     500
     249   1   0     508     509     516     515     494     495     502     501
     250   1   0     509     510     517     516     495     496     503     502
     251   1   0     510     511     518     517     496     497     504     503
     252   2   0     491     498     512     505
     253   1   0     519     520     527     526     505     506     513     512
     254   1   0     520     521     528     527     506     507     514     513
     255   1   0     521     522     529     528     507     508     515     514
     256   1   0     522     523     530     529     508     509     516     515
     257   1   0     523     524     531     530     509     510     517     516
     258   1   0     524     525     532     531     510     511     518     517
     259   2   0     505     512     526     519
     260   1   0     533     534     541     540     519     520     527     526
     261   1   0     534     535     542     541     520     521     528     527
     262   1   0     535     536     543     542     521     522     529     528
     263   1   0     536     537     544     543     522     523     530     529
     264   1   0     537     538     545     544     523     524     531     530
     265   1   0     538     539     546     545     524     525     532     531
     266   2   0     519     526     540     533
     267   1   0     547     548     555     554     533     534     541     540
     268   1   0     548     549     556     555     534     535     542     541
     269   1   0     549     550     557     556     535     536     543     542
     270   1   0     550     551     558     557     536     537     544     543
     271   1   0     551     552     559     558     537     538     545     544
     272   1   0     552     553     560     559     538     539     546     545
     273   2   0     533     540     554     547
     274   1   0     561     562     569     568     547     548     555     554
     275   1   0     562     563     570     569     548     549     556     555
     276   1   0     563     564     571     570     549     550     557     556
     277   1   0     564     565     572     571     550     551     558     557
     278   1   0     565     566     573     572     551     552     559     558
     279   1   0     566     567     574     573     552     553     560     559
     280   2   0     547     554     568     561
     281   1   0     575     576     583     582     561     562     569     568
     282   1   0     576     577     584     583     562     563     570     569
     283   1   0     577     578     585     584     563     564     571     570
     284   1   0     578     579     586     585     564     565     572     571
     285   1   0     579     580     587     586     565     566     573     572
     286   1   0     580     581     588     587     566     567     574     573
     287   2   0     561     568     582     575
     288   1   0     589     590     597     596     575     576     583     582
     289   1   0     590     591     598     597     576     577     584     583
     290   1   0     591     592     599     598     577     578     585     584
     291   1   0     592     593     600     599     578     579     586     585
     292   1   0     593     594     601     600     579     580     587     586
     293   1   0     594     595     602     601     580     581     588     587
     294   2   0     575     582     596     589
     295   1   0     603     604     611     610     589     590     597     596
     296   1   0     604     605     612     611     590     591     598     597
     297   1   0     605     606     613     612     591     592     599     598
     298   1   0     606     607     614     613     592     593     600     599
     299   1   0     607     608     615     614     593     594     601     600
     300   1   0     608     609     616     615     594     595     602     601
     301   2   0     589     596     610     603
     302   1   0     617     618     625     624     603     604     611     610
     303   1   0     618     619     626     625     604     605     612     611
     304   1   0     619     620     627     626     605     606     613     612
     305   1   0     620     621     628     627     606     607     614     613
     306   1   0     621     622     629     628     607     608     615     614
     307   1   0     622     623     630     629     608     609     616     615
     308   2   0     603     610     624     617
     309   1   0     631     632     639     638     617     618     625     624
     310   1   0     632     633     640     639     618     619     626     625
     311   1   0     633     634     641     640     619     620     627     626
     312   1   0     634     635     642     641     620     621     628     627
     313   1   0     635     636     643     642     621     622     629     628
     314   1   0     636     637     644     643     622     623     630     629
     315   2   0     617     624     638     631
     316   1   0     645     646     653     652     631     632     639     638
     317   1   0     646     647     654     653     632     633     640     639
     318   1   0     647     648     655     654     633     634     641     640
     319   1   0     648     649     656     655     634     635     642     641
     320   1   0     649     650     657     656     635     636     643     642
     321   1   0     650     651     658     657     636     637     644     643
     322   2   0     631     638     652     645
     323   1   0     659     660     667     666     645     646     653     652
     324   1   0     660     661     668     667     646     647     654     653
     325   1   0     661     662     669     668     647     648     655     654
     326   1   0     662     663     670     669     648     649     656     655
     327   1   0     663     664     671     670     649     650     657     656
     328   1   0     664     665     672     671     650     651     658     657
     329   2   0     645     652     666     659
     330   1   0     673     674     681     680     659     660     667     666
     331   1   0     674     675     682     681     660     661     668     667
     332   1   0     675     676     683     682     661     662     669     668
     333   1   0     676     677     684     683     662     663     670     669
     334   1   0     677     678     685     684     663     664     671     670
     335   1   0     678     679     686     685     664     665     672     671
     336   2   0     659     666     680     673
     337   1   0     687     688     695     694     673     674     681     680
     338   1   0     688     689     696     695     674     675     682     681
     339   1   0     689     690     697     696     675     676     683     682
     340   1   0     690     691     698     697     676     677     684     683
     341   1   0     691     692     699     698     677     678     685     684
     342   1   0     692     693     700     699     678     679     686     685
     343   2   0     673     680     694     687
     344   1   0     701     702     709     708     687     688     695     694
     345   1   0     702     703     710     709     688     689     696     695
     346   1   0     703     704     711     710     689     690     697     696
     347   1   0     704     705     712     711     690     691     698     697
     348   1   0     705     706     713     712     691     692     699     698
     349   1   0     706     707     714     713     692     693     700     699
     350   2   0     687     694     708     701
     351   1   0     715     716     723     722     701     702     709     708
     352   1   0     716     717     724     723     702     703     710     709
     353   1   0     717     718     725     724     703     704     711     710
     354   1   0     718     719     726     725     704     705     712     711
     355   1   0     719     720     727     726     705     706     713     712
     356   1   0     720     721     728     727     706     707     714     713
     357   2   0     701     708     722     715
     358   1   0     729     730     737     736     715     716     723     722
     359   1   0     730     731     738     737     716     717     724     723
     360   1   0     731     732     739     738     717     718     725     724
     361   1   0     732     733     740     739     718     719     726     725
     362   1   0     733     734     741     740     719     720     727     726
     363   1   0     734     735     742     741     720     721     728     727
     364   2   0     715     722     736     729
     365   1   0     743     744     751     750     729     730     737     736
     366   1   0     744     745     752     751     730     731     738     737
     367   1   0     745     746     753     752     731     732     739     738
     368   1   0     746     747     754     753     732     733     740     739
     369   1   0     747     748     755     754     733     734     741     740
     370   1   0     748     749     756     755     734     735     742     741
     371   2   0     729     736     750     743
     372   1   0     757     758     765     764     743     744     751     750
     373   1   0     758     759     766     765     744     745     752     751
     374   1   0     759     760     767     766     745     746     753     752
     375   1   0     760     761     768     767     746     747     754     753
     376   1   0     761     762     769     768     747     748     755     754
     377   1   0     762     763     770     769     748     749     756     755
     378   2   0     743     750     764     757
     379   1   0     771     772     779     778     757     758     765     764
     380   1   0     772     773     780     779     758     759     766     765
     381   1   0     773     774     781     780     759     760     767     766
     382   1   0     774     775     782     781     760     761     768     767
     383   1   0     775     776     783     782     761     762     769     768
     384   1   0     776     777     784     783     762     763     770     769
     385   2   0     757     764     778     771
     386   1   0     785     786     793     792     771     772     779     778
     387   1   0     786     787     794     793     772     773     780     779
     388   1   0     787     788     795     794     773     774     781     780
     389   1   0     788     789     796     795     774     775     782     781
     390   1   0     789     790     797     796     775     776     783     782
     391   1   0     790     791     798     797     776     777     784     783
     392   2   0     771     778     792     785
     393   1   0     799     800     807     806     785     786     793     792
     394   1   0     800     801     808     807     786     787     794     793
     395   1   0     801     802     809     808     787     788     795     794
     396   1   0     802     803     810     809     788     789     796     795
     397   1   0     803     804     811     810     789     790     797     796
     398   1   0     804     805     812     811     790     791     798     797
     399   2   0     785     792     806     799
     400   1   0     813     814     821     820     799     800     807     806
     401   1   0     814     815     822     821     800     801     808     807
     402   1   0     815     816     823     822     801     802     809     808
     403   1   0     816     817     824     823     802     803     810     809
     404   1   0     817     818     825     824     803     804     811     810
     405   1   0     818     819     826     825     804     805     812     811
     406   2   0     799     806     820     813
     407   1   0     827     828     835     834     813     814     821     820
     408   1   0     828     829     836     835     814     815     822     821
     409   1   0     829     830     837     836     815     816     823     822
     410   1   0     830     831     838     837     816     817     824     823
     411   1   0     831     832     839     838     817     818     825     824
     412   1   0     832     833     840     839     818     819     826     825
     413   2   0     813     820     834     827
     414   1   0     841     842     849     848     827     828     835     834
     415   1   0     842     843     850     849     828     829     836     835
     416   1   0     843     844     851     850     829     830     837     836
     417   1   0     844     845     852     851     830     831     838     837
     418   1   0     845     846     853     852     831     832     839     838
     419   1   0     846     847     854     853     832     833     840     839
     420   2   0     827     834     848     841
     421   1   0     855     856     863     862     841     842     849     848
     422   1   0     856     857     864     863     842     843     850     849
     423   1   0     857     858     865     864     843     844     851     850
     424   1   0     858     859     866     865     844     845     852     851
     425   1   0     859     860     867     866     845     846     853     852
     426   1   0     860     861     868     867     846     847     854     853
     427   2   0     841     848     862     855
     428   1   0     869     870     877     876     855     856     863     862
     429   1   0     870     871     878     877     856     857     864     863
     430   1   0     871     872     879     878     857     858     865     864
     431   1   0     872     873     880     879     858     859     866     865
     432   1   0     873     874     881     880     859     860     867     866
     433   1   0     874     875     882     881     860     861     868     867
     434   2   0     855     862     876     869
     435   1   0     883     884     891     890     869     870     877     876
     436   1   0     884     885     892     891     870     871     878     877
     437   1   0     885     886     893     892     871     872     879     878
     438   1   0     886     887     894     893     872     873     880     879
     439   1   0     887     888     895     894     873     874     881     880
     440   1   0     888     889     896     895     874     875     882     881
     441   2   0     869     876     890     883
     442   1   0     897     898     905     904     883     884     891     890
     443   1   0     898     899     906     905     884     885     892     891
     444   1   0     899     900     907     906     885     886     893     892
     445   1   0     900     901     908     907     886     887     894     893
     446   1   0     901     902     909     908     887     888     895     894
     447   1   0     902     903     910     909     888     889     896     895
     448   2   0     883     890     904     897
     449   1   0     911     912     919     918     897     898     905     904
     450   1   0     912     913     920     919     898     899     906     905
     451   1   0     913     914     921     920     899     900     907     906
     452   1   0     914     915     922     921     900     901     908     907
     453   1   0     915     916     923     922     901     902     909     908
     454   1   0     916     917     924     923     902     903     910     909
     455   2   0     897     904     918     911
     456   1   0     925     926     933     932     911     912     919     918
     457   1   0     926     927     934     933     912     913     920     919
     458   1   0     927     928     935     934     913     914     921     920
     459   1   0     928     929     936     935     914     915     922     921
     460   1   0     929     930     937     936     915     916     923     922
     461   1   0     930     931     938     937     916     917     924     923
     462   2   0     911     918     932     925
     463   1   0     939     940     947     946     925     926     933     932
     464   1   0     940     941     948     947     926     927     934     933
     465   1   0     941     942     949     948     927     928     935     934
     466   1   0     942     943     950     949     928     929     936     935
     467   1   0     943     944     951     950     929     930     937     936
     468   1   0     944     945     952     951     930     931     938     937
     469   2   0     925     932     946     939
     470   1   0     953     954     961     960     939     940     947     946
     471   1   0     954     955     962     961     940     941     948     947
     472   1   0     955     956     963     962     941     942     949     948
     473   1   0     956     957     964     963     942     943     950     949
     474   1   0     957     958     965     964     943     944     951     950
     475   1   0     958     959     966     965     944     945     952     951
     476   2   0     939     946     960     953
     477   1   0     967     968     975     974     953     954     961     960
     478   1   0     968     969     976     975     954     955     962     961
     479   1   0     969     970     977     976     955     956     963     962
     480   1   0     970     971     978     977     956     957     964     963
     481   1   0     971     972     979     978     957     958     965     964
     482   1   0     972     973     980     979     958     959     966     965
     483   2   0     953     960     974     967
     484   1   0     981     982     989     988     967     968     975     974
     485   1   0     982     983     990     989     968     969     976     975
     486   1   0     983     984     991     990     969     970     977     976
     487   1   0     984     985     992     991     970     971     978     977
     488   1   0     985     986     993     992     971     972     979     978
     489   1   0     986     987     994     993     972     973     980     979
     490   2   0     967     974     988     981
     491   1   0     995     996    1003    1002     981     982     989     988
     492   1   0     996     997    1004    1003     982     983     990     989
     493   1   0     997     998    1005    1004     983     984     991     990
     494   1   0     998     999    1006    1005     984     985     992     991
     495   1   0     999    1000    1007    1006     985     986     993     992
     496   1   0    1000    1001    1008    1007     986     987     994     993
     497   2   0     981     988    1002     995
     498   1   0    1009    1010    1017    1016     995     996    1003    1002
     499   1   0    1010    1011    1018    1017     996     997    1004    1003
     500   1   0    1011    1012    1019    1018     997     998    1005    1004
     501   1   0    1012    1013    1020    1019     998     999    1006    1005
     502   1   0    1013    1014    1021    1020     999    1000    1007    1006
     503   1   0    1014    1015    1022    1021    1000    1001    1008    1007
     504   2   0     995    1002    1016    1009
     505   1   0    1023    1024    1031    1030    1009    1010    1017    1016
     506   1   0    1024    1025    1032    1031    1010    1011    1018    1017
     507   1   0    1025    1026    1033    1032    1011    1012    1019    1018
     508   1   0    1026    1027    1034    1033    1012    1013    1020    1019
     509   1   0    1027    1028    1035    1034    1013    1014    1021    1020
     510   1   0    1028    1029    1036    1035    1014    1015    1022    1021
     511   2   0    1009    1016    1030    1023
     512   1   0    1037    1038    1045    1044    1023    1024    1031    1030
     513   1   0    1038    1039    1046    1045    1024    1025    1032    1031
     514   1   0    1039    1040    1047    1046    1025    1026    1033    1032
     515   1   0    1040    1041    1048    1047    1026    1027    1034    1033
     516   1   0    1041    1042    1049    1048    1027    1028    1035    1034
     517   1   0    1042    1043    1050    1049    1028    1029    1036    1035
     518   2   0    1023    1030    1044    1037
     519   1   0    1051    1052    1059    1058    1037    1038    1045    1044
     520   1   0    1052    1053    1060    1059    1038    1039    1046    1045
     521   1   0    1053    1054    1061    1060    1039    1040    1047    1046
     522   1   0    1054    1055    1062    1061    1040    1041    1048    1047
     523   1   0    1055    1056    1063    1062    1041    1042    1049    1048
     524   1   0    1056    1057    1064    1063    1042    1043    1050    1049
     525   2   0    1037    1044    1058    1051
     526   1   0    1065    1066    1073    1072    1051    1052    1059    1058
     527   1   0    1066    1067    1074    1073    1052    1053    1060    1059
     528   1   0    1067    1068    1075    1074    1053    1054    1061    1060
     529   1   0    1068    1069    1076    1075    1054    1055    1062    1061
     530   1   0    1069    1070    1077    1076    1055    1056    1063    1062
     531   1   0    1070    1071    1078    1077    1056    1057    1064    1063
     532   2   0    1051    1058    1072    1065
     533   1   0    1079    1080    1087    1086    1065    1066    1073    1072
     534   1   0    1080    1081    1088    1087    1066    1067    1074    1073
     535   1   0    1081    1082    1089    1088    1067    1068    1075    1074
     536   1   0    1082    1083    1090    1089    1068    1069    1076    1075
     537   1   0    1083    1084    1091    1090    1069    1070    1077    1076
     538   1   0    1084    1085    1092    1091    1070    1071    1078    1077
     539   2   0    1065    1072    1086    1079
     540   1   0    1093    1094    1101    1100    1079    1080    1087    1086
     541   1   0    1094    1095    1102    1101    1080    1081    1088    1087
     542   1   0    1095    1096    1103    1102    1081    1082    1089    1088
     543   1   0    1096    1097    1104    1103    1082    1083    1090    1089
     544   1   0    1097    1098    1105    1104    1083    1084    1091    1090
     545   1   0    1098    1099    1106    1105    1084    1085    1092    1091
     546   2   0    1079    1086    1100    1093
     547   1   0    1107    1108    1115    1114    1093    1094    1101    1100
     548   1   0    1108    1109    1116    1115    1094    1095    1102    1101
     549   1   0    1109    1110    1117    1116    1095    1096    1103    1102
     550   1   0    1110    1111    1118    1117    1096    1097    1104    1103
     551   1   0    1111    1112    1119    1118    1097    1098    1105    1104
     552   1   0    1112    1113    1120    1119    1098    1099    1106    1105
     553   2   0    1093    1100    1114    1107
     554   1   0    1121    1122    1129    1128    1107    1108    1115    1114
     555   1   0    1122    1123    1130    1129    1108    1109    1116    1115
     556   1   0    1123    1124    1131    1130    1109    1110    1117    1116
     557   1   0    1124    1125    1132    1131    1110    1111    1118    1117
     558   1   0    1125    1126    1133    1132    1111    1112    1119    1118
     559   1   0    1126    1127    1134    1133    1112    1113    1120    1119
     560   2   0    1107    1114    1128    1121
     561   1   0    1135    1136    1143    1142    1121    1122    1129    1128
     562   1   0    1136    1137    1144    1143    1122    1123    1130    1129
     563   1   0    1137    1138    1145    1144    1123    1124    1131    1130
     564   1   0    1138    1139    1146    1145    1124    1125    1132    1131
     565   1   0    1139    1140    1147    1146    1125    1126    1133    1132
     566   1   0    1140    1141    1148    1147    1126    1127    1134    1133
     567   2   0    1121    1128    1142    1135
     568   1   0    1149    1150    1157    1156    1135    1136    1143    1142
     569   1   0    1150    1151    1158    1157    1136    1137    1144    1143
     570   1   0    1151    1152    1159    1158    1137    1138    1145    1144
     571   1   0    1152    1153    1160    1159    1138    1139    1146    1145
     572   1   0    1153    1154    1161    1160    1139    1140    1147    1146
     573   1   0    1154    1155    1162    1161    1140    1141    1148    1147
     574   2   0    1135    1142    1156    1149
     575   1   0    1163    1164    1171    1170    1149    1150    1157    1156
     576   1   0    1164    1165    1172    1171    1150    1151    1158    1157
     577   1   0    1165    1166    1173    1172    1151    1152    1159    1158
     578   1   0    1166    1167    1174    1173    1152    1153    1160    1159
     579   1   0    1167    1168    1175    1174    1153    1154    1161    1160
     580   1   0    1168    1169    1176    1175    1154    1155    1162    1161
     581   2   0    1149    1156    1170    1163
     582   1   0    1177    1178    1185    1184    1163    1164    1171    1170
     583   1   0    1178    1179    1186    1185    1164    1165    1172    1171
     584   1   0    1179    1180    1187    1186    1165    1166    1173    1172
     585   1   0    1180    1181    1188    1187    1166    1167    1174    1173
     586   1   0    1181    1182    1189    1188    1167    1168    1175    1174
     587   1   0    1182    1183    1190    1189    1168    1169    1176    1175
     588   2   0    1163    1170    1184    1177
     589   1   0    1191    1192    1199    1198    1177    1178    1185    1184
     590   1   0    1192    1193    1200    1199    1178    1179    1186    1185
     591   1   0    1193    1194    1201    1200    1179    1180    1187    1186
     592   1   0    1194    1195    1202    1201    1180    1181    1188    1187
     593   1   0    1195    1196    1203    1202    1181    1182    1189    1188
     594   1   0    1196    1197    1204    1203    1182    1183    1190    1189
     595   2   0    1177    1184    1198    1191
     596   1   0    1205    1206    1213    1212    1191    1192    1199    1198
     597   1   0    1206    1207    1214    1213    1192    1193    1200    1199
     598   1   0    1207    1208    1215    1214    1193    1194    1201    1200
     599   1   0    1208    1209    1216    1215    1194    1195    1202    1201
     600   1   0    1209    1210    1217    1216    1195    1196    1203    1202
     601   1   0    1210    1211    1218    1217    1196    1197    1204    1203
     602   2   0    1191    1198    1212    1205
     603   1   0    1219    1220    1227    1226    1205    1206    1213    1212
     604   1   0    1220    1221    1228    1227    1206    1207    1214    1213
     605   1   0    1221    1222    1229    1228    1207    1208    1215    1214
     606   1   0    1222    1223    1230    1229    1208    1209    1216    1215
     607   1   0    1223    1224    1231    1230    1209    1210    1217    1216
     608   1   0    1224    1225    1232    1231    1210    1211    1218    1217
     609   2   0    1205    1212    1226    1219
     610   1   0    1233    1234    1241    1240    1219    1220    1227    1226
     611   1   0    1234    1235    1242    1241    1220    1221    1228    1227
     612   1   0    1235    1236    1243    1242    1221    1222    1229    1228
     613   1   0    1236    1237    1244    1243    1222    1223    1230    1229
     614   1   0    1237    1238    1245    1244    1223    1224    1231    1230
     615   1   0    1238    1239    1246    1245    1224    1225    1232    1231
     616   2   0    1219    1226    1240    1233
     617   1   0    1247    1248    1255    1254    1233    1234    1241    1240
     618   1   0    1248    1249    1256    1255    1234    1235    1242    1241
     619   1   0    1249    1250    1257    1256    1235    1236    1243    1242
     620   1   0    1250    1251    1258    1257    1236    1237    1244    1243
     621   1   0    1251    1252    1259    1258    1237    1238    1245    1244
     622   1   0    1252    1253    1260    1259    1238    1239    1246    1245
     623   2   0    1233    1240    1254    1247
     624   1   0    1261    1262    1269    1268    1247    1248    1255    1254
     625   1   0    1262    1263    1270    1269    1248    1249    1256    1255
     626   1   0    1263    1264    1271    1270    1249    1250    1257    1256
     627   1   0    1264    1265    1272    1271    1250    1251    1258    1257
     628   1   0    1265    1266    1273    1272    1251    1252    1259    1258
     629   1   0    1266    1267    1274    1273    1252    1253    1260    1259
     630   2   0    1247    1254    1268    1261
     631   1   0    1275    1276    1283    1282    1261    1262    1269    1268
     632   1   0    1276    1277    1284    1283    1262    1263    1270    1269
     633   1   0    1277    1278    1285    1284    1263    1264    1271    1270
     634   1   0    1278    1279    1286    1285    1264    1265    1272    1271
     635   1   0    1279    1280    1287    1286    1265    1266    1273    1272
     636   1   0    1280    1281    1288    1287    1266    1267    1274    1273
     637   2   0    1261    1268    1282    1275
     638   1   0    1289    1290    1297    1296    1275    1276    1283    1282
     639   1   0    1290    1291    1298    1297    1276    1277    1284    1283
     640   1   0    1291    1292    1299    1298    1277    1278    1285    1284
     641   1   0    1292    1293    1300    1299    1278    1279    1286    1285
     642   1   0    1293    1294    1301    1300    1279    1280    1287    1286
     643   1   0    1294    1295    1302    1301    1280    1281    1288    1287
     644   2   0    1275    1282    1296    1289
     645   1   0    1303    1304    1311    1310    1289    1290    1297    1296
     646   1   0    1304    1305    1312    1311    1290    1291    1298    1297
     647   1   0    1305    1306    1313    1312    1291    1292    1299    1298
     648   1   0    1306    1307    1314    1313    1292    1293    1300    1299
     649   1   0    1307    1308    1315    1314    1293    1294    1301    1300
     650   1   0    1308    1309    1316    1315    1294    1295    1302    1301
     651   2   0    1289    1296    1310    1303
     652   1   0    1317    1318    1325    1324    1303    1304    1311    1310
     653   1   0    1318    1319    1326    1325    1304    1305    1312    1311
     654   1   0    1319    1320    1327    1326    1305    1306    1313    1312
     655   1   0    1320    1321    1328    1327    1306    1307    1314    1313
     656   1   0    1321    1322    1329    1328    1307    1308    1315    1314
     657   1   0    1322    1323    1330    1329    1308    1309    1316    1315
     658   2   0    1303    1310    1324    1317
     659   1   0    1331    1332    1339    1338    1317    1318    1325    1324
     660   1   0    1332    1333    1340    1339    1318    1319    1326    1325
     661   1   0    1333    1334    1341    1340    1319    1320    1327    1326
     662   1   0    1334    1335    1342    1341    1320    1321    1328    1327
     663   1   0    1335    1336    1343    1342    1321    1322    1329    1328
     664   1   0    1336    1337    1344    1343    1322    1323    1330    1329
     665   2   0    1317    1324    1338    1331
     666   1   0    1345    1346    1353    1352    1331    1332    1339    1338
     667   1   0    1346    1347    1354    1353    1332    1333    1340    1339
     668   1   0    1347    1348    1355    1354    1333    1334    1341    1340
     669   1   0    1348    1349    1356    1355    1334    1335    1342    1341
     670   1   0    1349    1350    1357    1356    1335    1336    1343    1342
     671   1   0    1350    1351    1358    1357    1336    1337    1344    1343
     672   2   0    1331    1338    1352    1345

     E l e m e n t   S i z e   V a l u e s
          h-minimum =  6.5438E-04
          h-maximum =  1.4981E-03

     Tie all nodes with common coordinates


      Gap Tolerance =  2.7136E-05



       T i e  - - -  N o d a l   C o o r d i n a t e s

          The following nodes have been deleted:

         1345   1346   1347   1348   1349   1350   1351   1352   1353   1354
         1355   1356   1357   1358

         14 nodes merged by the tie command


 FEAP *** inflated fiber reinforced soft ring - circum. b.c. top surf. linked i

  E d g e    N o d a l    B.C.

    node  1-B.C.  2-B.C.  3-B.C.
       8       0       0       1
       9       0       0       1
      10       0       0       1
      11       0       0       1
      12       0       0       1
      13       0       0       1
      14       0       0       1
      22       0       0       1
      23       0       0       1
      24       0       0       1
      25       0       0       1
      26       0       0       1
      27       0       0       1
      28       0       0       1
      36       0       0       1
      37       0       0       1
      38       0       0       1
      39       0       0       1
      40       0       0       1
      41       0       0       1
      42       0       0       1
      50       0       0       1
      51       0       0       1
      52       0       0       1
      53       0       0       1
      54       0       0       1
      55       0       0       1
      56       0       0       1
      64       0       0       1
      65       0       0       1
      66       0       0       1
      67       0       0       1
      68       0       0       1
      69       0       0       1
      70       0       0       1
      78       0       0       1
      79       0       0       1
      80       0       0       1
      81       0       0       1
      82       0       0       1
      83       0       0       1
      84       0       0       1
      92       0       0       1
      93       0       0       1
      94       0       0       1
      95       0       0       1
      96       0       0       1
      97       0       0       1
      98       0       0       1
     106       0       0       1
     107       0       0       1
     108       0       0       1
     109       0       0       1
     110       0       0       1
     111       0       0       1
     112       0       0       1
     120       0       0       1
     121       0       0       1
     122       0       0       1
     123       0       0       1
     124       0       0       1
     125       0       0       1
     126       0       0       1
     134       0       0       1
     135       0       0       1
     136       0       0       1
     137       0       0       1
     138       0       0       1
     139       0       0       1
     140       0       0       1
     148       0       0       1
     149       0       0       1
     150       0       0       1
     151       0       0       1
     152       0       0       1
     153       0       0       1
     154       0       0       1
     162       0       0       1
     163       0       0       1
     164       0       0       1
     165       0       0       1
     166       0       0       1
     167       0       0       1
     168       0       0       1
     176       0       0       1
     177       0       0       1
     178       0       0       1
     179       0       0       1
     180       0       0       1
     181       0       0       1
     182       0       0       1
     190       0       0       1
     191       0       0       1
     192       0       0       1
     193       0       0       1
     194       0       0       1
     195       0       0       1
     196       0       0       1
     204       0       0       1
     205       0       0       1
     206       0       0       1
     207       0       0       1
     208       0       0       1
     209       0       0       1
     210       0       0       1
     218       0       0       1
     219       0       0       1
     220       0       0       1
     221       0       0       1
     222       0       0       1
     223       0       0       1
     224       0       0       1
     232       0       0       1
     233       0       0       1
     234       0       0       1
     235       0       0       1
     236       0       0       1
     237       0       0       1
     238       0       0       1
     246       0       0       1
     247       0       0       1
     248       0       0       1
     249       0       0       1
     250       0       0       1
     251       0       0       1
     252       0       0       1
     260       0       0       1
     261       0       0       1
     262       0       0       1
     263       0       0       1
     264       0       0       1
     265       0       0       1
     266       0       0       1
     274       0       0       1
     275       0       0       1
     276       0       0       1
     277       0       0       1
     278       0       0       1
     279       0       0       1
     280       0       0       1
     288       0       0       1
     289       0       0       1
     290       0       0       1
     291       0       0       1
     292       0       0       1
     293       0       0       1
     294       0       0       1
     302       0       0       1
     303       0       0       1
     304       0       0       1
     305       0       0       1
     306       0       0       1
     307       0       0       1
     308       0       0       1
     316       0       0       1
     317       0       0       1
     318       0       0       1
     319       0       0       1
     320       0       0       1
     321       0       0       1
     322       0       0       1
     330       0       0       1
     331       0       0       1
     332       0       0       1
     333       0       0       1
     334       0       0       1
     335       0       0       1
     336       0       0       1
     344       0       0       1
     345       0       0       1
     346       0       0       1
     347       0       0       1
     348       0       0       1
     349       0       0       1
     350       0       0       1
     358       0       0       1
     359       0       0       1
     360       0       0       1
     361       0       0       1
     362       0       0       1
     363       0       0       1
     364       0       0       1
     372       0       0       1
     373       0       0       1
     374       0       0       1
     375       0       0       1
     376       0       0       1
     377       0       0       1
     378       0       0       1
     386       0       0       1
     387       0       0       1
     388       0       0       1
     389       0       0       1
     390       0       0       1
     391       0       0       1
     392       0       0       1
     400       0       0       1
     401       0       0       1
     402       0       0       1
     403       0       0       1
     404       0       0       1
     405       0       0       1
     406       0       0       1
     414       0       0       1
     415       0       0       1
     416       0       0       1
     417       0       0       1
     418       0       0       1
     419       0       0       1
     420       0       0       1
     428       0       0       1
     429       0       0       1
     430       0       0       1
     431       0       0       1
     432       0       0       1
     433       0       0       1
     434       0       0       1
     442       0       0       1
     443       0       0       1
     444       0       0       1
     445       0       0       1
     446       0       0       1
     447       0       0       1
     448       0       0       1
     456       0       0       1
     457       0       0       1
     458       0       0       1
     459       0       0       1
     460       0       0       1
     461       0       0       1
     462       0       0       1
     470       0       0       1
     471       0       0       1
     472       0       0       1
     473       0       0       1
     474       0       0       1
     475       0       0       1
     476       0       0       1
     484       0       0       1
     485       0       0       1
     486       0       0       1
     487       0       0       1
     488       0       0       1
     489       0       0       1
     490       0       0       1
     498       0       0       1
     499       0       0       1
     500       0       0       1
     501       0       0       1
     502       0       0       1
     503       0       0       1
     504       0       0       1
     512       0       0       1
     513       0       0       1
     514       0       0       1
     515       0       0       1
     516       0       0       1
     517       0       0       1
     518       0       0       1
     526       0       0       1
     527       0       0       1
     528       0       0       1
     529       0       0       1
     530       0       0       1
     531       0       0       1
     532       0       0       1
     540       0       0       1
     541       0       0       1
     542       0       0       1
     543       0       0       1
     544       0       0       1
     545       0       0       1
     546       0       0       1
     554       0       0       1
     555       0       0       1
     556       0       0       1
     557       0       0       1
     558       0       0       1
     559       0       0       1
     560       0       0       1
     568       0       0       1
     569       0       0       1
     570       0       0       1
     571       0       0       1
     572       0       0       1
     573       0       0       1
     574       0       0       1
     582       0       0       1
     583       0       0       1
     584       0       0       1
     585       0       0       1
     586       0       0       1
     587       0       0       1
     588       0       0       1
     596       0       0       1
     597       0       0       1
     598       0       0       1
     599       0       0       1
     600       0       0       1
     601       0       0       1
     602       0       0       1
     610       0       0       1
     611       0       0       1
     612       0       0       1
     613       0       0       1
     614       0       0       1
     615       0       0       1
     616       0       0       1
     624       0       0       1
     625       0       0       1
     626       0       0       1
     627       0       0       1
     628       0       0       1
     629       0       0       1
     630       0       0       1
     638       0       0       1
     639       0       0       1
     640       0       0       1
     641       0       0       1
     642       0       0       1
     643       0       0       1
     644       0       0       1
     652       0       0       1
     653       0       0       1
     654       0       0       1
     655       0       0       1
     656       0       0       1
     657       0       0       1
     658       0       0       1
     666       0       0       1
     667       0       0       1
     668       0       0       1
     669       0       0       1
     670       0       0       1
     671       0       0       1
     672       0       0       1
     680       0       0       1
     681       0       0       1
     682       0       0       1
     683       0       0       1
     684       0       0       1
     685       0       0       1
     686       0       0       1
     694       0       0       1
     695       0       0       1
     696       0       0       1
     697       0       0       1
     698       0       0       1
     699       0       0       1
     700       0       0       1
     708       0       0       1
     709       0       0       1
     710       0       0       1
     711       0       0       1
     712       0       0       1
     713       0       0       1
     714       0       0       1
     722       0       0       1
     723       0       0       1
     724       0       0       1
     725       0       0       1
     726       0       0       1
     727       0       0       1
     728       0       0       1
     736       0       0       1
     737       0       0       1
     738       0       0       1
     739       0       0       1
     740       0       0       1
     741       0       0       1
     742       0       0       1
     750       0       0       1
     751       0       0       1
     752       0       0       1
     753       0       0       1
     754       0       0       1
     755       0       0       1
     756       0       0       1
     764       0       0       1
     765       0       0       1
     766       0       0       1
     767       0       0       1
     768       0       0       1
     769       0       0       1
     770       0       0       1
     778       0       0       1
     779       0       0       1
     780       0       0       1
     781       0       0       1
     782       0       0       1
     783       0       0       1
     784       0       0       1
     792       0       0       1
     793       0       0       1
     794       0       0       1
     795       0       0       1
     796       0       0       1
     797       0       0       1
     798       0       0       1
     806       0       0       1
     807       0       0       1
     808       0       0       1
     809       0       0       1
     810       0       0       1
     811       0       0       1
     812       0       0       1
     820       0       0       1
     821       0       0       1
     822       0       0       1
     823       0       0       1
     824       0       0       1
     825       0       0       1
     826       0       0       1
     834       0       0       1
     835       0       0       1
     836       0       0       1
     837       0       0       1
     838       0       0       1
     839       0       0       1
     840       0       0       1
     848       0       0       1
     849       0       0       1
     850       0       0       1
     851       0       0       1
     852       0       0       1
     853       0       0       1
     854       0       0       1
     862       0       0       1
     863       0       0       1
     864       0       0       1
     865       0       0       1
     866       0       0       1
     867       0       0       1
     868       0       0       1
     876       0       0       1
     877       0       0       1
     878       0       0       1
     879       0       0       1
     880       0       0       1
     881       0       0       1
     882       0       0       1
     890       0       0       1
     891       0       0       1
     892       0       0       1
     893       0       0       1
     894       0       0       1
     895       0       0       1
     896       0       0       1
     904       0       0       1
     905       0       0       1
     906       0       0       1
     907       0       0       1
     908       0       0       1
     909       0       0       1
     910       0       0       1
     918       0       0       1
     919       0       0       1
     920       0       0       1
     921       0       0       1
     922       0       0       1
     923       0       0       1
     924       0       0       1
     932       0       0       1
     933       0       0       1
     934       0       0       1
     935       0       0       1
     936       0       0       1
     937       0       0       1
     938       0       0       1
     946       0       0       1
     947       0       0       1
     948       0       0       1
     949       0       0       1
     950       0       0       1
     951       0       0       1
     952       0       0       1
     960       0       0       1
     961       0       0       1
     962       0       0       1
     963       0       0       1
     964       0       0       1
     965       0       0       1
     966       0       0       1
     974       0       0       1
     975       0       0       1
     976       0       0       1
     977       0       0       1
     978       0       0       1
     979       0       0       1
     980       0       0       1
     988       0       0       1
     989       0       0       1
     990       0       0       1
     991       0       0       1
     992       0       0       1
     993       0       0       1
     994       0       0       1
    1002       0       0       1
    1003       0       0       1
    1004       0       0       1
    1005       0       0       1
    1006       0       0       1
    1007       0       0       1
    1008       0       0       1
    1016       0       0       1
    1017       0       0       1
    1018       0       0       1
    1019       0       0       1
    1020       0       0       1
    1021       0       0       1
    1022       0       0       1
    1030       0       0       1
    1031       0       0       1
    1032       0       0       1
    1033       0       0       1
    1034       0       0       1
    1035       0       0       1
    1036       0       0       1
    1044       0       0       1
    1045       0       0       1
    1046       0       0       1
    1047       0       0       1
    1048       0       0       1
    1049       0       0       1
    1050       0       0       1
    1058       0       0       1
    1059       0       0       1
    1060       0       0       1
    1061       0       0       1
    1062       0       0       1
    1063       0       0       1
    1064       0       0       1
    1072       0       0       1
    1073       0       0       1
    1074       0       0       1
    1075       0       0       1
    1076       0       0       1
    1077       0       0       1
    1078       0       0       1
    1086       0       0       1
    1087       0       0       1
    1088       0       0       1
    1089       0       0       1
    1090       0       0       1
    1091       0       0       1
    1092       0       0       1
    1100       0       0       1
    1101       0       0       1
    1102       0       0       1
    1103       0       0       1
    1104       0       0       1
    1105       0       0       1
    1106       0       0       1
    1114       0       0       1
    1115       0       0       1
    1116       0       0       1
    1117       0       0       1
    1118       0       0       1
    1119       0       0       1
    1120       0       0       1
    1128       0       0       1
    1129       0       0       1
    1130       0       0       1
    1131       0       0       1
    1132       0       0       1
    1133       0       0       1
    1134       0       0       1
    1142       0       0       1
    1143       0       0       1
    1144       0       0       1
    1145       0       0       1
    1146       0       0       1
    1147       0       0       1
    1148       0       0       1
    1156       0       0       1
    1157       0       0       1
    1158       0       0       1
    1159       0       0       1
    1160       0       0       1
    1161       0       0       1
    1162       0       0       1
    1170       0       0       1
    1171       0       0       1
    1172       0       0       1
    1173       0       0       1
    1174       0       0       1
    1175       0       0       1
    1176       0       0       1
    1184       0       0       1
    1185       0       0       1
    1186       0       0       1
    1187       0       0       1
    1188       0       0       1
    1189       0       0       1
    1190       0       0       1
    1198       0       0       1
    1199       0       0       1
    1200       0       0       1
    1201       0       0       1
    1202       0       0       1
    1203       0       0       1
    1204       0       0       1
    1212       0       0       1
    1213       0       0       1
    1214       0       0       1
    1215       0       0       1
    1216       0       0       1
    1217       0       0       1
    1218       0       0       1
    1226       0       0       1
    1227       0       0       1
    1228       0       0       1
    1229       0       0       1
    1230       0       0       1
    1231       0       0       1
    1232       0       0       1
    1240       0       0       1
    1241       0       0       1
    1242       0       0       1
    1243       0       0       1
    1244       0       0       1
    1245       0       0       1
    1246       0       0       1
    1254       0       0       1
    1255       0       0       1
    1256       0       0       1
    1257       0       0       1
    1258       0       0       1
    1259       0       0       1
    1260       0       0       1
    1268       0       0       1
    1269       0       0       1
    1270       0       0       1
    1271       0       0       1
    1272       0       0       1
    1273       0       0       1
    1274       0       0       1
    1282       0       0       1
    1283       0       0       1
    1284       0       0       1
    1285       0       0       1
    1286       0       0       1
    1287       0       0       1
    1288       0       0       1
    1296       0       0       1
    1297       0       0       1
    1298       0       0       1
    1299       0       0       1
    1300       0       0       1
    1301       0       0       1
    1302       0       0       1
    1310       0       0       1
    1311       0       0       1
    1312       0       0       1
    1313       0       0       1
    1314       0       0       1
    1315       0       0       1
    1316       0       0       1
    1324       0       0       1
    1325       0       0       1
    1326       0       0       1
    1327       0       0       1
    1328       0       0       1
    1329       0       0       1
    1330       0       0       1
    1338       0       0       1
    1339       0       0       1
    1340       0       0       1
    1341       0       0       1
    1342       0       0       1
    1343       0       0       1
    1344       0       0       1

       P o l a r    S u r f a c e

     x_Coord.     y_Coord.     z_Coord.
   0.0000E+00   0.0000E+00   0.0000E+00

 FEAP *** inflated fiber reinforced soft ring - circum. b.c. top surf. linked i

   C o o r d i n a t e    S u r f a c e   A n g l e s

      Node    1 Coord    2 Coord    3 Coord      Angle
         1  1.000E-02 -1.800E+02  0.000E+00 -1.800E+02
         2  1.000E-02 -1.800E+02  5.000E-03 -1.800E+02
         3  1.000E-02 -9.000E+01  5.000E-03 -9.000E+01
         4  1.000E-02 -9.000E+01  0.000E+00 -9.000E+01
         5  1.000E-02 -1.800E+02  2.500E-03 -1.800E+02
         6  1.000E-02 -1.350E+02  5.000E-03 -1.350E+02
         7  1.000E-02 -9.000E+01  2.500E-03 -9.000E+01
         8  1.000E-02 -1.350E+02  0.000E+00 -1.350E+02
         9  1.000E-02 -1.350E+02  2.500E-03 -1.350E+02

       N o d a l    A n g l e s

          Global Node    Angle

                 337 -9.000E+01
                 344 -9.000E+01
                 351 -9.375E+01
                 358 -9.375E+01
                 365 -9.750E+01
                 372 -9.750E+01
                 379 -1.012E+02
                 386 -1.012E+02
                 393 -1.050E+02
                 400 -1.050E+02
                 407 -1.087E+02
                 414 -1.087E+02
                 421 -1.125E+02
                 428 -1.125E+02
                 435 -1.162E+02
                 442 -1.162E+02
                 449 -1.200E+02
                 456 -1.200E+02
                 463 -1.238E+02
                 470 -1.238E+02
                 477 -1.275E+02
                 484 -1.275E+02
                 491 -1.312E+02
                 498 -1.312E+02
                 505 -1.350E+02
                 512 -1.350E+02
                 519 -1.388E+02
                 526 -1.388E+02
                 533 -1.425E+02
                 540 -1.425E+02
                 547 -1.462E+02
                 554 -1.463E+02
                 561 -1.500E+02
                 568 -1.500E+02
                 575 -1.538E+02
                 582 -1.538E+02
                 589 -1.575E+02
                 596 -1.575E+02
                 603 -1.612E+02
                 610 -1.612E+02
                 617 -1.650E+02
                 624 -1.650E+02
                 631 -1.687E+02
                 638 -1.688E+02
                 645 -1.725E+02
                 652 -1.725E+02
                 659 -1.762E+02
                 666 -1.762E+02
                 673 -1.800E+02
                 680 -1.800E+02

 FEAP *** inflated fiber reinforced soft ring - circum. b.c. top surf. linked i

   C o o r d i n a t e    S u r f a c e   A n g l e s

      Node    1 Coord    2 Coord    3 Coord      Angle
         1  1.000E-02 -9.000E+01  0.000E+00 -9.000E+01
         2  1.000E-02 -9.000E+01  5.000E-03 -9.000E+01
         3  1.000E-02  0.000E+00  5.000E-03  0.000E+00
         4  1.000E-02  0.000E+00  0.000E+00  0.000E+00
         5  1.000E-02 -9.000E+01  2.500E-03 -9.000E+01
         6  1.000E-02 -4.500E+01  5.000E-03 -4.500E+01
         7  1.000E-02  0.000E+00  2.500E-03  0.000E+00
         8  1.000E-02 -4.500E+01  0.000E+00 -4.500E+01
         9  1.000E-02 -4.500E+01  2.500E-03 -4.500E+01

       N o d a l    A n g l e s

          Global Node    Angle

                   1 -4.996E-15
                   8 -4.996E-15
                  15 -3.750E+00
                  22 -3.750E+00
                  29 -7.500E+00
                  36 -7.500E+00
                  43 -1.125E+01
                  50 -1.125E+01
                  57 -1.500E+01
                  64 -1.500E+01
                  71 -1.875E+01
                  78 -1.875E+01
                  85 -2.250E+01
                  92 -2.250E+01
                  99 -2.625E+01
                 106 -2.625E+01
                 113 -3.000E+01
                 120 -3.000E+01
                 127 -3.375E+01
                 134 -3.375E+01
                 141 -3.750E+01
                 148 -3.750E+01
                 155 -4.125E+01
                 162 -4.125E+01
                 169 -4.500E+01
                 176 -4.500E+01
                 183 -4.875E+01
                 190 -4.875E+01
                 197 -5.250E+01
                 204 -5.250E+01
                 211 -5.625E+01
                 218 -5.625E+01
                 225 -6.000E+01
                 232 -6.000E+01
                 239 -6.375E+01
                 246 -6.375E+01
                 253 -6.750E+01
                 260 -6.750E+01
                 267 -7.125E+01
                 274 -7.125E+01
                 281 -7.500E+01
                 288 -7.500E+01
                 295 -7.875E+01
                 302 -7.875E+01
                 309 -8.250E+01
                 316 -8.250E+01
                 323 -8.625E+01
                 330 -8.625E+01
                 337 -9.000E+01
                 344 -9.000E+01
                1345  9.992E-15
                1352  9.992E-15

 FEAP *** inflated fiber reinforced soft ring - circum. b.c. top surf. linked i

   C o o r d i n a t e    S u r f a c e   A n g l e s

      Node    1 Coord    2 Coord    3 Coord      Angle
         1  1.000E-02  0.000E+00  0.000E+00  0.000E+00
         2  1.000E-02  0.000E+00  5.000E-03  0.000E+00
         3  1.000E-02  9.000E+01  5.000E-03  9.000E+01
         4  1.000E-02  9.000E+01  0.000E+00  9.000E+01
         5  1.000E-02  0.000E+00  2.500E-03  0.000E+00
         6  1.000E-02  4.500E+01  5.000E-03  4.500E+01
         7  1.000E-02  9.000E+01  2.500E-03  9.000E+01
         8  1.000E-02  4.500E+01  0.000E+00  4.500E+01
         9  1.000E-02  4.500E+01  2.500E-03  4.500E+01

       N o d a l    A n g l e s

          Global Node    Angle

                   1  4.996E-15
                   8  4.996E-15
                1009  9.000E+01
                1016  9.000E+01
                1023  8.625E+01
                1030  8.625E+01
                1037  8.250E+01
                1044  8.250E+01
                1051  7.875E+01
                1058  7.875E+01
                1065  7.500E+01
                1072  7.500E+01
                1079  7.125E+01
                1086  7.125E+01
                1093  6.750E+01
                1100  6.750E+01
                1107  6.375E+01
                1114  6.375E+01
                1121  6.000E+01
                1128  6.000E+01
                1135  5.625E+01
                1142  5.625E+01
                1149  5.250E+01
                1156  5.250E+01
                1163  4.875E+01
                1170  4.875E+01
                1177  4.500E+01
                1184  4.500E+01
                1191  4.125E+01
                1198  4.125E+01
                1205  3.750E+01
                1212  3.750E+01
                1219  3.375E+01
                1226  3.375E+01
                1233  3.000E+01
                1240  3.000E+01
                1247  2.625E+01
                1254  2.625E+01
                1261  2.250E+01
                1268  2.250E+01
                1275  1.875E+01
                1282  1.875E+01
                1289  1.500E+01
                1296  1.500E+01
                1303  1.125E+01
                1310  1.125E+01
                1317  7.500E+00
                1324  7.500E+00
                1331  3.750E+00
                1338  3.750E+00
                1345  1.998E-14
                1352  1.998E-14

 FEAP *** inflated fiber reinforced soft ring - circum. b.c. top surf. linked i

   C o o r d i n a t e    S u r f a c e   A n g l e s

      Node    1 Coord    2 Coord    3 Coord      Angle
         1  1.000E-02  9.000E+01  0.000E+00  9.000E+01
         2  1.000E-02  9.000E+01  5.000E-03  9.000E+01
         3  1.000E-02  1.800E+02  5.000E-03  1.800E+02
         4  1.000E-02  1.800E+02  0.000E+00  1.800E+02
         5  1.000E-02  9.000E+01  2.500E-03  9.000E+01
         6  1.000E-02  1.350E+02  5.000E-03  1.350E+02
         7  1.000E-02  1.800E+02  2.500E-03  1.800E+02
         8  1.000E-02  1.350E+02  0.000E+00  1.350E+02
         9  1.000E-02  1.350E+02  2.500E-03  1.350E+02

       N o d a l    A n g l e s

          Global Node    Angle

                 673  1.800E+02
                 680  1.800E+02
                 687  1.762E+02
                 694  1.762E+02
                 701  1.725E+02
                 708  1.725E+02
                 715  1.687E+02
                 722  1.688E+02
                 729  1.650E+02
                 736  1.650E+02
                 743  1.613E+02
                 750  1.613E+02
                 757  1.575E+02
                 764  1.575E+02
                 771  1.538E+02
                 778  1.538E+02
                 785  1.500E+02
                 792  1.500E+02
                 799  1.462E+02
                 806  1.462E+02
                 813  1.425E+02
                 820  1.425E+02
                 827  1.388E+02
                 834  1.388E+02
                 841  1.350E+02
                 848  1.350E+02
                 855  1.313E+02
                 862  1.313E+02
                 869  1.275E+02
                 876  1.275E+02
                 883  1.238E+02
                 890  1.238E+02
                 897  1.200E+02
                 904  1.200E+02
                 911  1.163E+02
                 918  1.163E+02
                 925  1.125E+02
                 932  1.125E+02
                 939  1.088E+02
                 946  1.088E+02
                 953  1.050E+02
                 960  1.050E+02
                 967  1.013E+02
                 974  1.013E+02
                 981  9.750E+01
                 988  9.750E+01
                 995  9.375E+01
                1002  9.375E+01
                1009  9.000E+01
                1016  9.000E+01

       P o l a r    S u r f a c e

     x_Coord.     y_Coord.     z_Coord.
   0.0000E+00   0.0000E+00   0.0000E+00

 FEAP *** inflated fiber reinforced soft ring - circum. b.c. top surf. linked i

   C o o r d i n a t e   S u r f a c e   B o u n d a r y   C o n d i t i o n s

      Node    1 Coord    2 Coord    3 Coord 1-BC 2-BC 3-BC
                                               0    1    0
         1  9.900E-03 -1.800E+02  0.000E+00
         2  9.900E-03 -9.000E+01  0.000E+00
         3  1.010E-02 -9.000E+01  0.000E+00
         4  1.010E-02 -1.800E+02  0.000E+00
         5  9.900E-03 -1.350E+02  0.000E+00
         6  1.000E-02 -9.000E+01  0.000E+00
         7  1.010E-02 -1.350E+02  0.000E+00
         8  1.000E-02 -1.800E+02  0.000E+00
         9  1.000E-02 -1.350E+02  0.000E+00

      Node  1-BC  2-BC  3-BC
       344     0     1     1
       358     0     1     1
       372     0     1     1
       386     0     1     1
       400     0     1     1
       414     0     1     1
       428     0     1     1
       442     0     1     1
       456     0     1     1
       470     0     1     1
       484     0     1     1
       498     0     1     1
       512     0     1     1
       526     0     1     1
       540     0     1     1
       554     0     1     1
       568     0     1     1
       582     0     1     1
       596     0     1     1
       610     0     1     1
       624     0     1     1
       638     0     1     1
       652     0     1     1
       666     0     1     1
       680     0     1     1

 FEAP *** inflated fiber reinforced soft ring - circum. b.c. top surf. linked i

   C o o r d i n a t e   S u r f a c e   B o u n d a r y   C o n d i t i o n s

      Node    1 Coord    2 Coord    3 Coord 1-BC 2-BC 3-BC
                                               0    1    0
         1  9.900E-03 -9.000E+01  0.000E+00
         2  9.900E-03  0.000E+00  0.000E+00
         3  1.010E-02  0.000E+00  0.000E+00
         4  1.010E-02 -9.000E+01  0.000E+00
         5  9.900E-03 -4.500E+01  0.000E+00
         6  1.000E-02  0.000E+00  0.000E+00
         7  1.010E-02 -4.500E+01  0.000E+00
         8  1.000E-02 -9.000E+01  0.000E+00
         9  1.000E-02 -4.500E+01  0.000E+00

      Node  1-BC  2-BC  3-BC
         8     0     1     1
        22     0     1     1
        36     0     1     1
        50     0     1     1
        64     0     1     1
        78     0     1     1
        92     0     1     1
       106     0     1     1
       120     0     1     1
       134     0     1     1
       148     0     1     1
       162     0     1     1
       176     0     1     1
       190     0     1     1
       204     0     1     1
       218     0     1     1
       232     0     1     1
       246     0     1     1
       260     0     1     1
       274     0     1     1
       288     0     1     1
       302     0     1     1
       316     0     1     1
       330     0     1     1
       344     0     2     1
      1352     1     2     1

 FEAP *** inflated fiber reinforced soft ring - circum. b.c. top surf. linked i

   C o o r d i n a t e   S u r f a c e   B o u n d a r y   C o n d i t i o n s

      Node    1 Coord    2 Coord    3 Coord 1-BC 2-BC 3-BC
                                               0    1    0
         1  9.900E-03  0.000E+00  0.000E+00
         2  9.900E-03  9.000E+01  0.000E+00
         3  1.010E-02  9.000E+01  0.000E+00
         4  1.010E-02  0.000E+00  0.000E+00
         5  9.900E-03  4.500E+01  0.000E+00
         6  1.000E-02  9.000E+01  0.000E+00
         7  1.010E-02  4.500E+01  0.000E+00
         8  1.000E-02  0.000E+00  0.000E+00
         9  1.000E-02  4.500E+01  0.000E+00

      Node  1-BC  2-BC  3-BC
         8     0     2     1
      1016     0     1     1
      1030     0     1     1
      1044     0     1     1
      1058     0     1     1
      1072     0     1     1
      1086     0     1     1
      1100     0     1     1
      1114     0     1     1
      1128     0     1     1
      1142     0     1     1
      1156     0     1     1
      1170     0     1     1
      1184     0     1     1
      1198     0     1     1
      1212     0     1     1
      1226     0     1     1
      1240     0     1     1
      1254     0     1     1
      1268     0     1     1
      1282     0     1     1
      1296     0     1     1
      1310     0     1     1
      1324     0     1     1
      1338     0     1     1
      1352     1     3     1

 FEAP *** inflated fiber reinforced soft ring - circum. b.c. top surf. linked i

   C o o r d i n a t e   S u r f a c e   B o u n d a r y   C o n d i t i o n s

      Node    1 Coord    2 Coord    3 Coord 1-BC 2-BC 3-BC
                                               0    1    0
         1  9.900E-03  9.000E+01  0.000E+00
         2  9.900E-03  1.800E+02  0.000E+00
         3  1.010E-02  1.800E+02  0.000E+00
         4  1.010E-02  9.000E+01  0.000E+00
         5  9.900E-03  1.350E+02  0.000E+00
         6  1.000E-02  1.800E+02  0.000E+00
         7  1.010E-02  1.350E+02  0.000E+00
         8  1.000E-02  9.000E+01  0.000E+00
         9  1.000E-02  1.350E+02  0.000E+00

      Node  1-BC  2-BC  3-BC
       680     0     2     1
       694     0     1     1
       708     0     1     1
       722     0     1     1
       736     0     1     1
       750     0     1     1
       764     0     1     1
       778     0     1     1
       792     0     1     1
       806     0     1     1
       820     0     1     1
       834     0     1     1
       848     0     1     1
       862     0     1     1
       876     0     1     1
       890     0     1     1
       904     0     1     1
       918     0     1     1
       932     0     1     1
       946     0     1     1
       960     0     1     1
       974     0     1     1
       988     0     1     1
      1002     0     1     1
      1016     0     2     1

    Material  Element Set  Element Type  NH1/2 History  NH3 History  NH4 History
         1            1     Solid                 2            0            0
         2            2     Pressure              0            0            0

     P a r t i t i o n   1

     E q u a t i o n / P r o b l e m   S u m m a r y:

       Mesh dimension  (ndm) =         3 :  Number nodes     =            1358
       Number dof/node (ndf) =         3 :  Number elements  =             672
       Element eqs.   (nadd) =         0 :  Number materials =               2
       Number rigid bodies   =         0 :  Number equations =            3264
                                         :  Number global eq =               0
       Number joints         =         0 :  Number tang terms=          250740
       Transient integrator  = Static    :  Average col. ht. =              77


  ---------------------------- END OF MESH INPUTS ----------------------------


 FEAP *** inflated fiber reinforced soft ring - circum. b.c. top surf. linked i

     Solution Commands       Variable 1  Variable 2  Variable 3
       PROP                  1.0000E+00  0.0000E+00  0.0000E+00
 *Command   1 * prop                v:   1.00       0.00       0.00    
                                                         t=     0.079     0.010
  Proportional Load Table Number  1
  Type 2: Piecewise Linear Function Variation
  Linear Interpolation Table
   No.    Time        Value
    1   0.00000E+00   0.00000E+00
    2   1.00000E+00   1.00000E+00
 *End of Solution Execution*                             t=     0.079     0.012

 FEAP *** inflated fiber reinforced soft ring - circum. b.c. top surf. linked i

     Solution Commands       Variable 1  Variable 2  Variable 3
       TPLOT                 1.0000E+00  0.0000E+00  0.0000E+00
 *Command   1 * tplo                v:   1.00       0.00       0.00    
                                                         t=     0.079     0.012

   Output interval for time history data =   1
 Plot  1 Displ. : Node  =       8 DOF =  1 X =  1.000E-02  0.000E+00  0.000E+00
 Plot  2 Displ. : Node  =       8 DOF =  2 X =  1.000E-02  0.000E+00  0.000E+00
 Plot  3 Displ. : Node  =       8 DOF =  3 X =  1.000E-02  0.000E+00  0.000E+00
 Plot  4 Displ. : Node  =       9 DOF =  1 X =  1.083E-02  0.000E+00  0.000E+00
 Plot  5 Displ. : Node  =      10 DOF =  1 X =  1.167E-02  0.000E+00  0.000E+00
 Plot  6 Displ. : Node  =      11 DOF =  1 X =  1.250E-02  0.000E+00  0.000E+00
 Plot  7 Displ. : Node  =      12 DOF =  1 X =  1.333E-02  0.000E+00  0.000E+00
 Plot  8 Displ. : Node  =      13 DOF =  1 X =  1.417E-02  0.000E+00  0.000E+00
 Plot  9 Displ. : Node  =      14 DOF =  1 X =  1.500E-02  0.000E+00  0.000E+00
 Plot  1 Stress : Elmt  =     672 No. =  1
 Plot  2 Stress : Elmt  =     672 No. =  2
 Plot  3 Stress : Elmt  =     666 No. =  1
 Plot  4 Stress : Elmt  =     666 No. =  2
 Plot  5 Stress : Elmt  =     668 No. =  1
 Plot  6 Stress : Elmt  =     668 No. =  2
 Plot  7 Stress : Elmt  =     669 No. =  1
 Plot  8 Stress : Elmt  =     669 No. =  2
 Plot  9 Stress : Elmt  =     669 No. =  1
 Plot 10 Stress : Elmt  =     669 No. =  2
 Plot 11 Stress : Elmt  =     671 No. =  1
 Plot 12 Stress : Elmt  =     671 No. =  2
 Plot 13 Stress : Elmt  =     671 No. =  1
 Plot 14 Stress : Elmt  =     671 No. =  2
 *End of Solution Execution*                             t=     0.081     0.013

 FEAP *** inflated fiber reinforced soft ring - circum. b.c. top surf. linked i

     Solution Commands       Variable 1  Variable 2  Variable 3
       PLOT      PERS        1.0000E+00  0.0000E+00  0.0000E+00
 *Command   1 * plot PERS           v:   1.00       0.00       0.00    
                                                         t=     0.081     0.013
 Body occupies the space with:
                 X             Y             Z
   Minimum   -1.50000E-02  -1.50000E-02   0.00000E+00
   Maximum    1.50000E-02   1.50000E-02   8.00000E-04
   View pt    0.00000E+00   0.00000E+00   3.00000E-01

   Components of vertical vector   (X,Y,Z).
          X= 1.00E+00, Y= 0.00E+00, Z= 0.00E+00

 *End of Solution Execution*                             t=     0.086     0.015

 FEAP *** inflated fiber reinforced soft ring - circum. b.c. top surf. linked i

     Solution Commands       Variable 1  Variable 2  Variable 3
       PLOT      HIDE        0.0000E+00  0.0000E+00  0.0000E+00
       PLOT      MESH        0.0000E+00  0.0000E+00  0.0000E+00
       PLOT      AXIS        0.0000E+00  0.0000E+00  0.0000E+00
       PLOT      CYLI        0.0000E+00  0.0000E+00  0.0000E+00
       PLOT      DEFO        0.0000E+00  0.0000E+00  0.0000E+00
 *Command   1 * plot HIDE           v:   0.00       0.00       0.00    
                                                         t=     0.086     0.015
 *Command   2 * plot MESH           v:   0.00       0.00       0.00    
                                                         t=     0.087     0.015
 *Command   3 * plot AXIS           v:   0.00       0.00       0.00    
                                                         t=     0.087     0.016
 *Command   4 * plot CYLI           v:   0.00       0.00       0.00    
                                                         t=     0.087     0.016
 *Command   5 * plot DEFO           v:   0.00       0.00       0.00    
                                                         t=     0.087     0.016
  -> Plots on deformed mesh with scale: 1.00000E+00
                     Eigenvector scale: 0.00000E+00
 *End of Solution Execution*                             t=     0.087     0.016

 FEAP *** inflated fiber reinforced soft ring - circum. b.c. top surf. linked i

     Solution Commands       Variable 1  Variable 2  Variable 3
       cyli      0           0.0000E+00  0.0000E+00  0.0000E+00
       LOOP      time        1.0000E+01  0.0000E+00  0.0000E+00
       DT                    1.0000E-01  0.0000E+00  0.0000E+00
       TIME                  0.0000E+00  0.0000E+00  0.0000E+00
       LOOP      augment     3.0000E+00  0.0000E+00  0.0000E+00
       AUGMent               0.0000E+00  0.0000E+00  0.0000E+00
       LOOP      newton      5.0000E+01  0.0000E+00  0.0000E+00
       UTANG                 1.0000E+00  0.0000E+00  0.0000E+00
       NEXT      newton      0.0000E+00  0.0000E+00  0.0000E+00
       NEXT      augment     0.0000E+00  0.0000E+00  0.0000E+00
       PLOT      WIPE        0.0000E+00  0.0000E+00  0.0000E+00
       PLOT      UNDE        0.0000E+00  0.0000E+00  0.0000E+00
       PLOT      MESH        0.0000E+00  0.0000E+00  0.0000E+00
       PLOT      DEFO        1.0000E+00  1.0000E+00  0.0000E+00
       STRE      ne          1.0000E+00  0.0000E+00  0.0000E+00
       NEXT      time        0.0000E+00  0.0000E+00  0.0000E+00
       STREss    NODE        8.0000E+00  1.4000E+01  1.0000E+00
 *Command   1 * cyli 0              v:   0.00       0.00       0.00    
                                                         t=     0.088     0.016
   Coordinates in Cartesian coordinates;
 Displacements in cylindrical coordinates.
   Transformation origin located at:
    x(1) =  0.00000E+00    x(2) =  0.00000E+00    x(3) =  0.00000E+00
 *Command   2 * loop time           v:   10.0       17.0       0.00    
                                                         t=     0.088     0.016
 *Command   3 * dt                  v:  0.100       0.00       0.00    
                                                         t=     0.088     0.016
   DT: equal linear increments = 1.000000E-01
 *Command   4 * time                v:   0.00       0.00       0.00    
                                                         t=     0.088     0.016

   Computing solution at time   1.0000E-01 using dt =  1.0000E-01
   Total proportional load is   1.0000E-01
 *Command   5 * loop augment        v:   3.00       11.0       0.00    
                                                         t=     0.100     0.019
 *Command   6 * augm                v:   0.00       0.00       0.00    
                                                         t=     0.100     0.019
   Current Augmented Lagrangian Factor =  1.00000E+00
 *Command   7 * loop newton         v:   50.0       10.0       0.00    
                                                         t=     0.102     0.019
 *Command   8 * utan                v:   1.00       0.00       0.00    
                                                         t=     0.102     0.019
   Residual 1 norm =  3.6250094E-02 Rel =  1.0000000E+00 t=     0.120     0.024
      Convergence: Equations  norm   = F
      Convergence: Individual groups = F
 Condition check: D-max 0.8516E+03; D-min 0.1350E+03; Ratio 0.6307E+01
 Maximum no. diagonal digits lost:  1 in reducing equation    3263
   End Triangular Decomposition                          t=     0.138     0.025
   Number of operations =  249608 plus       20 Mega-ops
  Time: CPU =         0.14 , System =         0.03
--> SOLVE AT  2195.67 Mflops. Time=        0.02
   Energy convergence check
    Initial   =    1.559826578127932E-04 Current   =    1.559826578127932E-04
    Relative  =    1.000000000000000E+00 Tolerance =    1.000000000000000E-16
      Convergence: Energy |R*u| norm = F
      Convergence: Individual groups = F
 *Command   9 * next newton         v:   1.00       8.00       1.00    
                                                         t=     0.140     0.026
 *Command   8 * utan                v:   1.00       0.00       0.00    
                                                         t=     0.140     0.026
   Residual 1 norm =  1.1161159E-02 Rel =  3.0789325E-01 t=     0.167     0.027
      Convergence: Equations  norm   = F
      Convergence: Individual groups = F
 Condition check: D-max 0.8593E+03; D-min 0.1350E+03; Ratio 0.6363E+01
 Maximum no. diagonal digits lost:  1 in reducing equation    3263
   End Triangular Decomposition                          t=     0.187     0.028
   Number of operations =  249608 plus       20 Mega-ops
  Time: CPU =         0.19 , System =         0.03
--> SOLVE AT  2022.74 Mflops. Time=        0.02
   Energy convergence check
    Initial   =    1.559826578127932E-04 Current   =    1.147842237603461E-07
    Relative  =    7.358781121559520E-04 Tolerance =    1.000000000000000E-16
      Convergence: Energy |R*u| norm = F
      Convergence: Individual groups = F
 *Command   9 * next newton         v:   2.00       8.00       2.00    
                                                         t=     0.189     0.028
 *Command   8 * utan                v:   1.00       0.00       0.00    
                                                         t=     0.189     0.028
   Residual 1 norm =  5.2965230E-06 Rel =  1.4611060E-04 t=     0.213     0.028
      Convergence: Equations  norm   = F
      Convergence: Individual groups = F
 Condition check: D-max 0.8594E+03; D-min 0.1351E+03; Ratio 0.6364E+01
 Maximum no. diagonal digits lost:  1 in reducing equation    3263
   End Triangular Decomposition                          t=     0.236     0.028
   Number of operations =  249608 plus       20 Mega-ops
  Time: CPU =         0.24 , System =         0.03
--> SOLVE AT  1755.95 Mflops. Time=        0.02
   Energy convergence check
    Initial   =    1.559826578127932E-04 Current   =    4.281324959460420E-14
    Relative  =    2.744744203935009E-10 Tolerance =    1.000000000000000E-16
      Convergence: Energy |R*u| norm = F
      Convergence: Individual groups = F
 *Command   9 * next newton         v:   3.00       8.00       3.00    
                                                         t=     0.238     0.028
 *Command   8 * utan                v:   1.00       0.00       0.00    
                                                         t=     0.238     0.028
   Residual 1 norm =  3.0768633E-12 Rel =  8.4878767E-11 t=     0.261     0.029
      Convergence: Equations  norm   = T
      Convergence: Individual groups = T
 Condition check: D-max 0.8594E+03; D-min 0.1351E+03; Ratio 0.6364E+01
 Maximum no. diagonal digits lost:  1 in reducing equation    3263
   End Triangular Decomposition                          t=     0.277     0.029
   Number of operations =  249608 plus       20 Mega-ops
  Time: CPU =         0.28 , System =         0.03
--> SOLVE AT  2501.50 Mflops. Time=        0.02
   Energy convergence check
    Initial   =    1.559826578127932E-04 Current   =    6.281439663575229E-27
    Relative  =    4.027011561191673E-23 Tolerance =    1.000000000000000E-16
      Convergence: Energy |R*u| norm = T
      Convergence: Individual groups = T
 *Command   9 * next newton         v:   50.0       8.00       4.00    
                                                         t=     0.279     0.029
 *Command  10 * next augment        v:   1.00       6.00       1.00    
                                                         t=     0.279     0.029
 *Command   6 * augm                v:   0.00       0.00       0.00    
                                                         t=     0.279     0.029
 *Command   7 * loop newton         v:   50.0       10.0       0.00    
                                                         t=     0.281     0.029
 *Command   8 * utan                v:   1.00       0.00       0.00    
                                                         t=     0.281     0.029
   Residual 1 norm =  7.9262653E-16 Rel =  2.1865503E-14 t=     0.301     0.029
      Convergence: Equations  norm   = T
      Convergence: Individual groups = T
 Condition check: D-max 0.8594E+03; D-min 0.1351E+03; Ratio 0.6364E+01
 Maximum no. diagonal digits lost:  1 in reducing equation    3263
   End Triangular Decomposition                          t=     0.319     0.029
   Number of operations =  249608 plus       20 Mega-ops
  Time: CPU =         0.32 , System =         0.03
--> SOLVE AT  2343.84 Mflops. Time=        0.02
   Energy convergence check
    Initial   =    1.559826578127932E-04 Current   =    3.891417959325566E-34
    Relative  =    2.494776030804627E-30 Tolerance =    1.000000000000000E-16
      Convergence: Energy |R*u| norm = T
      Convergence: Individual groups = T
 *Command   9 * next newton         v:   50.0       8.00       1.00    
                                                         t=     0.320     0.029
 *Command  10 * next augment        v:   2.00       6.00       2.00    
                                                         t=     0.320     0.029

   Augmented iteration converged in loop =   2: Maximum gap =  0.0000E+00

 *Command  11 * plot WIPE           v:   0.00       0.00       0.00    
                                                         t=     0.321     0.029
 *Command  12 * plot UNDE           v:   0.00       0.00       0.00    
                                                         t=     0.321     0.029
 *Command  13 * plot MESH           v:   0.00       0.00       0.00    
                                                         t=     0.321     0.029
 *Command  14 * plot DEFO           v:   1.00       1.00       0.00    
                                                         t=     0.321     0.029
  -> Plots on deformed mesh with scale: 1.00000E+00
                     Eigenvector scale: 0.00000E+00
 *Command  15 * stre ne             v:   1.00       0.00       0.00    
                                                         t=     0.321     0.029
 FEAP *** inflated fiber reinforced soft ring - circum. b.c. top surf. linked in 

     Mixed Element Stresses

    Elmt Mat    1-Coord    2-Coord    3-Coord
     Cauchy   11-Stress  22-Stress  33-Stress  12-Stress  23-Stress  13-Stress
     Almansi  11-Strain  22-Strain  33-Strain  12-Strain  23-Strain  31-Strain
               1-Stress   2-Stress   3-Stress  log(lam1)  log(lam2)  log(lam3)
                  log-J     eff-ep  Yld/1-Fib    2-Fiber    3-Fiber

       1   1  1.047E-02 -5.409E-04  6.267E-04
     Cauchy  -8.849E+03  2.627E+04 -1.133E+02  1.476E+03  4.115E-02 -3.334E+01
     Almansi -1.988E-02  2.911E-02 -6.753E-03  4.119E-03  5.086E-07 -1.001E-04
              2.633E+04 -1.132E+02 -8.911E+03  2.969E-02 -7.104E-03 -1.997E-02
              2.615E-03  0.000E+00  0.000E+00  0.000E+00  0.000E+00

       1   1  1.094E-02 -5.653E-04  6.266E-04
     Cauchy  -8.316E+03  2.523E+04  3.052E+02  1.411E+03  1.101E+00 -5.383E+01
     Almansi -1.988E-02  2.705E-02 -6.944E-03  3.947E-03  3.617E-06 -1.615E-04
              2.529E+04  3.056E+02 -8.376E+03  2.830E-02 -6.499E-03 -1.918E-02
              2.615E-03  0.000E+00  0.000E+00  0.000E+00  0.000E+00

       1   1  1.094E-02 -5.653E-04  1.679E-04
     Cauchy  -8.290E+03  2.521E+04  2.928E+02  1.409E+03 -8.707E-01  8.136E+00
     Almansi -1.982E-02  2.705E-02 -6.944E-03  3.942E-03 -2.468E-06  2.441E-05
              2.527E+04  2.928E+02 -8.349E+03  2.827E-02 -6.518E-03 -1.914E-02
              2.615E-03  0.000E+00  0.000E+00  0.000E+00  0.000E+00

       1   1  1.047E-02 -5.409E-04  1.679E-04
     Cauchy  -8.822E+03  2.625E+04 -1.251E+02  1.474E+03 -1.925E+00  2.853E+01
     Almansi -1.982E-02  2.911E-02 -6.753E-03  4.114E-03 -5.574E-06  8.568E-05
              2.631E+04 -1.250E+02 -8.884E+03  2.967E-02 -7.121E-03 -1.993E-02
              2.615E-03  0.000E+00  0.000E+00  0.000E+00  0.000E+00

       1   1  1.048E-02 -1.449E-04  6.267E-04
     Cauchy  -8.892E+03  2.631E+04 -1.133E+02  8.282E+02  2.139E+00 -3.327E+01
     Almansi -1.994E-02  2.917E-02 -6.753E-03  2.311E-03  6.041E-06 -9.994E-05
              2.633E+04 -1.132E+02 -8.911E+03  2.969E-02 -7.104E-03 -1.997E-02
              2.615E-03  0.000E+00  0.000E+00  0.000E+00  0.000E+00

       1   1  1.095E-02 -1.515E-04  6.266E-04
     Cauchy  -8.357E+03  2.527E+04  3.052E+02  7.908E+02  2.422E+00 -5.379E+01
     Almansi -1.994E-02  2.711E-02 -6.944E-03  2.213E-03  6.952E-06 -1.614E-04
              2.529E+04  3.056E+02 -8.376E+03  2.830E-02 -6.499E-03 -1.918E-02
              2.615E-03  0.000E+00  0.000E+00  0.000E+00  0.000E+00

       1   1  1.095E-02 -1.515E-04  1.679E-04
     Cauchy  -8.330E+03  2.525E+04  2.928E+02  7.898E+02  3.367E-01  8.176E+00
     Almansi -1.988E-02  2.711E-02 -6.944E-03  2.210E-03  8.664E-07  2.452E-05
              2.527E+04  2.928E+02 -8.349E+03  2.827E-02 -6.518E-03 -1.914E-02
              2.615E-03  0.000E+00  0.000E+00  0.000E+00  0.000E+00

       1   1  1.048E-02 -1.449E-04  1.679E-04
     Cauchy  -8.864E+03  2.629E+04 -1.251E+02  8.271E+02  5.462E-02  2.859E+01
     Almansi -1.988E-02  2.917E-02 -6.753E-03  2.308E-03 -4.203E-08  8.587E-05
              2.631E+04 -1.250E+02 -8.884E+03  2.967E-02 -7.121E-03 -1.993E-02
              2.615E-03  0.000E+00  0.000E+00  0.000E+00  0.000E+00
 *Command  16 * next time           v:   1.00       3.00       1.00    
                                                         t=     0.322     0.029
 *Command   3 * dt                  v:  0.100       0.00       0.00    
                                                         t=     0.322     0.029
   DT: equal linear increments = 1.000000E-01
 *Command   4 * time                v:   0.00       0.00       0.00    
                                                         t=     0.322     0.029

   Computing solution at time   2.0000E-01 using dt =  1.0000E-01
   Total proportional load is   2.0000E-01
 *Command   5 * loop augment        v:   3.00       11.0       0.00    
                                                         t=     0.333     0.029
 *Command   6 * augm                v:   0.00       0.00       0.00    
                                                         t=     0.334     0.029
   Current Augmented Lagrangian Factor =  1.00000E+00
 *Command   7 * loop newton         v:   50.0       10.0       0.00    
                                                         t=     0.336     0.029
 *Command   8 * utan                v:   1.00       0.00       0.00    
                                                         t=     0.336     0.029
   Residual 1 norm =  3.7141562E-02 Rel =  1.0000000E+00 t=     0.355     0.031
      Convergence: Equations  norm   = F
      Convergence: Individual groups = F
 Condition check: D-max 0.8594E+03; D-min 0.1348E+03; Ratio 0.6376E+01
 Maximum no. diagonal digits lost:  1 in reducing equation    3263
   End Triangular Decomposition                          t=     0.374     0.031
   Number of operations =  249608 plus       20 Mega-ops
  Time: CPU =         0.38 , System =         0.03
--> SOLVE AT  2186.55 Mflops. Time=        0.02
   Energy convergence check
    Initial   =    1.743685702912690E-04 Current   =    1.743685702912690E-04
    Relative  =    1.000000000000000E+00 Tolerance =    1.000000000000000E-16
      Convergence: Energy |R*u| norm = F
      Convergence: Individual groups = F
 *Command   9 * next newton         v:   1.00       8.00       1.00    
                                                         t=     0.376     0.031
 *Command   8 * utan                v:   1.00       0.00       0.00    
                                                         t=     0.376     0.031
   Residual 1 norm =  1.2864676E-02 Rel =  3.4636875E-01 t=     0.395     0.032
      Convergence: Equations  norm   = F
      Convergence: Individual groups = F
 Condition check: D-max 0.8678E+03; D-min 0.1348E+03; Ratio 0.6439E+01
 Maximum no. diagonal digits lost:  1 in reducing equation    3263
   End Triangular Decomposition                          t=     0.413     0.032
   Number of operations =  249608 plus       20 Mega-ops
  Time: CPU =         0.41 , System =         0.03
--> SOLVE AT  2184.31 Mflops. Time=        0.02
   Energy convergence check
    Initial   =    1.743685702912690E-04 Current   =    1.472220883879128E-07
    Relative  =    8.443155101976797E-04 Tolerance =    1.000000000000000E-16
      Convergence: Energy |R*u| norm = F
      Convergence: Individual groups = F
 *Command   9 * next newton         v:   2.00       8.00       2.00    
                                                         t=     0.415     0.032
 *Command   8 * utan                v:   1.00       0.00       0.00    
                                                         t=     0.415     0.032
   Residual 1 norm =  6.8033119E-06 Rel =  1.8317248E-04 t=     0.435     0.032
      Convergence: Equations  norm   = F
      Convergence: Individual groups = F
 Condition check: D-max 0.8680E+03; D-min 0.1348E+03; Ratio 0.6440E+01
 Maximum no. diagonal digits lost:  1 in reducing equation    3263
   End Triangular Decomposition                          t=     0.449     0.033
   Number of operations =  249608 plus       20 Mega-ops
  Time: CPU =         0.45 , System =         0.03
--> SOLVE AT  2818.12 Mflops. Time=        0.01
   Energy convergence check
    Initial   =    1.743685702912690E-04 Current   =    6.832610016021954E-14
    Relative  =    3.918487147430649E-10 Tolerance =    1.000000000000000E-16
      Convergence: Energy |R*u| norm = F
      Convergence: Individual groups = F
 *Command   9 * next newton         v:   3.00       8.00       3.00    
                                                         t=     0.451     0.033
 *Command   8 * utan                v:   1.00       0.00       0.00    
                                                         t=     0.451     0.033
   Residual 1 norm =  4.9979480E-12 Rel =  1.3456483E-10 t=     0.470     0.033
      Convergence: Equations  norm   = T
      Convergence: Individual groups = T
 Condition check: D-max 0.8680E+03; D-min 0.1348E+03; Ratio 0.6440E+01
 Maximum no. diagonal digits lost:  1 in reducing equation    3263
   End Triangular Decomposition                          t=     0.485     0.033
   Number of operations =  249608 plus       20 Mega-ops
  Time: CPU =         0.49 , System =         0.03
--> SOLVE AT  2724.47 Mflops. Time=        0.01
   Energy convergence check
    Initial   =    1.743685702912690E-04 Current   =    1.687358097713814E-26
    Relative  =    9.676962395775881E-23 Tolerance =    1.000000000000000E-16
      Convergence: Energy |R*u| norm = T
      Convergence: Individual groups = T
 *Command   9 * next newton         v:   50.0       8.00       4.00    
                                                         t=     0.489     0.033
 *Command  10 * next augment        v:   1.00       6.00       1.00    
                                                         t=     0.489     0.033
 *Command   6 * augm                v:   0.00       0.00       0.00    
                                                         t=     0.489     0.033
 *Command   7 * loop newton         v:   50.0       10.0       0.00    
                                                         t=     0.491     0.033
 *Command   8 * utan                v:   1.00       0.00       0.00    
                                                         t=     0.491     0.033
   Residual 1 norm =  2.2540301E-15 Rel =  6.0687541E-14 t=     0.511     0.033
      Convergence: Equations  norm   = T
      Convergence: Individual groups = T
 Condition check: D-max 0.8680E+03; D-min 0.1348E+03; Ratio 0.6440E+01
 Maximum no. diagonal digits lost:  1 in reducing equation    3263
   End Triangular Decomposition                          t=     0.532     0.034
   Number of operations =  249608 plus       20 Mega-ops
  Time: CPU =         0.53 , System =         0.03
--> SOLVE AT  1889.39 Mflops. Time=        0.02
   Energy convergence check
    Initial   =    1.743685702912690E-04 Current   =    2.634927988243368E-33
    Relative  =    1.511125533599276E-29 Tolerance =    1.000000000000000E-16
      Convergence: Energy |R*u| norm = T
      Convergence: Individual groups = T
 *Command   9 * next newton         v:   50.0       8.00       1.00    
                                                         t=     0.534     0.034
 *Command  10 * next augment        v:   2.00       6.00       2.00    
                                                         t=     0.535     0.034

   Augmented iteration converged in loop =   2: Maximum gap =  0.0000E+00

 *Command  11 * plot WIPE           v:   0.00       0.00       0.00    
                                                         t=     0.535     0.034
 *Command  12 * plot UNDE           v:   0.00       0.00       0.00    
                                                         t=     0.535     0.034
 *Command  13 * plot MESH           v:   0.00       0.00       0.00    
                                                         t=     0.535     0.034
 *Command  14 * plot DEFO           v:   1.00       1.00       0.00    
                                                         t=     0.535     0.034
  -> Plots on deformed mesh with scale: 1.00000E+00
                     Eigenvector scale: 0.00000E+00
 *Command  15 * stre ne             v:   1.00       0.00       0.00    
                                                         t=     0.536     0.034
 FEAP *** inflated fiber reinforced soft ring - circum. b.c. top surf. linked in 

     Mixed Element Stresses

    Elmt Mat    1-Coord    2-Coord    3-Coord
     Cauchy   11-Stress  22-Stress  33-Stress  12-Stress  23-Stress  13-Stress
     Almansi  11-Strain  22-Strain  33-Strain  12-Strain  23-Strain  31-Strain
               1-Stress   2-Stress   3-Stress  log(lam1)  log(lam2)  log(lam3)
                  log-J     eff-ep  Yld/1-Fib    2-Fiber    3-Fiber

       1   1  1.081E-02 -5.584E-04  6.223E-04
     Cauchy  -1.773E+04  5.514E+04 -2.163E+02  3.045E+03 -2.631E-01 -6.897E+01
     Almansi -4.186E-02  5.796E-02 -1.393E-02  8.343E-03  1.008E-06 -2.197E-04
              5.527E+04 -2.161E+02 -1.785E+04  6.100E-02 -1.454E-02 -4.116E-02
              5.300E-03  0.000E+00  0.000E+00  0.000E+00  0.000E+00

       1   1  1.127E-02 -5.822E-04  6.221E-04
     Cauchy  -1.670E+04  5.295E+04  5.904E+02  2.912E+03  1.856E+00 -1.099E+02
     Almansi -4.186E-02  5.407E-02 -1.436E-02  8.022E-03  7.438E-06 -3.492E-04
              5.307E+04  5.911E+02 -1.682E+04  5.821E-02 -1.336E-02 -3.956E-02
              5.300E-03  0.000E+00  0.000E+00  0.000E+00  0.000E+00

       1   1  1.127E-02 -5.822E-04  1.667E-04
     Cauchy  -1.664E+04  5.291E+04  5.656E+02  2.908E+03 -2.271E+00  2.414E+01
     Almansi -4.174E-02  5.406E-02 -1.436E-02  8.010E-03 -6.508E-06  7.675E-05
              5.303E+04  5.656E+02 -1.676E+04  5.817E-02 -1.339E-02 -3.947E-02
              5.300E-03  0.000E+00  0.000E+00  0.000E+00  0.000E+00

       1   1  1.081E-02 -5.584E-04  1.668E-04
     Cauchy  -1.767E+04  5.511E+04 -2.399E+02  3.041E+03 -4.364E+00  6.462E+01
     Almansi -4.173E-02  5.795E-02 -1.393E-02  8.331E-03 -1.292E-05  2.059E-04
              5.523E+04 -2.397E+02 -1.780E+04  6.095E-02 -1.458E-02 -4.108E-02
              5.300E-03  0.000E+00  0.000E+00  0.000E+00  0.000E+00

       1   1  1.082E-02 -1.496E-04  6.223E-04
     Cauchy  -1.781E+04  5.523E+04 -2.163E+02  1.737E+03  4.773E+00 -6.880E+01
     Almansi -4.197E-02  5.808E-02 -1.393E-02  4.758E-03  1.336E-05 -2.193E-04
              5.527E+04 -2.161E+02 -1.785E+04  6.100E-02 -1.454E-02 -4.116E-02
              5.300E-03  0.000E+00  0.000E+00  0.000E+00  0.000E+00

       1   1  1.128E-02 -1.560E-04  6.221E-04
     Cauchy  -1.678E+04  5.303E+04  5.904E+02  1.658E+03  5.335E+00 -1.098E+02
     Almansi -4.198E-02  5.418E-02 -1.436E-02  4.568E-03  1.542E-05 -3.490E-04
              5.307E+04  5.911E+02 -1.682E+04  5.821E-02 -1.336E-02 -3.956E-02
              5.300E-03  0.000E+00  0.000E+00  0.000E+00  0.000E+00

       1   1  1.128E-02 -1.560E-04  1.667E-04
     Cauchy  -1.672E+04  5.299E+04  5.656E+02  1.656E+03  6.876E-01  2.424E+01
     Almansi -4.185E-02  5.417E-02 -1.436E-02  4.562E-03  1.474E-06  7.701E-05
              5.303E+04  5.656E+02 -1.676E+04  5.817E-02 -1.339E-02 -3.947E-02
              5.300E-03  0.000E+00  0.000E+00  0.000E+00  0.000E+00

       1   1  1.082E-02 -1.496E-04  1.668E-04
     Cauchy  -1.776E+04  5.519E+04 -2.399E+02  1.734E+03  1.283E-01  6.477E+01
     Almansi -4.185E-02  5.807E-02 -1.393E-02  4.751E-03 -5.711E-07  2.063E-04
              5.523E+04 -2.397E+02 -1.780E+04  6.095E-02 -1.458E-02 -4.108E-02
              5.300E-03  0.000E+00  0.000E+00  0.000E+00  0.000E+00
 *Command  16 * next time           v:   2.00       3.00       2.00    
                                                         t=     0.536     0.035
 *Command   3 * dt                  v:  0.100       0.00       0.00    
                                                         t=     0.536     0.035
   DT: equal linear increments = 1.000000E-01
 *Command   4 * time                v:   0.00       0.00       0.00    
                                                         t=     0.536     0.035

   Computing solution at time   3.0000E-01 using dt =  1.0000E-01
   Total proportional load is   3.0000E-01
 *Command   5 * loop augment        v:   3.00       11.0       0.00    
                                                         t=     0.550     0.035
 *Command   6 * augm                v:   0.00       0.00       0.00    
                                                         t=     0.550     0.035
   Current Augmented Lagrangian Factor =  1.00000E+00
 *Command   7 * loop newton         v:   50.0       10.0       0.00    
                                                         t=     0.552     0.035
 *Command   8 * utan                v:   1.00       0.00       0.00    
                                                         t=     0.553     0.035
   Residual 1 norm =  3.8105164E-02 Rel =  1.0000000E+00 t=     0.577     0.035
      Convergence: Equations  norm   = F
      Convergence: Individual groups = F
 Condition check: D-max 0.8680E+03; D-min 0.1345E+03; Ratio 0.6455E+01
 Maximum no. diagonal digits lost:  1 in reducing equation    3263
   End Triangular Decomposition                          t=     0.599     0.035
   Number of operations =  249608 plus       20 Mega-ops
  Time: CPU =         0.60 , System =         0.04
--> SOLVE AT  1808.49 Mflops. Time=        0.02
   Energy convergence check
    Initial   =    1.962296008116043E-04 Current   =    1.962296008116043E-04
    Relative  =    1.000000000000000E+00 Tolerance =    1.000000000000000E-16
      Convergence: Energy |R*u| norm = F
      Convergence: Individual groups = F
 *Command   9 * next newton         v:   1.00       8.00       1.00    
                                                         t=     0.601     0.035
 *Command   8 * utan                v:   1.00       0.00       0.00    
                                                         t=     0.601     0.035
   Residual 1 norm =  1.4948026E-02 Rel =  3.9228348E-01 t=     0.630     0.036
      Convergence: Equations  norm   = F
      Convergence: Individual groups = F
 Condition check: D-max 0.8772E+03; D-min 0.1344E+03; Ratio 0.6525E+01
 Maximum no. diagonal digits lost:  1 in reducing equation    3263
   End Triangular Decomposition                          t=     0.651     0.036
   Number of operations =  249608 plus       20 Mega-ops
  Time: CPU =         0.65 , System =         0.04
--> SOLVE AT  1956.58 Mflops. Time=        0.02
   Energy convergence check
    Initial   =    1.962296008116043E-04 Current   =    1.915388706069756E-07
    Relative  =    9.760957053103716E-04 Tolerance =    1.000000000000000E-16
      Convergence: Energy |R*u| norm = F
      Convergence: Individual groups = F
 *Command   9 * next newton         v:   2.00       8.00       2.00    
                                                         t=     0.653     0.036
 *Command   8 * utan                v:   1.00       0.00       0.00    
                                                         t=     0.653     0.036
   Residual 1 norm =  8.8672024E-06 Rel =  2.3270343E-04 t=     0.679     0.036
      Convergence: Equations  norm   = F
      Convergence: Individual groups = F
 Condition check: D-max 0.8774E+03; D-min 0.1345E+03; Ratio 0.6526E+01
 Maximum no. diagonal digits lost:  1 in reducing equation    3263
   End Triangular Decomposition                          t=     0.701     0.036
   Number of operations =  249608 plus       20 Mega-ops
  Time: CPU =         0.70 , System =         0.04
--> SOLVE AT  1839.12 Mflops. Time=        0.02
   Energy convergence check
    Initial   =    1.962296008116043E-04 Current   =    1.118259873374140E-13
    Relative  =    5.698731836323494E-10 Tolerance =    1.000000000000000E-16
      Convergence: Energy |R*u| norm = F
      Convergence: Individual groups = F
 *Command   9 * next newton         v:   3.00       8.00       3.00    
                                                         t=     0.703     0.036
 *Command   8 * utan                v:   1.00       0.00       0.00    
                                                         t=     0.704     0.036
   Residual 1 norm =  8.3283662E-12 Rel =  2.1856266E-10 t=     0.730     0.036
      Convergence: Equations  norm   = T
      Convergence: Individual groups = T
 Condition check: D-max 0.8774E+03; D-min 0.1345E+03; Ratio 0.6526E+01
 Maximum no. diagonal digits lost:  1 in reducing equation    3263
   End Triangular Decomposition                          t=     0.750     0.036
   Number of operations =  249608 plus       20 Mega-ops
  Time: CPU =         0.75 , System =         0.04
--> SOLVE AT  1960.74 Mflops. Time=        0.02
   Energy convergence check
    Initial   =    1.962296008116043E-04 Current   =    4.808674025871098E-26
    Relative  =    2.450534478989131E-22 Tolerance =    1.000000000000000E-16
      Convergence: Energy |R*u| norm = T
      Convergence: Individual groups = T
 *Command   9 * next newton         v:   50.0       8.00       4.00    
                                                         t=     0.752     0.036
 *Command  10 * next augment        v:   1.00       6.00       1.00    
                                                         t=     0.752     0.036
 *Command   6 * augm                v:   0.00       0.00       0.00    
                                                         t=     0.752     0.036
 *Command   7 * loop newton         v:   50.0       10.0       0.00    
                                                         t=     0.754     0.037
 *Command   8 * utan                v:   1.00       0.00       0.00    
                                                         t=     0.754     0.037
   Residual 1 norm =  2.5257059E-15 Rel =  6.6282509E-14 t=     0.779     0.037
      Convergence: Equations  norm   = T
      Convergence: Individual groups = T
 Condition check: D-max 0.8774E+03; D-min 0.1345E+03; Ratio 0.6526E+01
 Maximum no. diagonal digits lost:  1 in reducing equation    3263
   End Triangular Decomposition                          t=     0.797     0.037
   Number of operations =  249608 plus       20 Mega-ops
  Time: CPU =         0.80 , System =         0.04
--> SOLVE AT  2255.09 Mflops. Time=        0.02
   Energy convergence check
    Initial   =    1.962296008116043E-04 Current   =    3.607120306134084E-33
    Relative  =    1.838214158931710E-29 Tolerance =    1.000000000000000E-16
      Convergence: Energy |R*u| norm = T
      Convergence: Individual groups = T
 *Command   9 * next newton         v:   50.0       8.00       1.00    
                                                         t=     0.798     0.037
 *Command  10 * next augment        v:   2.00       6.00       2.00    
                                                         t=     0.799     0.037

   Augmented iteration converged in loop =   2: Maximum gap =  0.0000E+00

 *Command  11 * plot WIPE           v:   0.00       0.00       0.00    
                                                         t=     0.799     0.037
 *Command  12 * plot UNDE           v:   0.00       0.00       0.00    
                                                         t=     0.799     0.037
 *Command  13 * plot MESH           v:   0.00       0.00       0.00    
                                                         t=     0.799     0.038
 *Command  14 * plot DEFO           v:   1.00       1.00       0.00    
                                                         t=     0.799     0.038
  -> Plots on deformed mesh with scale: 1.00000E+00
                     Eigenvector scale: 0.00000E+00
 *Command  15 * stre ne             v:   1.00       0.00       0.00    
                                                         t=     0.799     0.039
 FEAP *** inflated fiber reinforced soft ring - circum. b.c. top surf. linked in 

     Mixed Element Stresses

    Elmt Mat    1-Coord    2-Coord    3-Coord
     Cauchy   11-Stress  22-Stress  33-Stress  12-Stress  23-Stress  13-Stress
     Almansi  11-Strain  22-Strain  33-Strain  12-Strain  23-Strain  31-Strain
               1-Stress   2-Stress   3-Stress  log(lam1)  log(lam2)  log(lam3)
                  log-J     eff-ep  Yld/1-Fib    2-Fiber    3-Fiber

       1   1  1.117E-02 -5.774E-04  6.177E-04
     Cauchy  -2.663E+04  8.711E+04 -3.091E+02  4.723E+03 -1.052E+00 -1.058E+02
     Almansi -6.630E-02  8.654E-02 -2.159E-02  1.269E-02  1.415E-06 -3.587E-04
              8.731E+04 -3.086E+02 -2.683E+04  9.412E-02 -2.235E-02 -6.371E-02
              8.060E-03  0.000E+00  0.000E+00  0.000E+00  0.000E+00

       1   1  1.163E-02 -6.007E-04  6.173E-04
     Cauchy  -2.514E+04  8.361E+04  8.537E+02  4.519E+03  2.118E+00 -1.669E+02
     Almansi -6.631E-02  8.105E-02 -2.232E-02  1.225E-02  1.139E-05 -5.642E-04
              8.380E+04  8.548E+02 -2.533E+04  8.995E-02 -2.061E-02 -6.128E-02
              8.060E-03  0.000E+00  0.000E+00  0.000E+00  0.000E+00

       1   1  1.163E-02 -6.007E-04  1.654E-04
     Cauchy  -2.506E+04  8.355E+04  8.165E+02  4.514E+03 -4.294E+00  4.937E+01
     Almansi -6.611E-02  8.103E-02 -2.232E-02  1.223E-02 -1.254E-05  1.670E-04
              8.374E+04  8.166E+02 -2.525E+04  8.988E-02 -2.067E-02 -6.115E-02
              8.060E-03  0.000E+00  0.000E+00  0.000E+00  0.000E+00

       1   1  1.117E-02 -5.774E-04  1.655E-04
     Cauchy  -2.655E+04  8.705E+04 -3.444E+02  4.717E+03 -7.402E+00  1.095E+02
     Almansi -6.610E-02  8.652E-02 -2.159E-02  1.268E-02 -2.248E-05  3.713E-04
              8.724E+04 -3.439E+02 -2.675E+04  9.405E-02 -2.240E-02 -6.358E-02
              8.060E-03  0.000E+00  0.000E+00  0.000E+00  0.000E+00

       1   1  1.119E-02 -1.547E-04  6.177E-04
     Cauchy  -2.676E+04  8.724E+04 -3.091E+02  2.740E+03  7.969E+00 -1.055E+02
     Almansi -6.648E-02  8.671E-02 -2.159E-02  7.365E-03  2.205E-05 -3.580E-04
              8.731E+04 -3.086E+02 -2.683E+04  9.412E-02 -2.235E-02 -6.371E-02
              8.060E-03  0.000E+00  0.000E+00  0.000E+00  0.000E+00

       1   1  1.164E-02 -1.610E-04  6.173E-04
     Cauchy  -2.526E+04  8.374E+04  8.537E+02  2.617E+03  8.804E+00 -1.667E+02
     Almansi -6.648E-02  8.121E-02 -2.232E-02  7.092E-03  2.553E-05 -5.637E-04
              8.380E+04  8.548E+02 -2.533E+04  8.995E-02 -2.061E-02 -6.128E-02
              8.060E-03  0.000E+00  0.000E+00  0.000E+00  0.000E+00

       1   1  1.164E-02 -1.610E-04  1.654E-04
     Cauchy  -2.518E+04  8.368E+04  8.165E+02  2.613E+03  1.056E+00  4.955E+01
     Almansi -6.628E-02  8.120E-02 -2.232E-02  7.081E-03  1.593E-06  1.674E-04
              8.374E+04  8.166E+02 -2.525E+04  8.988E-02 -2.067E-02 -6.115E-02
              8.060E-03  0.000E+00  0.000E+00  0.000E+00  0.000E+00

       1   1  1.119E-02 -1.547E-04  1.655E-04
     Cauchy  -2.668E+04  8.718E+04 -3.444E+02  2.737E+03  2.273E-01  1.097E+02
     Almansi -6.627E-02  8.669E-02 -2.159E-02  7.354E-03 -1.853E-06  3.720E-04
              8.724E+04 -3.439E+02 -2.675E+04  9.405E-02 -2.240E-02 -6.358E-02
              8.060E-03  0.000E+00  0.000E+00  0.000E+00  0.000E+00
 *Command  16 * next time           v:   3.00       3.00       3.00    
                                                         t=     0.799     0.039
 *Command   3 * dt                  v:  0.100       0.00       0.00    
                                                         t=     0.799     0.039
   DT: equal linear increments = 1.000000E-01
 *Command   4 * time                v:   0.00       0.00       0.00    
                                                         t=     0.799     0.039

   Computing solution at time   4.0000E-01 using dt =  1.0000E-01
   Total proportional load is   4.0000E-01
 *Command   5 * loop augment        v:   3.00       11.0       0.00    
                                                         t=     0.810     0.041
 *Command   6 * augm                v:   0.00       0.00       0.00    
                                                         t=     0.810     0.041
   Current Augmented Lagrangian Factor =  1.00000E+00
 *Command   7 * loop newton         v:   50.0       10.0       0.00    
                                                         t=     0.813     0.041
 *Command   8 * utan                v:   1.00       0.00       0.00    
                                                         t=     0.813     0.041
   Residual 1 norm =  3.9151763E-02 Rel =  1.0000000E+00 t=     0.838     0.042
      Convergence: Equations  norm   = F
      Convergence: Individual groups = F
 Condition check: D-max 0.8774E+03; D-min 0.1341E+03; Ratio 0.6543E+01
 Maximum no. diagonal digits lost:  1 in reducing equation    3263
   End Triangular Decomposition                          t=     0.862     0.042
   Number of operations =  249608 plus       20 Mega-ops
  Time: CPU =         0.86 , System =         0.04
--> SOLVE AT  1702.65 Mflops. Time=        0.02
   Energy convergence check
    Initial   =    2.224973858382726E-04 Current   =    2.224973858382726E-04
    Relative  =    1.000000000000000E+00 Tolerance =    1.000000000000000E-16
      Convergence: Energy |R*u| norm = F
      Convergence: Individual groups = F
 *Command   9 * next newton         v:   1.00       8.00       1.00    
                                                         t=     0.864     0.042
 *Command   8 * utan                v:   1.00       0.00       0.00    
                                                         t=     0.864     0.042
   Residual 1 norm =  1.7526629E-02 Rel =  4.4765873E-01 t=     0.893     0.042
      Convergence: Equations  norm   = F
      Convergence: Individual groups = F
 Condition check: D-max 0.8877E+03; D-min 0.1340E+03; Ratio 0.6623E+01
 Maximum no. diagonal digits lost:  1 in reducing equation    3263
   End Triangular Decomposition                          t=     0.917     0.042
   Number of operations =  249608 plus       20 Mega-ops
  Time: CPU =         0.92 , System =         0.04
--> SOLVE AT  1697.73 Mflops. Time=        0.02
   Energy convergence check
    Initial   =    2.224973858382726E-04 Current   =    2.532110578240582E-07
    Relative  =    1.138040597061714E-03 Tolerance =    1.000000000000000E-16
      Convergence: Energy |R*u| norm = F
      Convergence: Individual groups = F
 *Command   9 * next newton         v:   2.00       8.00       2.00    
                                                         t=     0.921     0.042
 *Command   8 * utan                v:   1.00       0.00       0.00    
                                                         t=     0.921     0.042
   Residual 1 norm =  1.1749089E-05 Rel =  3.0009092E-04 t=     0.958     0.043
      Convergence: Equations  norm   = F
      Convergence: Individual groups = F
 Condition check: D-max 0.8879E+03; D-min 0.1340E+03; Ratio 0.6624E+01
 Maximum no. diagonal digits lost:  1 in reducing equation    3263
   End Triangular Decomposition                          t=     0.980     0.045
   Number of operations =  249608 plus       20 Mega-ops
  Time: CPU =         0.98 , System =         0.04
--> SOLVE AT  1817.66 Mflops. Time=        0.02
   Energy convergence check
    Initial   =    2.224973858382726E-04 Current   =    1.882255773591289E-13
    Relative  =    8.459675903605677E-10 Tolerance =    1.000000000000000E-16
      Convergence: Energy |R*u| norm = F
      Convergence: Individual groups = F
 *Command   9 * next newton         v:   3.00       8.00       3.00    
                                                         t=     0.982     0.045
 *Command   8 * utan                v:   1.00       0.00       0.00    
                                                         t=     0.982     0.045
   Residual 1 norm =  1.4269206E-11 Rel =  3.6445883E-10 t=     1.010     0.047
      Convergence: Equations  norm   = T
      Convergence: Individual groups = T
 Condition check: D-max 0.8879E+03; D-min 0.1340E+03; Ratio 0.6624E+01
 Maximum no. diagonal digits lost:  1 in reducing equation    3263
   End Triangular Decomposition                          t=     1.037     0.048
   Number of operations =  249608 plus       20 Mega-ops
  Time: CPU =         1.04 , System =         0.05
--> SOLVE AT  1524.13 Mflops. Time=        0.03
   Energy convergence check
    Initial   =    2.224973858382726E-04 Current   =    1.463029903086278E-25
    Relative  =    6.575492550504460E-22 Tolerance =    1.000000000000000E-16
      Convergence: Energy |R*u| norm = T
      Convergence: Individual groups = T
 *Command   9 * next newton         v:   50.0       8.00       4.00    
                                                         t=     1.039     0.048
 *Command  10 * next augment        v:   1.00       6.00       1.00    
                                                         t=     1.039     0.048
 *Command   6 * augm                v:   0.00       0.00       0.00    
                                                         t=     1.039     0.048
 *Command   7 * loop newton         v:   50.0       10.0       0.00    
                                                         t=     1.041     0.048
 *Command   8 * utan                v:   1.00       0.00       0.00    
                                                         t=     1.042     0.048
   Residual 1 norm =  3.4151975E-15 Rel =  8.7229725E-14 t=     1.067     0.048
      Convergence: Equations  norm   = T
      Convergence: Individual groups = T
 Condition check: D-max 0.8879E+03; D-min 0.1340E+03; Ratio 0.6624E+01
 Maximum no. diagonal digits lost:  1 in reducing equation    3263
   End Triangular Decomposition                          t=     1.087     0.049
   Number of operations =  249608 plus       20 Mega-ops
  Time: CPU =         1.09 , System =         0.05
--> SOLVE AT  2048.22 Mflops. Time=        0.02
   Energy convergence check
    Initial   =    2.224973858382726E-04 Current   =    7.148977232240135E-33
    Relative  =    3.213061225553696E-29 Tolerance =    1.000000000000000E-16
      Convergence: Energy |R*u| norm = T
      Convergence: Individual groups = T
 *Command   9 * next newton         v:   50.0       8.00       1.00    
                                                         t=     1.089     0.049
 *Command  10 * next augment        v:   2.00       6.00       2.00    
                                                         t=     1.089     0.049

   Augmented iteration converged in loop =   2: Maximum gap =  0.0000E+00

 *Command  11 * plot WIPE           v:   0.00       0.00       0.00    
                                                         t=     1.089     0.049
 *Command  12 * plot UNDE           v:   0.00       0.00       0.00    
                                                         t=     1.089     0.049
 *Command  13 * plot MESH           v:   0.00       0.00       0.00    
                                                         t=     1.089     0.049
 *Command  14 * plot DEFO           v:   1.00       1.00       0.00    
                                                         t=     1.090     0.049
  -> Plots on deformed mesh with scale: 1.00000E+00
                     Eigenvector scale: 0.00000E+00
 *Command  15 * stre ne             v:   1.00       0.00       0.00    
                                                         t=     1.090     0.049
 FEAP *** inflated fiber reinforced soft ring - circum. b.c. top surf. linked in 

     Mixed Element Stresses

    Elmt Mat    1-Coord    2-Coord    3-Coord
     Cauchy   11-Stress  22-Stress  33-Stress  12-Stress  23-Stress  13-Stress
     Almansi  11-Strain  22-Strain  33-Strain  12-Strain  23-Strain  31-Strain
               1-Stress   2-Stress   3-Stress  log(lam1)  log(lam2)  log(lam3)
                  log-J     eff-ep  Yld/1-Fib    2-Fiber    3-Fiber

       1   1  1.158E-02 -5.983E-04  6.130E-04
     Cauchy  -3.557E+04  1.228E+05 -3.916E+02  6.531E+03 -2.501E+00 -1.424E+02
     Almansi -9.369E-02  1.148E-01 -2.978E-02  1.720E-02  1.598E-06 -5.160E-04
              1.230E+05 -3.911E+02 -3.584E+04  1.293E-01 -3.057E-02 -8.782E-02
              1.090E-02  0.000E+00  0.000E+00  0.000E+00  0.000E+00

       1   1  1.202E-02 -6.211E-04  6.123E-04
     Cauchy  -3.365E+04  1.178E+05  1.093E+03  6.253E+03  1.705E+00 -2.234E+02
     Almansi -9.370E-02  1.080E-01 -3.088E-02  1.665E-02  1.537E-05 -8.061E-04
              1.181E+05  1.094E+03 -3.390E+04  1.237E-01 -2.831E-02 -8.452E-02
              1.090E-02  0.000E+00  0.000E+00  0.000E+00  0.000E+00

       1   1  1.202E-02 -6.211E-04  1.641E-04
     Cauchy  -3.354E+04  1.177E+05  1.043E+03  6.245E+03 -7.052E+00  8.549E+01
     Almansi -9.341E-02  1.080E-01 -3.088E-02  1.663E-02 -2.112E-05  3.087E-04
              1.180E+05  1.044E+03 -3.380E+04  1.236E-01 -2.839E-02 -8.435E-02
              1.090E-02  0.000E+00  0.000E+00  0.000E+00  0.000E+00

       1   1  1.158E-02 -5.983E-04  1.642E-04
     Cauchy  -3.546E+04  1.227E+05 -4.387E+02  6.523E+03 -1.114E+01  1.644E+02
     Almansi -9.340E-02  1.148E-01 -2.978E-02  1.718E-02 -3.481E-05  5.963E-04
              1.230E+05 -4.379E+02 -3.573E+04  1.292E-01 -3.064E-02 -8.764E-02
              1.090E-02  0.000E+00  0.000E+00  0.000E+00  0.000E+00

       1   1  1.159E-02 -1.603E-04  6.130E-04
     Cauchy  -3.574E+04  1.230E+05 -3.916E+02  3.859E+03  1.181E+01 -1.420E+02
     Almansi -9.392E-02  1.151E-01 -2.978E-02  1.016E-02  3.216E-05 -5.150E-04
              1.230E+05 -3.911E+02 -3.584E+04  1.293E-01 -3.057E-02 -8.782E-02
              1.090E-02  0.000E+00  0.000E+00  0.000E+00  0.000E+00

       1   1  1.204E-02 -1.664E-04  6.123E-04
     Cauchy  -3.381E+04  1.180E+05  1.093E+03  3.685E+03  1.291E+01 -2.230E+02
     Almansi -9.392E-02  1.082E-01 -3.088E-02  9.813E-03  3.739E-05 -8.053E-04
              1.181E+05  1.094E+03 -3.390E+04  1.237E-01 -2.831E-02 -8.452E-02
              1.090E-02  0.000E+00  0.000E+00  0.000E+00  0.000E+00

       1   1  1.204E-02 -1.664E-04  1.641E-04
     Cauchy  -3.371E+04  1.179E+05  1.043E+03  3.680E+03  1.446E+00  8.576E+01
     Almansi -9.363E-02  1.082E-01 -3.088E-02  9.798E-03  8.907E-07  3.094E-04
              1.180E+05  1.044E+03 -3.380E+04  1.236E-01 -2.839E-02 -8.435E-02
              1.090E-02  0.000E+00  0.000E+00  0.000E+00  0.000E+00

       1   1  1.159E-02 -1.603E-04  1.642E-04
     Cauchy  -3.564E+04  1.229E+05 -4.387E+02  3.854E+03  3.594E-01  1.648E+02
     Almansi -9.363E-02  1.150E-01 -2.978E-02  1.015E-02 -4.260E-06  5.973E-04
              1.230E+05 -4.379E+02 -3.573E+04  1.292E-01 -3.064E-02 -8.764E-02
              1.090E-02  0.000E+00  0.000E+00  0.000E+00  0.000E+00
 *Command  16 * next time           v:   4.00       3.00       4.00    
                                                         t=     1.091     0.049
 *Command   3 * dt                  v:  0.100       0.00       0.00    
                                                         t=     1.091     0.049
   DT: equal linear increments = 1.000000E-01
 *Command   4 * time                v:   0.00       0.00       0.00    
                                                         t=     1.091     0.049

   Computing solution at time   5.0000E-01 using dt =  1.0000E-01
   Total proportional load is   5.0000E-01
 *Command   5 * loop augment        v:   3.00       11.0       0.00    
                                                         t=     1.105     0.051
 *Command   6 * augm                v:   0.00       0.00       0.00    
                                                         t=     1.105     0.051
   Current Augmented Lagrangian Factor =  1.00000E+00
 *Command   7 * loop newton         v:   50.0       10.0       0.00    
                                                         t=     1.108     0.051
 *Command   8 * utan                v:   1.00       0.00       0.00    
                                                         t=     1.108     0.051
   Residual 1 norm =  4.0294700E-02 Rel =  1.0000000E+00 t=     1.137     0.053
      Convergence: Equations  norm   = F
      Convergence: Individual groups = F
 Condition check: D-max 0.8879E+03; D-min 0.1336E+03; Ratio 0.6644E+01
 Maximum no. diagonal digits lost:  1 in reducing equation    3263
   End Triangular Decomposition                          t=     1.164     0.054
   Number of operations =  249608 plus       20 Mega-ops
  Time: CPU =         1.17 , System =         0.05
--> SOLVE AT  1523.39 Mflops. Time=        0.03
   Energy convergence check
    Initial   =    2.544360772482206E-04 Current   =    2.544360772482206E-04
    Relative  =    1.000000000000000E+00 Tolerance =    1.000000000000000E-16
      Convergence: Energy |R*u| norm = F
      Convergence: Individual groups = F
 *Command   9 * next newton         v:   1.00       8.00       1.00    
                                                         t=     1.166     0.054
 *Command   8 * utan                v:   1.00       0.00       0.00    
                                                         t=     1.167     0.054
   Residual 1 norm =  2.0761566E-02 Rel =  5.1524309E-01 t=     1.204     0.054
      Convergence: Equations  norm   = F
      Convergence: Individual groups = F
 Condition check: D-max 0.8993E+03; D-min 0.1335E+03; Ratio 0.6735E+01
 Maximum no. diagonal digits lost:  1 in reducing equation    3263
   End Triangular Decomposition                          t=     1.225     0.057
   Number of operations =  249608 plus       20 Mega-ops
  Time: CPU =         1.23 , System =         0.06
--> SOLVE AT  1909.53 Mflops. Time=        0.02
   Energy convergence check
    Initial   =    2.544360772482206E-04 Current   =    3.408328167387024E-07
    Relative  =    1.339561670753930E-03 Tolerance =    1.000000000000000E-16
      Convergence: Energy |R*u| norm = F
      Convergence: Individual groups = F
 *Command   9 * next newton         v:   2.00       8.00       2.00    
                                                         t=     1.228     0.057
 *Command   8 * utan                v:   1.00       0.00       0.00    
                                                         t=     1.228     0.057
   Residual 1 norm =  1.5861712E-05 Rel =  3.9364264E-04 t=     1.257     0.058
      Convergence: Equations  norm   = F
      Convergence: Individual groups = F
 Condition check: D-max 0.8995E+03; D-min 0.1335E+03; Ratio 0.6737E+01
 Maximum no. diagonal digits lost:  1 in reducing equation    3263
   End Triangular Decomposition                          t=     1.283     0.058
   Number of operations =  249608 plus       20 Mega-ops
  Time: CPU =         1.29 , System =         0.06
--> SOLVE AT  1553.66 Mflops. Time=        0.03
   Energy convergence check
    Initial   =    2.544360772482206E-04 Current   =    3.269104396844530E-13
    Relative  =    1.284843105663543E-09 Tolerance =    1.000000000000000E-16
      Convergence: Energy |R*u| norm = F
      Convergence: Individual groups = F
 *Command   9 * next newton         v:   3.00       8.00       3.00    
                                                         t=     1.285     0.058
 *Command   8 * utan                v:   1.00       0.00       0.00    
                                                         t=     1.285     0.058
   Residual 1 norm =  2.5218487E-11 Rel =  6.2585122E-10 t=     1.314     0.058
      Convergence: Equations  norm   = T
      Convergence: Individual groups = F
 Condition check: D-max 0.8995E+03; D-min 0.1335E+03; Ratio 0.6737E+01
 Maximum no. diagonal digits lost:  1 in reducing equation    3263
   End Triangular Decomposition                          t=     1.337     0.058
   Number of operations =  249608 plus       20 Mega-ops
  Time: CPU =         1.34 , System =         0.06
--> SOLVE AT  1839.79 Mflops. Time=        0.02
   Energy convergence check
    Initial   =    2.544360772482206E-04 Current   =    4.792352913894154E-25
    Relative  =    1.883519415062696E-21 Tolerance =    1.000000000000000E-16
      Convergence: Energy |R*u| norm = T
      Convergence: Individual groups = T
 *Command   9 * next newton         v:   50.0       8.00       4.00    
                                                         t=     1.339     0.058
 *Command  10 * next augment        v:   1.00       6.00       1.00    
                                                         t=     1.340     0.058
 *Command   6 * augm                v:   0.00       0.00       0.00    
                                                         t=     1.340     0.058
 *Command   7 * loop newton         v:   50.0       10.0       0.00    
                                                         t=     1.342     0.058
 *Command   8 * utan                v:   1.00       0.00       0.00    
                                                         t=     1.342     0.058
   Residual 1 norm =  4.4946919E-15 Rel =  1.1154549E-13 t=     1.369     0.059
      Convergence: Equations  norm   = T
      Convergence: Individual groups = T
 Condition check: D-max 0.8995E+03; D-min 0.1335E+03; Ratio 0.6737E+01
 Maximum no. diagonal digits lost:  1 in reducing equation    3263
   End Triangular Decomposition                          t=     1.397     0.059
   Number of operations =  249608 plus       20 Mega-ops
  Time: CPU =         1.40 , System =         0.06
--> SOLVE AT  1454.30 Mflops. Time=        0.03
   Energy convergence check
    Initial   =    2.544360772482206E-04 Current   =    1.155655285635359E-32
    Relative  =    4.542026029225152E-29 Tolerance =    1.000000000000000E-16
      Convergence: Energy |R*u| norm = T
      Convergence: Individual groups = T
 *Command   9 * next newton         v:   50.0       8.00       1.00    
                                                         t=     1.400     0.059
 *Command  10 * next augment        v:   2.00       6.00       2.00    
                                                         t=     1.400     0.059

   Augmented iteration converged in loop =   2: Maximum gap =  0.0000E+00

 *Command  11 * plot WIPE           v:   0.00       0.00       0.00    
                                                         t=     1.400     0.059
 *Command  12 * plot UNDE           v:   0.00       0.00       0.00    
                                                         t=     1.400     0.059
 *Command  13 * plot MESH           v:   0.00       0.00       0.00    
                                                         t=     1.400     0.060
 *Command  14 * plot DEFO           v:   1.00       1.00       0.00    
                                                         t=     1.400     0.060
  -> Plots on deformed mesh with scale: 1.00000E+00
                     Eigenvector scale: 0.00000E+00
 *Command  15 * stre ne             v:   1.00       0.00       0.00    
                                                         t=     1.400     0.060
 FEAP *** inflated fiber reinforced soft ring - circum. b.c. top surf. linked in 

     Mixed Element Stresses

    Elmt Mat    1-Coord    2-Coord    3-Coord
     Cauchy   11-Stress  22-Stress  33-Stress  12-Stress  23-Stress  13-Stress
     Almansi  11-Strain  22-Strain  33-Strain  12-Strain  23-Strain  31-Strain
               1-Stress   2-Stress   3-Stress  log(lam1)  log(lam2)  log(lam3)
                  log-J     eff-ep  Yld/1-Fib    2-Fiber    3-Fiber

       1   1  1.203E-02 -6.215E-04  6.079E-04
     Cauchy  -4.453E+04  1.629E+05 -4.645E+02  8.494E+03 -4.828E+00 -1.771E+02
     Almansi -1.246E-01  1.429E-01 -3.859E-02  2.190E-02  1.343E-06 -6.888E-04
              1.633E+05 -4.638E+02 -4.487E+04  1.668E-01 -3.925E-02 -1.137E-01
              1.384E-02  0.000E+00  0.000E+00  0.000E+00  0.000E+00

       1   1  1.246E-02 -6.436E-04  6.070E-04
     Cauchy  -4.222E+04  1.563E+05  1.305E+03  8.138E+03  3.865E-01 -2.773E+02
     Almansi -1.246E-01  1.349E-01 -4.013E-02  2.128E-02  1.915E-05 -1.073E-03
              1.566E+05  1.307E+03 -4.255E+04  1.599E-01 -3.650E-02 -1.095E-01
              1.384E-02  0.000E+00  0.000E+00  0.000E+00  0.000E+00

       1   1  1.246E-02 -6.436E-04  1.627E-04
     Cauchy  -4.210E+04  1.561E+05  1.244E+03  8.128E+03 -1.068E+01  1.345E+02
     Almansi -1.242E-01  1.348E-01 -4.013E-02  2.124E-02 -3.302E-05  5.209E-04
              1.565E+05  1.244E+03 -4.243E+04  1.597E-01 -3.660E-02 -1.093E-01
              1.384E-02  0.000E+00  0.000E+00  0.000E+00  0.000E+00

       1   1  1.203E-02 -6.214E-04  1.629E-04
     Cauchy  -4.440E+04  1.628E+05 -5.231E+02  8.484E+03 -1.569E+01  2.312E+02
     Almansi -1.242E-01  1.428E-01 -3.859E-02  2.187E-02 -5.067E-05  9.003E-04
              1.631E+05 -5.219E+02 -4.475E+04  1.667E-01 -3.935E-02 -1.135E-01
              1.384E-02  0.000E+00  0.000E+00  0.000E+00  0.000E+00

       1   1  1.204E-02 -1.665E-04  6.079E-04
     Cauchy  -4.475E+04  1.631E+05 -4.645E+02  5.116E+03  1.640E+01 -1.764E+02
     Almansi -1.249E-01  1.431E-01 -3.859E-02  1.319E-02  4.371E-05 -6.874E-04
              1.633E+05 -4.638E+02 -4.487E+04  1.668E-01 -3.925E-02 -1.137E-01
              1.384E-02  0.000E+00  0.000E+00  0.000E+00  0.000E+00

       1   1  1.247E-02 -1.725E-04  6.070E-04
     Cauchy  -4.243E+04  1.565E+05  1.305E+03  4.885E+03  1.775E+01 -2.767E+02
     Almansi -1.249E-01  1.351E-01 -4.013E-02  1.277E-02  5.107E-05 -1.072E-03
              1.566E+05  1.307E+03 -4.255E+04  1.599E-01 -3.650E-02 -1.095E-01
              1.384E-02  0.000E+00  0.000E+00  0.000E+00  0.000E+00

       1   1  1.247E-02 -1.725E-04  1.627E-04
     Cauchy  -4.231E+04  1.564E+05  1.244E+03  4.879E+03  1.865E+00  1.349E+02
     Almansi -1.245E-01  1.351E-01 -4.013E-02  1.275E-02 -1.113E-06  5.219E-04
              1.565E+05  1.244E+03 -4.243E+04  1.597E-01 -3.660E-02 -1.093E-01
              1.384E-02  0.000E+00  0.000E+00  0.000E+00  0.000E+00

       1   1  1.204E-02 -1.665E-04  1.629E-04
     Cauchy  -4.462E+04  1.630E+05 -5.231E+02  5.110E+03  5.356E-01  2.318E+02
     Almansi -1.245E-01  1.431E-01 -3.859E-02  1.317E-02 -8.319E-06  9.017E-04
              1.631E+05 -5.219E+02 -4.475E+04  1.667E-01 -3.935E-02 -1.135E-01
              1.384E-02  0.000E+00  0.000E+00  0.000E+00  0.000E+00
 *Command  16 * next time           v:   5.00       3.00       5.00    
                                                         t=     1.401     0.060
 *Command   3 * dt                  v:  0.100       0.00       0.00    
                                                         t=     1.401     0.060
   DT: equal linear increments = 1.000000E-01
 *Command   4 * time                v:   0.00       0.00       0.00    
                                                         t=     1.401     0.060

   Computing solution at time   6.0000E-01 using dt =  1.0000E-01
   Total proportional load is   6.0000E-01
 *Command   5 * loop augment        v:   3.00       11.0       0.00    
                                                         t=     1.415     0.061
 *Command   6 * augm                v:   0.00       0.00       0.00    
                                                         t=     1.415     0.061
   Current Augmented Lagrangian Factor =  1.00000E+00
 *Command   7 * loop newton         v:   50.0       10.0       0.00    
                                                         t=     1.417     0.062
 *Command   8 * utan                v:   1.00       0.00       0.00    
                                                         t=     1.417     0.062
   Residual 1 norm =  4.1550576E-02 Rel =  1.0000000E+00 t=     1.442     0.062
      Convergence: Equations  norm   = F
      Convergence: Individual groups = F
 Condition check: D-max 0.8995E+03; D-min 0.1331E+03; Ratio 0.6760E+01
 Maximum no. diagonal digits lost:  1 in reducing equation    3263
   End Triangular Decomposition                          t=     1.469     0.062
   Number of operations =  249608 plus       20 Mega-ops
  Time: CPU =         1.47 , System =         0.06
--> SOLVE AT  1471.10 Mflops. Time=        0.03
   Energy convergence check
    Initial   =    2.937945643520205E-04 Current   =    2.937945643520205E-04
    Relative  =    1.000000000000000E+00 Tolerance =    1.000000000000000E-16
      Convergence: Energy |R*u| norm = F
      Convergence: Individual groups = F
 *Command   9 * next newton         v:   1.00       8.00       1.00    
                                                         t=     1.471     0.062
 *Command   8 * utan                v:   1.00       0.00       0.00    
                                                         t=     1.471     0.062
   Residual 1 norm =  2.4882425E-02 Rel =  5.9884670E-01 t=     1.497     0.064
      Convergence: Equations  norm   = F
      Convergence: Individual groups = F
 Condition check: D-max 0.9124E+03; D-min 0.1329E+03; Ratio 0.6864E+01
 Maximum no. diagonal digits lost:  1 in reducing equation    3263
   End Triangular Decomposition                          t=     1.520     0.064
   Number of operations =  249608 plus       20 Mega-ops
  Time: CPU =         1.52 , System =         0.06
--> SOLVE AT  1757.02 Mflops. Time=        0.02
   Energy convergence check
    Initial   =    2.937945643520205E-04 Current   =    4.682794068206497E-07
    Relative  =    1.593900853317231E-03 Tolerance =    1.000000000000000E-16
      Convergence: Energy |R*u| norm = F
      Convergence: Individual groups = F
 *Command   9 * next newton         v:   2.00       8.00       2.00    
                                                         t=     1.523     0.064
 *Command   8 * utan                v:   1.00       0.00       0.00    
                                                         t=     1.523     0.064
   Residual 1 norm =  2.1878048E-05 Rel =  5.2654018E-04 t=     1.550     0.064
      Convergence: Equations  norm   = F
      Convergence: Individual groups = F
 Condition check: D-max 0.9127E+03; D-min 0.1329E+03; Ratio 0.6867E+01
 Maximum no. diagonal digits lost:  1 in reducing equation    3263
   End Triangular Decomposition                          t=     1.580     0.064
   Number of operations =  249608 plus       20 Mega-ops
  Time: CPU =         1.58 , System =         0.06
--> SOLVE AT  1387.96 Mflops. Time=        0.03
   Energy convergence check
    Initial   =    2.937945643520205E-04 Current   =    5.881246687117622E-13
    Relative  =    2.001822838379948E-09 Tolerance =    1.000000000000000E-16
      Convergence: Energy |R*u| norm = F
      Convergence: Individual groups = F
 *Command   9 * next newton         v:   3.00       8.00       3.00    
                                                         t=     1.582     0.064
 *Command   8 * utan                v:   1.00       0.00       0.00    
                                                         t=     1.582     0.064
   Residual 1 norm =  4.6118697E-11 Rel =  1.1099412E-09 t=     1.611     0.065
      Convergence: Equations  norm   = T
      Convergence: Individual groups = F
 Condition check: D-max 0.9127E+03; D-min 0.1329E+03; Ratio 0.6867E+01
 Maximum no. diagonal digits lost:  1 in reducing equation    3263
   End Triangular Decomposition                          t=     1.634     0.065
   Number of operations =  249608 plus       20 Mega-ops
  Time: CPU =         1.64 , System =         0.06
--> SOLVE AT  1713.31 Mflops. Time=        0.02
   Energy convergence check
    Initial   =    2.937945643520205E-04 Current   =    1.705547584071726E-24
    Relative  =    5.805238731470073E-21 Tolerance =    1.000000000000000E-16
      Convergence: Energy |R*u| norm = T
      Convergence: Individual groups = T
 *Command   9 * next newton         v:   50.0       8.00       4.00    
                                                         t=     1.638     0.065
 *Command  10 * next augment        v:   1.00       6.00       1.00    
                                                         t=     1.638     0.065
 *Command   6 * augm                v:   0.00       0.00       0.00    
                                                         t=     1.638     0.065
 *Command   7 * loop newton         v:   50.0       10.0       0.00    
                                                         t=     1.641     0.065
 *Command   8 * utan                v:   1.00       0.00       0.00    
                                                         t=     1.641     0.065
   Residual 1 norm =  5.9336927E-15 Rel =  1.4280651E-13 t=     1.668     0.065
      Convergence: Equations  norm   = T
      Convergence: Individual groups = T
 Condition check: D-max 0.9127E+03; D-min 0.1329E+03; Ratio 0.6867E+01
 Maximum no. diagonal digits lost:  1 in reducing equation    3263
   End Triangular Decomposition                          t=     1.687     0.065
   Number of operations =  249608 plus       20 Mega-ops
  Time: CPU =         1.69 , System =         0.06
--> SOLVE AT  2071.89 Mflops. Time=        0.02
   Energy convergence check
    Initial   =    2.937945643520205E-04 Current   =    2.018687264902834E-32
    Relative  =    6.871084457791641E-29 Tolerance =    1.000000000000000E-16
      Convergence: Energy |R*u| norm = T
      Convergence: Individual groups = T
 *Command   9 * next newton         v:   50.0       8.00       1.00    
                                                         t=     1.690     0.065
 *Command  10 * next augment        v:   2.00       6.00       2.00    
                                                         t=     1.690     0.065

   Augmented iteration converged in loop =   2: Maximum gap =  0.0000E+00

 *Command  11 * plot WIPE           v:   0.00       0.00       0.00    
                                                         t=     1.690     0.065
 *Command  12 * plot UNDE           v:   0.00       0.00       0.00    
                                                         t=     1.690     0.065
 *Command  13 * plot MESH           v:   0.00       0.00       0.00    
                                                         t=     1.690     0.065
 *Command  14 * plot DEFO           v:   1.00       1.00       0.00    
                                                         t=     1.690     0.066
  -> Plots on deformed mesh with scale: 1.00000E+00
                     Eigenvector scale: 0.00000E+00
 *Command  15 * stre ne             v:   1.00       0.00       0.00    
                                                         t=     1.690     0.066
 FEAP *** inflated fiber reinforced soft ring - circum. b.c. top surf. linked in 

     Mixed Element Stresses

    Elmt Mat    1-Coord    2-Coord    3-Coord
     Cauchy   11-Stress  22-Stress  33-Stress  12-Stress  23-Stress  13-Stress
     Almansi  11-Strain  22-Strain  33-Strain  12-Strain  23-Strain  31-Strain
               1-Stress   2-Stress   3-Stress  log(lam1)  log(lam2)  log(lam3)
                  log-J     eff-ep  Yld/1-Fib    2-Fiber    3-Fiber

       1   1  1.253E-02 -6.472E-04  6.026E-04
     Cauchy  -5.351E+04  2.085E+05 -5.284E+02  1.065E+04 -8.313E+00 -2.076E+02
     Almansi -1.598E-01  1.706E-01 -4.810E-02  2.685E-02  3.065E-07 -8.709E-04
              2.090E+05 -5.275E+02 -5.395E+04  2.070E-01 -4.846E-02 -1.416E-01
              1.687E-02  0.000E+00  0.000E+00  0.000E+00  0.000E+00

       1   1  1.294E-02 -6.688E-04  6.015E-04
     Cauchy  -5.086E+04  2.000E+05  1.487E+03  1.021E+04 -2.133E+00 -3.260E+02
     Almansi -1.598E-01  1.617E-01 -5.018E-02  2.617E-02  2.241E-05 -1.360E-03
              2.004E+05  1.489E+03 -5.128E+04  1.987E-01 -4.526E-02 -1.365E-01
              1.687E-02  0.000E+00  0.000E+00  0.000E+00  0.000E+00

       1   1  1.294E-02 -6.688E-04  1.612E-04
     Cauchy  -5.072E+04  1.998E+05  1.414E+03  1.020E+04 -1.536E+01  1.988E+02
     Almansi -1.593E-01  1.617E-01 -5.018E-02  2.613E-02 -4.929E-05  8.305E-04
              2.002E+05  1.415E+03 -5.114E+04  1.985E-01 -4.538E-02 -1.363E-01
              1.687E-02  0.000E+00  0.000E+00  0.000E+00  0.000E+00

       1   1  1.253E-02 -6.472E-04  1.615E-04
     Cauchy  -5.337E+04  2.084E+05 -5.982E+02  1.064E+04 -2.122E+01  3.119E+02
     Almansi -1.593E-01  1.706E-01 -4.811E-02  2.681E-02 -7.111E-05  1.311E-03
              2.088E+05 -5.963E+02 -5.380E+04  2.068E-01 -4.857E-02 -1.414E-01
              1.687E-02  0.000E+00  0.000E+00  0.000E+00  0.000E+00

       1   1  1.254E-02 -1.734E-04  6.026E-04
     Cauchy  -5.378E+04  2.088E+05 -5.284E+02  6.546E+03  2.187E+01 -2.066E+02
     Almansi -1.602E-01  1.709E-01 -4.810E-02  1.651E-02  5.665E-05 -8.691E-04
              2.090E+05 -5.275E+02 -5.395E+04  2.070E-01 -4.846E-02 -1.416E-01
              1.687E-02  0.000E+00  0.000E+00  0.000E+00  0.000E+00

       1   1  1.296E-02 -1.792E-04  6.015E-04
     Cauchy  -5.112E+04  2.002E+05  1.487E+03  6.250E+03  2.345E+01 -3.252E+02
     Almansi -1.602E-01  1.620E-01 -5.018E-02  1.602E-02  6.659E-05 -1.359E-03
              2.004E+05  1.489E+03 -5.128E+04  1.987E-01 -4.526E-02 -1.365E-01
              1.687E-02  0.000E+00  0.000E+00  0.000E+00  0.000E+00

       1   1  1.296E-02 -1.792E-04  1.612E-04
     Cauchy  -5.098E+04  2.001E+05  1.414E+03  6.242E+03  2.320E+00  1.994E+02
     Almansi -1.597E-01  1.620E-01 -5.018E-02  1.599E-02 -5.128E-06  8.319E-04
              2.002E+05  1.415E+03 -5.114E+04  1.985E-01 -4.538E-02 -1.363E-01
              1.687E-02  0.000E+00  0.000E+00  0.000E+00  0.000E+00

       1   1  1.254E-02 -1.734E-04  1.615E-04
     Cauchy  -5.364E+04  2.086E+05 -5.982E+02  6.537E+03  7.701E-01  3.127E+02
     Almansi -1.596E-01  1.709E-01 -4.811E-02  1.648E-02 -1.478E-05  1.313E-03
              2.088E+05 -5.963E+02 -5.380E+04  2.068E-01 -4.857E-02 -1.414E-01
              1.687E-02  0.000E+00  0.000E+00  0.000E+00  0.000E+00
 *Command  16 * next time           v:   6.00       3.00       6.00    
                                                         t=     1.691     0.066
 *Command   3 * dt                  v:  0.100       0.00       0.00    
                                                         t=     1.691     0.066
   DT: equal linear increments = 1.000000E-01
 *Command   4 * time                v:   0.00       0.00       0.00    
                                                         t=     1.691     0.066

   Computing solution at time   7.0000E-01 using dt =  1.0000E-01
   Total proportional load is   7.0000E-01
 *Command   5 * loop augment        v:   3.00       11.0       0.00    
                                                         t=     1.702     0.067
 *Command   6 * augm                v:   0.00       0.00       0.00    
                                                         t=     1.702     0.067
   Current Augmented Lagrangian Factor =  1.00000E+00
 *Command   7 * loop newton         v:   50.0       10.0       0.00    
                                                         t=     1.704     0.067
 *Command   8 * utan                v:   1.00       0.00       0.00    
                                                         t=     1.704     0.067
   Residual 1 norm =  4.2940355E-02 Rel =  1.0000000E+00 t=     1.728     0.069
      Convergence: Equations  norm   = F
      Convergence: Individual groups = F
 Condition check: D-max 0.9127E+03; D-min 0.1324E+03; Ratio 0.6895E+01
 Maximum no. diagonal digits lost:  1 in reducing equation    3263
   End Triangular Decomposition                          t=     1.759     0.070
   Number of operations =  249608 plus       20 Mega-ops
  Time: CPU =         1.76 , System =         0.07
--> SOLVE AT  1325.28 Mflops. Time=        0.03
   Energy convergence check
    Initial   =    3.430460055838657E-04 Current   =    3.430460055838657E-04
    Relative  =    1.000000000000000E+00 Tolerance =    1.000000000000000E-16
      Convergence: Energy |R*u| norm = F
      Convergence: Individual groups = F
 *Command   9 * next newton         v:   1.00       8.00       1.00    
                                                         t=     1.761     0.070
 *Command   8 * utan                v:   1.00       0.00       0.00    
                                                         t=     1.761     0.070
   Residual 1 norm =  3.0224310E-02 Rel =  7.0386724E-01 t=     1.790     0.070
      Convergence: Equations  norm   = F
      Convergence: Individual groups = F
 Condition check: D-max 0.9273E+03; D-min 0.1322E+03; Ratio 0.7015E+01
 Maximum no. diagonal digits lost:  1 in reducing equation    3263
   End Triangular Decomposition                          t=     1.811     0.070
   Number of operations =  249608 plus       20 Mega-ops
  Time: CPU =         1.81 , System =         0.07
--> SOLVE AT  1883.85 Mflops. Time=        0.02
   Energy convergence check
    Initial   =    3.430460055838657E-04 Current   =    6.586852918920420E-07
    Relative  =    1.920107744064698E-03 Tolerance =    1.000000000000000E-16
      Convergence: Energy |R*u| norm = F
      Convergence: Individual groups = F
 *Command   9 * next newton         v:   2.00       8.00       2.00    
                                                         t=     1.813     0.070
 *Command   8 * utan                v:   1.00       0.00       0.00    
                                                         t=     1.813     0.070
   Residual 1 norm =  3.0933728E-05 Rel =  7.2038827E-04 t=     1.839     0.071
      Convergence: Equations  norm   = F
      Convergence: Individual groups = F
 Condition check: D-max 0.9277E+03; D-min 0.1322E+03; Ratio 0.7018E+01
 Maximum no. diagonal digits lost:  1 in reducing equation    3263
   End Triangular Decomposition                          t=     1.859     0.072
   Number of operations =  249608 plus       20 Mega-ops
  Time: CPU =         1.86 , System =         0.07
--> SOLVE AT  2044.48 Mflops. Time=        0.02
   Energy convergence check
    Initial   =    3.430460055838657E-04 Current   =    1.100939601319890E-12
    Relative  =    3.209305992198003E-09 Tolerance =    1.000000000000000E-16
      Convergence: Energy |R*u| norm = F
      Convergence: Individual groups = F
 *Command   9 * next newton         v:   3.00       8.00       3.00    
                                                         t=     1.861     0.072
 *Command   8 * utan                v:   1.00       0.00       0.00    
                                                         t=     1.861     0.072
   Residual 1 norm =  8.7574297E-11 Rel =  2.0394404E-09 t=     1.886     0.074
      Convergence: Equations  norm   = T
      Convergence: Individual groups = F
 Condition check: D-max 0.9277E+03; D-min 0.1322E+03; Ratio 0.7018E+01
 Maximum no. diagonal digits lost:  1 in reducing equation    3263
   End Triangular Decomposition                          t=     1.910     0.075
   Number of operations =  249608 plus       20 Mega-ops
  Time: CPU =         1.91 , System =         0.08
--> SOLVE AT  1699.29 Mflops. Time=        0.02
   Energy convergence check
    Initial   =    3.430460055838657E-04 Current   =    6.666976377610755E-24
    Relative  =    1.943464220276675E-20 Tolerance =    1.000000000000000E-16
      Convergence: Energy |R*u| norm = T
      Convergence: Individual groups = T
 *Command   9 * next newton         v:   50.0       8.00       4.00    
                                                         t=     1.912     0.075
 *Command  10 * next augment        v:   1.00       6.00       1.00    
                                                         t=     1.912     0.075
 *Command   6 * augm                v:   0.00       0.00       0.00    
                                                         t=     1.912     0.075
 *Command   7 * loop newton         v:   50.0       10.0       0.00    
                                                         t=     1.914     0.076
 *Command   8 * utan                v:   1.00       0.00       0.00    
                                                         t=     1.914     0.076
   Residual 1 norm =  7.9495450E-15 Rel =  1.8512993E-13 t=     1.942     0.076
      Convergence: Equations  norm   = T
      Convergence: Individual groups = T
 Condition check: D-max 0.9277E+03; D-min 0.1322E+03; Ratio 0.7018E+01
 Maximum no. diagonal digits lost:  1 in reducing equation    3263
   End Triangular Decomposition                          t=     1.964     0.077
   Number of operations =  249608 plus       20 Mega-ops
  Time: CPU =         1.97 , System =         0.08
--> SOLVE AT  1852.15 Mflops. Time=        0.02
   Energy convergence check
    Initial   =    3.430460055838657E-04 Current   =    3.326950849775057E-32
    Relative  =    9.698264359943713E-29 Tolerance =    1.000000000000000E-16
      Convergence: Energy |R*u| norm = T
      Convergence: Individual groups = T
 *Command   9 * next newton         v:   50.0       8.00       1.00    
                                                         t=     1.966     0.077
 *Command  10 * next augment        v:   2.00       6.00       2.00    
                                                         t=     1.966     0.077

   Augmented iteration converged in loop =   2: Maximum gap =  0.0000E+00

 *Command  11 * plot WIPE           v:   0.00       0.00       0.00    
                                                         t=     1.966     0.077
 *Command  12 * plot UNDE           v:   0.00       0.00       0.00    
                                                         t=     1.966     0.078
 *Command  13 * plot MESH           v:   0.00       0.00       0.00    
                                                         t=     1.966     0.078
 *Command  14 * plot DEFO           v:   1.00       1.00       0.00    
                                                         t=     1.967     0.078
  -> Plots on deformed mesh with scale: 1.00000E+00
                     Eigenvector scale: 0.00000E+00
 *Command  15 * stre ne             v:   1.00       0.00       0.00    
                                                         t=     1.967     0.078
 FEAP *** inflated fiber reinforced soft ring - circum. b.c. top surf. linked in 

     Mixed Element Stresses

    Elmt Mat    1-Coord    2-Coord    3-Coord
     Cauchy   11-Stress  22-Stress  33-Stress  12-Stress  23-Stress  13-Stress
     Almansi  11-Strain  22-Strain  33-Strain  12-Strain  23-Strain  31-Strain
               1-Stress   2-Stress   3-Stress  log(lam1)  log(lam2)  log(lam3)
                  log-J     eff-ep  Yld/1-Fib    2-Fiber    3-Fiber

       1   1  1.309E-02 -6.762E-04  5.970E-04
     Cauchy  -6.253E+04  2.610E+05 -5.844E+02  1.304E+04 -1.332E+01 -2.308E+02
     Almansi -2.003E-01  1.981E-01 -5.843E-02  3.211E-02 -2.060E-06 -1.051E-03
              2.616E+05 -5.836E+02 -6.305E+04  2.502E-01 -5.827E-02 -1.720E-01
              2.002E-02  0.000E+00  0.000E+00  0.000E+00  0.000E+00

       1   1  1.349E-02 -6.971E-04  5.956E-04
     Cauchy  -5.958E+04  2.502E+05  1.635E+03  1.250E+04 -6.234E+00 -3.661E+02
     Almansi -2.004E-01  1.885E-01 -6.116E-02  3.139E-02  2.460E-05 -1.657E-03
              2.507E+05  1.637E+03 -6.008E+04  2.406E-01 -5.467E-02 -1.659E-01
              2.002E-02  0.000E+00  0.000E+00  0.000E+00  0.000E+00

       1   1  1.349E-02 -6.971E-04  1.596E-04
     Cauchy  -5.942E+04  2.500E+05  1.551E+03  1.249E+04 -2.129E+01  2.816E+02
     Almansi -1.997E-01  1.884E-01 -6.116E-02  3.134E-02 -7.142E-05  1.276E-03
              2.505E+05  1.552E+03 -5.992E+04  2.404E-01 -5.480E-02 -1.656E-01
              2.002E-02  0.000E+00  0.000E+00  0.000E+00  0.000E+00

       1   1  1.309E-02 -6.761E-04  1.600E-04
     Cauchy  -6.237E+04  2.608E+05 -6.650E+02  1.302E+04 -2.790E+01  4.092E+02
     Almansi -1.997E-01  1.980E-01 -5.844E-02  3.205E-02 -9.759E-05  1.867E-03
              2.613E+05 -6.623E+02 -6.289E+04  2.500E-01 -5.840E-02 -1.716E-01
              2.002E-02  0.000E+00  0.000E+00  0.000E+00  0.000E+00

       1   1  1.310E-02 -1.812E-04  5.970E-04
     Cauchy  -6.284E+04  2.613E+05 -5.844E+02  8.190E+03  2.838E+01 -2.294E+02
     Almansi -2.007E-01  1.984E-01 -5.843E-02  2.017E-02  7.079E-05 -1.049E-03
              2.616E+05 -5.836E+02 -6.305E+04  2.502E-01 -5.827E-02 -1.720E-01
              2.002E-02  0.000E+00  0.000E+00  0.000E+00  0.000E+00

       1   1  1.351E-02 -1.868E-04  5.956E-04
     Cauchy  -5.988E+04  2.505E+05  1.635E+03  7.819E+03  3.017E+01 -3.649E+02
     Almansi -2.007E-01  1.889E-01 -6.116E-02  1.963E-02  8.383E-05 -1.655E-03
              2.507E+05  1.637E+03 -6.008E+04  2.406E-01 -5.467E-02 -1.659E-01
              2.002E-02  0.000E+00  0.000E+00  0.000E+00  0.000E+00

       1   1  1.351E-02 -1.868E-04  1.596E-04
     Cauchy  -5.972E+04  2.503E+05  1.551E+03  7.809E+03  2.824E+00  2.824E+02
     Almansi -2.001E-01  1.888E-01 -6.116E-02  1.959E-02 -1.221E-05  1.278E-03
              2.505E+05  1.552E+03 -5.992E+04  2.404E-01 -5.480E-02 -1.656E-01
              2.002E-02  0.000E+00  0.000E+00  0.000E+00  0.000E+00

       1   1  1.310E-02 -1.812E-04  1.600E-04
     Cauchy  -6.268E+04  2.611E+05 -6.650E+02  8.179E+03  1.082E+00  4.101E+02
     Almansi -2.001E-01  1.984E-01 -5.844E-02  2.013E-02 -2.476E-05  1.870E-03
              2.613E+05 -6.623E+02 -6.289E+04  2.500E-01 -5.840E-02 -1.716E-01
              2.002E-02  0.000E+00  0.000E+00  0.000E+00  0.000E+00
 *Command  16 * next time           v:   7.00       3.00       7.00    
                                                         t=     1.968     0.078
 *Command   3 * dt                  v:  0.100       0.00       0.00    
                                                         t=     1.968     0.078
   DT: equal linear increments = 1.000000E-01
 *Command   4 * time                v:   0.00       0.00       0.00    
                                                         t=     1.968     0.078

   Computing solution at time   8.0000E-01 using dt =  1.0000E-01
   Total proportional load is   8.0000E-01
 *Command   5 * loop augment        v:   3.00       11.0       0.00    
                                                         t=     1.981     0.078
 *Command   6 * augm                v:   0.00       0.00       0.00    
                                                         t=     1.982     0.078
   Current Augmented Lagrangian Factor =  1.00000E+00
 *Command   7 * loop newton         v:   50.0       10.0       0.00    
                                                         t=     1.984     0.078
 *Command   8 * utan                v:   1.00       0.00       0.00    
                                                         t=     1.984     0.078
   Residual 1 norm =  4.4490959E-02 Rel =  1.0000000E+00 t=     2.015     0.078
      Convergence: Equations  norm   = F
      Convergence: Individual groups = F
 Condition check: D-max 0.9277E+03; D-min 0.1315E+03; Ratio 0.7052E+01
 Maximum no. diagonal digits lost:  1 in reducing equation    3263
   End Triangular Decomposition                          t=     2.035     0.078
   Number of operations =  249608 plus       20 Mega-ops
  Time: CPU =         2.04 , System =         0.08
--> SOLVE AT  2006.52 Mflops. Time=        0.02
   Energy convergence check
    Initial   =    4.057764650021195E-04 Current   =    4.057764650021195E-04
    Relative  =    1.000000000000000E+00 Tolerance =    1.000000000000000E-16
      Convergence: Energy |R*u| norm = F
      Convergence: Individual groups = F
 *Command   9 * next newton         v:   1.00       8.00       1.00    
                                                         t=     2.038     0.078
 *Command   8 * utan                v:   1.00       0.00       0.00    
                                                         t=     2.038     0.078
   Residual 1 norm =  3.7289784E-02 Rel =  8.3814295E-01 t=     2.066     0.078
      Convergence: Equations  norm   = F
      Convergence: Individual groups = F
 Condition check: D-max 0.9445E+03; D-min 0.1313E+03; Ratio 0.7193E+01
 Maximum no. diagonal digits lost:  1 in reducing equation    3263
   End Triangular Decomposition                          t=     2.089     0.079
   Number of operations =  249608 plus       20 Mega-ops
  Time: CPU =         2.09 , System =         0.08
--> SOLVE AT  1718.02 Mflops. Time=        0.02
   Energy convergence check
    Initial   =    4.057764650021195E-04 Current   =    9.520683066393088E-07
    Relative  =    2.346287645426493E-03 Tolerance =    1.000000000000000E-16
      Convergence: Energy |R*u| norm = F
      Convergence: Individual groups = F
 *Command   9 * next newton         v:   2.00       8.00       2.00    
                                                         t=     2.091     0.079
 *Command   8 * utan                v:   1.00       0.00       0.00    
                                                         t=     2.091     0.079
   Residual 1 norm =  4.5022179E-05 Rel =  1.0119399E-03 t=     2.116     0.079
      Convergence: Equations  norm   = F
      Convergence: Individual groups = F
 Condition check: D-max 0.9449E+03; D-min 0.1313E+03; Ratio 0.7197E+01
 Maximum no. diagonal digits lost:  1 in reducing equation    3263
   End Triangular Decomposition                          t=     2.137     0.079
   Number of operations =  249608 plus       20 Mega-ops
  Time: CPU =         2.14 , System =         0.08
--> SOLVE AT  1974.22 Mflops. Time=        0.02
   Energy convergence check
    Initial   =    4.057764650021195E-04 Current   =    2.155803967785134E-12
    Relative  =    5.312787097629908E-09 Tolerance =    1.000000000000000E-16
      Convergence: Energy |R*u| norm = F
      Convergence: Individual groups = F
 *Command   9 * next newton         v:   3.00       8.00       3.00    
                                                         t=     2.139     0.079
 *Command   8 * utan                v:   1.00       0.00       0.00    
                                                         t=     2.139     0.079
   Residual 1 norm =  1.7325927E-10 Rel =  3.8942579E-09 t=     2.158     0.080
      Convergence: Equations  norm   = T
      Convergence: Individual groups = F
 Condition check: D-max 0.9449E+03; D-min 0.1313E+03; Ratio 0.7197E+01
 Maximum no. diagonal digits lost:  1 in reducing equation    3263
   End Triangular Decomposition                          t=     2.178     0.080
   Number of operations =  249608 plus       20 Mega-ops
  Time: CPU =         2.18 , System =         0.08
--> SOLVE AT  2037.50 Mflops. Time=        0.02
   Energy convergence check
    Initial   =    4.057764650021195E-04 Current   =    2.898667561379260E-23
    Relative  =    7.143508338671440E-20 Tolerance =    1.000000000000000E-16
      Convergence: Energy |R*u| norm = T
      Convergence: Individual groups = T
 *Command   9 * next newton         v:   50.0       8.00       4.00    
                                                         t=     2.180     0.080
 *Command  10 * next augment        v:   1.00       6.00       1.00    
                                                         t=     2.180     0.080
 *Command   6 * augm                v:   0.00       0.00       0.00    
                                                         t=     2.180     0.080
 *Command   7 * loop newton         v:   50.0       10.0       0.00    
                                                         t=     2.183     0.080
 *Command   8 * utan                v:   1.00       0.00       0.00    
                                                         t=     2.183     0.080
   Residual 1 norm =  9.3913875E-15 Rel =  2.1108530E-13 t=     2.208     0.080
      Convergence: Equations  norm   = T
      Convergence: Individual groups = T
 Condition check: D-max 0.9449E+03; D-min 0.1313E+03; Ratio 0.7197E+01
 Maximum no. diagonal digits lost:  1 in reducing equation    3263
   End Triangular Decomposition                          t=     2.230     0.080
   Number of operations =  249608 plus       20 Mega-ops
  Time: CPU =         2.23 , System =         0.08
--> SOLVE AT  1835.20 Mflops. Time=        0.02
   Energy convergence check
    Initial   =    4.057764650021195E-04 Current   =    4.681902733819370E-32
    Relative  =    1.153813278400687E-28 Tolerance =    1.000000000000000E-16
      Convergence: Energy |R*u| norm = T
      Convergence: Individual groups = T
 *Command   9 * next newton         v:   50.0       8.00       1.00    
                                                         t=     2.232     0.080
 *Command  10 * next augment        v:   2.00       6.00       2.00    
                                                         t=     2.232     0.080

   Augmented iteration converged in loop =   2: Maximum gap =  0.0000E+00

 *Command  11 * plot WIPE           v:   0.00       0.00       0.00    
                                                         t=     2.232     0.080
 *Command  12 * plot UNDE           v:   0.00       0.00       0.00    
                                                         t=     2.233     0.080
 *Command  13 * plot MESH           v:   0.00       0.00       0.00    
                                                         t=     2.233     0.080
 *Command  14 * plot DEFO           v:   1.00       1.00       0.00    
                                                         t=     2.234     0.080
  -> Plots on deformed mesh with scale: 1.00000E+00
                     Eigenvector scale: 0.00000E+00
 *Command  15 * stre ne             v:   1.00       0.00       0.00    
                                                         t=     2.234     0.080
 FEAP *** inflated fiber reinforced soft ring - circum. b.c. top surf. linked in 

     Mixed Element Stresses

    Elmt Mat    1-Coord    2-Coord    3-Coord
     Cauchy   11-Stress  22-Stress  33-Stress  12-Stress  23-Stress  13-Stress
     Almansi  11-Strain  22-Strain  33-Strain  12-Strain  23-Strain  31-Strain
               1-Stress   2-Stress   3-Stress  log(lam1)  log(lam2)  log(lam3)
                  log-J     eff-ep  Yld/1-Fib    2-Fiber    3-Fiber

       1   1  1.372E-02 -7.090E-04  5.911E-04
     Cauchy  -7.156E+04  3.222E+05 -6.347E+02  1.572E+04 -2.032E+01 -2.429E+02
     Almansi -2.476E-01  2.252E-01 -6.972E-02  3.776E-02 -6.653E-06 -1.209E-03
              3.228E+05 -6.339E+02 -7.219E+04  2.972E-01 -6.876E-02 -2.051E-01
              2.329E-02  0.000E+00  0.000E+00  0.000E+00  0.000E+00

       1   1  1.411E-02 -7.293E-04  5.893E-04
     Cauchy  -6.836E+04  3.087E+05  1.744E+03  1.509E+04 -1.241E+01 -3.933E+02
     Almansi -2.476E-01  2.152E-01 -7.322E-02  3.703E-02  2.479E-05 -1.944E-03
              3.093E+05  1.746E+03 -6.897E+04  2.862E-01 -6.481E-02 -1.981E-01
              2.329E-02  0.000E+00  0.000E+00  0.000E+00  0.000E+00

       1   1  1.411E-02 -7.292E-04  1.579E-04
     Cauchy  -6.819E+04  3.084E+05  1.649E+03  1.507E+04 -2.875E+01  3.867E+02
     Almansi -2.468E-01  2.151E-01 -7.323E-02  3.697E-02 -1.015E-04  1.915E-03
              3.090E+05  1.651E+03 -6.879E+04  2.860E-01 -6.496E-02 -1.977E-01
              2.329E-02  0.000E+00  0.000E+00  0.000E+00  0.000E+00

       1   1  1.372E-02 -7.089E-04  1.584E-04
     Cauchy  -7.139E+04  3.219E+05 -7.253E+02  1.571E+04 -3.599E+01  5.262E+02
     Almansi -2.468E-01  2.252E-01 -6.973E-02  3.770E-02 -1.322E-04  2.627E-03
              3.225E+05 -7.214E+02 -7.202E+04  2.969E-01 -6.891E-02 -2.047E-01
              2.329E-02  0.000E+00  0.000E+00  0.000E+00  0.000E+00

       1   1  1.374E-02 -1.900E-04  5.911E-04
     Cauchy  -7.193E+04  3.226E+05 -6.347E+02  1.011E+04  3.616E+01 -2.410E+02
     Almansi -2.480E-01  2.256E-01 -6.972E-02  2.427E-02  8.569E-05 -1.206E-03
              3.228E+05 -6.339E+02 -7.219E+04  2.972E-01 -6.876E-02 -2.051E-01
              2.329E-02  0.000E+00  0.000E+00  0.000E+00  0.000E+00

       1   1  1.413E-02 -1.954E-04  5.893E-04
     Cauchy  -6.872E+04  3.091E+05  1.744E+03  9.649E+03  3.811E+01 -3.916E+02
     Almansi -2.480E-01  2.156E-01 -7.322E-02  2.368E-02  1.024E-04 -1.942E-03
              3.093E+05  1.746E+03 -6.897E+04  2.862E-01 -6.481E-02 -1.981E-01
              2.329E-02  0.000E+00  0.000E+00  0.000E+00  0.000E+00

       1   1  1.413E-02 -1.954E-04  1.579E-04
     Cauchy  -6.854E+04  3.088E+05  1.649E+03  9.637E+03  3.396E+00  3.877E+02
     Almansi -2.472E-01  2.156E-01 -7.323E-02  2.364E-02 -2.395E-05  1.918E-03
              3.090E+05  1.651E+03 -6.879E+04  2.860E-01 -6.496E-02 -1.977E-01
              2.329E-02  0.000E+00  0.000E+00  0.000E+00  0.000E+00

       1   1  1.374E-02 -1.900E-04  1.584E-04
     Cauchy  -7.176E+04  3.223E+05 -7.253E+02  1.010E+04  1.499E+00  5.274E+02
     Almansi -2.472E-01  2.256E-01 -6.973E-02  2.423E-02 -3.989E-05  2.630E-03
              3.225E+05 -7.214E+02 -7.202E+04  2.969E-01 -6.891E-02 -2.047E-01
              2.329E-02  0.000E+00  0.000E+00  0.000E+00  0.000E+00
 *Command  16 * next time           v:   8.00       3.00       8.00    
                                                         t=     2.234     0.080
 *Command   3 * dt                  v:  0.100       0.00       0.00    
                                                         t=     2.234     0.080
   DT: equal linear increments = 1.000000E-01
 *Command   4 * time                v:   0.00       0.00       0.00    
                                                         t=     2.234     0.080

   Computing solution at time   9.0000E-01 using dt =  1.0000E-01
   Total proportional load is   9.0000E-01
 *Command   5 * loop augment        v:   3.00       11.0       0.00    
                                                         t=     2.242     0.084
 *Command   6 * augm                v:   0.00       0.00       0.00    
                                                         t=     2.242     0.084
   Current Augmented Lagrangian Factor =  1.00000E+00
 *Command   7 * loop newton         v:   50.0       10.0       0.00    
                                                         t=     2.245     0.084
 *Command   8 * utan                v:   1.00       0.00       0.00    
                                                         t=     2.245     0.084
   Residual 1 norm =  4.6237627E-02 Rel =  1.0000000E+00 t=     2.271     0.084
      Convergence: Equations  norm   = F
      Convergence: Individual groups = F
 Condition check: D-max 0.9449E+03; D-min 0.1305E+03; Ratio 0.7238E+01
 Maximum no. diagonal digits lost:  1 in reducing equation    3263
   End Triangular Decomposition                          t=     2.295     0.084
   Number of operations =  249608 plus       20 Mega-ops
  Time: CPU =         2.30 , System =         0.08
--> SOLVE AT  1674.63 Mflops. Time=        0.02
   Energy convergence check
    Initial   =    4.873379017996990E-04 Current   =    4.873379017996990E-04
    Relative  =    1.000000000000000E+00 Tolerance =    1.000000000000000E-16
      Convergence: Energy |R*u| norm = F
      Convergence: Individual groups = F
 *Command   9 * next newton         v:   1.00       8.00       1.00    
                                                         t=     2.297     0.084
 *Command   8 * utan                v:   1.00       0.00       0.00    
                                                         t=     2.297     0.084
   Residual 1 norm =  4.6856470E-02 Rel =  1.0133840E+00 t=     2.323     0.084
      Convergence: Equations  norm   = F
      Convergence: Individual groups = F
 Condition check: D-max 0.9645E+03; D-min 0.1302E+03; Ratio 0.7406E+01
 Maximum no. diagonal digits lost:  1 in reducing equation    3263
   End Triangular Decomposition                          t=     2.345     0.084
   Number of operations =  249608 plus       20 Mega-ops
  Time: CPU =         2.35 , System =         0.08
--> SOLVE AT  1775.67 Mflops. Time=        0.02
   Energy convergence check
    Initial   =    4.873379017996990E-04 Current   =    1.420651143119390E-06
    Relative  =    2.915125496853500E-03 Tolerance =    1.000000000000000E-16
      Convergence: Energy |R*u| norm = F
      Convergence: Individual groups = F
 *Command   9 * next newton         v:   2.00       8.00       2.00    
                                                         t=     2.347     0.084
 *Command   8 * utan                v:   1.00       0.00       0.00    
                                                         t=     2.347     0.084
   Residual 1 norm =  6.7806042E-05 Rel =  1.4664689E-03 t=     2.385     0.084
      Convergence: Equations  norm   = F
      Convergence: Individual groups = F
 Condition check: D-max 0.9650E+03; D-min 0.1302E+03; Ratio 0.7412E+01
 Maximum no. diagonal digits lost:  1 in reducing equation    3263
   End Triangular Decomposition                          t=     2.416     0.085
   Number of operations =  249608 plus       20 Mega-ops
  Time: CPU =         2.42 , System =         0.08
--> SOLVE AT  1327.67 Mflops. Time=        0.03
   Energy convergence check
    Initial   =    4.873379017996990E-04 Current   =    4.443091041572910E-12
    Relative  =    9.117064412935949E-09 Tolerance =    1.000000000000000E-16
      Convergence: Energy |R*u| norm = F
      Convergence: Individual groups = F
 *Command   9 * next newton         v:   3.00       8.00       3.00    
                                                         t=     2.418     0.085
 *Command   8 * utan                v:   1.00       0.00       0.00    
                                                         t=     2.418     0.085
   Residual 1 norm =  3.5807742E-10 Rel =  7.7442862E-09 t=     2.440     0.086
      Convergence: Equations  norm   = T
      Convergence: Individual groups = F
 Condition check: D-max 0.9650E+03; D-min 0.1302E+03; Ratio 0.7412E+01
 Maximum no. diagonal digits lost:  1 in reducing equation    3263
   End Triangular Decomposition                          t=     2.460     0.086
   Number of operations =  249608 plus       20 Mega-ops
  Time: CPU =         2.46 , System =         0.09
--> SOLVE AT  2031.36 Mflops. Time=        0.02
   Energy convergence check
    Initial   =    4.873379017996990E-04 Current   =    1.421571691831793E-22
    Relative  =    2.917014429992095E-19 Tolerance =    1.000000000000000E-16
      Convergence: Energy |R*u| norm = T
      Convergence: Individual groups = T
 *Command   9 * next newton         v:   50.0       8.00       4.00    
                                                         t=     2.461     0.086
 *Command  10 * next augment        v:   1.00       6.00       1.00    
                                                         t=     2.462     0.086
 *Command   6 * augm                v:   0.00       0.00       0.00    
                                                         t=     2.462     0.086
 *Command   7 * loop newton         v:   50.0       10.0       0.00    
                                                         t=     2.464     0.086
 *Command   8 * utan                v:   1.00       0.00       0.00    
                                                         t=     2.464     0.086
   Residual 1 norm =  1.1204685E-14 Rel =  2.4232830E-13 t=     2.483     0.087
      Convergence: Equations  norm   = T
      Convergence: Individual groups = T
 Condition check: D-max 0.9650E+03; D-min 0.1302E+03; Ratio 0.7412E+01
 Maximum no. diagonal digits lost:  1 in reducing equation    3263
   End Triangular Decomposition                          t=     2.504     0.087
   Number of operations =  249608 plus       20 Mega-ops
  Time: CPU =         2.51 , System =         0.09
--> SOLVE AT  1940.64 Mflops. Time=        0.02
   Energy convergence check
    Initial   =    4.873379017996990E-04 Current   =    6.910627659282594E-32
    Relative  =    1.418036158025512E-28 Tolerance =    1.000000000000000E-16
      Convergence: Energy |R*u| norm = T
      Convergence: Individual groups = T
 *Command   9 * next newton         v:   50.0       8.00       1.00    
                                                         t=     2.506     0.087
 *Command  10 * next augment        v:   2.00       6.00       2.00    
                                                         t=     2.506     0.087

   Augmented iteration converged in loop =   2: Maximum gap =  0.0000E+00

 *Command  11 * plot WIPE           v:   0.00       0.00       0.00    
                                                         t=     2.506     0.087
 *Command  12 * plot UNDE           v:   0.00       0.00       0.00    
                                                         t=     2.506     0.087
 *Command  13 * plot MESH           v:   0.00       0.00       0.00    
                                                         t=     2.506     0.087
 *Command  14 * plot DEFO           v:   1.00       1.00       0.00    
                                                         t=     2.506     0.087
  -> Plots on deformed mesh with scale: 1.00000E+00
                     Eigenvector scale: 0.00000E+00
 *Command  15 * stre ne             v:   1.00       0.00       0.00    
                                                         t=     2.507     0.087
 FEAP *** inflated fiber reinforced soft ring - circum. b.c. top surf. linked in 

     Mixed Element Stresses

    Elmt Mat    1-Coord    2-Coord    3-Coord
     Cauchy   11-Stress  22-Stress  33-Stress  12-Stress  23-Stress  13-Stress
     Almansi  11-Strain  22-Strain  33-Strain  12-Strain  23-Strain  31-Strain
               1-Stress   2-Stress   3-Stress  log(lam1)  log(lam2)  log(lam3)
                  log-J     eff-ep  Yld/1-Fib    2-Fiber    3-Fiber

       1   1  1.445E-02 -7.467E-04  5.847E-04
     Cauchy  -8.062E+04  3.947E+05 -6.824E+02  1.880E+04 -2.994E+01 -2.385E+02
     Almansi -3.034E-01  2.520E-01 -8.213E-02  4.393E-02 -1.496E-05 -1.307E-03
              3.954E+05 -6.817E+02 -8.136E+04  3.484E-01 -8.005E-02 -2.417E-01
              2.671E-02  0.000E+00  0.000E+00  0.000E+00  0.000E+00

       1   1  1.483E-02 -7.662E-04  5.825E-04
     Cauchy  -7.722E+04  3.780E+05  1.806E+03  1.804E+04 -2.134E+01 -4.014E+02
     Almansi -3.034E-01  2.418E-01 -8.657E-02  4.322E-02  2.148E-05 -2.186E-03
              3.787E+05  1.808E+03 -7.794E+04  3.361E-01 -7.581E-02 -2.336E-01
              2.671E-02  0.000E+00  0.000E+00  0.000E+00  0.000E+00

       1   1  1.483E-02 -7.662E-04  1.561E-04
     Cauchy  -7.704E+04  3.777E+05  1.701E+03  1.802E+04 -3.809E+01  5.191E+02
     Almansi -3.025E-01  2.418E-01 -8.659E-02  4.314E-02 -1.428E-04  2.834E-03
              3.784E+05  1.705E+03 -7.775E+04  3.359E-01 -7.598E-02 -2.332E-01
              2.671E-02  0.000E+00  0.000E+00  0.000E+00  0.000E+00

       1   1  1.445E-02 -7.466E-04  1.567E-04
     Cauchy  -8.044E+04  3.943E+05 -7.820E+02  1.878E+04 -4.580E+01  6.673E+02
     Almansi -3.025E-01  2.520E-01 -8.215E-02  4.386E-02 -1.780E-04  3.674E-03
              3.951E+05 -7.765E+02 -8.119E+04  3.482E-01 -8.021E-02 -2.412E-01
              2.671E-02  0.000E+00  0.000E+00  0.000E+00  0.000E+00

       1   1  1.447E-02 -2.001E-04  5.847E-04
     Cauchy  -8.104E+04  3.951E+05 -6.824E+02  1.238E+04  4.547E+01 -2.360E+02
     Almansi -3.039E-01  2.525E-01 -8.213E-02  2.894E-02  1.004E-04 -1.303E-03
              3.954E+05 -6.817E+02 -8.136E+04  3.484E-01 -8.005E-02 -2.417E-01
              2.671E-02  0.000E+00  0.000E+00  0.000E+00  0.000E+00

       1   1  1.485E-02 -2.053E-04  5.825E-04
     Cauchy  -7.763E+04  3.784E+05  1.806E+03  1.182E+04  4.755E+01 -3.991E+02
     Almansi -3.039E-01  2.423E-01 -8.657E-02  2.832E-02  1.215E-04 -2.183E-03
              3.787E+05  1.808E+03 -7.794E+04  3.361E-01 -7.581E-02 -2.336E-01
              2.671E-02  0.000E+00  0.000E+00  0.000E+00  0.000E+00

       1   1  1.485E-02 -2.053E-04  1.561E-04
     Cauchy  -7.745E+04  3.781E+05  1.701E+03  1.181E+04  4.059E+00  5.205E+02
     Almansi -3.029E-01  2.423E-01 -8.659E-02  2.826E-02 -4.284E-05  2.838E-03
              3.784E+05  1.705E+03 -7.775E+04  3.359E-01 -7.598E-02 -2.332E-01
              2.671E-02  0.000E+00  0.000E+00  0.000E+00  0.000E+00

       1   1  1.447E-02 -2.000E-04  1.567E-04
     Cauchy  -8.086E+04  3.947E+05 -7.820E+02  1.237E+04  2.055E+00  6.689E+02
     Almansi -3.029E-01  2.525E-01 -8.215E-02  2.889E-02 -6.269E-05  3.678E-03
              3.951E+05 -7.765E+02 -8.119E+04  3.482E-01 -8.021E-02 -2.412E-01
              2.671E-02  0.000E+00  0.000E+00  0.000E+00  0.000E+00
 *Command  16 * next time           v:   9.00       3.00       9.00    
                                                         t=     2.507     0.087
 *Command   3 * dt                  v:  0.100       0.00       0.00    
                                                         t=     2.507     0.087
   DT: equal linear increments = 1.000000E-01
 *Command   4 * time                v:   0.00       0.00       0.00    
                                                         t=     2.507     0.087

   Computing solution at time   1.0000E+00 using dt =  1.0000E-01
   Total proportional load is   1.0000E+00
 *Command   5 * loop augment        v:   3.00       11.0       0.00    
                                                         t=     2.517     0.088
 *Command   6 * augm                v:   0.00       0.00       0.00    
                                                         t=     2.517     0.088
   Current Augmented Lagrangian Factor =  1.00000E+00
 *Command   7 * loop newton         v:   50.0       10.0       0.00    
                                                         t=     2.519     0.088
 *Command   8 * utan                v:   1.00       0.00       0.00    
                                                         t=     2.519     0.088
   Residual 1 norm =  4.8227521E-02 Rel =  1.0000000E+00 t=     2.549     0.089
      Convergence: Equations  norm   = F
      Convergence: Individual groups = F
 Condition check: D-max 0.9650E+03; D-min 0.1293E+03; Ratio 0.7462E+01
 Maximum no. diagonal digits lost:  1 in reducing equation    3263
   End Triangular Decomposition                          t=     2.574     0.090
   Number of operations =  249608 plus       20 Mega-ops
  Time: CPU =         2.58 , System =         0.09
--> SOLVE AT  1645.77 Mflops. Time=        0.02
   Energy convergence check
    Initial   =    5.959904177324394E-04 Current   =    5.959904177324394E-04
    Relative  =    1.000000000000000E+00 Tolerance =    1.000000000000000E-16
      Convergence: Energy |R*u| norm = F
      Convergence: Individual groups = F
 *Command   9 * next newton         v:   1.00       8.00       1.00    
                                                         t=     2.576     0.090
 *Command   8 * utan                v:   1.00       0.00       0.00    
                                                         t=     2.576     0.090
   Residual 1 norm =  6.0172047E-02 Rel =  1.2476703E+00 t=     2.604     0.093
      Convergence: Equations  norm   = F
      Convergence: Individual groups = F
 Condition check: D-max 0.9884E+03; D-min 0.1289E+03; Ratio 0.7665E+01
 Maximum no. diagonal digits lost:  1 in reducing equation    3263
   End Triangular Decomposition                          t=     2.624     0.095
   Number of operations =  249608 plus       20 Mega-ops
  Time: CPU =         2.63 , System =         0.09
--> SOLVE AT  2031.48 Mflops. Time=        0.02
   Energy convergence check
    Initial   =    5.959904177324394E-04 Current   =    2.201387612987923E-06
    Relative  =    3.693662762840261E-03 Tolerance =    1.000000000000000E-16
      Convergence: Energy |R*u| norm = F
      Convergence: Individual groups = F
 *Command   9 * next newton         v:   2.00       8.00       2.00    
                                                         t=     2.626     0.095
 *Command   8 * utan                v:   1.00       0.00       0.00    
                                                         t=     2.626     0.095
   Residual 1 norm =  1.0638445E-04 Rel =  2.2058867E-03 t=     2.653     0.095
      Convergence: Equations  norm   = F
      Convergence: Individual groups = F
 Condition check: D-max 0.9890E+03; D-min 0.1289E+03; Ratio 0.7674E+01
 Maximum no. diagonal digits lost:  1 in reducing equation    3263
   End Triangular Decomposition                          t=     2.685     0.096
   Number of operations =  249608 plus       20 Mega-ops
  Time: CPU =         2.69 , System =         0.10
--> SOLVE AT  1254.35 Mflops. Time=        0.03
   Energy convergence check
    Initial   =    5.959904177324394E-04 Current   =    9.706939900888026E-12
    Relative  =    1.628707377178974E-08 Tolerance =    1.000000000000000E-16
      Convergence: Energy |R*u| norm = F
      Convergence: Individual groups = F
 *Command   9 * next newton         v:   3.00       8.00       3.00    
                                                         t=     2.687     0.096
 *Command   8 * utan                v:   1.00       0.00       0.00    
                                                         t=     2.687     0.096
   Residual 1 norm =  7.7313223E-10 Rel =  1.6030934E-08 t=     2.713     0.097
      Convergence: Equations  norm   = F
      Convergence: Individual groups = F
 Condition check: D-max 0.9890E+03; D-min 0.1289E+03; Ratio 0.7674E+01
 Maximum no. diagonal digits lost:  1 in reducing equation    3263
   End Triangular Decomposition                          t=     2.736     0.097
   Number of operations =  249608 plus       20 Mega-ops
  Time: CPU =         2.74 , System =         0.10
--> SOLVE AT  1773.46 Mflops. Time=        0.02
   Energy convergence check
    Initial   =    5.959904177324394E-04 Current   =    7.976533140188538E-22
    Relative  =    1.338366004362419E-18 Tolerance =    1.000000000000000E-16
      Convergence: Energy |R*u| norm = T
      Convergence: Individual groups = T
 *Command   9 * next newton         v:   50.0       8.00       4.00    
                                                         t=     2.738     0.097
 *Command  10 * next augment        v:   1.00       6.00       1.00    
                                                         t=     2.738     0.097
 *Command   6 * augm                v:   0.00       0.00       0.00    
                                                         t=     2.738     0.097
 *Command   7 * loop newton         v:   50.0       10.0       0.00    
                                                         t=     2.740     0.097
 *Command   8 * utan                v:   1.00       0.00       0.00    
                                                         t=     2.740     0.097
   Residual 1 norm =  1.6550292E-14 Rel =  3.4317111E-13 t=     2.763     0.097
      Convergence: Equations  norm   = T
      Convergence: Individual groups = T
 Condition check: D-max 0.9890E+03; D-min 0.1289E+03; Ratio 0.7674E+01
 Maximum no. diagonal digits lost:  1 in reducing equation    3263
   End Triangular Decomposition                          t=     2.783     0.097
   Number of operations =  249608 plus       20 Mega-ops
  Time: CPU =         2.78 , System =         0.10
--> SOLVE AT  2036.67 Mflops. Time=        0.02
   Energy convergence check
    Initial   =    5.959904177324394E-04 Current   =    1.214368267934947E-31
    Relative  =    2.037563410088447E-28 Tolerance =    1.000000000000000E-16
      Convergence: Energy |R*u| norm = T
      Convergence: Individual groups = T
 *Command   9 * next newton         v:   50.0       8.00       1.00    
                                                         t=     2.785     0.097
 *Command  10 * next augment        v:   2.00       6.00       2.00    
                                                         t=     2.785     0.097

   Augmented iteration converged in loop =   2: Maximum gap =  0.0000E+00

 *Command  11 * plot WIPE           v:   0.00       0.00       0.00    
                                                         t=     2.785     0.097
 *Command  12 * plot UNDE           v:   0.00       0.00       0.00    
                                                         t=     2.785     0.097
 *Command  13 * plot MESH           v:   0.00       0.00       0.00    
                                                         t=     2.785     0.097
 *Command  14 * plot DEFO           v:   1.00       1.00       0.00    
                                                         t=     2.786     0.097
  -> Plots on deformed mesh with scale: 1.00000E+00
                     Eigenvector scale: 0.00000E+00
 *Command  15 * stre ne             v:   1.00       0.00       0.00    
                                                         t=     2.786     0.097
 FEAP *** inflated fiber reinforced soft ring - circum. b.c. top surf. linked in 

     Mixed Element Stresses

    Elmt Mat    1-Coord    2-Coord    3-Coord
     Cauchy   11-Stress  22-Stress  33-Stress  12-Stress  23-Stress  13-Stress
     Almansi  11-Strain  22-Strain  33-Strain  12-Strain  23-Strain  31-Strain
               1-Stress   2-Stress   3-Stress  log(lam1)  log(lam2)  log(lam3)
                  log-J     eff-ep  Yld/1-Fib    2-Fiber    3-Fiber

       1   1  1.530E-02 -7.905E-04  5.779E-04
     Cauchy  -8.970E+04  4.822E+05 -7.330E+02  2.238E+04 -4.304E+01 -2.103E+02
     Almansi -3.706E-01  2.786E-01 -9.590E-02  5.080E-02 -2.950E-05 -1.281E-03
              4.830E+05 -7.325E+02 -9.057E+04  4.049E-01 -9.227E-02 -2.824E-01
              3.028E-02  0.000E+00  0.000E+00  0.000E+00  0.000E+00

       1   1  1.566E-02 -8.093E-04  5.752E-04
     Cauchy  -8.615E+04  4.616E+05  1.812E+03  2.149E+04 -3.391E+01 -3.824E+02
     Almansi -3.706E-01  2.683E-01 -1.015E-01  5.012E-02  1.206E-05 -2.317E-03
              4.625E+05  1.813E+03 -8.700E+04  3.914E-01 -8.781E-02 -2.733E-01
              3.028E-02  0.000E+00  0.000E+00  0.000E+00  0.000E+00

       1   1  1.566E-02 -8.092E-04  1.541E-04
     Cauchy  -8.597E+04  4.612E+05  1.700E+03  2.146E+04 -4.978E+01  6.853E+02
     Almansi -3.694E-01  2.683E-01 -1.015E-01  5.003E-02 -2.002E-04  4.169E-03
              4.621E+05  1.705E+03 -8.681E+04  3.911E-01 -8.800E-02 -2.728E-01
              3.028E-02  0.000E+00  0.000E+00  0.000E+00  0.000E+00

       1   1  1.530E-02 -7.904E-04  1.549E-04
     Cauchy  -8.951E+04  4.817E+05 -8.400E+02  2.235E+04 -5.774E+01  8.382E+02
     Almansi -3.694E-01  2.785E-01 -9.592E-02  5.071E-02 -2.398E-04  5.143E-03
              4.826E+05 -8.322E+02 -9.039E+04  4.046E-01 -9.245E-02 -2.819E-01
              3.028E-02  0.000E+00  0.000E+00  0.000E+00  0.000E+00

       1   1  1.532E-02 -2.118E-04  5.779E-04
     Cauchy  -9.017E+04  4.826E+05 -7.330E+02  1.514E+04  5.670E+01 -2.070E+02
     Almansi -3.711E-01  2.791E-01 -9.590E-02  3.436E-02  1.132E-04 -1.277E-03
              4.830E+05 -7.325E+02 -9.057E+04  4.049E-01 -9.227E-02 -2.824E-01
              3.028E-02  0.000E+00  0.000E+00  0.000E+00  0.000E+00

       1   1  1.568E-02 -2.168E-04  5.752E-04
     Cauchy  -8.662E+04  4.621E+05  1.812E+03  1.445E+04  5.884E+01 -3.794E+02
     Almansi -3.711E-01  2.689E-01 -1.015E-01  3.370E-02  1.395E-04 -2.313E-03
              4.625E+05  1.813E+03 -8.700E+04  3.914E-01 -8.781E-02 -2.733E-01
              3.028E-02  0.000E+00  0.000E+00  0.000E+00  0.000E+00

       1   1  1.568E-02 -2.168E-04  1.541E-04
     Cauchy  -8.643E+04  4.617E+05  1.700E+03  1.443E+04  4.853E+00  6.871E+02
     Almansi -3.700E-01  2.688E-01 -1.015E-01  3.363E-02 -7.284E-05  4.173E-03
              4.621E+05  1.705E+03 -8.681E+04  3.911E-01 -8.800E-02 -2.728E-01
              3.028E-02  0.000E+00  0.000E+00  0.000E+00  0.000E+00

       1   1  1.532E-02 -2.118E-04  1.549E-04
     Cauchy  -8.998E+04  4.822E+05 -8.400E+02  1.512E+04  2.802E+00  8.401E+02
     Almansi -3.700E-01  2.791E-01 -9.592E-02  3.430E-02 -9.712E-05  5.148E-03
              4.826E+05 -8.322E+02 -9.039E+04  4.046E-01 -9.245E-02 -2.819E-01
              3.028E-02  0.000E+00  0.000E+00  0.000E+00  0.000E+00
 *Command  16 * next time           v:   10.0       3.00       10.0    
                                                         t=     2.787     0.097
 *Command  17 * stre NODE           v:   8.00       14.0       1.00    
                                                         t=     2.787     0.097

 FEAP *** inflated fiber reinforced soft ring - circum. b.c. top surf. linked i

   N o d a l   P r o j e c t i o n s

    Node    Material    1-Coord.    2-Coord.    3-Coord.
          1-Pr.Value  2-Pr.Value  3-Pr.Value   Max Shear
           I_1 Value Mises Value   J_3 Value
             1 Value     2 Value     3 Value     4 Value     5 Value     6 Value
             7 Value     8 Value     9 Value    10 Value    11 Value    12 Value
    ----------------------------------------------------------------------------
       8       1      1.0000E-02  0.0000E+00  0.0000E+00
          4.8971E+05 -1.7899E+03 -9.1409E+04  2.9056E+05
          1.3217E+05  5.4190E+05  7.4249E+15
         -9.1391E+04  4.8971E+05 -1.8081E+03 -1.5425E-09 -2.2690E-10  1.2774E+03
         -3.6975E-01  2.8297E-01 -9.3892E-02 -3.4278E-15 -3.3908E-16  7.8499E-03
       9       1      1.0833E-02  0.0000E+00  0.0000E+00
          4.4497E+05 -1.9108E+01 -7.7658E+04  2.6132E+05
          1.2243E+05  4.8846E+05  5.4794E+15
         -7.7645E+04  4.4497E+05 -3.2240E+01  5.8753E-10 -2.2946E-11  1.0096E+03
         -3.3309E-01  2.6529E-01 -1.0356E-01  1.3219E-15 -5.6961E-17  5.9379E-03
      10       1      1.1667E-02  0.0000E+00  0.0000E+00
          4.0000E+05 -9.7269E+01 -5.8099E+04  2.2905E+05
          1.1394E+05  4.3203E+05  3.8911E+15
         -5.8093E+04  4.0000E+05 -1.0418E+02 -7.0577E-10 -1.3961E-11  6.3314E+02
         -2.6906E-01  2.4922E-01 -1.0903E-01 -1.6029E-15 -1.3857E-17  3.4745E-03
      11       1      1.2500E-02  0.0000E+00  0.0000E+00
          3.6441E+05 -5.3519E-02 -4.0791E+04  2.0260E+05
          1.0787E+05  3.8642E+05  2.8525E+15
         -4.0785E+04  3.6441E+05 -5.6764E+00  2.2737E-10  3.7335E-11  4.7888E+02
         -2.1981E-01  2.3466E-01 -1.1353E-01  5.4817E-16  7.6528E-17  2.4812E-03
      12       1      1.3333E-02  0.0000E+00  0.0000E+00
          3.3542E+05  4.4106E+01 -2.5496E+04  1.8046E+05
          1.0332E+05  3.4885E+05  2.1410E+15
         -2.5491E+04  3.3542E+05  3.9328E+01  5.5661E-10 -9.1859E-11  3.4931E+02
         -1.8051E-01  2.2150E-01 -1.1711E-01  1.2247E-15 -1.9433E-16  1.7227E-03
      13       1      1.4167E-02  0.0000E+00  0.0000E+00
          3.1132E+05  5.9283E+01 -1.2073E+04  1.6170E+05
          9.9769E+04  3.1750E+05  1.6358E+15
         -1.2064E+04  3.1132E+05  5.0668E+01 -1.0095E-10 -1.0748E-10  3.2318E+02
         -1.4865E-01  2.0962E-01 -1.1971E-01 -2.0990E-16 -2.2753E-16  1.5274E-03
      14       1      1.5000E-02  0.0000E+00  0.0000E+00
          2.9464E+05  8.9380E+02 -3.9518E+03  1.4930E+05
          9.7193E+04  2.9620E+05  1.3334E+15
         -3.9245E+03  2.9464E+05  8.6646E+02 -4.9840E-10  2.8467E-10  3.6294E+02
         -1.3421E-01  1.9891E-01 -1.2307E-01 -1.1276E-15  5.9767E-16  1.6757E-03
 *End of Solution Execution*                             t=     2.801     0.097
 *Command   1 * stre                v:   1.00       0.00       0.00    
                                                         t=     2.802     0.097
 FEAP *** inflated fiber reinforced soft ring - circum. b.c. top surf. linked in 

     Mixed Element Stresses

    Elmt Mat    1-Coord    2-Coord    3-Coord
     Cauchy   11-Stress  22-Stress  33-Stress  12-Stress  23-Stress  13-Stress
     Almansi  11-Strain  22-Strain  33-Strain  12-Strain  23-Strain  31-Strain
               1-Stress   2-Stress   3-Stress  log(lam1)  log(lam2)  log(lam3)
                  log-J     eff-ep  Yld/1-Fib    2-Fiber    3-Fiber

       1   1  1.530E-02 -7.905E-04  5.779E-04
     Cauchy  -8.970E+04  4.822E+05 -7.330E+02  2.238E+04 -4.304E+01 -2.103E+02
     Almansi -3.706E-01  2.786E-01 -9.590E-02  5.080E-02 -2.950E-05 -1.281E-03
              4.830E+05 -7.325E+02 -9.057E+04  4.049E-01 -9.227E-02 -2.824E-01
              3.028E-02  0.000E+00  0.000E+00  0.000E+00  0.000E+00

       1   1  1.566E-02 -8.093E-04  5.752E-04
     Cauchy  -8.615E+04  4.616E+05  1.812E+03  2.149E+04 -3.391E+01 -3.824E+02
     Almansi -3.706E-01  2.683E-01 -1.015E-01  5.012E-02  1.206E-05 -2.317E-03
              4.625E+05  1.813E+03 -8.700E+04  3.914E-01 -8.781E-02 -2.733E-01
              3.028E-02  0.000E+00  0.000E+00  0.000E+00  0.000E+00

       1   1  1.566E-02 -8.092E-04  1.541E-04
     Cauchy  -8.597E+04  4.612E+05  1.700E+03  2.146E+04 -4.978E+01  6.853E+02
     Almansi -3.694E-01  2.683E-01 -1.015E-01  5.003E-02 -2.002E-04  4.169E-03
              4.621E+05  1.705E+03 -8.681E+04  3.911E-01 -8.800E-02 -2.728E-01
              3.028E-02  0.000E+00  0.000E+00  0.000E+00  0.000E+00

       1   1  1.530E-02 -7.904E-04  1.549E-04
     Cauchy  -8.951E+04  4.817E+05 -8.400E+02  2.235E+04 -5.774E+01  8.382E+02
     Almansi -3.694E-01  2.785E-01 -9.592E-02  5.071E-02 -2.398E-04  5.143E-03
              4.826E+05 -8.322E+02 -9.039E+04  4.046E-01 -9.245E-02 -2.819E-01
              3.028E-02  0.000E+00  0.000E+00  0.000E+00  0.000E+00

       1   1  1.532E-02 -2.118E-04  5.779E-04
     Cauchy  -9.017E+04  4.826E+05 -7.330E+02  1.514E+04  5.670E+01 -2.070E+02
     Almansi -3.711E-01  2.791E-01 -9.590E-02  3.436E-02  1.132E-04 -1.277E-03
              4.830E+05 -7.325E+02 -9.057E+04  4.049E-01 -9.227E-02 -2.824E-01
              3.028E-02  0.000E+00  0.000E+00  0.000E+00  0.000E+00

       1   1  1.568E-02 -2.168E-04  5.752E-04
     Cauchy  -8.662E+04  4.621E+05  1.812E+03  1.445E+04  5.884E+01 -3.794E+02
     Almansi -3.711E-01  2.689E-01 -1.015E-01  3.370E-02  1.395E-04 -2.313E-03
              4.625E+05  1.813E+03 -8.700E+04  3.914E-01 -8.781E-02 -2.733E-01
              3.028E-02  0.000E+00  0.000E+00  0.000E+00  0.000E+00

       1   1  1.568E-02 -2.168E-04  1.541E-04
     Cauchy  -8.643E+04  4.617E+05  1.700E+03  1.443E+04  4.853E+00  6.871E+02
     Almansi -3.700E-01  2.688E-01 -1.015E-01  3.363E-02 -7.284E-05  4.173E-03
              4.621E+05  1.705E+03 -8.681E+04  3.911E-01 -8.800E-02 -2.728E-01
              3.028E-02  0.000E+00  0.000E+00  0.000E+00  0.000E+00

       1   1  1.532E-02 -2.118E-04  1.549E-04
     Cauchy  -8.998E+04  4.822E+05 -8.400E+02  1.512E+04  2.802E+00  8.401E+02
     Almansi -3.700E-01  2.791E-01 -9.592E-02  3.430E-02 -9.712E-05  5.148E-03
              4.826E+05 -8.322E+02 -9.039E+04  4.046E-01 -9.245E-02 -2.819E-01
              3.028E-02  0.000E+00  0.000E+00  0.000E+00  0.000E+00
 *Command   1 * plot wipe           v:   0.00       0.00       0.00    
                                                         t=     2.803     0.098
 *Command   1 * plot mesh           v:   0.00       0.00       0.00    
                                                         t=     2.804     0.098
 *Command   1 * plot elem           v:   1.00       0.00       0.00    
                                                         t=     2.804     0.099
 *End of Solution Execution*                             t=     2.805     0.116

 *End of <FEAP> solution,  File: Osweep3                                                                                                                         

