 FEAP *** inflated fiber reinforced soft ring - circum. b.c. top surf. linked in

     Solution date: Mon Aug 10 13:48:37 2026

              Release 8.7.1b      
              03 July 2026        

     Input Data Filename: Isweep3                                                                                                                         

     Number of Nodal Points  - - - - - - :     2134
     Number of Elements  - - - - - - - - :     1056

     Spatial Dimension of Mesh - - - - - :        3
     Degrees-of-Freedom/Node (Maximum) - :        3
     Equations/Element       (Maximum) - :        0
     Number Element Nodes    (Maximum) - :        8

     Number of Material Sets - - - - - - :        2
     Number Parameters/Set   (Program) - :      350
     Number Parameters/Set   (Users  ) - :      150

     Number Added Element Equations  - - :        0

  C o n s t a n t    V a l u e s

     Constant pi =  3.14159265E+00
     Constant pr =  1.00000000E+05
     Constant ri =  1.00000000E-02
     Constant ro =  1.50000000E-02
     Constant ht =  5.00000000E-03
     Constant nl =  6.00000000E+00
     Constant lt =  8.33333333E-04
     Constant to =  1.00000000E-04
     Constant em =  1.00000000E+06
     Constant nu =  4.20000000E-01
     Constant rh =  1.06000000E+03
     Constant dt =  1.00000000E-01
     Constant ta =  1.00000000E+00
     Constant ln =  5.00000000E+01
     Constant la =  3.00000000E+00

 FEAP *** inflated fiber reinforced soft ring - circum. b.c. top surf. linked i

   M a t e r i a l    P r o p e r t i e s

     Material Set Number   1: Element Type: SOLID:                           
     Degree of Freedom Assignments    Local    Global
                                     Number    Number
                                        1         1
                                        2         2
                                        3         3

     T h r e e   D i m e n s i o n a l   S o l i d   E l e m e n t

     M e c h a n i c a l   P r o p e r t i e s

     NeoHookean Stored Energy Function 

          3-Dimensional Analysis

          Modulus E        1.00000E+06
          Poisson ratio    0.42000
          Bulk Modulus     2.08333E+06
          Shear Modulus    3.52113E+05

          Volume Model     2
               1: U(J) = 0.25*(J**2 - 1 - 2 * ln J)
               2: U(J) = 0.50*(J - 1)**2
               3: U(J) = 0.50*(ln J)**2
               4: U(J) = 2.00*(J - 1 - ln J)
               5: None: Incompressible

          Density          1.06000E+03

          1-Gravity Load   0.00000E+00
          2-Gravity Load   0.00000E+00
          3-Gravity Load   0.00000E+00
          Wave speed - c_o 4.90746E+01
          Implicit time integration: theta =:, 0.00000

     C o n s t i t u t i v e    S t a r t

          Start state  : Elastic

     E l e m e n t    M o d e l

          Formulation  : Finite Deformation Mixed       
          Element type : Mixed
          Plot Output  : On
          Augmenting   : Off
          Interpolation: Lagrangian Polynomials
          Mass type    : Consistent.
          History terms/pt  =     0

 FEAP *** inflated fiber reinforced soft ring - circum. b.c. top surf. linked i

   M a t e r i a l    P r o p e r t i e s

     Material Set Number   2: Element Type: PRESs:                           
     Degree of Freedom Assignments    Local    Global
                                     Number    Number
                                        1         1
                                        2         2
                                        3         3

     P r e s s u r e   L o a d i n g

          Loading Intensity      1.0000E+05
          Proportional Load No.           1
          Gradient Intensity     0.0000E+00
          Proportional Load No.           0
          Follower Loading
          Three dimensional analysis
          Gauss quadrature
          Surface plot on 

 FEAP *** inflated fiber reinforced soft ring - circum. b.c. top surf. linked in 

   3-D   M e s h   f r o m   2-D   M e s h

           2-d File Name: Isect.rev      

  C o n s t a n t    V a l u e s

     Constant pr =  1.00000000E+10
     Constant ri =  1.00000000E-02
     Constant ro =  1.50000000E-02
     Constant ht =  5.00000000E-03
     Constant em =  1.00000000E+06
     Constant nu =  4.20000000E-01
     Constant rh =  1.06000000E+03

           Spline Definition for 3-d mesh

            Cylindrical sweep
           Generate   96 segments

           Rotate on   4 axis

           Center at:  0.0000E+00  0.0000E+00  0.0000E+00

           Node     1-Coord     2-Coord     3-Coord
              1  0.0000E+00  0.0000E+00  0.0000E+00
              2  3.6000E+02  0.0000E+00  0.0000E+00

 FEAP *** inflated fiber reinforced soft ring - circum. b.c. top surf. linked in 

   N o d a l   C o o r d i n a t e s

      Node     1-Coord     2-Coord     3-Coord
         1  1.0000E-02  0.0000E+00  8.0000E-04
         2  1.0500E-02  0.0000E+00  8.0000E-04
         3  1.1000E-02  0.0000E+00  8.0000E-04
         4  1.1500E-02  0.0000E+00  8.0000E-04
         5  1.2000E-02  0.0000E+00  8.0000E-04
         6  1.2500E-02  0.0000E+00  8.0000E-04
         7  1.3000E-02  0.0000E+00  8.0000E-04
         8  1.3500E-02  0.0000E+00  8.0000E-04
         9  1.4000E-02  0.0000E+00  8.0000E-04
        10  1.4500E-02  0.0000E+00  8.0000E-04
        11  1.5000E-02  0.0000E+00  8.0000E-04
        12  1.0000E-02  0.0000E+00  0.0000E+00
        13  1.0500E-02  0.0000E+00  0.0000E+00
        14  1.1000E-02  0.0000E+00  0.0000E+00
        15  1.1500E-02  0.0000E+00  0.0000E+00
        16  1.2000E-02  0.0000E+00  0.0000E+00
        17  1.2500E-02  0.0000E+00  0.0000E+00
        18  1.3000E-02  0.0000E+00  0.0000E+00
        19  1.3500E-02  0.0000E+00  0.0000E+00
        20  1.4000E-02  0.0000E+00  0.0000E+00
        21  1.4500E-02  0.0000E+00  0.0000E+00
        22  1.5000E-02  0.0000E+00  0.0000E+00
        23  9.9786E-03  6.5403E-04  8.0000E-04
        24  1.0478E-02  6.8673E-04  8.0000E-04
        25  1.0976E-02  7.1943E-04  8.0000E-04
        26  1.1475E-02  7.5214E-04  8.0000E-04
        27  1.1974E-02  7.8484E-04  8.0000E-04
        28  1.2473E-02  8.1754E-04  8.0000E-04
        29  1.2972E-02  8.5024E-04  8.0000E-04
        30  1.3471E-02  8.8294E-04  8.0000E-04
        31  1.3970E-02  9.1564E-04  8.0000E-04
        32  1.4469E-02  9.4835E-04  8.0000E-04
        33  1.4968E-02  9.8105E-04  8.0000E-04
        34  9.9786E-03  6.5403E-04  0.0000E+00
        35  1.0478E-02  6.8673E-04  0.0000E+00
        36  1.0976E-02  7.1943E-04  0.0000E+00
        37  1.1475E-02  7.5214E-04  0.0000E+00
        38  1.1974E-02  7.8484E-04  0.0000E+00
        39  1.2473E-02  8.1754E-04  0.0000E+00
        40  1.2972E-02  8.5024E-04  0.0000E+00
        41  1.3471E-02  8.8294E-04  0.0000E+00
        42  1.3970E-02  9.1564E-04  0.0000E+00
        43  1.4469E-02  9.4835E-04  0.0000E+00
        44  1.4968E-02  9.8105E-04  0.0000E+00
        45  9.9144E-03  1.3053E-03  8.0000E-04
        46  1.0410E-02  1.3705E-03  8.0000E-04
        47  1.0906E-02  1.4358E-03  8.0000E-04
        48  1.1402E-02  1.5011E-03  8.0000E-04
        49  1.1897E-02  1.5663E-03  8.0000E-04
        50  1.2393E-02  1.6316E-03  8.0000E-04
        51  1.2889E-02  1.6968E-03  8.0000E-04
        52  1.3385E-02  1.7621E-03  8.0000E-04
        53  1.3880E-02  1.8274E-03  8.0000E-04
        54  1.4376E-02  1.8926E-03  8.0000E-04
        55  1.4872E-02  1.9579E-03  8.0000E-04
        56  9.9144E-03  1.3053E-03  0.0000E+00
        57  1.0410E-02  1.3705E-03  0.0000E+00
        58  1.0906E-02  1.4358E-03  0.0000E+00
        59  1.1402E-02  1.5011E-03  0.0000E+00
        60  1.1897E-02  1.5663E-03  0.0000E+00
        61  1.2393E-02  1.6316E-03  0.0000E+00
        62  1.2889E-02  1.6968E-03  0.0000E+00
        63  1.3385E-02  1.7621E-03  0.0000E+00
        64  1.3880E-02  1.8274E-03  0.0000E+00
        65  1.4376E-02  1.8926E-03  0.0000E+00
        66  1.4872E-02  1.9579E-03  0.0000E+00
        67  9.8079E-03  1.9509E-03  8.0000E-04
        68  1.0298E-02  2.0484E-03  8.0000E-04
        69  1.0789E-02  2.1460E-03  8.0000E-04
        70  1.1279E-02  2.2435E-03  8.0000E-04
        71  1.1769E-02  2.3411E-03  8.0000E-04
        72  1.2260E-02  2.4386E-03  8.0000E-04
        73  1.2750E-02  2.5362E-03  8.0000E-04
        74  1.3241E-02  2.6337E-03  8.0000E-04
        75  1.3731E-02  2.7313E-03  8.0000E-04
        76  1.4221E-02  2.8288E-03  8.0000E-04
        77  1.4712E-02  2.9264E-03  8.0000E-04
        78  9.8079E-03  1.9509E-03  0.0000E+00
        79  1.0298E-02  2.0484E-03  0.0000E+00
        80  1.0789E-02  2.1460E-03  0.0000E+00
        81  1.1279E-02  2.2435E-03  0.0000E+00
        82  1.1769E-02  2.3411E-03  0.0000E+00
        83  1.2260E-02  2.4386E-03  0.0000E+00
        84  1.2750E-02  2.5362E-03  0.0000E+00
        85  1.3241E-02  2.6337E-03  0.0000E+00
        86  1.3731E-02  2.7313E-03  0.0000E+00
        87  1.4221E-02  2.8288E-03  0.0000E+00
        88  1.4712E-02  2.9264E-03  0.0000E+00
        89  9.6593E-03  2.5882E-03  8.0000E-04
        90  1.0142E-02  2.7176E-03  8.0000E-04
        91  1.0625E-02  2.8470E-03  8.0000E-04
        92  1.1108E-02  2.9764E-03  8.0000E-04
        93  1.1591E-02  3.1058E-03  8.0000E-04
        94  1.2074E-02  3.2352E-03  8.0000E-04
        95  1.2557E-02  3.3646E-03  8.0000E-04
        96  1.3040E-02  3.4941E-03  8.0000E-04
        97  1.3523E-02  3.6235E-03  8.0000E-04
        98  1.4006E-02  3.7529E-03  8.0000E-04
        99  1.4489E-02  3.8823E-03  8.0000E-04
       100  9.6593E-03  2.5882E-03  0.0000E+00
       101  1.0142E-02  2.7176E-03  0.0000E+00
       102  1.0625E-02  2.8470E-03  0.0000E+00
       103  1.1108E-02  2.9764E-03  0.0000E+00
       104  1.1591E-02  3.1058E-03  0.0000E+00
       105  1.2074E-02  3.2352E-03  0.0000E+00
       106  1.2557E-02  3.3646E-03  0.0000E+00
       107  1.3040E-02  3.4941E-03  0.0000E+00
       108  1.3523E-02  3.6235E-03  0.0000E+00
       109  1.4006E-02  3.7529E-03  0.0000E+00
       110  1.4489E-02  3.8823E-03  0.0000E+00
       111  9.4693E-03  3.2144E-03  8.0000E-04
       112  9.9428E-03  3.3751E-03  8.0000E-04
       113  1.0416E-02  3.5358E-03  8.0000E-04
       114  1.0890E-02  3.6966E-03  8.0000E-04
       115  1.1363E-02  3.8573E-03  8.0000E-04
       116  1.1837E-02  4.0180E-03  8.0000E-04
       117  1.2310E-02  4.1787E-03  8.0000E-04
       118  1.2784E-02  4.3394E-03  8.0000E-04
       119  1.3257E-02  4.5002E-03  8.0000E-04
       120  1.3730E-02  4.6609E-03  8.0000E-04
       121  1.4204E-02  4.8216E-03  8.0000E-04
       122  9.4693E-03  3.2144E-03  0.0000E+00
       123  9.9428E-03  3.3751E-03  0.0000E+00
       124  1.0416E-02  3.5358E-03  0.0000E+00
       125  1.0890E-02  3.6966E-03  0.0000E+00
       126  1.1363E-02  3.8573E-03  0.0000E+00
       127  1.1837E-02  4.0180E-03  0.0000E+00
       128  1.2310E-02  4.1787E-03  0.0000E+00
       129  1.2784E-02  4.3394E-03  0.0000E+00
       130  1.3257E-02  4.5002E-03  0.0000E+00
       131  1.3730E-02  4.6609E-03  0.0000E+00
       132  1.4204E-02  4.8216E-03  0.0000E+00
       133  9.2388E-03  3.8268E-03  8.0000E-04
       134  9.7007E-03  4.0182E-03  8.0000E-04
       135  1.0163E-02  4.2095E-03  8.0000E-04
       136  1.0625E-02  4.4009E-03  8.0000E-04
       137  1.1087E-02  4.5922E-03  8.0000E-04
       138  1.1548E-02  4.7835E-03  8.0000E-04
       139  1.2010E-02  4.9749E-03  8.0000E-04
       140  1.2472E-02  5.1662E-03  8.0000E-04
       141  1.2934E-02  5.3576E-03  8.0000E-04
       142  1.3396E-02  5.5489E-03  8.0000E-04
       143  1.3858E-02  5.7403E-03  8.0000E-04
       144  9.2388E-03  3.8268E-03  0.0000E+00
       145  9.7007E-03  4.0182E-03  0.0000E+00
       146  1.0163E-02  4.2095E-03  0.0000E+00
       147  1.0625E-02  4.4009E-03  0.0000E+00
       148  1.1087E-02  4.5922E-03  0.0000E+00
       149  1.1548E-02  4.7835E-03  0.0000E+00
       150  1.2010E-02  4.9749E-03  0.0000E+00
       151  1.2472E-02  5.1662E-03  0.0000E+00
       152  1.2934E-02  5.3576E-03  0.0000E+00
       153  1.3396E-02  5.5489E-03  0.0000E+00
       154  1.3858E-02  5.7403E-03  0.0000E+00
       155  8.9687E-03  4.4229E-03  8.0000E-04
       156  9.4172E-03  4.6440E-03  8.0000E-04
       157  9.8656E-03  4.8652E-03  8.0000E-04
       158  1.0314E-02  5.0863E-03  8.0000E-04
       159  1.0762E-02  5.3075E-03  8.0000E-04
       160  1.1211E-02  5.5286E-03  8.0000E-04
       161  1.1659E-02  5.7498E-03  8.0000E-04
       162  1.2108E-02  5.9709E-03  8.0000E-04
       163  1.2556E-02  6.1920E-03  8.0000E-04
       164  1.3005E-02  6.4132E-03  8.0000E-04
       165  1.3453E-02  6.6343E-03  8.0000E-04
       166  8.9687E-03  4.4229E-03  0.0000E+00
       167  9.4172E-03  4.6440E-03  0.0000E+00
       168  9.8656E-03  4.8652E-03  0.0000E+00
       169  1.0314E-02  5.0863E-03  0.0000E+00
       170  1.0762E-02  5.3075E-03  0.0000E+00
       171  1.1211E-02  5.5286E-03  0.0000E+00
       172  1.1659E-02  5.7498E-03  0.0000E+00
       173  1.2108E-02  5.9709E-03  0.0000E+00
       174  1.2556E-02  6.1920E-03  0.0000E+00
       175  1.3005E-02  6.4132E-03  0.0000E+00
       176  1.3453E-02  6.6343E-03  0.0000E+00
       177  8.6603E-03  5.0000E-03  8.0000E-04
       178  9.0933E-03  5.2500E-03  8.0000E-04
       179  9.5263E-03  5.5000E-03  8.0000E-04
       180  9.9593E-03  5.7500E-03  8.0000E-04
       181  1.0392E-02  6.0000E-03  8.0000E-04
       182  1.0825E-02  6.2500E-03  8.0000E-04
       183  1.1258E-02  6.5000E-03  8.0000E-04
       184  1.1691E-02  6.7500E-03  8.0000E-04
       185  1.2124E-02  7.0000E-03  8.0000E-04
       186  1.2557E-02  7.2500E-03  8.0000E-04
       187  1.2990E-02  7.5000E-03  8.0000E-04
       188  8.6603E-03  5.0000E-03  0.0000E+00
       189  9.0933E-03  5.2500E-03  0.0000E+00
       190  9.5263E-03  5.5000E-03  0.0000E+00
       191  9.9593E-03  5.7500E-03  0.0000E+00
       192  1.0392E-02  6.0000E-03  0.0000E+00
       193  1.0825E-02  6.2500E-03  0.0000E+00
       194  1.1258E-02  6.5000E-03  0.0000E+00
       195  1.1691E-02  6.7500E-03  0.0000E+00
       196  1.2124E-02  7.0000E-03  0.0000E+00
       197  1.2557E-02  7.2500E-03  0.0000E+00
       198  1.2990E-02  7.5000E-03  0.0000E+00
       199  8.3147E-03  5.5557E-03  8.0000E-04
       200  8.7304E-03  5.8335E-03  8.0000E-04
       201  9.1462E-03  6.1113E-03  8.0000E-04
       202  9.5619E-03  6.3891E-03  8.0000E-04
       203  9.9776E-03  6.6668E-03  8.0000E-04
       204  1.0393E-02  6.9446E-03  8.0000E-04
       205  1.0809E-02  7.2224E-03  8.0000E-04
       206  1.1225E-02  7.5002E-03  8.0000E-04
       207  1.1641E-02  7.7780E-03  8.0000E-04
       208  1.2056E-02  8.0558E-03  8.0000E-04
       209  1.2472E-02  8.3336E-03  8.0000E-04
       210  8.3147E-03  5.5557E-03  0.0000E+00
       211  8.7304E-03  5.8335E-03  0.0000E+00
       212  9.1462E-03  6.1113E-03  0.0000E+00
       213  9.5619E-03  6.3891E-03  0.0000E+00
       214  9.9776E-03  6.6668E-03  0.0000E+00
       215  1.0393E-02  6.9446E-03  0.0000E+00
       216  1.0809E-02  7.2224E-03  0.0000E+00
       217  1.1225E-02  7.5002E-03  0.0000E+00
       218  1.1641E-02  7.7780E-03  0.0000E+00
       219  1.2056E-02  8.0558E-03  0.0000E+00
       220  1.2472E-02  8.3336E-03  0.0000E+00
       221  7.9335E-03  6.0876E-03  8.0000E-04
       222  8.3302E-03  6.3920E-03  8.0000E-04
       223  8.7269E-03  6.6964E-03  8.0000E-04
       224  9.1236E-03  7.0008E-03  8.0000E-04
       225  9.5202E-03  7.3051E-03  8.0000E-04
       226  9.9169E-03  7.6095E-03  8.0000E-04
       227  1.0314E-02  7.9139E-03  8.0000E-04
       228  1.0710E-02  8.2183E-03  8.0000E-04
       229  1.1107E-02  8.5227E-03  8.0000E-04
       230  1.1504E-02  8.8270E-03  8.0000E-04
       231  1.1900E-02  9.1314E-03  8.0000E-04
       232  7.9335E-03  6.0876E-03  0.0000E+00
       233  8.3302E-03  6.3920E-03  0.0000E+00
       234  8.7269E-03  6.6964E-03  0.0000E+00
       235  9.1236E-03  7.0008E-03  0.0000E+00
       236  9.5202E-03  7.3051E-03  0.0000E+00
       237  9.9169E-03  7.6095E-03  0.0000E+00
       238  1.0314E-02  7.9139E-03  0.0000E+00
       239  1.0710E-02  8.2183E-03  0.0000E+00
       240  1.1107E-02  8.5227E-03  0.0000E+00
       241  1.1504E-02  8.8270E-03  0.0000E+00
       242  1.1900E-02  9.1314E-03  0.0000E+00
       243  7.5184E-03  6.5935E-03  8.0000E-04
       244  7.8943E-03  6.9231E-03  8.0000E-04
       245  8.2702E-03  7.2528E-03  8.0000E-04
       246  8.6462E-03  7.5825E-03  8.0000E-04
       247  9.0221E-03  7.9121E-03  8.0000E-04
       248  9.3980E-03  8.2418E-03  8.0000E-04
       249  9.7739E-03  8.5715E-03  8.0000E-04
       250  1.0150E-02  8.9012E-03  8.0000E-04
       251  1.0526E-02  9.2308E-03  8.0000E-04
       252  1.0902E-02  9.5605E-03  8.0000E-04
       253  1.1278E-02  9.8902E-03  8.0000E-04
       254  7.5184E-03  6.5935E-03  0.0000E+00
       255  7.8943E-03  6.9231E-03  0.0000E+00
       256  8.2702E-03  7.2528E-03  0.0000E+00
       257  8.6462E-03  7.5825E-03  0.0000E+00
       258  9.0221E-03  7.9121E-03  0.0000E+00
       259  9.3980E-03  8.2418E-03  0.0000E+00
       260  9.7739E-03  8.5715E-03  0.0000E+00
       261  1.0150E-02  8.9012E-03  0.0000E+00
       262  1.0526E-02  9.2308E-03  0.0000E+00
       263  1.0902E-02  9.5605E-03  0.0000E+00
       264  1.1278E-02  9.8902E-03  0.0000E+00
       265  7.0711E-03  7.0711E-03  8.0000E-04
       266  7.4246E-03  7.4246E-03  8.0000E-04
       267  7.7782E-03  7.7782E-03  8.0000E-04
       268  8.1317E-03  8.1317E-03  8.0000E-04
       269  8.4853E-03  8.4853E-03  8.0000E-04
       270  8.8388E-03  8.8388E-03  8.0000E-04
       271  9.1924E-03  9.1924E-03  8.0000E-04
       272  9.5459E-03  9.5459E-03  8.0000E-04
       273  9.8995E-03  9.8995E-03  8.0000E-04
       274  1.0253E-02  1.0253E-02  8.0000E-04
       275  1.0607E-02  1.0607E-02  8.0000E-04
       276  7.0711E-03  7.0711E-03  0.0000E+00
       277  7.4246E-03  7.4246E-03  0.0000E+00
       278  7.7782E-03  7.7782E-03  0.0000E+00
       279  8.1317E-03  8.1317E-03  0.0000E+00
       280  8.4853E-03  8.4853E-03  0.0000E+00
       281  8.8388E-03  8.8388E-03  0.0000E+00
       282  9.1924E-03  9.1924E-03  0.0000E+00
       283  9.5459E-03  9.5459E-03  0.0000E+00
       284  9.8995E-03  9.8995E-03  0.0000E+00
       285  1.0253E-02  1.0253E-02  0.0000E+00
       286  1.0607E-02  1.0607E-02  0.0000E+00
       287  6.5935E-03  7.5184E-03  8.0000E-04
       288  6.9231E-03  7.8943E-03  8.0000E-04
       289  7.2528E-03  8.2702E-03  8.0000E-04
       290  7.5825E-03  8.6462E-03  8.0000E-04
       291  7.9121E-03  9.0221E-03  8.0000E-04
       292  8.2418E-03  9.3980E-03  8.0000E-04
       293  8.5715E-03  9.7739E-03  8.0000E-04
       294  8.9012E-03  1.0150E-02  8.0000E-04
       295  9.2308E-03  1.0526E-02  8.0000E-04
       296  9.5605E-03  1.0902E-02  8.0000E-04
       297  9.8902E-03  1.1278E-02  8.0000E-04
       298  6.5935E-03  7.5184E-03  0.0000E+00
       299  6.9231E-03  7.8943E-03  0.0000E+00
       300  7.2528E-03  8.2702E-03  0.0000E+00
       301  7.5825E-03  8.6462E-03  0.0000E+00
       302  7.9121E-03  9.0221E-03  0.0000E+00
       303  8.2418E-03  9.3980E-03  0.0000E+00
       304  8.5715E-03  9.7739E-03  0.0000E+00
       305  8.9012E-03  1.0150E-02  0.0000E+00
       306  9.2308E-03  1.0526E-02  0.0000E+00
       307  9.5605E-03  1.0902E-02  0.0000E+00
       308  9.8902E-03  1.1278E-02  0.0000E+00
       309  6.0876E-03  7.9335E-03  8.0000E-04
       310  6.3920E-03  8.3302E-03  8.0000E-04
       311  6.6964E-03  8.7269E-03  8.0000E-04
       312  7.0008E-03  9.1236E-03  8.0000E-04
       313  7.3051E-03  9.5202E-03  8.0000E-04
       314  7.6095E-03  9.9169E-03  8.0000E-04
       315  7.9139E-03  1.0314E-02  8.0000E-04
       316  8.2183E-03  1.0710E-02  8.0000E-04
       317  8.5227E-03  1.1107E-02  8.0000E-04
       318  8.8270E-03  1.1504E-02  8.0000E-04
       319  9.1314E-03  1.1900E-02  8.0000E-04
       320  6.0876E-03  7.9335E-03  0.0000E+00
       321  6.3920E-03  8.3302E-03  0.0000E+00
       322  6.6964E-03  8.7269E-03  0.0000E+00
       323  7.0008E-03  9.1236E-03  0.0000E+00
       324  7.3051E-03  9.5202E-03  0.0000E+00
       325  7.6095E-03  9.9169E-03  0.0000E+00
       326  7.9139E-03  1.0314E-02  0.0000E+00
       327  8.2183E-03  1.0710E-02  0.0000E+00
       328  8.5227E-03  1.1107E-02  0.0000E+00
       329  8.8270E-03  1.1504E-02  0.0000E+00
       330  9.1314E-03  1.1900E-02  0.0000E+00
       331  5.5557E-03  8.3147E-03  8.0000E-04
       332  5.8335E-03  8.7304E-03  8.0000E-04
       333  6.1113E-03  9.1462E-03  8.0000E-04
       334  6.3891E-03  9.5619E-03  8.0000E-04
       335  6.6668E-03  9.9776E-03  8.0000E-04
       336  6.9446E-03  1.0393E-02  8.0000E-04
       337  7.2224E-03  1.0809E-02  8.0000E-04
       338  7.5002E-03  1.1225E-02  8.0000E-04
       339  7.7780E-03  1.1641E-02  8.0000E-04
       340  8.0558E-03  1.2056E-02  8.0000E-04
       341  8.3336E-03  1.2472E-02  8.0000E-04
       342  5.5557E-03  8.3147E-03  0.0000E+00
       343  5.8335E-03  8.7304E-03  0.0000E+00
       344  6.1113E-03  9.1462E-03  0.0000E+00
       345  6.3891E-03  9.5619E-03  0.0000E+00
       346  6.6668E-03  9.9776E-03  0.0000E+00
       347  6.9446E-03  1.0393E-02  0.0000E+00
       348  7.2224E-03  1.0809E-02  0.0000E+00
       349  7.5002E-03  1.1225E-02  0.0000E+00
       350  7.7780E-03  1.1641E-02  0.0000E+00
       351  8.0558E-03  1.2056E-02  0.0000E+00
       352  8.3336E-03  1.2472E-02  0.0000E+00
       353  5.0000E-03  8.6603E-03  8.0000E-04
       354  5.2500E-03  9.0933E-03  8.0000E-04
       355  5.5000E-03  9.5263E-03  8.0000E-04
       356  5.7500E-03  9.9593E-03  8.0000E-04
       357  6.0000E-03  1.0392E-02  8.0000E-04
       358  6.2500E-03  1.0825E-02  8.0000E-04
       359  6.5000E-03  1.1258E-02  8.0000E-04
       360  6.7500E-03  1.1691E-02  8.0000E-04
       361  7.0000E-03  1.2124E-02  8.0000E-04
       362  7.2500E-03  1.2557E-02  8.0000E-04
       363  7.5000E-03  1.2990E-02  8.0000E-04
       364  5.0000E-03  8.6603E-03  0.0000E+00
       365  5.2500E-03  9.0933E-03  0.0000E+00
       366  5.5000E-03  9.5263E-03  0.0000E+00
       367  5.7500E-03  9.9593E-03  0.0000E+00
       368  6.0000E-03  1.0392E-02  0.0000E+00
       369  6.2500E-03  1.0825E-02  0.0000E+00
       370  6.5000E-03  1.1258E-02  0.0000E+00
       371  6.7500E-03  1.1691E-02  0.0000E+00
       372  7.0000E-03  1.2124E-02  0.0000E+00
       373  7.2500E-03  1.2557E-02  0.0000E+00
       374  7.5000E-03  1.2990E-02  0.0000E+00
       375  4.4229E-03  8.9687E-03  8.0000E-04
       376  4.6440E-03  9.4172E-03  8.0000E-04
       377  4.8652E-03  9.8656E-03  8.0000E-04
       378  5.0863E-03  1.0314E-02  8.0000E-04
       379  5.3075E-03  1.0762E-02  8.0000E-04
       380  5.5286E-03  1.1211E-02  8.0000E-04
       381  5.7498E-03  1.1659E-02  8.0000E-04
       382  5.9709E-03  1.2108E-02  8.0000E-04
       383  6.1920E-03  1.2556E-02  8.0000E-04
       384  6.4132E-03  1.3005E-02  8.0000E-04
       385  6.6343E-03  1.3453E-02  8.0000E-04
       386  4.4229E-03  8.9687E-03  0.0000E+00
       387  4.6440E-03  9.4172E-03  0.0000E+00
       388  4.8652E-03  9.8656E-03  0.0000E+00
       389  5.0863E-03  1.0314E-02  0.0000E+00
       390  5.3075E-03  1.0762E-02  0.0000E+00
       391  5.5286E-03  1.1211E-02  0.0000E+00
       392  5.7498E-03  1.1659E-02  0.0000E+00
       393  5.9709E-03  1.2108E-02  0.0000E+00
       394  6.1920E-03  1.2556E-02  0.0000E+00
       395  6.4132E-03  1.3005E-02  0.0000E+00
       396  6.6343E-03  1.3453E-02  0.0000E+00
       397  3.8268E-03  9.2388E-03  8.0000E-04
       398  4.0182E-03  9.7007E-03  8.0000E-04
       399  4.2095E-03  1.0163E-02  8.0000E-04
       400  4.4009E-03  1.0625E-02  8.0000E-04
       401  4.5922E-03  1.1087E-02  8.0000E-04
       402  4.7835E-03  1.1548E-02  8.0000E-04
       403  4.9749E-03  1.2010E-02  8.0000E-04
       404  5.1662E-03  1.2472E-02  8.0000E-04
       405  5.3576E-03  1.2934E-02  8.0000E-04
       406  5.5489E-03  1.3396E-02  8.0000E-04
       407  5.7403E-03  1.3858E-02  8.0000E-04
       408  3.8268E-03  9.2388E-03  0.0000E+00
       409  4.0182E-03  9.7007E-03  0.0000E+00
       410  4.2095E-03  1.0163E-02  0.0000E+00
       411  4.4009E-03  1.0625E-02  0.0000E+00
       412  4.5922E-03  1.1087E-02  0.0000E+00
       413  4.7835E-03  1.1548E-02  0.0000E+00
       414  4.9749E-03  1.2010E-02  0.0000E+00
       415  5.1662E-03  1.2472E-02  0.0000E+00
       416  5.3576E-03  1.2934E-02  0.0000E+00
       417  5.5489E-03  1.3396E-02  0.0000E+00
       418  5.7403E-03  1.3858E-02  0.0000E+00
       419  3.2144E-03  9.4693E-03  8.0000E-04
       420  3.3751E-03  9.9428E-03  8.0000E-04
       421  3.5358E-03  1.0416E-02  8.0000E-04
       422  3.6966E-03  1.0890E-02  8.0000E-04
       423  3.8573E-03  1.1363E-02  8.0000E-04
       424  4.0180E-03  1.1837E-02  8.0000E-04
       425  4.1787E-03  1.2310E-02  8.0000E-04
       426  4.3394E-03  1.2784E-02  8.0000E-04
       427  4.5002E-03  1.3257E-02  8.0000E-04
       428  4.6609E-03  1.3730E-02  8.0000E-04
       429  4.8216E-03  1.4204E-02  8.0000E-04
       430  3.2144E-03  9.4693E-03  0.0000E+00
       431  3.3751E-03  9.9428E-03  0.0000E+00
       432  3.5358E-03  1.0416E-02  0.0000E+00
       433  3.6966E-03  1.0890E-02  0.0000E+00
       434  3.8573E-03  1.1363E-02  0.0000E+00
       435  4.0180E-03  1.1837E-02  0.0000E+00
       436  4.1787E-03  1.2310E-02  0.0000E+00
       437  4.3394E-03  1.2784E-02  0.0000E+00
       438  4.5002E-03  1.3257E-02  0.0000E+00
       439  4.6609E-03  1.3730E-02  0.0000E+00
       440  4.8216E-03  1.4204E-02  0.0000E+00
       441  2.5882E-03  9.6593E-03  8.0000E-04
       442  2.7176E-03  1.0142E-02  8.0000E-04
       443  2.8470E-03  1.0625E-02  8.0000E-04
       444  2.9764E-03  1.1108E-02  8.0000E-04
       445  3.1058E-03  1.1591E-02  8.0000E-04
       446  3.2352E-03  1.2074E-02  8.0000E-04
       447  3.3646E-03  1.2557E-02  8.0000E-04
       448  3.4941E-03  1.3040E-02  8.0000E-04
       449  3.6235E-03  1.3523E-02  8.0000E-04
       450  3.7529E-03  1.4006E-02  8.0000E-04
       451  3.8823E-03  1.4489E-02  8.0000E-04
       452  2.5882E-03  9.6593E-03  0.0000E+00
       453  2.7176E-03  1.0142E-02  0.0000E+00
       454  2.8470E-03  1.0625E-02  0.0000E+00
       455  2.9764E-03  1.1108E-02  0.0000E+00
       456  3.1058E-03  1.1591E-02  0.0000E+00
       457  3.2352E-03  1.2074E-02  0.0000E+00
       458  3.3646E-03  1.2557E-02  0.0000E+00
       459  3.4941E-03  1.3040E-02  0.0000E+00
       460  3.6235E-03  1.3523E-02  0.0000E+00
       461  3.7529E-03  1.4006E-02  0.0000E+00
       462  3.8823E-03  1.4489E-02  0.0000E+00
       463  1.9509E-03  9.8079E-03  8.0000E-04
       464  2.0484E-03  1.0298E-02  8.0000E-04
       465  2.1460E-03  1.0789E-02  8.0000E-04
       466  2.2435E-03  1.1279E-02  8.0000E-04
       467  2.3411E-03  1.1769E-02  8.0000E-04
       468  2.4386E-03  1.2260E-02  8.0000E-04
       469  2.5362E-03  1.2750E-02  8.0000E-04
       470  2.6337E-03  1.3241E-02  8.0000E-04
       471  2.7313E-03  1.3731E-02  8.0000E-04
       472  2.8288E-03  1.4221E-02  8.0000E-04
       473  2.9264E-03  1.4712E-02  8.0000E-04
       474  1.9509E-03  9.8079E-03  0.0000E+00
       475  2.0484E-03  1.0298E-02  0.0000E+00
       476  2.1460E-03  1.0789E-02  0.0000E+00
       477  2.2435E-03  1.1279E-02  0.0000E+00
       478  2.3411E-03  1.1769E-02  0.0000E+00
       479  2.4386E-03  1.2260E-02  0.0000E+00
       480  2.5362E-03  1.2750E-02  0.0000E+00
       481  2.6337E-03  1.3241E-02  0.0000E+00
       482  2.7313E-03  1.3731E-02  0.0000E+00
       483  2.8288E-03  1.4221E-02  0.0000E+00
       484  2.9264E-03  1.4712E-02  0.0000E+00
       485  1.3053E-03  9.9144E-03  8.0000E-04
       486  1.3705E-03  1.0410E-02  8.0000E-04
       487  1.4358E-03  1.0906E-02  8.0000E-04
       488  1.5011E-03  1.1402E-02  8.0000E-04
       489  1.5663E-03  1.1897E-02  8.0000E-04
       490  1.6316E-03  1.2393E-02  8.0000E-04
       491  1.6968E-03  1.2889E-02  8.0000E-04
       492  1.7621E-03  1.3385E-02  8.0000E-04
       493  1.8274E-03  1.3880E-02  8.0000E-04
       494  1.8926E-03  1.4376E-02  8.0000E-04
       495  1.9579E-03  1.4872E-02  8.0000E-04
       496  1.3053E-03  9.9144E-03  0.0000E+00
       497  1.3705E-03  1.0410E-02  0.0000E+00
       498  1.4358E-03  1.0906E-02  0.0000E+00
       499  1.5011E-03  1.1402E-02  0.0000E+00
       500  1.5663E-03  1.1897E-02  0.0000E+00
       501  1.6316E-03  1.2393E-02  0.0000E+00
       502  1.6968E-03  1.2889E-02  0.0000E+00
       503  1.7621E-03  1.3385E-02  0.0000E+00
       504  1.8274E-03  1.3880E-02  0.0000E+00
       505  1.8926E-03  1.4376E-02  0.0000E+00
       506  1.9579E-03  1.4872E-02  0.0000E+00
       507  6.5403E-04  9.9786E-03  8.0000E-04
       508  6.8673E-04  1.0478E-02  8.0000E-04
       509  7.1943E-04  1.0976E-02  8.0000E-04
       510  7.5214E-04  1.1475E-02  8.0000E-04
       511  7.8484E-04  1.1974E-02  8.0000E-04
       512  8.1754E-04  1.2473E-02  8.0000E-04
       513  8.5024E-04  1.2972E-02  8.0000E-04
       514  8.8294E-04  1.3471E-02  8.0000E-04
       515  9.1564E-04  1.3970E-02  8.0000E-04
       516  9.4835E-04  1.4469E-02  8.0000E-04
       517  9.8105E-04  1.4968E-02  8.0000E-04
       518  6.5403E-04  9.9786E-03  0.0000E+00
       519  6.8673E-04  1.0478E-02  0.0000E+00
       520  7.1943E-04  1.0976E-02  0.0000E+00
       521  7.5214E-04  1.1475E-02  0.0000E+00
       522  7.8484E-04  1.1974E-02  0.0000E+00
       523  8.1754E-04  1.2473E-02  0.0000E+00
       524  8.5024E-04  1.2972E-02  0.0000E+00
       525  8.8294E-04  1.3471E-02  0.0000E+00
       526  9.1564E-04  1.3970E-02  0.0000E+00
       527  9.4835E-04  1.4469E-02  0.0000E+00
       528  9.8105E-04  1.4968E-02  0.0000E+00
       529  6.1232E-19  1.0000E-02  8.0000E-04
       530  6.4294E-19  1.0500E-02  8.0000E-04
       531  6.7356E-19  1.1000E-02  8.0000E-04
       532  7.0417E-19  1.1500E-02  8.0000E-04
       533  7.3479E-19  1.2000E-02  8.0000E-04
       534  7.6540E-19  1.2500E-02  8.0000E-04
       535  7.9602E-19  1.3000E-02  8.0000E-04
       536  8.2664E-19  1.3500E-02  8.0000E-04
       537  8.5725E-19  1.4000E-02  8.0000E-04
       538  8.8787E-19  1.4500E-02  8.0000E-04
       539  9.1849E-19  1.5000E-02  8.0000E-04
       540  6.1232E-19  1.0000E-02  0.0000E+00
       541  6.4294E-19  1.0500E-02  0.0000E+00
       542  6.7356E-19  1.1000E-02  0.0000E+00
       543  7.0417E-19  1.1500E-02  0.0000E+00
       544  7.3479E-19  1.2000E-02  0.0000E+00
       545  7.6540E-19  1.2500E-02  0.0000E+00
       546  7.9602E-19  1.3000E-02  0.0000E+00
       547  8.2664E-19  1.3500E-02  0.0000E+00
       548  8.5725E-19  1.4000E-02  0.0000E+00
       549  8.8787E-19  1.4500E-02  0.0000E+00
       550  9.1849E-19  1.5000E-02  0.0000E+00
       551 -6.5403E-04  9.9786E-03  8.0000E-04
       552 -6.8673E-04  1.0478E-02  8.0000E-04
       553 -7.1943E-04  1.0976E-02  8.0000E-04
       554 -7.5214E-04  1.1475E-02  8.0000E-04
       555 -7.8484E-04  1.1974E-02  8.0000E-04
       556 -8.1754E-04  1.2473E-02  8.0000E-04
       557 -8.5024E-04  1.2972E-02  8.0000E-04
       558 -8.8294E-04  1.3471E-02  8.0000E-04
       559 -9.1564E-04  1.3970E-02  8.0000E-04
       560 -9.4835E-04  1.4469E-02  8.0000E-04
       561 -9.8105E-04  1.4968E-02  8.0000E-04
       562 -6.5403E-04  9.9786E-03  0.0000E+00
       563 -6.8673E-04  1.0478E-02  0.0000E+00
       564 -7.1943E-04  1.0976E-02  0.0000E+00
       565 -7.5214E-04  1.1475E-02  0.0000E+00
       566 -7.8484E-04  1.1974E-02  0.0000E+00
       567 -8.1754E-04  1.2473E-02  0.0000E+00
       568 -8.5024E-04  1.2972E-02  0.0000E+00
       569 -8.8294E-04  1.3471E-02  0.0000E+00
       570 -9.1564E-04  1.3970E-02  0.0000E+00
       571 -9.4835E-04  1.4469E-02  0.0000E+00
       572 -9.8105E-04  1.4968E-02  0.0000E+00
       573 -1.3053E-03  9.9144E-03  8.0000E-04
       574 -1.3705E-03  1.0410E-02  8.0000E-04
       575 -1.4358E-03  1.0906E-02  8.0000E-04
       576 -1.5011E-03  1.1402E-02  8.0000E-04
       577 -1.5663E-03  1.1897E-02  8.0000E-04
       578 -1.6316E-03  1.2393E-02  8.0000E-04
       579 -1.6968E-03  1.2889E-02  8.0000E-04
       580 -1.7621E-03  1.3385E-02  8.0000E-04
       581 -1.8274E-03  1.3880E-02  8.0000E-04
       582 -1.8926E-03  1.4376E-02  8.0000E-04
       583 -1.9579E-03  1.4872E-02  8.0000E-04
       584 -1.3053E-03  9.9144E-03  0.0000E+00
       585 -1.3705E-03  1.0410E-02  0.0000E+00
       586 -1.4358E-03  1.0906E-02  0.0000E+00
       587 -1.5011E-03  1.1402E-02  0.0000E+00
       588 -1.5663E-03  1.1897E-02  0.0000E+00
       589 -1.6316E-03  1.2393E-02  0.0000E+00
       590 -1.6968E-03  1.2889E-02  0.0000E+00
       591 -1.7621E-03  1.3385E-02  0.0000E+00
       592 -1.8274E-03  1.3880E-02  0.0000E+00
       593 -1.8926E-03  1.4376E-02  0.0000E+00
       594 -1.9579E-03  1.4872E-02  0.0000E+00
       595 -1.9509E-03  9.8079E-03  8.0000E-04
       596 -2.0484E-03  1.0298E-02  8.0000E-04
       597 -2.1460E-03  1.0789E-02  8.0000E-04
       598 -2.2435E-03  1.1279E-02  8.0000E-04
       599 -2.3411E-03  1.1769E-02  8.0000E-04
       600 -2.4386E-03  1.2260E-02  8.0000E-04
       601 -2.5362E-03  1.2750E-02  8.0000E-04
       602 -2.6337E-03  1.3241E-02  8.0000E-04
       603 -2.7313E-03  1.3731E-02  8.0000E-04
       604 -2.8288E-03  1.4221E-02  8.0000E-04
       605 -2.9264E-03  1.4712E-02  8.0000E-04
       606 -1.9509E-03  9.8079E-03  0.0000E+00
       607 -2.0484E-03  1.0298E-02  0.0000E+00
       608 -2.1460E-03  1.0789E-02  0.0000E+00
       609 -2.2435E-03  1.1279E-02  0.0000E+00
       610 -2.3411E-03  1.1769E-02  0.0000E+00
       611 -2.4386E-03  1.2260E-02  0.0000E+00
       612 -2.5362E-03  1.2750E-02  0.0000E+00
       613 -2.6337E-03  1.3241E-02  0.0000E+00
       614 -2.7313E-03  1.3731E-02  0.0000E+00
       615 -2.8288E-03  1.4221E-02  0.0000E+00
       616 -2.9264E-03  1.4712E-02  0.0000E+00
       617 -2.5882E-03  9.6593E-03  8.0000E-04
       618 -2.7176E-03  1.0142E-02  8.0000E-04
       619 -2.8470E-03  1.0625E-02  8.0000E-04
       620 -2.9764E-03  1.1108E-02  8.0000E-04
       621 -3.1058E-03  1.1591E-02  8.0000E-04
       622 -3.2352E-03  1.2074E-02  8.0000E-04
       623 -3.3646E-03  1.2557E-02  8.0000E-04
       624 -3.4941E-03  1.3040E-02  8.0000E-04
       625 -3.6235E-03  1.3523E-02  8.0000E-04
       626 -3.7529E-03  1.4006E-02  8.0000E-04
       627 -3.8823E-03  1.4489E-02  8.0000E-04
       628 -2.5882E-03  9.6593E-03  0.0000E+00
       629 -2.7176E-03  1.0142E-02  0.0000E+00
       630 -2.8470E-03  1.0625E-02  0.0000E+00
       631 -2.9764E-03  1.1108E-02  0.0000E+00
       632 -3.1058E-03  1.1591E-02  0.0000E+00
       633 -3.2352E-03  1.2074E-02  0.0000E+00
       634 -3.3646E-03  1.2557E-02  0.0000E+00
       635 -3.4941E-03  1.3040E-02  0.0000E+00
       636 -3.6235E-03  1.3523E-02  0.0000E+00
       637 -3.7529E-03  1.4006E-02  0.0000E+00
       638 -3.8823E-03  1.4489E-02  0.0000E+00
       639 -3.2144E-03  9.4693E-03  8.0000E-04
       640 -3.3751E-03  9.9428E-03  8.0000E-04
       641 -3.5358E-03  1.0416E-02  8.0000E-04
       642 -3.6966E-03  1.0890E-02  8.0000E-04
       643 -3.8573E-03  1.1363E-02  8.0000E-04
       644 -4.0180E-03  1.1837E-02  8.0000E-04
       645 -4.1787E-03  1.2310E-02  8.0000E-04
       646 -4.3394E-03  1.2784E-02  8.0000E-04
       647 -4.5002E-03  1.3257E-02  8.0000E-04
       648 -4.6609E-03  1.3730E-02  8.0000E-04
       649 -4.8216E-03  1.4204E-02  8.0000E-04
       650 -3.2144E-03  9.4693E-03  0.0000E+00
       651 -3.3751E-03  9.9428E-03  0.0000E+00
       652 -3.5358E-03  1.0416E-02  0.0000E+00
       653 -3.6966E-03  1.0890E-02  0.0000E+00
       654 -3.8573E-03  1.1363E-02  0.0000E+00
       655 -4.0180E-03  1.1837E-02  0.0000E+00
       656 -4.1787E-03  1.2310E-02  0.0000E+00
       657 -4.3394E-03  1.2784E-02  0.0000E+00
       658 -4.5002E-03  1.3257E-02  0.0000E+00
       659 -4.6609E-03  1.3730E-02  0.0000E+00
       660 -4.8216E-03  1.4204E-02  0.0000E+00
       661 -3.8268E-03  9.2388E-03  8.0000E-04
       662 -4.0182E-03  9.7007E-03  8.0000E-04
       663 -4.2095E-03  1.0163E-02  8.0000E-04
       664 -4.4009E-03  1.0625E-02  8.0000E-04
       665 -4.5922E-03  1.1087E-02  8.0000E-04
       666 -4.7835E-03  1.1548E-02  8.0000E-04
       667 -4.9749E-03  1.2010E-02  8.0000E-04
       668 -5.1662E-03  1.2472E-02  8.0000E-04
       669 -5.3576E-03  1.2934E-02  8.0000E-04
       670 -5.5489E-03  1.3396E-02  8.0000E-04
       671 -5.7403E-03  1.3858E-02  8.0000E-04
       672 -3.8268E-03  9.2388E-03  0.0000E+00
       673 -4.0182E-03  9.7007E-03  0.0000E+00
       674 -4.2095E-03  1.0163E-02  0.0000E+00
       675 -4.4009E-03  1.0625E-02  0.0000E+00
       676 -4.5922E-03  1.1087E-02  0.0000E+00
       677 -4.7835E-03  1.1548E-02  0.0000E+00
       678 -4.9749E-03  1.2010E-02  0.0000E+00
       679 -5.1662E-03  1.2472E-02  0.0000E+00
       680 -5.3576E-03  1.2934E-02  0.0000E+00
       681 -5.5489E-03  1.3396E-02  0.0000E+00
       682 -5.7403E-03  1.3858E-02  0.0000E+00
       683 -4.4229E-03  8.9687E-03  8.0000E-04
       684 -4.6440E-03  9.4172E-03  8.0000E-04
       685 -4.8652E-03  9.8656E-03  8.0000E-04
       686 -5.0863E-03  1.0314E-02  8.0000E-04
       687 -5.3075E-03  1.0762E-02  8.0000E-04
       688 -5.5286E-03  1.1211E-02  8.0000E-04
       689 -5.7498E-03  1.1659E-02  8.0000E-04
       690 -5.9709E-03  1.2108E-02  8.0000E-04
       691 -6.1920E-03  1.2556E-02  8.0000E-04
       692 -6.4132E-03  1.3005E-02  8.0000E-04
       693 -6.6343E-03  1.3453E-02  8.0000E-04
       694 -4.4229E-03  8.9687E-03  0.0000E+00
       695 -4.6440E-03  9.4172E-03  0.0000E+00
       696 -4.8652E-03  9.8656E-03  0.0000E+00
       697 -5.0863E-03  1.0314E-02  0.0000E+00
       698 -5.3075E-03  1.0762E-02  0.0000E+00
       699 -5.5286E-03  1.1211E-02  0.0000E+00
       700 -5.7498E-03  1.1659E-02  0.0000E+00
       701 -5.9709E-03  1.2108E-02  0.0000E+00
       702 -6.1920E-03  1.2556E-02  0.0000E+00
       703 -6.4132E-03  1.3005E-02  0.0000E+00
       704 -6.6343E-03  1.3453E-02  0.0000E+00
       705 -5.0000E-03  8.6603E-03  8.0000E-04
       706 -5.2500E-03  9.0933E-03  8.0000E-04
       707 -5.5000E-03  9.5263E-03  8.0000E-04
       708 -5.7500E-03  9.9593E-03  8.0000E-04
       709 -6.0000E-03  1.0392E-02  8.0000E-04
       710 -6.2500E-03  1.0825E-02  8.0000E-04
       711 -6.5000E-03  1.1258E-02  8.0000E-04
       712 -6.7500E-03  1.1691E-02  8.0000E-04
       713 -7.0000E-03  1.2124E-02  8.0000E-04
       714 -7.2500E-03  1.2557E-02  8.0000E-04
       715 -7.5000E-03  1.2990E-02  8.0000E-04
       716 -5.0000E-03  8.6603E-03  0.0000E+00
       717 -5.2500E-03  9.0933E-03  0.0000E+00
       718 -5.5000E-03  9.5263E-03  0.0000E+00
       719 -5.7500E-03  9.9593E-03  0.0000E+00
       720 -6.0000E-03  1.0392E-02  0.0000E+00
       721 -6.2500E-03  1.0825E-02  0.0000E+00
       722 -6.5000E-03  1.1258E-02  0.0000E+00
       723 -6.7500E-03  1.1691E-02  0.0000E+00
       724 -7.0000E-03  1.2124E-02  0.0000E+00
       725 -7.2500E-03  1.2557E-02  0.0000E+00
       726 -7.5000E-03  1.2990E-02  0.0000E+00
       727 -5.5557E-03  8.3147E-03  8.0000E-04
       728 -5.8335E-03  8.7304E-03  8.0000E-04
       729 -6.1113E-03  9.1462E-03  8.0000E-04
       730 -6.3891E-03  9.5619E-03  8.0000E-04
       731 -6.6668E-03  9.9776E-03  8.0000E-04
       732 -6.9446E-03  1.0393E-02  8.0000E-04
       733 -7.2224E-03  1.0809E-02  8.0000E-04
       734 -7.5002E-03  1.1225E-02  8.0000E-04
       735 -7.7780E-03  1.1641E-02  8.0000E-04
       736 -8.0558E-03  1.2056E-02  8.0000E-04
       737 -8.3336E-03  1.2472E-02  8.0000E-04
       738 -5.5557E-03  8.3147E-03  0.0000E+00
       739 -5.8335E-03  8.7304E-03  0.0000E+00
       740 -6.1113E-03  9.1462E-03  0.0000E+00
       741 -6.3891E-03  9.5619E-03  0.0000E+00
       742 -6.6668E-03  9.9776E-03  0.0000E+00
       743 -6.9446E-03  1.0393E-02  0.0000E+00
       744 -7.2224E-03  1.0809E-02  0.0000E+00
       745 -7.5002E-03  1.1225E-02  0.0000E+00
       746 -7.7780E-03  1.1641E-02  0.0000E+00
       747 -8.0558E-03  1.2056E-02  0.0000E+00
       748 -8.3336E-03  1.2472E-02  0.0000E+00
       749 -6.0876E-03  7.9335E-03  8.0000E-04
       750 -6.3920E-03  8.3302E-03  8.0000E-04
       751 -6.6964E-03  8.7269E-03  8.0000E-04
       752 -7.0008E-03  9.1236E-03  8.0000E-04
       753 -7.3051E-03  9.5202E-03  8.0000E-04
       754 -7.6095E-03  9.9169E-03  8.0000E-04
       755 -7.9139E-03  1.0314E-02  8.0000E-04
       756 -8.2183E-03  1.0710E-02  8.0000E-04
       757 -8.5227E-03  1.1107E-02  8.0000E-04
       758 -8.8270E-03  1.1504E-02  8.0000E-04
       759 -9.1314E-03  1.1900E-02  8.0000E-04
       760 -6.0876E-03  7.9335E-03  0.0000E+00
       761 -6.3920E-03  8.3302E-03  0.0000E+00
       762 -6.6964E-03  8.7269E-03  0.0000E+00
       763 -7.0008E-03  9.1236E-03  0.0000E+00
       764 -7.3051E-03  9.5202E-03  0.0000E+00
       765 -7.6095E-03  9.9169E-03  0.0000E+00
       766 -7.9139E-03  1.0314E-02  0.0000E+00
       767 -8.2183E-03  1.0710E-02  0.0000E+00
       768 -8.5227E-03  1.1107E-02  0.0000E+00
       769 -8.8270E-03  1.1504E-02  0.0000E+00
       770 -9.1314E-03  1.1900E-02  0.0000E+00
       771 -6.5935E-03  7.5184E-03  8.0000E-04
       772 -6.9231E-03  7.8943E-03  8.0000E-04
       773 -7.2528E-03  8.2702E-03  8.0000E-04
       774 -7.5825E-03  8.6462E-03  8.0000E-04
       775 -7.9121E-03  9.0221E-03  8.0000E-04
       776 -8.2418E-03  9.3980E-03  8.0000E-04
       777 -8.5715E-03  9.7739E-03  8.0000E-04
       778 -8.9012E-03  1.0150E-02  8.0000E-04
       779 -9.2308E-03  1.0526E-02  8.0000E-04
       780 -9.5605E-03  1.0902E-02  8.0000E-04
       781 -9.8902E-03  1.1278E-02  8.0000E-04
       782 -6.5935E-03  7.5184E-03  0.0000E+00
       783 -6.9231E-03  7.8943E-03  0.0000E+00
       784 -7.2528E-03  8.2702E-03  0.0000E+00
       785 -7.5825E-03  8.6462E-03  0.0000E+00
       786 -7.9121E-03  9.0221E-03  0.0000E+00
       787 -8.2418E-03  9.3980E-03  0.0000E+00
       788 -8.5715E-03  9.7739E-03  0.0000E+00
       789 -8.9012E-03  1.0150E-02  0.0000E+00
       790 -9.2308E-03  1.0526E-02  0.0000E+00
       791 -9.5605E-03  1.0902E-02  0.0000E+00
       792 -9.8902E-03  1.1278E-02  0.0000E+00
       793 -7.0711E-03  7.0711E-03  8.0000E-04
       794 -7.4246E-03  7.4246E-03  8.0000E-04
       795 -7.7782E-03  7.7782E-03  8.0000E-04
       796 -8.1317E-03  8.1317E-03  8.0000E-04
       797 -8.4853E-03  8.4853E-03  8.0000E-04
       798 -8.8388E-03  8.8388E-03  8.0000E-04
       799 -9.1924E-03  9.1924E-03  8.0000E-04
       800 -9.5459E-03  9.5459E-03  8.0000E-04
       801 -9.8995E-03  9.8995E-03  8.0000E-04
       802 -1.0253E-02  1.0253E-02  8.0000E-04
       803 -1.0607E-02  1.0607E-02  8.0000E-04
       804 -7.0711E-03  7.0711E-03  0.0000E+00
       805 -7.4246E-03  7.4246E-03  0.0000E+00
       806 -7.7782E-03  7.7782E-03  0.0000E+00
       807 -8.1317E-03  8.1317E-03  0.0000E+00
       808 -8.4853E-03  8.4853E-03  0.0000E+00
       809 -8.8388E-03  8.8388E-03  0.0000E+00
       810 -9.1924E-03  9.1924E-03  0.0000E+00
       811 -9.5459E-03  9.5459E-03  0.0000E+00
       812 -9.8995E-03  9.8995E-03  0.0000E+00
       813 -1.0253E-02  1.0253E-02  0.0000E+00
       814 -1.0607E-02  1.0607E-02  0.0000E+00
       815 -7.5184E-03  6.5935E-03  8.0000E-04
       816 -7.8943E-03  6.9231E-03  8.0000E-04
       817 -8.2702E-03  7.2528E-03  8.0000E-04
       818 -8.6462E-03  7.5825E-03  8.0000E-04
       819 -9.0221E-03  7.9121E-03  8.0000E-04
       820 -9.3980E-03  8.2418E-03  8.0000E-04
       821 -9.7739E-03  8.5715E-03  8.0000E-04
       822 -1.0150E-02  8.9012E-03  8.0000E-04
       823 -1.0526E-02  9.2308E-03  8.0000E-04
       824 -1.0902E-02  9.5605E-03  8.0000E-04
       825 -1.1278E-02  9.8902E-03  8.0000E-04
       826 -7.5184E-03  6.5935E-03  0.0000E+00
       827 -7.8943E-03  6.9231E-03  0.0000E+00
       828 -8.2702E-03  7.2528E-03  0.0000E+00
       829 -8.6462E-03  7.5825E-03  0.0000E+00
       830 -9.0221E-03  7.9121E-03  0.0000E+00
       831 -9.3980E-03  8.2418E-03  0.0000E+00
       832 -9.7739E-03  8.5715E-03  0.0000E+00
       833 -1.0150E-02  8.9012E-03  0.0000E+00
       834 -1.0526E-02  9.2308E-03  0.0000E+00
       835 -1.0902E-02  9.5605E-03  0.0000E+00
       836 -1.1278E-02  9.8902E-03  0.0000E+00
       837 -7.9335E-03  6.0876E-03  8.0000E-04
       838 -8.3302E-03  6.3920E-03  8.0000E-04
       839 -8.7269E-03  6.6964E-03  8.0000E-04
       840 -9.1236E-03  7.0008E-03  8.0000E-04
       841 -9.5202E-03  7.3051E-03  8.0000E-04
       842 -9.9169E-03  7.6095E-03  8.0000E-04
       843 -1.0314E-02  7.9139E-03  8.0000E-04
       844 -1.0710E-02  8.2183E-03  8.0000E-04
       845 -1.1107E-02  8.5227E-03  8.0000E-04
       846 -1.1504E-02  8.8270E-03  8.0000E-04
       847 -1.1900E-02  9.1314E-03  8.0000E-04
       848 -7.9335E-03  6.0876E-03  0.0000E+00
       849 -8.3302E-03  6.3920E-03  0.0000E+00
       850 -8.7269E-03  6.6964E-03  0.0000E+00
       851 -9.1236E-03  7.0008E-03  0.0000E+00
       852 -9.5202E-03  7.3051E-03  0.0000E+00
       853 -9.9169E-03  7.6095E-03  0.0000E+00
       854 -1.0314E-02  7.9139E-03  0.0000E+00
       855 -1.0710E-02  8.2183E-03  0.0000E+00
       856 -1.1107E-02  8.5227E-03  0.0000E+00
       857 -1.1504E-02  8.8270E-03  0.0000E+00
       858 -1.1900E-02  9.1314E-03  0.0000E+00
       859 -8.3147E-03  5.5557E-03  8.0000E-04
       860 -8.7304E-03  5.8335E-03  8.0000E-04
       861 -9.1462E-03  6.1113E-03  8.0000E-04
       862 -9.5619E-03  6.3891E-03  8.0000E-04
       863 -9.9776E-03  6.6668E-03  8.0000E-04
       864 -1.0393E-02  6.9446E-03  8.0000E-04
       865 -1.0809E-02  7.2224E-03  8.0000E-04
       866 -1.1225E-02  7.5002E-03  8.0000E-04
       867 -1.1641E-02  7.7780E-03  8.0000E-04
       868 -1.2056E-02  8.0558E-03  8.0000E-04
       869 -1.2472E-02  8.3336E-03  8.0000E-04
       870 -8.3147E-03  5.5557E-03  0.0000E+00
       871 -8.7304E-03  5.8335E-03  0.0000E+00
       872 -9.1462E-03  6.1113E-03  0.0000E+00
       873 -9.5619E-03  6.3891E-03  0.0000E+00
       874 -9.9776E-03  6.6668E-03  0.0000E+00
       875 -1.0393E-02  6.9446E-03  0.0000E+00
       876 -1.0809E-02  7.2224E-03  0.0000E+00
       877 -1.1225E-02  7.5002E-03  0.0000E+00
       878 -1.1641E-02  7.7780E-03  0.0000E+00
       879 -1.2056E-02  8.0558E-03  0.0000E+00
       880 -1.2472E-02  8.3336E-03  0.0000E+00
       881 -8.6603E-03  5.0000E-03  8.0000E-04
       882 -9.0933E-03  5.2500E-03  8.0000E-04
       883 -9.5263E-03  5.5000E-03  8.0000E-04
       884 -9.9593E-03  5.7500E-03  8.0000E-04
       885 -1.0392E-02  6.0000E-03  8.0000E-04
       886 -1.0825E-02  6.2500E-03  8.0000E-04
       887 -1.1258E-02  6.5000E-03  8.0000E-04
       888 -1.1691E-02  6.7500E-03  8.0000E-04
       889 -1.2124E-02  7.0000E-03  8.0000E-04
       890 -1.2557E-02  7.2500E-03  8.0000E-04
       891 -1.2990E-02  7.5000E-03  8.0000E-04
       892 -8.6603E-03  5.0000E-03  0.0000E+00
       893 -9.0933E-03  5.2500E-03  0.0000E+00
       894 -9.5263E-03  5.5000E-03  0.0000E+00
       895 -9.9593E-03  5.7500E-03  0.0000E+00
       896 -1.0392E-02  6.0000E-03  0.0000E+00
       897 -1.0825E-02  6.2500E-03  0.0000E+00
       898 -1.1258E-02  6.5000E-03  0.0000E+00
       899 -1.1691E-02  6.7500E-03  0.0000E+00
       900 -1.2124E-02  7.0000E-03  0.0000E+00
       901 -1.2557E-02  7.2500E-03  0.0000E+00
       902 -1.2990E-02  7.5000E-03  0.0000E+00
       903 -8.9687E-03  4.4229E-03  8.0000E-04
       904 -9.4172E-03  4.6440E-03  8.0000E-04
       905 -9.8656E-03  4.8652E-03  8.0000E-04
       906 -1.0314E-02  5.0863E-03  8.0000E-04
       907 -1.0762E-02  5.3075E-03  8.0000E-04
       908 -1.1211E-02  5.5286E-03  8.0000E-04
       909 -1.1659E-02  5.7498E-03  8.0000E-04
       910 -1.2108E-02  5.9709E-03  8.0000E-04
       911 -1.2556E-02  6.1920E-03  8.0000E-04
       912 -1.3005E-02  6.4132E-03  8.0000E-04
       913 -1.3453E-02  6.6343E-03  8.0000E-04
       914 -8.9687E-03  4.4229E-03  0.0000E+00
       915 -9.4172E-03  4.6440E-03  0.0000E+00
       916 -9.8656E-03  4.8652E-03  0.0000E+00
       917 -1.0314E-02  5.0863E-03  0.0000E+00
       918 -1.0762E-02  5.3075E-03  0.0000E+00
       919 -1.1211E-02  5.5286E-03  0.0000E+00
       920 -1.1659E-02  5.7498E-03  0.0000E+00
       921 -1.2108E-02  5.9709E-03  0.0000E+00
       922 -1.2556E-02  6.1920E-03  0.0000E+00
       923 -1.3005E-02  6.4132E-03  0.0000E+00
       924 -1.3453E-02  6.6343E-03  0.0000E+00
       925 -9.2388E-03  3.8268E-03  8.0000E-04
       926 -9.7007E-03  4.0182E-03  8.0000E-04
       927 -1.0163E-02  4.2095E-03  8.0000E-04
       928 -1.0625E-02  4.4009E-03  8.0000E-04
       929 -1.1087E-02  4.5922E-03  8.0000E-04
       930 -1.1548E-02  4.7835E-03  8.0000E-04
       931 -1.2010E-02  4.9749E-03  8.0000E-04
       932 -1.2472E-02  5.1662E-03  8.0000E-04
       933 -1.2934E-02  5.3576E-03  8.0000E-04
       934 -1.3396E-02  5.5489E-03  8.0000E-04
       935 -1.3858E-02  5.7403E-03  8.0000E-04
       936 -9.2388E-03  3.8268E-03  0.0000E+00
       937 -9.7007E-03  4.0182E-03  0.0000E+00
       938 -1.0163E-02  4.2095E-03  0.0000E+00
       939 -1.0625E-02  4.4009E-03  0.0000E+00
       940 -1.1087E-02  4.5922E-03  0.0000E+00
       941 -1.1548E-02  4.7835E-03  0.0000E+00
       942 -1.2010E-02  4.9749E-03  0.0000E+00
       943 -1.2472E-02  5.1662E-03  0.0000E+00
       944 -1.2934E-02  5.3576E-03  0.0000E+00
       945 -1.3396E-02  5.5489E-03  0.0000E+00
       946 -1.3858E-02  5.7403E-03  0.0000E+00
       947 -9.4693E-03  3.2144E-03  8.0000E-04
       948 -9.9428E-03  3.3751E-03  8.0000E-04
       949 -1.0416E-02  3.5358E-03  8.0000E-04
       950 -1.0890E-02  3.6966E-03  8.0000E-04
       951 -1.1363E-02  3.8573E-03  8.0000E-04
       952 -1.1837E-02  4.0180E-03  8.0000E-04
       953 -1.2310E-02  4.1787E-03  8.0000E-04
       954 -1.2784E-02  4.3394E-03  8.0000E-04
       955 -1.3257E-02  4.5002E-03  8.0000E-04
       956 -1.3730E-02  4.6609E-03  8.0000E-04
       957 -1.4204E-02  4.8216E-03  8.0000E-04
       958 -9.4693E-03  3.2144E-03  0.0000E+00
       959 -9.9428E-03  3.3751E-03  0.0000E+00
       960 -1.0416E-02  3.5358E-03  0.0000E+00
       961 -1.0890E-02  3.6966E-03  0.0000E+00
       962 -1.1363E-02  3.8573E-03  0.0000E+00
       963 -1.1837E-02  4.0180E-03  0.0000E+00
       964 -1.2310E-02  4.1787E-03  0.0000E+00
       965 -1.2784E-02  4.3394E-03  0.0000E+00
       966 -1.3257E-02  4.5002E-03  0.0000E+00
       967 -1.3730E-02  4.6609E-03  0.0000E+00
       968 -1.4204E-02  4.8216E-03  0.0000E+00
       969 -9.6593E-03  2.5882E-03  8.0000E-04
       970 -1.0142E-02  2.7176E-03  8.0000E-04
       971 -1.0625E-02  2.8470E-03  8.0000E-04
       972 -1.1108E-02  2.9764E-03  8.0000E-04
       973 -1.1591E-02  3.1058E-03  8.0000E-04
       974 -1.2074E-02  3.2352E-03  8.0000E-04
       975 -1.2557E-02  3.3646E-03  8.0000E-04
       976 -1.3040E-02  3.4941E-03  8.0000E-04
       977 -1.3523E-02  3.6235E-03  8.0000E-04
       978 -1.4006E-02  3.7529E-03  8.0000E-04
       979 -1.4489E-02  3.8823E-03  8.0000E-04
       980 -9.6593E-03  2.5882E-03  0.0000E+00
       981 -1.0142E-02  2.7176E-03  0.0000E+00
       982 -1.0625E-02  2.8470E-03  0.0000E+00
       983 -1.1108E-02  2.9764E-03  0.0000E+00
       984 -1.1591E-02  3.1058E-03  0.0000E+00
       985 -1.2074E-02  3.2352E-03  0.0000E+00
       986 -1.2557E-02  3.3646E-03  0.0000E+00
       987 -1.3040E-02  3.4941E-03  0.0000E+00
       988 -1.3523E-02  3.6235E-03  0.0000E+00
       989 -1.4006E-02  3.7529E-03  0.0000E+00
       990 -1.4489E-02  3.8823E-03  0.0000E+00
       991 -9.8079E-03  1.9509E-03  8.0000E-04
       992 -1.0298E-02  2.0484E-03  8.0000E-04
       993 -1.0789E-02  2.1460E-03  8.0000E-04
       994 -1.1279E-02  2.2435E-03  8.0000E-04
       995 -1.1769E-02  2.3411E-03  8.0000E-04
       996 -1.2260E-02  2.4386E-03  8.0000E-04
       997 -1.2750E-02  2.5362E-03  8.0000E-04
       998 -1.3241E-02  2.6337E-03  8.0000E-04
       999 -1.3731E-02  2.7313E-03  8.0000E-04
      1000 -1.4221E-02  2.8288E-03  8.0000E-04
      1001 -1.4712E-02  2.9264E-03  8.0000E-04
      1002 -9.8079E-03  1.9509E-03  0.0000E+00
      1003 -1.0298E-02  2.0484E-03  0.0000E+00
      1004 -1.0789E-02  2.1460E-03  0.0000E+00
      1005 -1.1279E-02  2.2435E-03  0.0000E+00
      1006 -1.1769E-02  2.3411E-03  0.0000E+00
      1007 -1.2260E-02  2.4386E-03  0.0000E+00
      1008 -1.2750E-02  2.5362E-03  0.0000E+00
      1009 -1.3241E-02  2.6337E-03  0.0000E+00
      1010 -1.3731E-02  2.7313E-03  0.0000E+00
      1011 -1.4221E-02  2.8288E-03  0.0000E+00
      1012 -1.4712E-02  2.9264E-03  0.0000E+00
      1013 -9.9144E-03  1.3053E-03  8.0000E-04
      1014 -1.0410E-02  1.3705E-03  8.0000E-04
      1015 -1.0906E-02  1.4358E-03  8.0000E-04
      1016 -1.1402E-02  1.5011E-03  8.0000E-04
      1017 -1.1897E-02  1.5663E-03  8.0000E-04
      1018 -1.2393E-02  1.6316E-03  8.0000E-04
      1019 -1.2889E-02  1.6968E-03  8.0000E-04
      1020 -1.3385E-02  1.7621E-03  8.0000E-04
      1021 -1.3880E-02  1.8274E-03  8.0000E-04
      1022 -1.4376E-02  1.8926E-03  8.0000E-04
      1023 -1.4872E-02  1.9579E-03  8.0000E-04
      1024 -9.9144E-03  1.3053E-03  0.0000E+00
      1025 -1.0410E-02  1.3705E-03  0.0000E+00
      1026 -1.0906E-02  1.4358E-03  0.0000E+00
      1027 -1.1402E-02  1.5011E-03  0.0000E+00
      1028 -1.1897E-02  1.5663E-03  0.0000E+00
      1029 -1.2393E-02  1.6316E-03  0.0000E+00
      1030 -1.2889E-02  1.6968E-03  0.0000E+00
      1031 -1.3385E-02  1.7621E-03  0.0000E+00
      1032 -1.3880E-02  1.8274E-03  0.0000E+00
      1033 -1.4376E-02  1.8926E-03  0.0000E+00
      1034 -1.4872E-02  1.9579E-03  0.0000E+00
      1035 -9.9786E-03  6.5403E-04  8.0000E-04
      1036 -1.0478E-02  6.8673E-04  8.0000E-04
      1037 -1.0976E-02  7.1943E-04  8.0000E-04
      1038 -1.1475E-02  7.5214E-04  8.0000E-04
      1039 -1.1974E-02  7.8484E-04  8.0000E-04
      1040 -1.2473E-02  8.1754E-04  8.0000E-04
      1041 -1.2972E-02  8.5024E-04  8.0000E-04
      1042 -1.3471E-02  8.8294E-04  8.0000E-04
      1043 -1.3970E-02  9.1564E-04  8.0000E-04
      1044 -1.4469E-02  9.4835E-04  8.0000E-04
      1045 -1.4968E-02  9.8105E-04  8.0000E-04
      1046 -9.9786E-03  6.5403E-04  0.0000E+00
      1047 -1.0478E-02  6.8673E-04  0.0000E+00
      1048 -1.0976E-02  7.1943E-04  0.0000E+00
      1049 -1.1475E-02  7.5214E-04  0.0000E+00
      1050 -1.1974E-02  7.8484E-04  0.0000E+00
      1051 -1.2473E-02  8.1754E-04  0.0000E+00
      1052 -1.2972E-02  8.5024E-04  0.0000E+00
      1053 -1.3471E-02  8.8294E-04  0.0000E+00
      1054 -1.3970E-02  9.1564E-04  0.0000E+00
      1055 -1.4469E-02  9.4835E-04  0.0000E+00
      1056 -1.4968E-02  9.8105E-04  0.0000E+00
      1057 -1.0000E-02  1.2246E-18  8.0000E-04
      1058 -1.0500E-02  1.2859E-18  8.0000E-04
      1059 -1.1000E-02  1.3471E-18  8.0000E-04
      1060 -1.1500E-02  1.4083E-18  8.0000E-04
      1061 -1.2000E-02  1.4696E-18  8.0000E-04
      1062 -1.2500E-02  1.5308E-18  8.0000E-04
      1063 -1.3000E-02  1.5920E-18  8.0000E-04
      1064 -1.3500E-02  1.6533E-18  8.0000E-04
      1065 -1.4000E-02  1.7145E-18  8.0000E-04
      1066 -1.4500E-02  1.7757E-18  8.0000E-04
      1067 -1.5000E-02  1.8370E-18  8.0000E-04
      1068 -1.0000E-02  1.2246E-18  0.0000E+00
      1069 -1.0500E-02  1.2859E-18  0.0000E+00
      1070 -1.1000E-02  1.3471E-18  0.0000E+00
      1071 -1.1500E-02  1.4083E-18  0.0000E+00
      1072 -1.2000E-02  1.4696E-18  0.0000E+00
      1073 -1.2500E-02  1.5308E-18  0.0000E+00
      1074 -1.3000E-02  1.5920E-18  0.0000E+00
      1075 -1.3500E-02  1.6533E-18  0.0000E+00
      1076 -1.4000E-02  1.7145E-18  0.0000E+00
      1077 -1.4500E-02  1.7757E-18  0.0000E+00
      1078 -1.5000E-02  1.8370E-18  0.0000E+00
      1079 -9.9786E-03 -6.5403E-04  8.0000E-04
      1080 -1.0478E-02 -6.8673E-04  8.0000E-04
      1081 -1.0976E-02 -7.1943E-04  8.0000E-04
      1082 -1.1475E-02 -7.5214E-04  8.0000E-04
      1083 -1.1974E-02 -7.8484E-04  8.0000E-04
      1084 -1.2473E-02 -8.1754E-04  8.0000E-04
      1085 -1.2972E-02 -8.5024E-04  8.0000E-04
      1086 -1.3471E-02 -8.8294E-04  8.0000E-04
      1087 -1.3970E-02 -9.1564E-04  8.0000E-04
      1088 -1.4469E-02 -9.4835E-04  8.0000E-04
      1089 -1.4968E-02 -9.8105E-04  8.0000E-04
      1090 -9.9786E-03 -6.5403E-04  0.0000E+00
      1091 -1.0478E-02 -6.8673E-04  0.0000E+00
      1092 -1.0976E-02 -7.1943E-04  0.0000E+00
      1093 -1.1475E-02 -7.5214E-04  0.0000E+00
      1094 -1.1974E-02 -7.8484E-04  0.0000E+00
      1095 -1.2473E-02 -8.1754E-04  0.0000E+00
      1096 -1.2972E-02 -8.5024E-04  0.0000E+00
      1097 -1.3471E-02 -8.8294E-04  0.0000E+00
      1098 -1.3970E-02 -9.1564E-04  0.0000E+00
      1099 -1.4469E-02 -9.4835E-04  0.0000E+00
      1100 -1.4968E-02 -9.8105E-04  0.0000E+00
      1101 -9.9144E-03 -1.3053E-03  8.0000E-04
      1102 -1.0410E-02 -1.3705E-03  8.0000E-04
      1103 -1.0906E-02 -1.4358E-03  8.0000E-04
      1104 -1.1402E-02 -1.5011E-03  8.0000E-04
      1105 -1.1897E-02 -1.5663E-03  8.0000E-04
      1106 -1.2393E-02 -1.6316E-03  8.0000E-04
      1107 -1.2889E-02 -1.6968E-03  8.0000E-04
      1108 -1.3385E-02 -1.7621E-03  8.0000E-04
      1109 -1.3880E-02 -1.8274E-03  8.0000E-04
      1110 -1.4376E-02 -1.8926E-03  8.0000E-04
      1111 -1.4872E-02 -1.9579E-03  8.0000E-04
      1112 -9.9144E-03 -1.3053E-03  0.0000E+00
      1113 -1.0410E-02 -1.3705E-03  0.0000E+00
      1114 -1.0906E-02 -1.4358E-03  0.0000E+00
      1115 -1.1402E-02 -1.5011E-03  0.0000E+00
      1116 -1.1897E-02 -1.5663E-03  0.0000E+00
      1117 -1.2393E-02 -1.6316E-03  0.0000E+00
      1118 -1.2889E-02 -1.6968E-03  0.0000E+00
      1119 -1.3385E-02 -1.7621E-03  0.0000E+00
      1120 -1.3880E-02 -1.8274E-03  0.0000E+00
      1121 -1.4376E-02 -1.8926E-03  0.0000E+00
      1122 -1.4872E-02 -1.9579E-03  0.0000E+00
      1123 -9.8079E-03 -1.9509E-03  8.0000E-04
      1124 -1.0298E-02 -2.0484E-03  8.0000E-04
      1125 -1.0789E-02 -2.1460E-03  8.0000E-04
      1126 -1.1279E-02 -2.2435E-03  8.0000E-04
      1127 -1.1769E-02 -2.3411E-03  8.0000E-04
      1128 -1.2260E-02 -2.4386E-03  8.0000E-04
      1129 -1.2750E-02 -2.5362E-03  8.0000E-04
      1130 -1.3241E-02 -2.6337E-03  8.0000E-04
      1131 -1.3731E-02 -2.7313E-03  8.0000E-04
      1132 -1.4221E-02 -2.8288E-03  8.0000E-04
      1133 -1.4712E-02 -2.9264E-03  8.0000E-04
      1134 -9.8079E-03 -1.9509E-03  0.0000E+00
      1135 -1.0298E-02 -2.0484E-03  0.0000E+00
      1136 -1.0789E-02 -2.1460E-03  0.0000E+00
      1137 -1.1279E-02 -2.2435E-03  0.0000E+00
      1138 -1.1769E-02 -2.3411E-03  0.0000E+00
      1139 -1.2260E-02 -2.4386E-03  0.0000E+00
      1140 -1.2750E-02 -2.5362E-03  0.0000E+00
      1141 -1.3241E-02 -2.6337E-03  0.0000E+00
      1142 -1.3731E-02 -2.7313E-03  0.0000E+00
      1143 -1.4221E-02 -2.8288E-03  0.0000E+00
      1144 -1.4712E-02 -2.9264E-03  0.0000E+00
      1145 -9.6593E-03 -2.5882E-03  8.0000E-04
      1146 -1.0142E-02 -2.7176E-03  8.0000E-04
      1147 -1.0625E-02 -2.8470E-03  8.0000E-04
      1148 -1.1108E-02 -2.9764E-03  8.0000E-04
      1149 -1.1591E-02 -3.1058E-03  8.0000E-04
      1150 -1.2074E-02 -3.2352E-03  8.0000E-04
      1151 -1.2557E-02 -3.3646E-03  8.0000E-04
      1152 -1.3040E-02 -3.4941E-03  8.0000E-04
      1153 -1.3523E-02 -3.6235E-03  8.0000E-04
      1154 -1.4006E-02 -3.7529E-03  8.0000E-04
      1155 -1.4489E-02 -3.8823E-03  8.0000E-04
      1156 -9.6593E-03 -2.5882E-03  0.0000E+00
      1157 -1.0142E-02 -2.7176E-03  0.0000E+00
      1158 -1.0625E-02 -2.8470E-03  0.0000E+00
      1159 -1.1108E-02 -2.9764E-03  0.0000E+00
      1160 -1.1591E-02 -3.1058E-03  0.0000E+00
      1161 -1.2074E-02 -3.2352E-03  0.0000E+00
      1162 -1.2557E-02 -3.3646E-03  0.0000E+00
      1163 -1.3040E-02 -3.4941E-03  0.0000E+00
      1164 -1.3523E-02 -3.6235E-03  0.0000E+00
      1165 -1.4006E-02 -3.7529E-03  0.0000E+00
      1166 -1.4489E-02 -3.8823E-03  0.0000E+00
      1167 -9.4693E-03 -3.2144E-03  8.0000E-04
      1168 -9.9428E-03 -3.3751E-03  8.0000E-04
      1169 -1.0416E-02 -3.5358E-03  8.0000E-04
      1170 -1.0890E-02 -3.6966E-03  8.0000E-04
      1171 -1.1363E-02 -3.8573E-03  8.0000E-04
      1172 -1.1837E-02 -4.0180E-03  8.0000E-04
      1173 -1.2310E-02 -4.1787E-03  8.0000E-04
      1174 -1.2784E-02 -4.3394E-03  8.0000E-04
      1175 -1.3257E-02 -4.5002E-03  8.0000E-04
      1176 -1.3730E-02 -4.6609E-03  8.0000E-04
      1177 -1.4204E-02 -4.8216E-03  8.0000E-04
      1178 -9.4693E-03 -3.2144E-03  0.0000E+00
      1179 -9.9428E-03 -3.3751E-03  0.0000E+00
      1180 -1.0416E-02 -3.5358E-03  0.0000E+00
      1181 -1.0890E-02 -3.6966E-03  0.0000E+00
      1182 -1.1363E-02 -3.8573E-03  0.0000E+00
      1183 -1.1837E-02 -4.0180E-03  0.0000E+00
      1184 -1.2310E-02 -4.1787E-03  0.0000E+00
      1185 -1.2784E-02 -4.3394E-03  0.0000E+00
      1186 -1.3257E-02 -4.5002E-03  0.0000E+00
      1187 -1.3730E-02 -4.6609E-03  0.0000E+00
      1188 -1.4204E-02 -4.8216E-03  0.0000E+00
      1189 -9.2388E-03 -3.8268E-03  8.0000E-04
      1190 -9.7007E-03 -4.0182E-03  8.0000E-04
      1191 -1.0163E-02 -4.2095E-03  8.0000E-04
      1192 -1.0625E-02 -4.4009E-03  8.0000E-04
      1193 -1.1087E-02 -4.5922E-03  8.0000E-04
      1194 -1.1548E-02 -4.7835E-03  8.0000E-04
      1195 -1.2010E-02 -4.9749E-03  8.0000E-04
      1196 -1.2472E-02 -5.1662E-03  8.0000E-04
      1197 -1.2934E-02 -5.3576E-03  8.0000E-04
      1198 -1.3396E-02 -5.5489E-03  8.0000E-04
      1199 -1.3858E-02 -5.7403E-03  8.0000E-04
      1200 -9.2388E-03 -3.8268E-03  0.0000E+00
      1201 -9.7007E-03 -4.0182E-03  0.0000E+00
      1202 -1.0163E-02 -4.2095E-03  0.0000E+00
      1203 -1.0625E-02 -4.4009E-03  0.0000E+00
      1204 -1.1087E-02 -4.5922E-03  0.0000E+00
      1205 -1.1548E-02 -4.7835E-03  0.0000E+00
      1206 -1.2010E-02 -4.9749E-03  0.0000E+00
      1207 -1.2472E-02 -5.1662E-03  0.0000E+00
      1208 -1.2934E-02 -5.3576E-03  0.0000E+00
      1209 -1.3396E-02 -5.5489E-03  0.0000E+00
      1210 -1.3858E-02 -5.7403E-03  0.0000E+00
      1211 -8.9687E-03 -4.4229E-03  8.0000E-04
      1212 -9.4172E-03 -4.6440E-03  8.0000E-04
      1213 -9.8656E-03 -4.8652E-03  8.0000E-04
      1214 -1.0314E-02 -5.0863E-03  8.0000E-04
      1215 -1.0762E-02 -5.3075E-03  8.0000E-04
      1216 -1.1211E-02 -5.5286E-03  8.0000E-04
      1217 -1.1659E-02 -5.7498E-03  8.0000E-04
      1218 -1.2108E-02 -5.9709E-03  8.0000E-04
      1219 -1.2556E-02 -6.1920E-03  8.0000E-04
      1220 -1.3005E-02 -6.4132E-03  8.0000E-04
      1221 -1.3453E-02 -6.6343E-03  8.0000E-04
      1222 -8.9687E-03 -4.4229E-03  0.0000E+00
      1223 -9.4172E-03 -4.6440E-03  0.0000E+00
      1224 -9.8656E-03 -4.8652E-03  0.0000E+00
      1225 -1.0314E-02 -5.0863E-03  0.0000E+00
      1226 -1.0762E-02 -5.3075E-03  0.0000E+00
      1227 -1.1211E-02 -5.5286E-03  0.0000E+00
      1228 -1.1659E-02 -5.7498E-03  0.0000E+00
      1229 -1.2108E-02 -5.9709E-03  0.0000E+00
      1230 -1.2556E-02 -6.1920E-03  0.0000E+00
      1231 -1.3005E-02 -6.4132E-03  0.0000E+00
      1232 -1.3453E-02 -6.6343E-03  0.0000E+00
      1233 -8.6603E-03 -5.0000E-03  8.0000E-04
      1234 -9.0933E-03 -5.2500E-03  8.0000E-04
      1235 -9.5263E-03 -5.5000E-03  8.0000E-04
      1236 -9.9593E-03 -5.7500E-03  8.0000E-04
      1237 -1.0392E-02 -6.0000E-03  8.0000E-04
      1238 -1.0825E-02 -6.2500E-03  8.0000E-04
      1239 -1.1258E-02 -6.5000E-03  8.0000E-04
      1240 -1.1691E-02 -6.7500E-03  8.0000E-04
      1241 -1.2124E-02 -7.0000E-03  8.0000E-04
      1242 -1.2557E-02 -7.2500E-03  8.0000E-04
      1243 -1.2990E-02 -7.5000E-03  8.0000E-04
      1244 -8.6603E-03 -5.0000E-03  0.0000E+00
      1245 -9.0933E-03 -5.2500E-03  0.0000E+00
      1246 -9.5263E-03 -5.5000E-03  0.0000E+00
      1247 -9.9593E-03 -5.7500E-03  0.0000E+00
      1248 -1.0392E-02 -6.0000E-03  0.0000E+00
      1249 -1.0825E-02 -6.2500E-03  0.0000E+00
      1250 -1.1258E-02 -6.5000E-03  0.0000E+00
      1251 -1.1691E-02 -6.7500E-03  0.0000E+00
      1252 -1.2124E-02 -7.0000E-03  0.0000E+00
      1253 -1.2557E-02 -7.2500E-03  0.0000E+00
      1254 -1.2990E-02 -7.5000E-03  0.0000E+00
      1255 -8.3147E-03 -5.5557E-03  8.0000E-04
      1256 -8.7304E-03 -5.8335E-03  8.0000E-04
      1257 -9.1462E-03 -6.1113E-03  8.0000E-04
      1258 -9.5619E-03 -6.3891E-03  8.0000E-04
      1259 -9.9776E-03 -6.6668E-03  8.0000E-04
      1260 -1.0393E-02 -6.9446E-03  8.0000E-04
      1261 -1.0809E-02 -7.2224E-03  8.0000E-04
      1262 -1.1225E-02 -7.5002E-03  8.0000E-04
      1263 -1.1641E-02 -7.7780E-03  8.0000E-04
      1264 -1.2056E-02 -8.0558E-03  8.0000E-04
      1265 -1.2472E-02 -8.3336E-03  8.0000E-04
      1266 -8.3147E-03 -5.5557E-03  0.0000E+00
      1267 -8.7304E-03 -5.8335E-03  0.0000E+00
      1268 -9.1462E-03 -6.1113E-03  0.0000E+00
      1269 -9.5619E-03 -6.3891E-03  0.0000E+00
      1270 -9.9776E-03 -6.6668E-03  0.0000E+00
      1271 -1.0393E-02 -6.9446E-03  0.0000E+00
      1272 -1.0809E-02 -7.2224E-03  0.0000E+00
      1273 -1.1225E-02 -7.5002E-03  0.0000E+00
      1274 -1.1641E-02 -7.7780E-03  0.0000E+00
      1275 -1.2056E-02 -8.0558E-03  0.0000E+00
      1276 -1.2472E-02 -8.3336E-03  0.0000E+00
      1277 -7.9335E-03 -6.0876E-03  8.0000E-04
      1278 -8.3302E-03 -6.3920E-03  8.0000E-04
      1279 -8.7269E-03 -6.6964E-03  8.0000E-04
      1280 -9.1236E-03 -7.0008E-03  8.0000E-04
      1281 -9.5202E-03 -7.3051E-03  8.0000E-04
      1282 -9.9169E-03 -7.6095E-03  8.0000E-04
      1283 -1.0314E-02 -7.9139E-03  8.0000E-04
      1284 -1.0710E-02 -8.2183E-03  8.0000E-04
      1285 -1.1107E-02 -8.5227E-03  8.0000E-04
      1286 -1.1504E-02 -8.8270E-03  8.0000E-04
      1287 -1.1900E-02 -9.1314E-03  8.0000E-04
      1288 -7.9335E-03 -6.0876E-03  0.0000E+00
      1289 -8.3302E-03 -6.3920E-03  0.0000E+00
      1290 -8.7269E-03 -6.6964E-03  0.0000E+00
      1291 -9.1236E-03 -7.0008E-03  0.0000E+00
      1292 -9.5202E-03 -7.3051E-03  0.0000E+00
      1293 -9.9169E-03 -7.6095E-03  0.0000E+00
      1294 -1.0314E-02 -7.9139E-03  0.0000E+00
      1295 -1.0710E-02 -8.2183E-03  0.0000E+00
      1296 -1.1107E-02 -8.5227E-03  0.0000E+00
      1297 -1.1504E-02 -8.8270E-03  0.0000E+00
      1298 -1.1900E-02 -9.1314E-03  0.0000E+00
      1299 -7.5184E-03 -6.5935E-03  8.0000E-04
      1300 -7.8943E-03 -6.9231E-03  8.0000E-04
      1301 -8.2702E-03 -7.2528E-03  8.0000E-04
      1302 -8.6462E-03 -7.5825E-03  8.0000E-04
      1303 -9.0221E-03 -7.9121E-03  8.0000E-04
      1304 -9.3980E-03 -8.2418E-03  8.0000E-04
      1305 -9.7739E-03 -8.5715E-03  8.0000E-04
      1306 -1.0150E-02 -8.9012E-03  8.0000E-04
      1307 -1.0526E-02 -9.2308E-03  8.0000E-04
      1308 -1.0902E-02 -9.5605E-03  8.0000E-04
      1309 -1.1278E-02 -9.8902E-03  8.0000E-04
      1310 -7.5184E-03 -6.5935E-03  0.0000E+00
      1311 -7.8943E-03 -6.9231E-03  0.0000E+00
      1312 -8.2702E-03 -7.2528E-03  0.0000E+00
      1313 -8.6462E-03 -7.5825E-03  0.0000E+00
      1314 -9.0221E-03 -7.9121E-03  0.0000E+00
      1315 -9.3980E-03 -8.2418E-03  0.0000E+00
      1316 -9.7739E-03 -8.5715E-03  0.0000E+00
      1317 -1.0150E-02 -8.9012E-03  0.0000E+00
      1318 -1.0526E-02 -9.2308E-03  0.0000E+00
      1319 -1.0902E-02 -9.5605E-03  0.0000E+00
      1320 -1.1278E-02 -9.8902E-03  0.0000E+00
      1321 -7.0711E-03 -7.0711E-03  8.0000E-04
      1322 -7.4246E-03 -7.4246E-03  8.0000E-04
      1323 -7.7782E-03 -7.7782E-03  8.0000E-04
      1324 -8.1317E-03 -8.1317E-03  8.0000E-04
      1325 -8.4853E-03 -8.4853E-03  8.0000E-04
      1326 -8.8388E-03 -8.8388E-03  8.0000E-04
      1327 -9.1924E-03 -9.1924E-03  8.0000E-04
      1328 -9.5459E-03 -9.5459E-03  8.0000E-04
      1329 -9.8995E-03 -9.8995E-03  8.0000E-04
      1330 -1.0253E-02 -1.0253E-02  8.0000E-04
      1331 -1.0607E-02 -1.0607E-02  8.0000E-04
      1332 -7.0711E-03 -7.0711E-03  0.0000E+00
      1333 -7.4246E-03 -7.4246E-03  0.0000E+00
      1334 -7.7782E-03 -7.7782E-03  0.0000E+00
      1335 -8.1317E-03 -8.1317E-03  0.0000E+00
      1336 -8.4853E-03 -8.4853E-03  0.0000E+00
      1337 -8.8388E-03 -8.8388E-03  0.0000E+00
      1338 -9.1924E-03 -9.1924E-03  0.0000E+00
      1339 -9.5459E-03 -9.5459E-03  0.0000E+00
      1340 -9.8995E-03 -9.8995E-03  0.0000E+00
      1341 -1.0253E-02 -1.0253E-02  0.0000E+00
      1342 -1.0607E-02 -1.0607E-02  0.0000E+00
      1343 -6.5935E-03 -7.5184E-03  8.0000E-04
      1344 -6.9231E-03 -7.8943E-03  8.0000E-04
      1345 -7.2528E-03 -8.2702E-03  8.0000E-04
      1346 -7.5825E-03 -8.6462E-03  8.0000E-04
      1347 -7.9121E-03 -9.0221E-03  8.0000E-04
      1348 -8.2418E-03 -9.3980E-03  8.0000E-04
      1349 -8.5715E-03 -9.7739E-03  8.0000E-04
      1350 -8.9012E-03 -1.0150E-02  8.0000E-04
      1351 -9.2308E-03 -1.0526E-02  8.0000E-04
      1352 -9.5605E-03 -1.0902E-02  8.0000E-04
      1353 -9.8902E-03 -1.1278E-02  8.0000E-04
      1354 -6.5935E-03 -7.5184E-03  0.0000E+00
      1355 -6.9231E-03 -7.8943E-03  0.0000E+00
      1356 -7.2528E-03 -8.2702E-03  0.0000E+00
      1357 -7.5825E-03 -8.6462E-03  0.0000E+00
      1358 -7.9121E-03 -9.0221E-03  0.0000E+00
      1359 -8.2418E-03 -9.3980E-03  0.0000E+00
      1360 -8.5715E-03 -9.7739E-03  0.0000E+00
      1361 -8.9012E-03 -1.0150E-02  0.0000E+00
      1362 -9.2308E-03 -1.0526E-02  0.0000E+00
      1363 -9.5605E-03 -1.0902E-02  0.0000E+00
      1364 -9.8902E-03 -1.1278E-02  0.0000E+00
      1365 -6.0876E-03 -7.9335E-03  8.0000E-04
      1366 -6.3920E-03 -8.3302E-03  8.0000E-04
      1367 -6.6964E-03 -8.7269E-03  8.0000E-04
      1368 -7.0008E-03 -9.1236E-03  8.0000E-04
      1369 -7.3051E-03 -9.5202E-03  8.0000E-04
      1370 -7.6095E-03 -9.9169E-03  8.0000E-04
      1371 -7.9139E-03 -1.0314E-02  8.0000E-04
      1372 -8.2183E-03 -1.0710E-02  8.0000E-04
      1373 -8.5227E-03 -1.1107E-02  8.0000E-04
      1374 -8.8270E-03 -1.1504E-02  8.0000E-04
      1375 -9.1314E-03 -1.1900E-02  8.0000E-04
      1376 -6.0876E-03 -7.9335E-03  0.0000E+00
      1377 -6.3920E-03 -8.3302E-03  0.0000E+00
      1378 -6.6964E-03 -8.7269E-03  0.0000E+00
      1379 -7.0008E-03 -9.1236E-03  0.0000E+00
      1380 -7.3051E-03 -9.5202E-03  0.0000E+00
      1381 -7.6095E-03 -9.9169E-03  0.0000E+00
      1382 -7.9139E-03 -1.0314E-02  0.0000E+00
      1383 -8.2183E-03 -1.0710E-02  0.0000E+00
      1384 -8.5227E-03 -1.1107E-02  0.0000E+00
      1385 -8.8270E-03 -1.1504E-02  0.0000E+00
      1386 -9.1314E-03 -1.1900E-02  0.0000E+00
      1387 -5.5557E-03 -8.3147E-03  8.0000E-04
      1388 -5.8335E-03 -8.7304E-03  8.0000E-04
      1389 -6.1113E-03 -9.1462E-03  8.0000E-04
      1390 -6.3891E-03 -9.5619E-03  8.0000E-04
      1391 -6.6668E-03 -9.9776E-03  8.0000E-04
      1392 -6.9446E-03 -1.0393E-02  8.0000E-04
      1393 -7.2224E-03 -1.0809E-02  8.0000E-04
      1394 -7.5002E-03 -1.1225E-02  8.0000E-04
      1395 -7.7780E-03 -1.1641E-02  8.0000E-04
      1396 -8.0558E-03 -1.2056E-02  8.0000E-04
      1397 -8.3336E-03 -1.2472E-02  8.0000E-04
      1398 -5.5557E-03 -8.3147E-03  0.0000E+00
      1399 -5.8335E-03 -8.7304E-03  0.0000E+00
      1400 -6.1113E-03 -9.1462E-03  0.0000E+00
      1401 -6.3891E-03 -9.5619E-03  0.0000E+00
      1402 -6.6668E-03 -9.9776E-03  0.0000E+00
      1403 -6.9446E-03 -1.0393E-02  0.0000E+00
      1404 -7.2224E-03 -1.0809E-02  0.0000E+00
      1405 -7.5002E-03 -1.1225E-02  0.0000E+00
      1406 -7.7780E-03 -1.1641E-02  0.0000E+00
      1407 -8.0558E-03 -1.2056E-02  0.0000E+00
      1408 -8.3336E-03 -1.2472E-02  0.0000E+00
      1409 -5.0000E-03 -8.6603E-03  8.0000E-04
      1410 -5.2500E-03 -9.0933E-03  8.0000E-04
      1411 -5.5000E-03 -9.5263E-03  8.0000E-04
      1412 -5.7500E-03 -9.9593E-03  8.0000E-04
      1413 -6.0000E-03 -1.0392E-02  8.0000E-04
      1414 -6.2500E-03 -1.0825E-02  8.0000E-04
      1415 -6.5000E-03 -1.1258E-02  8.0000E-04
      1416 -6.7500E-03 -1.1691E-02  8.0000E-04
      1417 -7.0000E-03 -1.2124E-02  8.0000E-04
      1418 -7.2500E-03 -1.2557E-02  8.0000E-04
      1419 -7.5000E-03 -1.2990E-02  8.0000E-04
      1420 -5.0000E-03 -8.6603E-03  0.0000E+00
      1421 -5.2500E-03 -9.0933E-03  0.0000E+00
      1422 -5.5000E-03 -9.5263E-03  0.0000E+00
      1423 -5.7500E-03 -9.9593E-03  0.0000E+00
      1424 -6.0000E-03 -1.0392E-02  0.0000E+00
      1425 -6.2500E-03 -1.0825E-02  0.0000E+00
      1426 -6.5000E-03 -1.1258E-02  0.0000E+00
      1427 -6.7500E-03 -1.1691E-02  0.0000E+00
      1428 -7.0000E-03 -1.2124E-02  0.0000E+00
      1429 -7.2500E-03 -1.2557E-02  0.0000E+00
      1430 -7.5000E-03 -1.2990E-02  0.0000E+00
      1431 -4.4229E-03 -8.9687E-03  8.0000E-04
      1432 -4.6440E-03 -9.4172E-03  8.0000E-04
      1433 -4.8652E-03 -9.8656E-03  8.0000E-04
      1434 -5.0863E-03 -1.0314E-02  8.0000E-04
      1435 -5.3075E-03 -1.0762E-02  8.0000E-04
      1436 -5.5286E-03 -1.1211E-02  8.0000E-04
      1437 -5.7498E-03 -1.1659E-02  8.0000E-04
      1438 -5.9709E-03 -1.2108E-02  8.0000E-04
      1439 -6.1920E-03 -1.2556E-02  8.0000E-04
      1440 -6.4132E-03 -1.3005E-02  8.0000E-04
      1441 -6.6343E-03 -1.3453E-02  8.0000E-04
      1442 -4.4229E-03 -8.9687E-03  0.0000E+00
      1443 -4.6440E-03 -9.4172E-03  0.0000E+00
      1444 -4.8652E-03 -9.8656E-03  0.0000E+00
      1445 -5.0863E-03 -1.0314E-02  0.0000E+00
      1446 -5.3075E-03 -1.0762E-02  0.0000E+00
      1447 -5.5286E-03 -1.1211E-02  0.0000E+00
      1448 -5.7498E-03 -1.1659E-02  0.0000E+00
      1449 -5.9709E-03 -1.2108E-02  0.0000E+00
      1450 -6.1920E-03 -1.2556E-02  0.0000E+00
      1451 -6.4132E-03 -1.3005E-02  0.0000E+00
      1452 -6.6343E-03 -1.3453E-02  0.0000E+00
      1453 -3.8268E-03 -9.2388E-03  8.0000E-04
      1454 -4.0182E-03 -9.7007E-03  8.0000E-04
      1455 -4.2095E-03 -1.0163E-02  8.0000E-04
      1456 -4.4009E-03 -1.0625E-02  8.0000E-04
      1457 -4.5922E-03 -1.1087E-02  8.0000E-04
      1458 -4.7835E-03 -1.1548E-02  8.0000E-04
      1459 -4.9749E-03 -1.2010E-02  8.0000E-04
      1460 -5.1662E-03 -1.2472E-02  8.0000E-04
      1461 -5.3576E-03 -1.2934E-02  8.0000E-04
      1462 -5.5489E-03 -1.3396E-02  8.0000E-04
      1463 -5.7403E-03 -1.3858E-02  8.0000E-04
      1464 -3.8268E-03 -9.2388E-03  0.0000E+00
      1465 -4.0182E-03 -9.7007E-03  0.0000E+00
      1466 -4.2095E-03 -1.0163E-02  0.0000E+00
      1467 -4.4009E-03 -1.0625E-02  0.0000E+00
      1468 -4.5922E-03 -1.1087E-02  0.0000E+00
      1469 -4.7835E-03 -1.1548E-02  0.0000E+00
      1470 -4.9749E-03 -1.2010E-02  0.0000E+00
      1471 -5.1662E-03 -1.2472E-02  0.0000E+00
      1472 -5.3576E-03 -1.2934E-02  0.0000E+00
      1473 -5.5489E-03 -1.3396E-02  0.0000E+00
      1474 -5.7403E-03 -1.3858E-02  0.0000E+00
      1475 -3.2144E-03 -9.4693E-03  8.0000E-04
      1476 -3.3751E-03 -9.9428E-03  8.0000E-04
      1477 -3.5358E-03 -1.0416E-02  8.0000E-04
      1478 -3.6966E-03 -1.0890E-02  8.0000E-04
      1479 -3.8573E-03 -1.1363E-02  8.0000E-04
      1480 -4.0180E-03 -1.1837E-02  8.0000E-04
      1481 -4.1787E-03 -1.2310E-02  8.0000E-04
      1482 -4.3394E-03 -1.2784E-02  8.0000E-04
      1483 -4.5002E-03 -1.3257E-02  8.0000E-04
      1484 -4.6609E-03 -1.3730E-02  8.0000E-04
      1485 -4.8216E-03 -1.4204E-02  8.0000E-04
      1486 -3.2144E-03 -9.4693E-03  0.0000E+00
      1487 -3.3751E-03 -9.9428E-03  0.0000E+00
      1488 -3.5358E-03 -1.0416E-02  0.0000E+00
      1489 -3.6966E-03 -1.0890E-02  0.0000E+00
      1490 -3.8573E-03 -1.1363E-02  0.0000E+00
      1491 -4.0180E-03 -1.1837E-02  0.0000E+00
      1492 -4.1787E-03 -1.2310E-02  0.0000E+00
      1493 -4.3394E-03 -1.2784E-02  0.0000E+00
      1494 -4.5002E-03 -1.3257E-02  0.0000E+00
      1495 -4.6609E-03 -1.3730E-02  0.0000E+00
      1496 -4.8216E-03 -1.4204E-02  0.0000E+00
      1497 -2.5882E-03 -9.6593E-03  8.0000E-04
      1498 -2.7176E-03 -1.0142E-02  8.0000E-04
      1499 -2.8470E-03 -1.0625E-02  8.0000E-04
      1500 -2.9764E-03 -1.1108E-02  8.0000E-04
      1501 -3.1058E-03 -1.1591E-02  8.0000E-04
      1502 -3.2352E-03 -1.2074E-02  8.0000E-04
      1503 -3.3646E-03 -1.2557E-02  8.0000E-04
      1504 -3.4941E-03 -1.3040E-02  8.0000E-04
      1505 -3.6235E-03 -1.3523E-02  8.0000E-04
      1506 -3.7529E-03 -1.4006E-02  8.0000E-04
      1507 -3.8823E-03 -1.4489E-02  8.0000E-04
      1508 -2.5882E-03 -9.6593E-03  0.0000E+00
      1509 -2.7176E-03 -1.0142E-02  0.0000E+00
      1510 -2.8470E-03 -1.0625E-02  0.0000E+00
      1511 -2.9764E-03 -1.1108E-02  0.0000E+00
      1512 -3.1058E-03 -1.1591E-02  0.0000E+00
      1513 -3.2352E-03 -1.2074E-02  0.0000E+00
      1514 -3.3646E-03 -1.2557E-02  0.0000E+00
      1515 -3.4941E-03 -1.3040E-02  0.0000E+00
      1516 -3.6235E-03 -1.3523E-02  0.0000E+00
      1517 -3.7529E-03 -1.4006E-02  0.0000E+00
      1518 -3.8823E-03 -1.4489E-02  0.0000E+00
      1519 -1.9509E-03 -9.8079E-03  8.0000E-04
      1520 -2.0484E-03 -1.0298E-02  8.0000E-04
      1521 -2.1460E-03 -1.0789E-02  8.0000E-04
      1522 -2.2435E-03 -1.1279E-02  8.0000E-04
      1523 -2.3411E-03 -1.1769E-02  8.0000E-04
      1524 -2.4386E-03 -1.2260E-02  8.0000E-04
      1525 -2.5362E-03 -1.2750E-02  8.0000E-04
      1526 -2.6337E-03 -1.3241E-02  8.0000E-04
      1527 -2.7313E-03 -1.3731E-02  8.0000E-04
      1528 -2.8288E-03 -1.4221E-02  8.0000E-04
      1529 -2.9264E-03 -1.4712E-02  8.0000E-04
      1530 -1.9509E-03 -9.8079E-03  0.0000E+00
      1531 -2.0484E-03 -1.0298E-02  0.0000E+00
      1532 -2.1460E-03 -1.0789E-02  0.0000E+00
      1533 -2.2435E-03 -1.1279E-02  0.0000E+00
      1534 -2.3411E-03 -1.1769E-02  0.0000E+00
      1535 -2.4386E-03 -1.2260E-02  0.0000E+00
      1536 -2.5362E-03 -1.2750E-02  0.0000E+00
      1537 -2.6337E-03 -1.3241E-02  0.0000E+00
      1538 -2.7313E-03 -1.3731E-02  0.0000E+00
      1539 -2.8288E-03 -1.4221E-02  0.0000E+00
      1540 -2.9264E-03 -1.4712E-02  0.0000E+00
      1541 -1.3053E-03 -9.9144E-03  8.0000E-04
      1542 -1.3705E-03 -1.0410E-02  8.0000E-04
      1543 -1.4358E-03 -1.0906E-02  8.0000E-04
      1544 -1.5011E-03 -1.1402E-02  8.0000E-04
      1545 -1.5663E-03 -1.1897E-02  8.0000E-04
      1546 -1.6316E-03 -1.2393E-02  8.0000E-04
      1547 -1.6968E-03 -1.2889E-02  8.0000E-04
      1548 -1.7621E-03 -1.3385E-02  8.0000E-04
      1549 -1.8274E-03 -1.3880E-02  8.0000E-04
      1550 -1.8926E-03 -1.4376E-02  8.0000E-04
      1551 -1.9579E-03 -1.4872E-02  8.0000E-04
      1552 -1.3053E-03 -9.9144E-03  0.0000E+00
      1553 -1.3705E-03 -1.0410E-02  0.0000E+00
      1554 -1.4358E-03 -1.0906E-02  0.0000E+00
      1555 -1.5011E-03 -1.1402E-02  0.0000E+00
      1556 -1.5663E-03 -1.1897E-02  0.0000E+00
      1557 -1.6316E-03 -1.2393E-02  0.0000E+00
      1558 -1.6968E-03 -1.2889E-02  0.0000E+00
      1559 -1.7621E-03 -1.3385E-02  0.0000E+00
      1560 -1.8274E-03 -1.3880E-02  0.0000E+00
      1561 -1.8926E-03 -1.4376E-02  0.0000E+00
      1562 -1.9579E-03 -1.4872E-02  0.0000E+00
      1563 -6.5403E-04 -9.9786E-03  8.0000E-04
      1564 -6.8673E-04 -1.0478E-02  8.0000E-04
      1565 -7.1943E-04 -1.0976E-02  8.0000E-04
      1566 -7.5214E-04 -1.1475E-02  8.0000E-04
      1567 -7.8484E-04 -1.1974E-02  8.0000E-04
      1568 -8.1754E-04 -1.2473E-02  8.0000E-04
      1569 -8.5024E-04 -1.2972E-02  8.0000E-04
      1570 -8.8294E-04 -1.3471E-02  8.0000E-04
      1571 -9.1564E-04 -1.3970E-02  8.0000E-04
      1572 -9.4835E-04 -1.4469E-02  8.0000E-04
      1573 -9.8105E-04 -1.4968E-02  8.0000E-04
      1574 -6.5403E-04 -9.9786E-03  0.0000E+00
      1575 -6.8673E-04 -1.0478E-02  0.0000E+00
      1576 -7.1943E-04 -1.0976E-02  0.0000E+00
      1577 -7.5214E-04 -1.1475E-02  0.0000E+00
      1578 -7.8484E-04 -1.1974E-02  0.0000E+00
      1579 -8.1754E-04 -1.2473E-02  0.0000E+00
      1580 -8.5024E-04 -1.2972E-02  0.0000E+00
      1581 -8.8294E-04 -1.3471E-02  0.0000E+00
      1582 -9.1564E-04 -1.3970E-02  0.0000E+00
      1583 -9.4835E-04 -1.4469E-02  0.0000E+00
      1584 -9.8105E-04 -1.4968E-02  0.0000E+00
      1585 -1.8370E-18 -1.0000E-02  8.0000E-04
      1586 -1.9288E-18 -1.0500E-02  8.0000E-04
      1587 -2.0207E-18 -1.1000E-02  8.0000E-04
      1588 -2.1125E-18 -1.1500E-02  8.0000E-04
      1589 -2.2044E-18 -1.2000E-02  8.0000E-04
      1590 -2.2962E-18 -1.2500E-02  8.0000E-04
      1591 -2.3881E-18 -1.3000E-02  8.0000E-04
      1592 -2.4799E-18 -1.3500E-02  8.0000E-04
      1593 -2.5718E-18 -1.4000E-02  8.0000E-04
      1594 -2.6636E-18 -1.4500E-02  8.0000E-04
      1595 -2.7555E-18 -1.5000E-02  8.0000E-04
      1596 -1.8370E-18 -1.0000E-02  0.0000E+00
      1597 -1.9288E-18 -1.0500E-02  0.0000E+00
      1598 -2.0207E-18 -1.1000E-02  0.0000E+00
      1599 -2.1125E-18 -1.1500E-02  0.0000E+00
      1600 -2.2044E-18 -1.2000E-02  0.0000E+00
      1601 -2.2962E-18 -1.2500E-02  0.0000E+00
      1602 -2.3881E-18 -1.3000E-02  0.0000E+00
      1603 -2.4799E-18 -1.3500E-02  0.0000E+00
      1604 -2.5718E-18 -1.4000E-02  0.0000E+00
      1605 -2.6636E-18 -1.4500E-02  0.0000E+00
      1606 -2.7555E-18 -1.5000E-02  0.0000E+00
      1607  6.5403E-04 -9.9786E-03  8.0000E-04
      1608  6.8673E-04 -1.0478E-02  8.0000E-04
      1609  7.1943E-04 -1.0976E-02  8.0000E-04
      1610  7.5214E-04 -1.1475E-02  8.0000E-04
      1611  7.8484E-04 -1.1974E-02  8.0000E-04
      1612  8.1754E-04 -1.2473E-02  8.0000E-04
      1613  8.5024E-04 -1.2972E-02  8.0000E-04
      1614  8.8294E-04 -1.3471E-02  8.0000E-04
      1615  9.1564E-04 -1.3970E-02  8.0000E-04
      1616  9.4835E-04 -1.4469E-02  8.0000E-04
      1617  9.8105E-04 -1.4968E-02  8.0000E-04
      1618  6.5403E-04 -9.9786E-03  0.0000E+00
      1619  6.8673E-04 -1.0478E-02  0.0000E+00
      1620  7.1943E-04 -1.0976E-02  0.0000E+00
      1621  7.5214E-04 -1.1475E-02  0.0000E+00
      1622  7.8484E-04 -1.1974E-02  0.0000E+00
      1623  8.1754E-04 -1.2473E-02  0.0000E+00
      1624  8.5024E-04 -1.2972E-02  0.0000E+00
      1625  8.8294E-04 -1.3471E-02  0.0000E+00
      1626  9.1564E-04 -1.3970E-02  0.0000E+00
      1627  9.4835E-04 -1.4469E-02  0.0000E+00
      1628  9.8105E-04 -1.4968E-02  0.0000E+00
      1629  1.3053E-03 -9.9144E-03  8.0000E-04
      1630  1.3705E-03 -1.0410E-02  8.0000E-04
      1631  1.4358E-03 -1.0906E-02  8.0000E-04
      1632  1.5011E-03 -1.1402E-02  8.0000E-04
      1633  1.5663E-03 -1.1897E-02  8.0000E-04
      1634  1.6316E-03 -1.2393E-02  8.0000E-04
      1635  1.6968E-03 -1.2889E-02  8.0000E-04
      1636  1.7621E-03 -1.3385E-02  8.0000E-04
      1637  1.8274E-03 -1.3880E-02  8.0000E-04
      1638  1.8926E-03 -1.4376E-02  8.0000E-04
      1639  1.9579E-03 -1.4872E-02  8.0000E-04
      1640  1.3053E-03 -9.9144E-03  0.0000E+00
      1641  1.3705E-03 -1.0410E-02  0.0000E+00
      1642  1.4358E-03 -1.0906E-02  0.0000E+00
      1643  1.5011E-03 -1.1402E-02  0.0000E+00
      1644  1.5663E-03 -1.1897E-02  0.0000E+00
      1645  1.6316E-03 -1.2393E-02  0.0000E+00
      1646  1.6968E-03 -1.2889E-02  0.0000E+00
      1647  1.7621E-03 -1.3385E-02  0.0000E+00
      1648  1.8274E-03 -1.3880E-02  0.0000E+00
      1649  1.8926E-03 -1.4376E-02  0.0000E+00
      1650  1.9579E-03 -1.4872E-02  0.0000E+00
      1651  1.9509E-03 -9.8079E-03  8.0000E-04
      1652  2.0484E-03 -1.0298E-02  8.0000E-04
      1653  2.1460E-03 -1.0789E-02  8.0000E-04
      1654  2.2435E-03 -1.1279E-02  8.0000E-04
      1655  2.3411E-03 -1.1769E-02  8.0000E-04
      1656  2.4386E-03 -1.2260E-02  8.0000E-04
      1657  2.5362E-03 -1.2750E-02  8.0000E-04
      1658  2.6337E-03 -1.3241E-02  8.0000E-04
      1659  2.7313E-03 -1.3731E-02  8.0000E-04
      1660  2.8288E-03 -1.4221E-02  8.0000E-04
      1661  2.9264E-03 -1.4712E-02  8.0000E-04
      1662  1.9509E-03 -9.8079E-03  0.0000E+00
      1663  2.0484E-03 -1.0298E-02  0.0000E+00
      1664  2.1460E-03 -1.0789E-02  0.0000E+00
      1665  2.2435E-03 -1.1279E-02  0.0000E+00
      1666  2.3411E-03 -1.1769E-02  0.0000E+00
      1667  2.4386E-03 -1.2260E-02  0.0000E+00
      1668  2.5362E-03 -1.2750E-02  0.0000E+00
      1669  2.6337E-03 -1.3241E-02  0.0000E+00
      1670  2.7313E-03 -1.3731E-02  0.0000E+00
      1671  2.8288E-03 -1.4221E-02  0.0000E+00
      1672  2.9264E-03 -1.4712E-02  0.0000E+00
      1673  2.5882E-03 -9.6593E-03  8.0000E-04
      1674  2.7176E-03 -1.0142E-02  8.0000E-04
      1675  2.8470E-03 -1.0625E-02  8.0000E-04
      1676  2.9764E-03 -1.1108E-02  8.0000E-04
      1677  3.1058E-03 -1.1591E-02  8.0000E-04
      1678  3.2352E-03 -1.2074E-02  8.0000E-04
      1679  3.3646E-03 -1.2557E-02  8.0000E-04
      1680  3.4941E-03 -1.3040E-02  8.0000E-04
      1681  3.6235E-03 -1.3523E-02  8.0000E-04
      1682  3.7529E-03 -1.4006E-02  8.0000E-04
      1683  3.8823E-03 -1.4489E-02  8.0000E-04
      1684  2.5882E-03 -9.6593E-03  0.0000E+00
      1685  2.7176E-03 -1.0142E-02  0.0000E+00
      1686  2.8470E-03 -1.0625E-02  0.0000E+00
      1687  2.9764E-03 -1.1108E-02  0.0000E+00
      1688  3.1058E-03 -1.1591E-02  0.0000E+00
      1689  3.2352E-03 -1.2074E-02  0.0000E+00
      1690  3.3646E-03 -1.2557E-02  0.0000E+00
      1691  3.4941E-03 -1.3040E-02  0.0000E+00
      1692  3.6235E-03 -1.3523E-02  0.0000E+00
      1693  3.7529E-03 -1.4006E-02  0.0000E+00
      1694  3.8823E-03 -1.4489E-02  0.0000E+00
      1695  3.2144E-03 -9.4693E-03  8.0000E-04
      1696  3.3751E-03 -9.9428E-03  8.0000E-04
      1697  3.5358E-03 -1.0416E-02  8.0000E-04
      1698  3.6966E-03 -1.0890E-02  8.0000E-04
      1699  3.8573E-03 -1.1363E-02  8.0000E-04
      1700  4.0180E-03 -1.1837E-02  8.0000E-04
      1701  4.1787E-03 -1.2310E-02  8.0000E-04
      1702  4.3394E-03 -1.2784E-02  8.0000E-04
      1703  4.5002E-03 -1.3257E-02  8.0000E-04
      1704  4.6609E-03 -1.3730E-02  8.0000E-04
      1705  4.8216E-03 -1.4204E-02  8.0000E-04
      1706  3.2144E-03 -9.4693E-03  0.0000E+00
      1707  3.3751E-03 -9.9428E-03  0.0000E+00
      1708  3.5358E-03 -1.0416E-02  0.0000E+00
      1709  3.6966E-03 -1.0890E-02  0.0000E+00
      1710  3.8573E-03 -1.1363E-02  0.0000E+00
      1711  4.0180E-03 -1.1837E-02  0.0000E+00
      1712  4.1787E-03 -1.2310E-02  0.0000E+00
      1713  4.3394E-03 -1.2784E-02  0.0000E+00
      1714  4.5002E-03 -1.3257E-02  0.0000E+00
      1715  4.6609E-03 -1.3730E-02  0.0000E+00
      1716  4.8216E-03 -1.4204E-02  0.0000E+00
      1717  3.8268E-03 -9.2388E-03  8.0000E-04
      1718  4.0182E-03 -9.7007E-03  8.0000E-04
      1719  4.2095E-03 -1.0163E-02  8.0000E-04
      1720  4.4009E-03 -1.0625E-02  8.0000E-04
      1721  4.5922E-03 -1.1087E-02  8.0000E-04
      1722  4.7835E-03 -1.1548E-02  8.0000E-04
      1723  4.9749E-03 -1.2010E-02  8.0000E-04
      1724  5.1662E-03 -1.2472E-02  8.0000E-04
      1725  5.3576E-03 -1.2934E-02  8.0000E-04
      1726  5.5489E-03 -1.3396E-02  8.0000E-04
      1727  5.7403E-03 -1.3858E-02  8.0000E-04
      1728  3.8268E-03 -9.2388E-03  0.0000E+00
      1729  4.0182E-03 -9.7007E-03  0.0000E+00
      1730  4.2095E-03 -1.0163E-02  0.0000E+00
      1731  4.4009E-03 -1.0625E-02  0.0000E+00
      1732  4.5922E-03 -1.1087E-02  0.0000E+00
      1733  4.7835E-03 -1.1548E-02  0.0000E+00
      1734  4.9749E-03 -1.2010E-02  0.0000E+00
      1735  5.1662E-03 -1.2472E-02  0.0000E+00
      1736  5.3576E-03 -1.2934E-02  0.0000E+00
      1737  5.5489E-03 -1.3396E-02  0.0000E+00
      1738  5.7403E-03 -1.3858E-02  0.0000E+00
      1739  4.4229E-03 -8.9687E-03  8.0000E-04
      1740  4.6440E-03 -9.4172E-03  8.0000E-04
      1741  4.8652E-03 -9.8656E-03  8.0000E-04
      1742  5.0863E-03 -1.0314E-02  8.0000E-04
      1743  5.3075E-03 -1.0762E-02  8.0000E-04
      1744  5.5286E-03 -1.1211E-02  8.0000E-04
      1745  5.7498E-03 -1.1659E-02  8.0000E-04
      1746  5.9709E-03 -1.2108E-02  8.0000E-04
      1747  6.1920E-03 -1.2556E-02  8.0000E-04
      1748  6.4132E-03 -1.3005E-02  8.0000E-04
      1749  6.6343E-03 -1.3453E-02  8.0000E-04
      1750  4.4229E-03 -8.9687E-03  0.0000E+00
      1751  4.6440E-03 -9.4172E-03  0.0000E+00
      1752  4.8652E-03 -9.8656E-03  0.0000E+00
      1753  5.0863E-03 -1.0314E-02  0.0000E+00
      1754  5.3075E-03 -1.0762E-02  0.0000E+00
      1755  5.5286E-03 -1.1211E-02  0.0000E+00
      1756  5.7498E-03 -1.1659E-02  0.0000E+00
      1757  5.9709E-03 -1.2108E-02  0.0000E+00
      1758  6.1920E-03 -1.2556E-02  0.0000E+00
      1759  6.4132E-03 -1.3005E-02  0.0000E+00
      1760  6.6343E-03 -1.3453E-02  0.0000E+00
      1761  5.0000E-03 -8.6603E-03  8.0000E-04
      1762  5.2500E-03 -9.0933E-03  8.0000E-04
      1763  5.5000E-03 -9.5263E-03  8.0000E-04
      1764  5.7500E-03 -9.9593E-03  8.0000E-04
      1765  6.0000E-03 -1.0392E-02  8.0000E-04
      1766  6.2500E-03 -1.0825E-02  8.0000E-04
      1767  6.5000E-03 -1.1258E-02  8.0000E-04
      1768  6.7500E-03 -1.1691E-02  8.0000E-04
      1769  7.0000E-03 -1.2124E-02  8.0000E-04
      1770  7.2500E-03 -1.2557E-02  8.0000E-04
      1771  7.5000E-03 -1.2990E-02  8.0000E-04
      1772  5.0000E-03 -8.6603E-03  0.0000E+00
      1773  5.2500E-03 -9.0933E-03  0.0000E+00
      1774  5.5000E-03 -9.5263E-03  0.0000E+00
      1775  5.7500E-03 -9.9593E-03  0.0000E+00
      1776  6.0000E-03 -1.0392E-02  0.0000E+00
      1777  6.2500E-03 -1.0825E-02  0.0000E+00
      1778  6.5000E-03 -1.1258E-02  0.0000E+00
      1779  6.7500E-03 -1.1691E-02  0.0000E+00
      1780  7.0000E-03 -1.2124E-02  0.0000E+00
      1781  7.2500E-03 -1.2557E-02  0.0000E+00
      1782  7.5000E-03 -1.2990E-02  0.0000E+00
      1783  5.5557E-03 -8.3147E-03  8.0000E-04
      1784  5.8335E-03 -8.7304E-03  8.0000E-04
      1785  6.1113E-03 -9.1462E-03  8.0000E-04
      1786  6.3891E-03 -9.5619E-03  8.0000E-04
      1787  6.6668E-03 -9.9776E-03  8.0000E-04
      1788  6.9446E-03 -1.0393E-02  8.0000E-04
      1789  7.2224E-03 -1.0809E-02  8.0000E-04
      1790  7.5002E-03 -1.1225E-02  8.0000E-04
      1791  7.7780E-03 -1.1641E-02  8.0000E-04
      1792  8.0558E-03 -1.2056E-02  8.0000E-04
      1793  8.3336E-03 -1.2472E-02  8.0000E-04
      1794  5.5557E-03 -8.3147E-03  0.0000E+00
      1795  5.8335E-03 -8.7304E-03  0.0000E+00
      1796  6.1113E-03 -9.1462E-03  0.0000E+00
      1797  6.3891E-03 -9.5619E-03  0.0000E+00
      1798  6.6668E-03 -9.9776E-03  0.0000E+00
      1799  6.9446E-03 -1.0393E-02  0.0000E+00
      1800  7.2224E-03 -1.0809E-02  0.0000E+00
      1801  7.5002E-03 -1.1225E-02  0.0000E+00
      1802  7.7780E-03 -1.1641E-02  0.0000E+00
      1803  8.0558E-03 -1.2056E-02  0.0000E+00
      1804  8.3336E-03 -1.2472E-02  0.0000E+00
      1805  6.0876E-03 -7.9335E-03  8.0000E-04
      1806  6.3920E-03 -8.3302E-03  8.0000E-04
      1807  6.6964E-03 -8.7269E-03  8.0000E-04
      1808  7.0008E-03 -9.1236E-03  8.0000E-04
      1809  7.3051E-03 -9.5202E-03  8.0000E-04
      1810  7.6095E-03 -9.9169E-03  8.0000E-04
      1811  7.9139E-03 -1.0314E-02  8.0000E-04
      1812  8.2183E-03 -1.0710E-02  8.0000E-04
      1813  8.5227E-03 -1.1107E-02  8.0000E-04
      1814  8.8270E-03 -1.1504E-02  8.0000E-04
      1815  9.1314E-03 -1.1900E-02  8.0000E-04
      1816  6.0876E-03 -7.9335E-03  0.0000E+00
      1817  6.3920E-03 -8.3302E-03  0.0000E+00
      1818  6.6964E-03 -8.7269E-03  0.0000E+00
      1819  7.0008E-03 -9.1236E-03  0.0000E+00
      1820  7.3051E-03 -9.5202E-03  0.0000E+00
      1821  7.6095E-03 -9.9169E-03  0.0000E+00
      1822  7.9139E-03 -1.0314E-02  0.0000E+00
      1823  8.2183E-03 -1.0710E-02  0.0000E+00
      1824  8.5227E-03 -1.1107E-02  0.0000E+00
      1825  8.8270E-03 -1.1504E-02  0.0000E+00
      1826  9.1314E-03 -1.1900E-02  0.0000E+00
      1827  6.5935E-03 -7.5184E-03  8.0000E-04
      1828  6.9231E-03 -7.8943E-03  8.0000E-04
      1829  7.2528E-03 -8.2702E-03  8.0000E-04
      1830  7.5825E-03 -8.6462E-03  8.0000E-04
      1831  7.9121E-03 -9.0221E-03  8.0000E-04
      1832  8.2418E-03 -9.3980E-03  8.0000E-04
      1833  8.5715E-03 -9.7739E-03  8.0000E-04
      1834  8.9012E-03 -1.0150E-02  8.0000E-04
      1835  9.2308E-03 -1.0526E-02  8.0000E-04
      1836  9.5605E-03 -1.0902E-02  8.0000E-04
      1837  9.8902E-03 -1.1278E-02  8.0000E-04
      1838  6.5935E-03 -7.5184E-03  0.0000E+00
      1839  6.9231E-03 -7.8943E-03  0.0000E+00
      1840  7.2528E-03 -8.2702E-03  0.0000E+00
      1841  7.5825E-03 -8.6462E-03  0.0000E+00
      1842  7.9121E-03 -9.0221E-03  0.0000E+00
      1843  8.2418E-03 -9.3980E-03  0.0000E+00
      1844  8.5715E-03 -9.7739E-03  0.0000E+00
      1845  8.9012E-03 -1.0150E-02  0.0000E+00
      1846  9.2308E-03 -1.0526E-02  0.0000E+00
      1847  9.5605E-03 -1.0902E-02  0.0000E+00
      1848  9.8902E-03 -1.1278E-02  0.0000E+00
      1849  7.0711E-03 -7.0711E-03  8.0000E-04
      1850  7.4246E-03 -7.4246E-03  8.0000E-04
      1851  7.7782E-03 -7.7782E-03  8.0000E-04
      1852  8.1317E-03 -8.1317E-03  8.0000E-04
      1853  8.4853E-03 -8.4853E-03  8.0000E-04
      1854  8.8388E-03 -8.8388E-03  8.0000E-04
      1855  9.1924E-03 -9.1924E-03  8.0000E-04
      1856  9.5459E-03 -9.5459E-03  8.0000E-04
      1857  9.8995E-03 -9.8995E-03  8.0000E-04
      1858  1.0253E-02 -1.0253E-02  8.0000E-04
      1859  1.0607E-02 -1.0607E-02  8.0000E-04
      1860  7.0711E-03 -7.0711E-03  0.0000E+00
      1861  7.4246E-03 -7.4246E-03  0.0000E+00
      1862  7.7782E-03 -7.7782E-03  0.0000E+00
      1863  8.1317E-03 -8.1317E-03  0.0000E+00
      1864  8.4853E-03 -8.4853E-03  0.0000E+00
      1865  8.8388E-03 -8.8388E-03  0.0000E+00
      1866  9.1924E-03 -9.1924E-03  0.0000E+00
      1867  9.5459E-03 -9.5459E-03  0.0000E+00
      1868  9.8995E-03 -9.8995E-03  0.0000E+00
      1869  1.0253E-02 -1.0253E-02  0.0000E+00
      1870  1.0607E-02 -1.0607E-02  0.0000E+00
      1871  7.5184E-03 -6.5935E-03  8.0000E-04
      1872  7.8943E-03 -6.9231E-03  8.0000E-04
      1873  8.2702E-03 -7.2528E-03  8.0000E-04
      1874  8.6462E-03 -7.5825E-03  8.0000E-04
      1875  9.0221E-03 -7.9121E-03  8.0000E-04
      1876  9.3980E-03 -8.2418E-03  8.0000E-04
      1877  9.7739E-03 -8.5715E-03  8.0000E-04
      1878  1.0150E-02 -8.9012E-03  8.0000E-04
      1879  1.0526E-02 -9.2308E-03  8.0000E-04
      1880  1.0902E-02 -9.5605E-03  8.0000E-04
      1881  1.1278E-02 -9.8902E-03  8.0000E-04
      1882  7.5184E-03 -6.5935E-03  0.0000E+00
      1883  7.8943E-03 -6.9231E-03  0.0000E+00
      1884  8.2702E-03 -7.2528E-03  0.0000E+00
      1885  8.6462E-03 -7.5825E-03  0.0000E+00
      1886  9.0221E-03 -7.9121E-03  0.0000E+00
      1887  9.3980E-03 -8.2418E-03  0.0000E+00
      1888  9.7739E-03 -8.5715E-03  0.0000E+00
      1889  1.0150E-02 -8.9012E-03  0.0000E+00
      1890  1.0526E-02 -9.2308E-03  0.0000E+00
      1891  1.0902E-02 -9.5605E-03  0.0000E+00
      1892  1.1278E-02 -9.8902E-03  0.0000E+00
      1893  7.9335E-03 -6.0876E-03  8.0000E-04
      1894  8.3302E-03 -6.3920E-03  8.0000E-04
      1895  8.7269E-03 -6.6964E-03  8.0000E-04
      1896  9.1236E-03 -7.0008E-03  8.0000E-04
      1897  9.5202E-03 -7.3051E-03  8.0000E-04
      1898  9.9169E-03 -7.6095E-03  8.0000E-04
      1899  1.0314E-02 -7.9139E-03  8.0000E-04
      1900  1.0710E-02 -8.2183E-03  8.0000E-04
      1901  1.1107E-02 -8.5227E-03  8.0000E-04
      1902  1.1504E-02 -8.8270E-03  8.0000E-04
      1903  1.1900E-02 -9.1314E-03  8.0000E-04
      1904  7.9335E-03 -6.0876E-03  0.0000E+00
      1905  8.3302E-03 -6.3920E-03  0.0000E+00
      1906  8.7269E-03 -6.6964E-03  0.0000E+00
      1907  9.1236E-03 -7.0008E-03  0.0000E+00
      1908  9.5202E-03 -7.3051E-03  0.0000E+00
      1909  9.9169E-03 -7.6095E-03  0.0000E+00
      1910  1.0314E-02 -7.9139E-03  0.0000E+00
      1911  1.0710E-02 -8.2183E-03  0.0000E+00
      1912  1.1107E-02 -8.5227E-03  0.0000E+00
      1913  1.1504E-02 -8.8270E-03  0.0000E+00
      1914  1.1900E-02 -9.1314E-03  0.0000E+00
      1915  8.3147E-03 -5.5557E-03  8.0000E-04
      1916  8.7304E-03 -5.8335E-03  8.0000E-04
      1917  9.1462E-03 -6.1113E-03  8.0000E-04
      1918  9.5619E-03 -6.3891E-03  8.0000E-04
      1919  9.9776E-03 -6.6668E-03  8.0000E-04
      1920  1.0393E-02 -6.9446E-03  8.0000E-04
      1921  1.0809E-02 -7.2224E-03  8.0000E-04
      1922  1.1225E-02 -7.5002E-03  8.0000E-04
      1923  1.1641E-02 -7.7780E-03  8.0000E-04
      1924  1.2056E-02 -8.0558E-03  8.0000E-04
      1925  1.2472E-02 -8.3336E-03  8.0000E-04
      1926  8.3147E-03 -5.5557E-03  0.0000E+00
      1927  8.7304E-03 -5.8335E-03  0.0000E+00
      1928  9.1462E-03 -6.1113E-03  0.0000E+00
      1929  9.5619E-03 -6.3891E-03  0.0000E+00
      1930  9.9776E-03 -6.6668E-03  0.0000E+00
      1931  1.0393E-02 -6.9446E-03  0.0000E+00
      1932  1.0809E-02 -7.2224E-03  0.0000E+00
      1933  1.1225E-02 -7.5002E-03  0.0000E+00
      1934  1.1641E-02 -7.7780E-03  0.0000E+00
      1935  1.2056E-02 -8.0558E-03  0.0000E+00
      1936  1.2472E-02 -8.3336E-03  0.0000E+00
      1937  8.6603E-03 -5.0000E-03  8.0000E-04
      1938  9.0933E-03 -5.2500E-03  8.0000E-04
      1939  9.5263E-03 -5.5000E-03  8.0000E-04
      1940  9.9593E-03 -5.7500E-03  8.0000E-04
      1941  1.0392E-02 -6.0000E-03  8.0000E-04
      1942  1.0825E-02 -6.2500E-03  8.0000E-04
      1943  1.1258E-02 -6.5000E-03  8.0000E-04
      1944  1.1691E-02 -6.7500E-03  8.0000E-04
      1945  1.2124E-02 -7.0000E-03  8.0000E-04
      1946  1.2557E-02 -7.2500E-03  8.0000E-04
      1947  1.2990E-02 -7.5000E-03  8.0000E-04
      1948  8.6603E-03 -5.0000E-03  0.0000E+00
      1949  9.0933E-03 -5.2500E-03  0.0000E+00
      1950  9.5263E-03 -5.5000E-03  0.0000E+00
      1951  9.9593E-03 -5.7500E-03  0.0000E+00
      1952  1.0392E-02 -6.0000E-03  0.0000E+00
      1953  1.0825E-02 -6.2500E-03  0.0000E+00
      1954  1.1258E-02 -6.5000E-03  0.0000E+00
      1955  1.1691E-02 -6.7500E-03  0.0000E+00
      1956  1.2124E-02 -7.0000E-03  0.0000E+00
      1957  1.2557E-02 -7.2500E-03  0.0000E+00
      1958  1.2990E-02 -7.5000E-03  0.0000E+00
      1959  8.9687E-03 -4.4229E-03  8.0000E-04
      1960  9.4172E-03 -4.6440E-03  8.0000E-04
      1961  9.8656E-03 -4.8652E-03  8.0000E-04
      1962  1.0314E-02 -5.0863E-03  8.0000E-04
      1963  1.0762E-02 -5.3075E-03  8.0000E-04
      1964  1.1211E-02 -5.5286E-03  8.0000E-04
      1965  1.1659E-02 -5.7498E-03  8.0000E-04
      1966  1.2108E-02 -5.9709E-03  8.0000E-04
      1967  1.2556E-02 -6.1920E-03  8.0000E-04
      1968  1.3005E-02 -6.4132E-03  8.0000E-04
      1969  1.3453E-02 -6.6343E-03  8.0000E-04
      1970  8.9687E-03 -4.4229E-03  0.0000E+00
      1971  9.4172E-03 -4.6440E-03  0.0000E+00
      1972  9.8656E-03 -4.8652E-03  0.0000E+00
      1973  1.0314E-02 -5.0863E-03  0.0000E+00
      1974  1.0762E-02 -5.3075E-03  0.0000E+00
      1975  1.1211E-02 -5.5286E-03  0.0000E+00
      1976  1.1659E-02 -5.7498E-03  0.0000E+00
      1977  1.2108E-02 -5.9709E-03  0.0000E+00
      1978  1.2556E-02 -6.1920E-03  0.0000E+00
      1979  1.3005E-02 -6.4132E-03  0.0000E+00
      1980  1.3453E-02 -6.6343E-03  0.0000E+00
      1981  9.2388E-03 -3.8268E-03  8.0000E-04
      1982  9.7007E-03 -4.0182E-03  8.0000E-04
      1983  1.0163E-02 -4.2095E-03  8.0000E-04
      1984  1.0625E-02 -4.4009E-03  8.0000E-04
      1985  1.1087E-02 -4.5922E-03  8.0000E-04
      1986  1.1548E-02 -4.7835E-03  8.0000E-04
      1987  1.2010E-02 -4.9749E-03  8.0000E-04
      1988  1.2472E-02 -5.1662E-03  8.0000E-04
      1989  1.2934E-02 -5.3576E-03  8.0000E-04
      1990  1.3396E-02 -5.5489E-03  8.0000E-04
      1991  1.3858E-02 -5.7403E-03  8.0000E-04
      1992  9.2388E-03 -3.8268E-03  0.0000E+00
      1993  9.7007E-03 -4.0182E-03  0.0000E+00
      1994  1.0163E-02 -4.2095E-03  0.0000E+00
      1995  1.0625E-02 -4.4009E-03  0.0000E+00
      1996  1.1087E-02 -4.5922E-03  0.0000E+00
      1997  1.1548E-02 -4.7835E-03  0.0000E+00
      1998  1.2010E-02 -4.9749E-03  0.0000E+00
      1999  1.2472E-02 -5.1662E-03  0.0000E+00
      2000  1.2934E-02 -5.3576E-03  0.0000E+00
      2001  1.3396E-02 -5.5489E-03  0.0000E+00
      2002  1.3858E-02 -5.7403E-03  0.0000E+00
      2003  9.4693E-03 -3.2144E-03  8.0000E-04
      2004  9.9428E-03 -3.3751E-03  8.0000E-04
      2005  1.0416E-02 -3.5358E-03  8.0000E-04
      2006  1.0890E-02 -3.6966E-03  8.0000E-04
      2007  1.1363E-02 -3.8573E-03  8.0000E-04
      2008  1.1837E-02 -4.0180E-03  8.0000E-04
      2009  1.2310E-02 -4.1787E-03  8.0000E-04
      2010  1.2784E-02 -4.3394E-03  8.0000E-04
      2011  1.3257E-02 -4.5002E-03  8.0000E-04
      2012  1.3730E-02 -4.6609E-03  8.0000E-04
      2013  1.4204E-02 -4.8216E-03  8.0000E-04
      2014  9.4693E-03 -3.2144E-03  0.0000E+00
      2015  9.9428E-03 -3.3751E-03  0.0000E+00
      2016  1.0416E-02 -3.5358E-03  0.0000E+00
      2017  1.0890E-02 -3.6966E-03  0.0000E+00
      2018  1.1363E-02 -3.8573E-03  0.0000E+00
      2019  1.1837E-02 -4.0180E-03  0.0000E+00
      2020  1.2310E-02 -4.1787E-03  0.0000E+00
      2021  1.2784E-02 -4.3394E-03  0.0000E+00
      2022  1.3257E-02 -4.5002E-03  0.0000E+00
      2023  1.3730E-02 -4.6609E-03  0.0000E+00
      2024  1.4204E-02 -4.8216E-03  0.0000E+00
      2025  9.6593E-03 -2.5882E-03  8.0000E-04
      2026  1.0142E-02 -2.7176E-03  8.0000E-04
      2027  1.0625E-02 -2.8470E-03  8.0000E-04
      2028  1.1108E-02 -2.9764E-03  8.0000E-04
      2029  1.1591E-02 -3.1058E-03  8.0000E-04
      2030  1.2074E-02 -3.2352E-03  8.0000E-04
      2031  1.2557E-02 -3.3646E-03  8.0000E-04
      2032  1.3040E-02 -3.4941E-03  8.0000E-04
      2033  1.3523E-02 -3.6235E-03  8.0000E-04
      2034  1.4006E-02 -3.7529E-03  8.0000E-04
      2035  1.4489E-02 -3.8823E-03  8.0000E-04
      2036  9.6593E-03 -2.5882E-03  0.0000E+00
      2037  1.0142E-02 -2.7176E-03  0.0000E+00
      2038  1.0625E-02 -2.8470E-03  0.0000E+00
      2039  1.1108E-02 -2.9764E-03  0.0000E+00
      2040  1.1591E-02 -3.1058E-03  0.0000E+00
      2041  1.2074E-02 -3.2352E-03  0.0000E+00
      2042  1.2557E-02 -3.3646E-03  0.0000E+00
      2043  1.3040E-02 -3.4941E-03  0.0000E+00
      2044  1.3523E-02 -3.6235E-03  0.0000E+00
      2045  1.4006E-02 -3.7529E-03  0.0000E+00
      2046  1.4489E-02 -3.8823E-03  0.0000E+00
      2047  9.8079E-03 -1.9509E-03  8.0000E-04
      2048  1.0298E-02 -2.0484E-03  8.0000E-04
      2049  1.0789E-02 -2.1460E-03  8.0000E-04
      2050  1.1279E-02 -2.2435E-03  8.0000E-04
      2051  1.1769E-02 -2.3411E-03  8.0000E-04
      2052  1.2260E-02 -2.4386E-03  8.0000E-04
      2053  1.2750E-02 -2.5362E-03  8.0000E-04
      2054  1.3241E-02 -2.6337E-03  8.0000E-04
      2055  1.3731E-02 -2.7313E-03  8.0000E-04
      2056  1.4221E-02 -2.8288E-03  8.0000E-04
      2057  1.4712E-02 -2.9264E-03  8.0000E-04
      2058  9.8079E-03 -1.9509E-03  0.0000E+00
      2059  1.0298E-02 -2.0484E-03  0.0000E+00
      2060  1.0789E-02 -2.1460E-03  0.0000E+00
      2061  1.1279E-02 -2.2435E-03  0.0000E+00
      2062  1.1769E-02 -2.3411E-03  0.0000E+00
      2063  1.2260E-02 -2.4386E-03  0.0000E+00
      2064  1.2750E-02 -2.5362E-03  0.0000E+00
      2065  1.3241E-02 -2.6337E-03  0.0000E+00
      2066  1.3731E-02 -2.7313E-03  0.0000E+00
      2067  1.4221E-02 -2.8288E-03  0.0000E+00
      2068  1.4712E-02 -2.9264E-03  0.0000E+00
      2069  9.9144E-03 -1.3053E-03  8.0000E-04
      2070  1.0410E-02 -1.3705E-03  8.0000E-04
      2071  1.0906E-02 -1.4358E-03  8.0000E-04
      2072  1.1402E-02 -1.5011E-03  8.0000E-04
      2073  1.1897E-02 -1.5663E-03  8.0000E-04
      2074  1.2393E-02 -1.6316E-03  8.0000E-04
      2075  1.2889E-02 -1.6968E-03  8.0000E-04
      2076  1.3385E-02 -1.7621E-03  8.0000E-04
      2077  1.3880E-02 -1.8274E-03  8.0000E-04
      2078  1.4376E-02 -1.8926E-03  8.0000E-04
      2079  1.4872E-02 -1.9579E-03  8.0000E-04
      2080  9.9144E-03 -1.3053E-03  0.0000E+00
      2081  1.0410E-02 -1.3705E-03  0.0000E+00
      2082  1.0906E-02 -1.4358E-03  0.0000E+00
      2083  1.1402E-02 -1.5011E-03  0.0000E+00
      2084  1.1897E-02 -1.5663E-03  0.0000E+00
      2085  1.2393E-02 -1.6316E-03  0.0000E+00
      2086  1.2889E-02 -1.6968E-03  0.0000E+00
      2087  1.3385E-02 -1.7621E-03  0.0000E+00
      2088  1.3880E-02 -1.8274E-03  0.0000E+00
      2089  1.4376E-02 -1.8926E-03  0.0000E+00
      2090  1.4872E-02 -1.9579E-03  0.0000E+00
      2091  9.9786E-03 -6.5403E-04  8.0000E-04
      2092  1.0478E-02 -6.8673E-04  8.0000E-04
      2093  1.0976E-02 -7.1943E-04  8.0000E-04
      2094  1.1475E-02 -7.5214E-04  8.0000E-04
      2095  1.1974E-02 -7.8484E-04  8.0000E-04
      2096  1.2473E-02 -8.1754E-04  8.0000E-04
      2097  1.2972E-02 -8.5024E-04  8.0000E-04
      2098  1.3471E-02 -8.8294E-04  8.0000E-04
      2099  1.3970E-02 -9.1564E-04  8.0000E-04
      2100  1.4469E-02 -9.4835E-04  8.0000E-04
      2101  1.4968E-02 -9.8105E-04  8.0000E-04
      2102  9.9786E-03 -6.5403E-04  0.0000E+00
      2103  1.0478E-02 -6.8673E-04  0.0000E+00
      2104  1.0976E-02 -7.1943E-04  0.0000E+00
      2105  1.1475E-02 -7.5214E-04  0.0000E+00
      2106  1.1974E-02 -7.8484E-04  0.0000E+00
      2107  1.2473E-02 -8.1754E-04  0.0000E+00
      2108  1.2972E-02 -8.5024E-04  0.0000E+00
      2109  1.3471E-02 -8.8294E-04  0.0000E+00
      2110  1.3970E-02 -9.1564E-04  0.0000E+00
      2111  1.4469E-02 -9.4835E-04  0.0000E+00
      2112  1.4968E-02 -9.8105E-04  0.0000E+00
      2113  1.0000E-02 -2.4493E-18  8.0000E-04
      2114  1.0500E-02 -2.5718E-18  8.0000E-04
      2115  1.1000E-02 -2.6942E-18  8.0000E-04
      2116  1.1500E-02 -2.8167E-18  8.0000E-04
      2117  1.2000E-02 -2.9392E-18  8.0000E-04
      2118  1.2500E-02 -3.0616E-18  8.0000E-04
      2119  1.3000E-02 -3.1841E-18  8.0000E-04
      2120  1.3500E-02 -3.3065E-18  8.0000E-04
      2121  1.4000E-02 -3.4290E-18  8.0000E-04
      2122  1.4500E-02 -3.5515E-18  8.0000E-04
      2123  1.5000E-02 -3.6739E-18  8.0000E-04
      2124  1.0000E-02 -2.4493E-18  0.0000E+00
      2125  1.0500E-02 -2.5718E-18  0.0000E+00
      2126  1.1000E-02 -2.6942E-18  0.0000E+00
      2127  1.1500E-02 -2.8167E-18  0.0000E+00
      2128  1.2000E-02 -2.9392E-18  0.0000E+00
      2129  1.2500E-02 -3.0616E-18  0.0000E+00
      2130  1.3000E-02 -3.1841E-18  0.0000E+00
      2131  1.3500E-02 -3.3065E-18  0.0000E+00
      2132  1.4000E-02 -3.4290E-18  0.0000E+00
      2133  1.4500E-02 -3.5515E-18  0.0000E+00
      2134  1.5000E-02 -3.6739E-18  0.0000E+00

 FEAP *** inflated fiber reinforced soft ring - circum. b.c. top surf. linked in 

   E l e m e n t   C o n n e c t i o n s

    Elem Mat Reg  1-Node  2-Node  3-Node  4-Node  5-Node  6-Node  7-Node  8-Node
       1   1   0       1       2      13      12      23      24      35      34
       2   1   0       2       3      14      13      24      25      36      35
       3   1   0       3       4      15      14      25      26      37      36
       4   1   0       4       5      16      15      26      27      38      37
       5   1   0       5       6      17      16      27      28      39      38
       6   1   0       6       7      18      17      28      29      40      39
       7   1   0       7       8      19      18      29      30      41      40
       8   1   0       8       9      20      19      30      31      42      41
       9   1   0       9      10      21      20      31      32      43      42
      10   1   0      10      11      22      21      32      33      44      43
      11   2   0       1      12      34      23
      12   1   0      23      24      35      34      45      46      57      56
      13   1   0      24      25      36      35      46      47      58      57
      14   1   0      25      26      37      36      47      48      59      58
      15   1   0      26      27      38      37      48      49      60      59
      16   1   0      27      28      39      38      49      50      61      60
      17   1   0      28      29      40      39      50      51      62      61
      18   1   0      29      30      41      40      51      52      63      62
      19   1   0      30      31      42      41      52      53      64      63
      20   1   0      31      32      43      42      53      54      65      64
      21   1   0      32      33      44      43      54      55      66      65
      22   2   0      23      34      56      45
      23   1   0      45      46      57      56      67      68      79      78
      24   1   0      46      47      58      57      68      69      80      79
      25   1   0      47      48      59      58      69      70      81      80
      26   1   0      48      49      60      59      70      71      82      81
      27   1   0      49      50      61      60      71      72      83      82
      28   1   0      50      51      62      61      72      73      84      83
      29   1   0      51      52      63      62      73      74      85      84
      30   1   0      52      53      64      63      74      75      86      85
      31   1   0      53      54      65      64      75      76      87      86
      32   1   0      54      55      66      65      76      77      88      87
      33   2   0      45      56      78      67
      34   1   0      67      68      79      78      89      90     101     100
      35   1   0      68      69      80      79      90      91     102     101
      36   1   0      69      70      81      80      91      92     103     102
      37   1   0      70      71      82      81      92      93     104     103
      38   1   0      71      72      83      82      93      94     105     104
      39   1   0      72      73      84      83      94      95     106     105
      40   1   0      73      74      85      84      95      96     107     106
      41   1   0      74      75      86      85      96      97     108     107
      42   1   0      75      76      87      86      97      98     109     108
      43   1   0      76      77      88      87      98      99     110     109
      44   2   0      67      78     100      89
      45   1   0      89      90     101     100     111     112     123     122
      46   1   0      90      91     102     101     112     113     124     123
      47   1   0      91      92     103     102     113     114     125     124
      48   1   0      92      93     104     103     114     115     126     125
      49   1   0      93      94     105     104     115     116     127     126
      50   1   0      94      95     106     105     116     117     128     127
      51   1   0      95      96     107     106     117     118     129     128
      52   1   0      96      97     108     107     118     119     130     129
      53   1   0      97      98     109     108     119     120     131     130
      54   1   0      98      99     110     109     120     121     132     131
      55   2   0      89     100     122     111
      56   1   0     111     112     123     122     133     134     145     144
      57   1   0     112     113     124     123     134     135     146     145
      58   1   0     113     114     125     124     135     136     147     146
      59   1   0     114     115     126     125     136     137     148     147
      60   1   0     115     116     127     126     137     138     149     148
      61   1   0     116     117     128     127     138     139     150     149
      62   1   0     117     118     129     128     139     140     151     150
      63   1   0     118     119     130     129     140     141     152     151
      64   1   0     119     120     131     130     141     142     153     152
      65   1   0     120     121     132     131     142     143     154     153
      66   2   0     111     122     144     133
      67   1   0     133     134     145     144     155     156     167     166
      68   1   0     134     135     146     145     156     157     168     167
      69   1   0     135     136     147     146     157     158     169     168
      70   1   0     136     137     148     147     158     159     170     169
      71   1   0     137     138     149     148     159     160     171     170
      72   1   0     138     139     150     149     160     161     172     171
      73   1   0     139     140     151     150     161     162     173     172
      74   1   0     140     141     152     151     162     163     174     173
      75   1   0     141     142     153     152     163     164     175     174
      76   1   0     142     143     154     153     164     165     176     175
      77   2   0     133     144     166     155
      78   1   0     155     156     167     166     177     178     189     188
      79   1   0     156     157     168     167     178     179     190     189
      80   1   0     157     158     169     168     179     180     191     190
      81   1   0     158     159     170     169     180     181     192     191
      82   1   0     159     160     171     170     181     182     193     192
      83   1   0     160     161     172     171     182     183     194     193
      84   1   0     161     162     173     172     183     184     195     194
      85   1   0     162     163     174     173     184     185     196     195
      86   1   0     163     164     175     174     185     186     197     196
      87   1   0     164     165     176     175     186     187     198     197
      88   2   0     155     166     188     177
      89   1   0     177     178     189     188     199     200     211     210
      90   1   0     178     179     190     189     200     201     212     211
      91   1   0     179     180     191     190     201     202     213     212
      92   1   0     180     181     192     191     202     203     214     213
      93   1   0     181     182     193     192     203     204     215     214
      94   1   0     182     183     194     193     204     205     216     215
      95   1   0     183     184     195     194     205     206     217     216
      96   1   0     184     185     196     195     206     207     218     217
      97   1   0     185     186     197     196     207     208     219     218
      98   1   0     186     187     198     197     208     209     220     219
      99   2   0     177     188     210     199
     100   1   0     199     200     211     210     221     222     233     232
     101   1   0     200     201     212     211     222     223     234     233
     102   1   0     201     202     213     212     223     224     235     234
     103   1   0     202     203     214     213     224     225     236     235
     104   1   0     203     204     215     214     225     226     237     236
     105   1   0     204     205     216     215     226     227     238     237
     106   1   0     205     206     217     216     227     228     239     238
     107   1   0     206     207     218     217     228     229     240     239
     108   1   0     207     208     219     218     229     230     241     240
     109   1   0     208     209     220     219     230     231     242     241
     110   2   0     199     210     232     221
     111   1   0     221     222     233     232     243     244     255     254
     112   1   0     222     223     234     233     244     245     256     255
     113   1   0     223     224     235     234     245     246     257     256
     114   1   0     224     225     236     235     246     247     258     257
     115   1   0     225     226     237     236     247     248     259     258
     116   1   0     226     227     238     237     248     249     260     259
     117   1   0     227     228     239     238     249     250     261     260
     118   1   0     228     229     240     239     250     251     262     261
     119   1   0     229     230     241     240     251     252     263     262
     120   1   0     230     231     242     241     252     253     264     263
     121   2   0     221     232     254     243
     122   1   0     243     244     255     254     265     266     277     276
     123   1   0     244     245     256     255     266     267     278     277
     124   1   0     245     246     257     256     267     268     279     278
     125   1   0     246     247     258     257     268     269     280     279
     126   1   0     247     248     259     258     269     270     281     280
     127   1   0     248     249     260     259     270     271     282     281
     128   1   0     249     250     261     260     271     272     283     282
     129   1   0     250     251     262     261     272     273     284     283
     130   1   0     251     252     263     262     273     274     285     284
     131   1   0     252     253     264     263     274     275     286     285
     132   2   0     243     254     276     265
     133   1   0     265     266     277     276     287     288     299     298
     134   1   0     266     267     278     277     288     289     300     299
     135   1   0     267     268     279     278     289     290     301     300
     136   1   0     268     269     280     279     290     291     302     301
     137   1   0     269     270     281     280     291     292     303     302
     138   1   0     270     271     282     281     292     293     304     303
     139   1   0     271     272     283     282     293     294     305     304
     140   1   0     272     273     284     283     294     295     306     305
     141   1   0     273     274     285     284     295     296     307     306
     142   1   0     274     275     286     285     296     297     308     307
     143   2   0     265     276     298     287
     144   1   0     287     288     299     298     309     310     321     320
     145   1   0     288     289     300     299     310     311     322     321
     146   1   0     289     290     301     300     311     312     323     322
     147   1   0     290     291     302     301     312     313     324     323
     148   1   0     291     292     303     302     313     314     325     324
     149   1   0     292     293     304     303     314     315     326     325
     150   1   0     293     294     305     304     315     316     327     326
     151   1   0     294     295     306     305     316     317     328     327
     152   1   0     295     296     307     306     317     318     329     328
     153   1   0     296     297     308     307     318     319     330     329
     154   2   0     287     298     320     309
     155   1   0     309     310     321     320     331     332     343     342
     156   1   0     310     311     322     321     332     333     344     343
     157   1   0     311     312     323     322     333     334     345     344
     158   1   0     312     313     324     323     334     335     346     345
     159   1   0     313     314     325     324     335     336     347     346
     160   1   0     314     315     326     325     336     337     348     347
     161   1   0     315     316     327     326     337     338     349     348
     162   1   0     316     317     328     327     338     339     350     349
     163   1   0     317     318     329     328     339     340     351     350
     164   1   0     318     319     330     329     340     341     352     351
     165   2   0     309     320     342     331
     166   1   0     331     332     343     342     353     354     365     364
     167   1   0     332     333     344     343     354     355     366     365
     168   1   0     333     334     345     344     355     356     367     366
     169   1   0     334     335     346     345     356     357     368     367
     170   1   0     335     336     347     346     357     358     369     368
     171   1   0     336     337     348     347     358     359     370     369
     172   1   0     337     338     349     348     359     360     371     370
     173   1   0     338     339     350     349     360     361     372     371
     174   1   0     339     340     351     350     361     362     373     372
     175   1   0     340     341     352     351     362     363     374     373
     176   2   0     331     342     364     353
     177   1   0     353     354     365     364     375     376     387     386
     178   1   0     354     355     366     365     376     377     388     387
     179   1   0     355     356     367     366     377     378     389     388
     180   1   0     356     357     368     367     378     379     390     389
     181   1   0     357     358     369     368     379     380     391     390
     182   1   0     358     359     370     369     380     381     392     391
     183   1   0     359     360     371     370     381     382     393     392
     184   1   0     360     361     372     371     382     383     394     393
     185   1   0     361     362     373     372     383     384     395     394
     186   1   0     362     363     374     373     384     385     396     395
     187   2   0     353     364     386     375
     188   1   0     375     376     387     386     397     398     409     408
     189   1   0     376     377     388     387     398     399     410     409
     190   1   0     377     378     389     388     399     400     411     410
     191   1   0     378     379     390     389     400     401     412     411
     192   1   0     379     380     391     390     401     402     413     412
     193   1   0     380     381     392     391     402     403     414     413
     194   1   0     381     382     393     392     403     404     415     414
     195   1   0     382     383     394     393     404     405     416     415
     196   1   0     383     384     395     394     405     406     417     416
     197   1   0     384     385     396     395     406     407     418     417
     198   2   0     375     386     408     397
     199   1   0     397     398     409     408     419     420     431     430
     200   1   0     398     399     410     409     420     421     432     431
     201   1   0     399     400     411     410     421     422     433     432
     202   1   0     400     401     412     411     422     423     434     433
     203   1   0     401     402     413     412     423     424     435     434
     204   1   0     402     403     414     413     424     425     436     435
     205   1   0     403     404     415     414     425     426     437     436
     206   1   0     404     405     416     415     426     427     438     437
     207   1   0     405     406     417     416     427     428     439     438
     208   1   0     406     407     418     417     428     429     440     439
     209   2   0     397     408     430     419
     210   1   0     419     420     431     430     441     442     453     452
     211   1   0     420     421     432     431     442     443     454     453
     212   1   0     421     422     433     432     443     444     455     454
     213   1   0     422     423     434     433     444     445     456     455
     214   1   0     423     424     435     434     445     446     457     456
     215   1   0     424     425     436     435     446     447     458     457
     216   1   0     425     426     437     436     447     448     459     458
     217   1   0     426     427     438     437     448     449     460     459
     218   1   0     427     428     439     438     449     450     461     460
     219   1   0     428     429     440     439     450     451     462     461
     220   2   0     419     430     452     441
     221   1   0     441     442     453     452     463     464     475     474
     222   1   0     442     443     454     453     464     465     476     475
     223   1   0     443     444     455     454     465     466     477     476
     224   1   0     444     445     456     455     466     467     478     477
     225   1   0     445     446     457     456     467     468     479     478
     226   1   0     446     447     458     457     468     469     480     479
     227   1   0     447     448     459     458     469     470     481     480
     228   1   0     448     449     460     459     470     471     482     481
     229   1   0     449     450     461     460     471     472     483     482
     230   1   0     450     451     462     461     472     473     484     483
     231   2   0     441     452     474     463
     232   1   0     463     464     475     474     485     486     497     496
     233   1   0     464     465     476     475     486     487     498     497
     234   1   0     465     466     477     476     487     488     499     498
     235   1   0     466     467     478     477     488     489     500     499
     236   1   0     467     468     479     478     489     490     501     500
     237   1   0     468     469     480     479     490     491     502     501
     238   1   0     469     470     481     480     491     492     503     502
     239   1   0     470     471     482     481     492     493     504     503
     240   1   0     471     472     483     482     493     494     505     504
     241   1   0     472     473     484     483     494     495     506     505
     242   2   0     463     474     496     485
     243   1   0     485     486     497     496     507     508     519     518
     244   1   0     486     487     498     497     508     509     520     519
     245   1   0     487     488     499     498     509     510     521     520
     246   1   0     488     489     500     499     510     511     522     521
     247   1   0     489     490     501     500     511     512     523     522
     248   1   0     490     491     502     501     512     513     524     523
     249   1   0     491     492     503     502     513     514     525     524
     250   1   0     492     493     504     503     514     515     526     525
     251   1   0     493     494     505     504     515     516     527     526
     252   1   0     494     495     506     505     516     517     528     527
     253   2   0     485     496     518     507
     254   1   0     507     508     519     518     529     530     541     540
     255   1   0     508     509     520     519     530     531     542     541
     256   1   0     509     510     521     520     531     532     543     542
     257   1   0     510     511     522     521     532     533     544     543
     258   1   0     511     512     523     522     533     534     545     544
     259   1   0     512     513     524     523     534     535     546     545
     260   1   0     513     514     525     524     535     536     547     546
     261   1   0     514     515     526     525     536     537     548     547
     262   1   0     515     516     527     526     537     538     549     548
     263   1   0     516     517     528     527     538     539     550     549
     264   2   0     507     518     540     529
     265   1   0     529     530     541     540     551     552     563     562
     266   1   0     530     531     542     541     552     553     564     563
     267   1   0     531     532     543     542     553     554     565     564
     268   1   0     532     533     544     543     554     555     566     565
     269   1   0     533     534     545     544     555     556     567     566
     270   1   0     534     535     546     545     556     557     568     567
     271   1   0     535     536     547     546     557     558     569     568
     272   1   0     536     537     548     547     558     559     570     569
     273   1   0     537     538     549     548     559     560     571     570
     274   1   0     538     539     550     549     560     561     572     571
     275   2   0     529     540     562     551
     276   1   0     551     552     563     562     573     574     585     584
     277   1   0     552     553     564     563     574     575     586     585
     278   1   0     553     554     565     564     575     576     587     586
     279   1   0     554     555     566     565     576     577     588     587
     280   1   0     555     556     567     566     577     578     589     588
     281   1   0     556     557     568     567     578     579     590     589
     282   1   0     557     558     569     568     579     580     591     590
     283   1   0     558     559     570     569     580     581     592     591
     284   1   0     559     560     571     570     581     582     593     592
     285   1   0     560     561     572     571     582     583     594     593
     286   2   0     551     562     584     573
     287   1   0     573     574     585     584     595     596     607     606
     288   1   0     574     575     586     585     596     597     608     607
     289   1   0     575     576     587     586     597     598     609     608
     290   1   0     576     577     588     587     598     599     610     609
     291   1   0     577     578     589     588     599     600     611     610
     292   1   0     578     579     590     589     600     601     612     611
     293   1   0     579     580     591     590     601     602     613     612
     294   1   0     580     581     592     591     602     603     614     613
     295   1   0     581     582     593     592     603     604     615     614
     296   1   0     582     583     594     593     604     605     616     615
     297   2   0     573     584     606     595
     298   1   0     595     596     607     606     617     618     629     628
     299   1   0     596     597     608     607     618     619     630     629
     300   1   0     597     598     609     608     619     620     631     630
     301   1   0     598     599     610     609     620     621     632     631
     302   1   0     599     600     611     610     621     622     633     632
     303   1   0     600     601     612     611     622     623     634     633
     304   1   0     601     602     613     612     623     624     635     634
     305   1   0     602     603     614     613     624     625     636     635
     306   1   0     603     604     615     614     625     626     637     636
     307   1   0     604     605     616     615     626     627     638     637
     308   2   0     595     606     628     617
     309   1   0     617     618     629     628     639     640     651     650
     310   1   0     618     619     630     629     640     641     652     651
     311   1   0     619     620     631     630     641     642     653     652
     312   1   0     620     621     632     631     642     643     654     653
     313   1   0     621     622     633     632     643     644     655     654
     314   1   0     622     623     634     633     644     645     656     655
     315   1   0     623     624     635     634     645     646     657     656
     316   1   0     624     625     636     635     646     647     658     657
     317   1   0     625     626     637     636     647     648     659     658
     318   1   0     626     627     638     637     648     649     660     659
     319   2   0     617     628     650     639
     320   1   0     639     640     651     650     661     662     673     672
     321   1   0     640     641     652     651     662     663     674     673
     322   1   0     641     642     653     652     663     664     675     674
     323   1   0     642     643     654     653     664     665     676     675
     324   1   0     643     644     655     654     665     666     677     676
     325   1   0     644     645     656     655     666     667     678     677
     326   1   0     645     646     657     656     667     668     679     678
     327   1   0     646     647     658     657     668     669     680     679
     328   1   0     647     648     659     658     669     670     681     680
     329   1   0     648     649     660     659     670     671     682     681
     330   2   0     639     650     672     661
     331   1   0     661     662     673     672     683     684     695     694
     332   1   0     662     663     674     673     684     685     696     695
     333   1   0     663     664     675     674     685     686     697     696
     334   1   0     664     665     676     675     686     687     698     697
     335   1   0     665     666     677     676     687     688     699     698
     336   1   0     666     667     678     677     688     689     700     699
     337   1   0     667     668     679     678     689     690     701     700
     338   1   0     668     669     680     679     690     691     702     701
     339   1   0     669     670     681     680     691     692     703     702
     340   1   0     670     671     682     681     692     693     704     703
     341   2   0     661     672     694     683
     342   1   0     683     684     695     694     705     706     717     716
     343   1   0     684     685     696     695     706     707     718     717
     344   1   0     685     686     697     696     707     708     719     718
     345   1   0     686     687     698     697     708     709     720     719
     346   1   0     687     688     699     698     709     710     721     720
     347   1   0     688     689     700     699     710     711     722     721
     348   1   0     689     690     701     700     711     712     723     722
     349   1   0     690     691     702     701     712     713     724     723
     350   1   0     691     692     703     702     713     714     725     724
     351   1   0     692     693     704     703     714     715     726     725
     352   2   0     683     694     716     705
     353   1   0     705     706     717     716     727     728     739     738
     354   1   0     706     707     718     717     728     729     740     739
     355   1   0     707     708     719     718     729     730     741     740
     356   1   0     708     709     720     719     730     731     742     741
     357   1   0     709     710     721     720     731     732     743     742
     358   1   0     710     711     722     721     732     733     744     743
     359   1   0     711     712     723     722     733     734     745     744
     360   1   0     712     713     724     723     734     735     746     745
     361   1   0     713     714     725     724     735     736     747     746
     362   1   0     714     715     726     725     736     737     748     747
     363   2   0     705     716     738     727
     364   1   0     727     728     739     738     749     750     761     760
     365   1   0     728     729     740     739     750     751     762     761
     366   1   0     729     730     741     740     751     752     763     762
     367   1   0     730     731     742     741     752     753     764     763
     368   1   0     731     732     743     742     753     754     765     764
     369   1   0     732     733     744     743     754     755     766     765
     370   1   0     733     734     745     744     755     756     767     766
     371   1   0     734     735     746     745     756     757     768     767
     372   1   0     735     736     747     746     757     758     769     768
     373   1   0     736     737     748     747     758     759     770     769
     374   2   0     727     738     760     749
     375   1   0     749     750     761     760     771     772     783     782
     376   1   0     750     751     762     761     772     773     784     783
     377   1   0     751     752     763     762     773     774     785     784
     378   1   0     752     753     764     763     774     775     786     785
     379   1   0     753     754     765     764     775     776     787     786
     380   1   0     754     755     766     765     776     777     788     787
     381   1   0     755     756     767     766     777     778     789     788
     382   1   0     756     757     768     767     778     779     790     789
     383   1   0     757     758     769     768     779     780     791     790
     384   1   0     758     759     770     769     780     781     792     791
     385   2   0     749     760     782     771
     386   1   0     771     772     783     782     793     794     805     804
     387   1   0     772     773     784     783     794     795     806     805
     388   1   0     773     774     785     784     795     796     807     806
     389   1   0     774     775     786     785     796     797     808     807
     390   1   0     775     776     787     786     797     798     809     808
     391   1   0     776     777     788     787     798     799     810     809
     392   1   0     777     778     789     788     799     800     811     810
     393   1   0     778     779     790     789     800     801     812     811
     394   1   0     779     780     791     790     801     802     813     812
     395   1   0     780     781     792     791     802     803     814     813
     396   2   0     771     782     804     793
     397   1   0     793     794     805     804     815     816     827     826
     398   1   0     794     795     806     805     816     817     828     827
     399   1   0     795     796     807     806     817     818     829     828
     400   1   0     796     797     808     807     818     819     830     829
     401   1   0     797     798     809     808     819     820     831     830
     402   1   0     798     799     810     809     820     821     832     831
     403   1   0     799     800     811     810     821     822     833     832
     404   1   0     800     801     812     811     822     823     834     833
     405   1   0     801     802     813     812     823     824     835     834
     406   1   0     802     803     814     813     824     825     836     835
     407   2   0     793     804     826     815
     408   1   0     815     816     827     826     837     838     849     848
     409   1   0     816     817     828     827     838     839     850     849
     410   1   0     817     818     829     828     839     840     851     850
     411   1   0     818     819     830     829     840     841     852     851
     412   1   0     819     820     831     830     841     842     853     852
     413   1   0     820     821     832     831     842     843     854     853
     414   1   0     821     822     833     832     843     844     855     854
     415   1   0     822     823     834     833     844     845     856     855
     416   1   0     823     824     835     834     845     846     857     856
     417   1   0     824     825     836     835     846     847     858     857
     418   2   0     815     826     848     837
     419   1   0     837     838     849     848     859     860     871     870
     420   1   0     838     839     850     849     860     861     872     871
     421   1   0     839     840     851     850     861     862     873     872
     422   1   0     840     841     852     851     862     863     874     873
     423   1   0     841     842     853     852     863     864     875     874
     424   1   0     842     843     854     853     864     865     876     875
     425   1   0     843     844     855     854     865     866     877     876
     426   1   0     844     845     856     855     866     867     878     877
     427   1   0     845     846     857     856     867     868     879     878
     428   1   0     846     847     858     857     868     869     880     879
     429   2   0     837     848     870     859
     430   1   0     859     860     871     870     881     882     893     892
     431   1   0     860     861     872     871     882     883     894     893
     432   1   0     861     862     873     872     883     884     895     894
     433   1   0     862     863     874     873     884     885     896     895
     434   1   0     863     864     875     874     885     886     897     896
     435   1   0     864     865     876     875     886     887     898     897
     436   1   0     865     866     877     876     887     888     899     898
     437   1   0     866     867     878     877     888     889     900     899
     438   1   0     867     868     879     878     889     890     901     900
     439   1   0     868     869     880     879     890     891     902     901
     440   2   0     859     870     892     881
     441   1   0     881     882     893     892     903     904     915     914
     442   1   0     882     883     894     893     904     905     916     915
     443   1   0     883     884     895     894     905     906     917     916
     444   1   0     884     885     896     895     906     907     918     917
     445   1   0     885     886     897     896     907     908     919     918
     446   1   0     886     887     898     897     908     909     920     919
     447   1   0     887     888     899     898     909     910     921     920
     448   1   0     888     889     900     899     910     911     922     921
     449   1   0     889     890     901     900     911     912     923     922
     450   1   0     890     891     902     901     912     913     924     923
     451   2   0     881     892     914     903
     452   1   0     903     904     915     914     925     926     937     936
     453   1   0     904     905     916     915     926     927     938     937
     454   1   0     905     906     917     916     927     928     939     938
     455   1   0     906     907     918     917     928     929     940     939
     456   1   0     907     908     919     918     929     930     941     940
     457   1   0     908     909     920     919     930     931     942     941
     458   1   0     909     910     921     920     931     932     943     942
     459   1   0     910     911     922     921     932     933     944     943
     460   1   0     911     912     923     922     933     934     945     944
     461   1   0     912     913     924     923     934     935     946     945
     462   2   0     903     914     936     925
     463   1   0     925     926     937     936     947     948     959     958
     464   1   0     926     927     938     937     948     949     960     959
     465   1   0     927     928     939     938     949     950     961     960
     466   1   0     928     929     940     939     950     951     962     961
     467   1   0     929     930     941     940     951     952     963     962
     468   1   0     930     931     942     941     952     953     964     963
     469   1   0     931     932     943     942     953     954     965     964
     470   1   0     932     933     944     943     954     955     966     965
     471   1   0     933     934     945     944     955     956     967     966
     472   1   0     934     935     946     945     956     957     968     967
     473   2   0     925     936     958     947
     474   1   0     947     948     959     958     969     970     981     980
     475   1   0     948     949     960     959     970     971     982     981
     476   1   0     949     950     961     960     971     972     983     982
     477   1   0     950     951     962     961     972     973     984     983
     478   1   0     951     952     963     962     973     974     985     984
     479   1   0     952     953     964     963     974     975     986     985
     480   1   0     953     954     965     964     975     976     987     986
     481   1   0     954     955     966     965     976     977     988     987
     482   1   0     955     956     967     966     977     978     989     988
     483   1   0     956     957     968     967     978     979     990     989
     484   2   0     947     958     980     969
     485   1   0     969     970     981     980     991     992    1003    1002
     486   1   0     970     971     982     981     992     993    1004    1003
     487   1   0     971     972     983     982     993     994    1005    1004
     488   1   0     972     973     984     983     994     995    1006    1005
     489   1   0     973     974     985     984     995     996    1007    1006
     490   1   0     974     975     986     985     996     997    1008    1007
     491   1   0     975     976     987     986     997     998    1009    1008
     492   1   0     976     977     988     987     998     999    1010    1009
     493   1   0     977     978     989     988     999    1000    1011    1010
     494   1   0     978     979     990     989    1000    1001    1012    1011
     495   2   0     969     980    1002     991
     496   1   0     991     992    1003    1002    1013    1014    1025    1024
     497   1   0     992     993    1004    1003    1014    1015    1026    1025
     498   1   0     993     994    1005    1004    1015    1016    1027    1026
     499   1   0     994     995    1006    1005    1016    1017    1028    1027
     500   1   0     995     996    1007    1006    1017    1018    1029    1028
     501   1   0     996     997    1008    1007    1018    1019    1030    1029
     502   1   0     997     998    1009    1008    1019    1020    1031    1030
     503   1   0     998     999    1010    1009    1020    1021    1032    1031
     504   1   0     999    1000    1011    1010    1021    1022    1033    1032
     505   1   0    1000    1001    1012    1011    1022    1023    1034    1033
     506   2   0     991    1002    1024    1013
     507   1   0    1013    1014    1025    1024    1035    1036    1047    1046
     508   1   0    1014    1015    1026    1025    1036    1037    1048    1047
     509   1   0    1015    1016    1027    1026    1037    1038    1049    1048
     510   1   0    1016    1017    1028    1027    1038    1039    1050    1049
     511   1   0    1017    1018    1029    1028    1039    1040    1051    1050
     512   1   0    1018    1019    1030    1029    1040    1041    1052    1051
     513   1   0    1019    1020    1031    1030    1041    1042    1053    1052
     514   1   0    1020    1021    1032    1031    1042    1043    1054    1053
     515   1   0    1021    1022    1033    1032    1043    1044    1055    1054
     516   1   0    1022    1023    1034    1033    1044    1045    1056    1055
     517   2   0    1013    1024    1046    1035
     518   1   0    1035    1036    1047    1046    1057    1058    1069    1068
     519   1   0    1036    1037    1048    1047    1058    1059    1070    1069
     520   1   0    1037    1038    1049    1048    1059    1060    1071    1070
     521   1   0    1038    1039    1050    1049    1060    1061    1072    1071
     522   1   0    1039    1040    1051    1050    1061    1062    1073    1072
     523   1   0    1040    1041    1052    1051    1062    1063    1074    1073
     524   1   0    1041    1042    1053    1052    1063    1064    1075    1074
     525   1   0    1042    1043    1054    1053    1064    1065    1076    1075
     526   1   0    1043    1044    1055    1054    1065    1066    1077    1076
     527   1   0    1044    1045    1056    1055    1066    1067    1078    1077
     528   2   0    1035    1046    1068    1057
     529   1   0    1057    1058    1069    1068    1079    1080    1091    1090
     530   1   0    1058    1059    1070    1069    1080    1081    1092    1091
     531   1   0    1059    1060    1071    1070    1081    1082    1093    1092
     532   1   0    1060    1061    1072    1071    1082    1083    1094    1093
     533   1   0    1061    1062    1073    1072    1083    1084    1095    1094
     534   1   0    1062    1063    1074    1073    1084    1085    1096    1095
     535   1   0    1063    1064    1075    1074    1085    1086    1097    1096
     536   1   0    1064    1065    1076    1075    1086    1087    1098    1097
     537   1   0    1065    1066    1077    1076    1087    1088    1099    1098
     538   1   0    1066    1067    1078    1077    1088    1089    1100    1099
     539   2   0    1057    1068    1090    1079
     540   1   0    1079    1080    1091    1090    1101    1102    1113    1112
     541   1   0    1080    1081    1092    1091    1102    1103    1114    1113
     542   1   0    1081    1082    1093    1092    1103    1104    1115    1114
     543   1   0    1082    1083    1094    1093    1104    1105    1116    1115
     544   1   0    1083    1084    1095    1094    1105    1106    1117    1116
     545   1   0    1084    1085    1096    1095    1106    1107    1118    1117
     546   1   0    1085    1086    1097    1096    1107    1108    1119    1118
     547   1   0    1086    1087    1098    1097    1108    1109    1120    1119
     548   1   0    1087    1088    1099    1098    1109    1110    1121    1120
     549   1   0    1088    1089    1100    1099    1110    1111    1122    1121
     550   2   0    1079    1090    1112    1101
     551   1   0    1101    1102    1113    1112    1123    1124    1135    1134
     552   1   0    1102    1103    1114    1113    1124    1125    1136    1135
     553   1   0    1103    1104    1115    1114    1125    1126    1137    1136
     554   1   0    1104    1105    1116    1115    1126    1127    1138    1137
     555   1   0    1105    1106    1117    1116    1127    1128    1139    1138
     556   1   0    1106    1107    1118    1117    1128    1129    1140    1139
     557   1   0    1107    1108    1119    1118    1129    1130    1141    1140
     558   1   0    1108    1109    1120    1119    1130    1131    1142    1141
     559   1   0    1109    1110    1121    1120    1131    1132    1143    1142
     560   1   0    1110    1111    1122    1121    1132    1133    1144    1143
     561   2   0    1101    1112    1134    1123
     562   1   0    1123    1124    1135    1134    1145    1146    1157    1156
     563   1   0    1124    1125    1136    1135    1146    1147    1158    1157
     564   1   0    1125    1126    1137    1136    1147    1148    1159    1158
     565   1   0    1126    1127    1138    1137    1148    1149    1160    1159
     566   1   0    1127    1128    1139    1138    1149    1150    1161    1160
     567   1   0    1128    1129    1140    1139    1150    1151    1162    1161
     568   1   0    1129    1130    1141    1140    1151    1152    1163    1162
     569   1   0    1130    1131    1142    1141    1152    1153    1164    1163
     570   1   0    1131    1132    1143    1142    1153    1154    1165    1164
     571   1   0    1132    1133    1144    1143    1154    1155    1166    1165
     572   2   0    1123    1134    1156    1145
     573   1   0    1145    1146    1157    1156    1167    1168    1179    1178
     574   1   0    1146    1147    1158    1157    1168    1169    1180    1179
     575   1   0    1147    1148    1159    1158    1169    1170    1181    1180
     576   1   0    1148    1149    1160    1159    1170    1171    1182    1181
     577   1   0    1149    1150    1161    1160    1171    1172    1183    1182
     578   1   0    1150    1151    1162    1161    1172    1173    1184    1183
     579   1   0    1151    1152    1163    1162    1173    1174    1185    1184
     580   1   0    1152    1153    1164    1163    1174    1175    1186    1185
     581   1   0    1153    1154    1165    1164    1175    1176    1187    1186
     582   1   0    1154    1155    1166    1165    1176    1177    1188    1187
     583   2   0    1145    1156    1178    1167
     584   1   0    1167    1168    1179    1178    1189    1190    1201    1200
     585   1   0    1168    1169    1180    1179    1190    1191    1202    1201
     586   1   0    1169    1170    1181    1180    1191    1192    1203    1202
     587   1   0    1170    1171    1182    1181    1192    1193    1204    1203
     588   1   0    1171    1172    1183    1182    1193    1194    1205    1204
     589   1   0    1172    1173    1184    1183    1194    1195    1206    1205
     590   1   0    1173    1174    1185    1184    1195    1196    1207    1206
     591   1   0    1174    1175    1186    1185    1196    1197    1208    1207
     592   1   0    1175    1176    1187    1186    1197    1198    1209    1208
     593   1   0    1176    1177    1188    1187    1198    1199    1210    1209
     594   2   0    1167    1178    1200    1189
     595   1   0    1189    1190    1201    1200    1211    1212    1223    1222
     596   1   0    1190    1191    1202    1201    1212    1213    1224    1223
     597   1   0    1191    1192    1203    1202    1213    1214    1225    1224
     598   1   0    1192    1193    1204    1203    1214    1215    1226    1225
     599   1   0    1193    1194    1205    1204    1215    1216    1227    1226
     600   1   0    1194    1195    1206    1205    1216    1217    1228    1227
     601   1   0    1195    1196    1207    1206    1217    1218    1229    1228
     602   1   0    1196    1197    1208    1207    1218    1219    1230    1229
     603   1   0    1197    1198    1209    1208    1219    1220    1231    1230
     604   1   0    1198    1199    1210    1209    1220    1221    1232    1231
     605   2   0    1189    1200    1222    1211
     606   1   0    1211    1212    1223    1222    1233    1234    1245    1244
     607   1   0    1212    1213    1224    1223    1234    1235    1246    1245
     608   1   0    1213    1214    1225    1224    1235    1236    1247    1246
     609   1   0    1214    1215    1226    1225    1236    1237    1248    1247
     610   1   0    1215    1216    1227    1226    1237    1238    1249    1248
     611   1   0    1216    1217    1228    1227    1238    1239    1250    1249
     612   1   0    1217    1218    1229    1228    1239    1240    1251    1250
     613   1   0    1218    1219    1230    1229    1240    1241    1252    1251
     614   1   0    1219    1220    1231    1230    1241    1242    1253    1252
     615   1   0    1220    1221    1232    1231    1242    1243    1254    1253
     616   2   0    1211    1222    1244    1233
     617   1   0    1233    1234    1245    1244    1255    1256    1267    1266
     618   1   0    1234    1235    1246    1245    1256    1257    1268    1267
     619   1   0    1235    1236    1247    1246    1257    1258    1269    1268
     620   1   0    1236    1237    1248    1247    1258    1259    1270    1269
     621   1   0    1237    1238    1249    1248    1259    1260    1271    1270
     622   1   0    1238    1239    1250    1249    1260    1261    1272    1271
     623   1   0    1239    1240    1251    1250    1261    1262    1273    1272
     624   1   0    1240    1241    1252    1251    1262    1263    1274    1273
     625   1   0    1241    1242    1253    1252    1263    1264    1275    1274
     626   1   0    1242    1243    1254    1253    1264    1265    1276    1275
     627   2   0    1233    1244    1266    1255
     628   1   0    1255    1256    1267    1266    1277    1278    1289    1288
     629   1   0    1256    1257    1268    1267    1278    1279    1290    1289
     630   1   0    1257    1258    1269    1268    1279    1280    1291    1290
     631   1   0    1258    1259    1270    1269    1280    1281    1292    1291
     632   1   0    1259    1260    1271    1270    1281    1282    1293    1292
     633   1   0    1260    1261    1272    1271    1282    1283    1294    1293
     634   1   0    1261    1262    1273    1272    1283    1284    1295    1294
     635   1   0    1262    1263    1274    1273    1284    1285    1296    1295
     636   1   0    1263    1264    1275    1274    1285    1286    1297    1296
     637   1   0    1264    1265    1276    1275    1286    1287    1298    1297
     638   2   0    1255    1266    1288    1277
     639   1   0    1277    1278    1289    1288    1299    1300    1311    1310
     640   1   0    1278    1279    1290    1289    1300    1301    1312    1311
     641   1   0    1279    1280    1291    1290    1301    1302    1313    1312
     642   1   0    1280    1281    1292    1291    1302    1303    1314    1313
     643   1   0    1281    1282    1293    1292    1303    1304    1315    1314
     644   1   0    1282    1283    1294    1293    1304    1305    1316    1315
     645   1   0    1283    1284    1295    1294    1305    1306    1317    1316
     646   1   0    1284    1285    1296    1295    1306    1307    1318    1317
     647   1   0    1285    1286    1297    1296    1307    1308    1319    1318
     648   1   0    1286    1287    1298    1297    1308    1309    1320    1319
     649   2   0    1277    1288    1310    1299
     650   1   0    1299    1300    1311    1310    1321    1322    1333    1332
     651   1   0    1300    1301    1312    1311    1322    1323    1334    1333
     652   1   0    1301    1302    1313    1312    1323    1324    1335    1334
     653   1   0    1302    1303    1314    1313    1324    1325    1336    1335
     654   1   0    1303    1304    1315    1314    1325    1326    1337    1336
     655   1   0    1304    1305    1316    1315    1326    1327    1338    1337
     656   1   0    1305    1306    1317    1316    1327    1328    1339    1338
     657   1   0    1306    1307    1318    1317    1328    1329    1340    1339
     658   1   0    1307    1308    1319    1318    1329    1330    1341    1340
     659   1   0    1308    1309    1320    1319    1330    1331    1342    1341
     660   2   0    1299    1310    1332    1321
     661   1   0    1321    1322    1333    1332    1343    1344    1355    1354
     662   1   0    1322    1323    1334    1333    1344    1345    1356    1355
     663   1   0    1323    1324    1335    1334    1345    1346    1357    1356
     664   1   0    1324    1325    1336    1335    1346    1347    1358    1357
     665   1   0    1325    1326    1337    1336    1347    1348    1359    1358
     666   1   0    1326    1327    1338    1337    1348    1349    1360    1359
     667   1   0    1327    1328    1339    1338    1349    1350    1361    1360
     668   1   0    1328    1329    1340    1339    1350    1351    1362    1361
     669   1   0    1329    1330    1341    1340    1351    1352    1363    1362
     670   1   0    1330    1331    1342    1341    1352    1353    1364    1363
     671   2   0    1321    1332    1354    1343
     672   1   0    1343    1344    1355    1354    1365    1366    1377    1376
     673   1   0    1344    1345    1356    1355    1366    1367    1378    1377
     674   1   0    1345    1346    1357    1356    1367    1368    1379    1378
     675   1   0    1346    1347    1358    1357    1368    1369    1380    1379
     676   1   0    1347    1348    1359    1358    1369    1370    1381    1380
     677   1   0    1348    1349    1360    1359    1370    1371    1382    1381
     678   1   0    1349    1350    1361    1360    1371    1372    1383    1382
     679   1   0    1350    1351    1362    1361    1372    1373    1384    1383
     680   1   0    1351    1352    1363    1362    1373    1374    1385    1384
     681   1   0    1352    1353    1364    1363    1374    1375    1386    1385
     682   2   0    1343    1354    1376    1365
     683   1   0    1365    1366    1377    1376    1387    1388    1399    1398
     684   1   0    1366    1367    1378    1377    1388    1389    1400    1399
     685   1   0    1367    1368    1379    1378    1389    1390    1401    1400
     686   1   0    1368    1369    1380    1379    1390    1391    1402    1401
     687   1   0    1369    1370    1381    1380    1391    1392    1403    1402
     688   1   0    1370    1371    1382    1381    1392    1393    1404    1403
     689   1   0    1371    1372    1383    1382    1393    1394    1405    1404
     690   1   0    1372    1373    1384    1383    1394    1395    1406    1405
     691   1   0    1373    1374    1385    1384    1395    1396    1407    1406
     692   1   0    1374    1375    1386    1385    1396    1397    1408    1407
     693   2   0    1365    1376    1398    1387
     694   1   0    1387    1388    1399    1398    1409    1410    1421    1420
     695   1   0    1388    1389    1400    1399    1410    1411    1422    1421
     696   1   0    1389    1390    1401    1400    1411    1412    1423    1422
     697   1   0    1390    1391    1402    1401    1412    1413    1424    1423
     698   1   0    1391    1392    1403    1402    1413    1414    1425    1424
     699   1   0    1392    1393    1404    1403    1414    1415    1426    1425
     700   1   0    1393    1394    1405    1404    1415    1416    1427    1426
     701   1   0    1394    1395    1406    1405    1416    1417    1428    1427
     702   1   0    1395    1396    1407    1406    1417    1418    1429    1428
     703   1   0    1396    1397    1408    1407    1418    1419    1430    1429
     704   2   0    1387    1398    1420    1409
     705   1   0    1409    1410    1421    1420    1431    1432    1443    1442
     706   1   0    1410    1411    1422    1421    1432    1433    1444    1443
     707   1   0    1411    1412    1423    1422    1433    1434    1445    1444
     708   1   0    1412    1413    1424    1423    1434    1435    1446    1445
     709   1   0    1413    1414    1425    1424    1435    1436    1447    1446
     710   1   0    1414    1415    1426    1425    1436    1437    1448    1447
     711   1   0    1415    1416    1427    1426    1437    1438    1449    1448
     712   1   0    1416    1417    1428    1427    1438    1439    1450    1449
     713   1   0    1417    1418    1429    1428    1439    1440    1451    1450
     714   1   0    1418    1419    1430    1429    1440    1441    1452    1451
     715   2   0    1409    1420    1442    1431
     716   1   0    1431    1432    1443    1442    1453    1454    1465    1464
     717   1   0    1432    1433    1444    1443    1454    1455    1466    1465
     718   1   0    1433    1434    1445    1444    1455    1456    1467    1466
     719   1   0    1434    1435    1446    1445    1456    1457    1468    1467
     720   1   0    1435    1436    1447    1446    1457    1458    1469    1468
     721   1   0    1436    1437    1448    1447    1458    1459    1470    1469
     722   1   0    1437    1438    1449    1448    1459    1460    1471    1470
     723   1   0    1438    1439    1450    1449    1460    1461    1472    1471
     724   1   0    1439    1440    1451    1450    1461    1462    1473    1472
     725   1   0    1440    1441    1452    1451    1462    1463    1474    1473
     726   2   0    1431    1442    1464    1453
     727   1   0    1453    1454    1465    1464    1475    1476    1487    1486
     728   1   0    1454    1455    1466    1465    1476    1477    1488    1487
     729   1   0    1455    1456    1467    1466    1477    1478    1489    1488
     730   1   0    1456    1457    1468    1467    1478    1479    1490    1489
     731   1   0    1457    1458    1469    1468    1479    1480    1491    1490
     732   1   0    1458    1459    1470    1469    1480    1481    1492    1491
     733   1   0    1459    1460    1471    1470    1481    1482    1493    1492
     734   1   0    1460    1461    1472    1471    1482    1483    1494    1493
     735   1   0    1461    1462    1473    1472    1483    1484    1495    1494
     736   1   0    1462    1463    1474    1473    1484    1485    1496    1495
     737   2   0    1453    1464    1486    1475
     738   1   0    1475    1476    1487    1486    1497    1498    1509    1508
     739   1   0    1476    1477    1488    1487    1498    1499    1510    1509
     740   1   0    1477    1478    1489    1488    1499    1500    1511    1510
     741   1   0    1478    1479    1490    1489    1500    1501    1512    1511
     742   1   0    1479    1480    1491    1490    1501    1502    1513    1512
     743   1   0    1480    1481    1492    1491    1502    1503    1514    1513
     744   1   0    1481    1482    1493    1492    1503    1504    1515    1514
     745   1   0    1482    1483    1494    1493    1504    1505    1516    1515
     746   1   0    1483    1484    1495    1494    1505    1506    1517    1516
     747   1   0    1484    1485    1496    1495    1506    1507    1518    1517
     748   2   0    1475    1486    1508    1497
     749   1   0    1497    1498    1509    1508    1519    1520    1531    1530
     750   1   0    1498    1499    1510    1509    1520    1521    1532    1531
     751   1   0    1499    1500    1511    1510    1521    1522    1533    1532
     752   1   0    1500    1501    1512    1511    1522    1523    1534    1533
     753   1   0    1501    1502    1513    1512    1523    1524    1535    1534
     754   1   0    1502    1503    1514    1513    1524    1525    1536    1535
     755   1   0    1503    1504    1515    1514    1525    1526    1537    1536
     756   1   0    1504    1505    1516    1515    1526    1527    1538    1537
     757   1   0    1505    1506    1517    1516    1527    1528    1539    1538
     758   1   0    1506    1507    1518    1517    1528    1529    1540    1539
     759   2   0    1497    1508    1530    1519
     760   1   0    1519    1520    1531    1530    1541    1542    1553    1552
     761   1   0    1520    1521    1532    1531    1542    1543    1554    1553
     762   1   0    1521    1522    1533    1532    1543    1544    1555    1554
     763   1   0    1522    1523    1534    1533    1544    1545    1556    1555
     764   1   0    1523    1524    1535    1534    1545    1546    1557    1556
     765   1   0    1524    1525    1536    1535    1546    1547    1558    1557
     766   1   0    1525    1526    1537    1536    1547    1548    1559    1558
     767   1   0    1526    1527    1538    1537    1548    1549    1560    1559
     768   1   0    1527    1528    1539    1538    1549    1550    1561    1560
     769   1   0    1528    1529    1540    1539    1550    1551    1562    1561
     770   2   0    1519    1530    1552    1541
     771   1   0    1541    1542    1553    1552    1563    1564    1575    1574
     772   1   0    1542    1543    1554    1553    1564    1565    1576    1575
     773   1   0    1543    1544    1555    1554    1565    1566    1577    1576
     774   1   0    1544    1545    1556    1555    1566    1567    1578    1577
     775   1   0    1545    1546    1557    1556    1567    1568    1579    1578
     776   1   0    1546    1547    1558    1557    1568    1569    1580    1579
     777   1   0    1547    1548    1559    1558    1569    1570    1581    1580
     778   1   0    1548    1549    1560    1559    1570    1571    1582    1581
     779   1   0    1549    1550    1561    1560    1571    1572    1583    1582
     780   1   0    1550    1551    1562    1561    1572    1573    1584    1583
     781   2   0    1541    1552    1574    1563
     782   1   0    1563    1564    1575    1574    1585    1586    1597    1596
     783   1   0    1564    1565    1576    1575    1586    1587    1598    1597
     784   1   0    1565    1566    1577    1576    1587    1588    1599    1598
     785   1   0    1566    1567    1578    1577    1588    1589    1600    1599
     786   1   0    1567    1568    1579    1578    1589    1590    1601    1600
     787   1   0    1568    1569    1580    1579    1590    1591    1602    1601
     788   1   0    1569    1570    1581    1580    1591    1592    1603    1602
     789   1   0    1570    1571    1582    1581    1592    1593    1604    1603
     790   1   0    1571    1572    1583    1582    1593    1594    1605    1604
     791   1   0    1572    1573    1584    1583    1594    1595    1606    1605
     792   2   0    1563    1574    1596    1585
     793   1   0    1585    1586    1597    1596    1607    1608    1619    1618
     794   1   0    1586    1587    1598    1597    1608    1609    1620    1619
     795   1   0    1587    1588    1599    1598    1609    1610    1621    1620
     796   1   0    1588    1589    1600    1599    1610    1611    1622    1621
     797   1   0    1589    1590    1601    1600    1611    1612    1623    1622
     798   1   0    1590    1591    1602    1601    1612    1613    1624    1623
     799   1   0    1591    1592    1603    1602    1613    1614    1625    1624
     800   1   0    1592    1593    1604    1603    1614    1615    1626    1625
     801   1   0    1593    1594    1605    1604    1615    1616    1627    1626
     802   1   0    1594    1595    1606    1605    1616    1617    1628    1627
     803   2   0    1585    1596    1618    1607
     804   1   0    1607    1608    1619    1618    1629    1630    1641    1640
     805   1   0    1608    1609    1620    1619    1630    1631    1642    1641
     806   1   0    1609    1610    1621    1620    1631    1632    1643    1642
     807   1   0    1610    1611    1622    1621    1632    1633    1644    1643
     808   1   0    1611    1612    1623    1622    1633    1634    1645    1644
     809   1   0    1612    1613    1624    1623    1634    1635    1646    1645
     810   1   0    1613    1614    1625    1624    1635    1636    1647    1646
     811   1   0    1614    1615    1626    1625    1636    1637    1648    1647
     812   1   0    1615    1616    1627    1626    1637    1638    1649    1648
     813   1   0    1616    1617    1628    1627    1638    1639    1650    1649
     814   2   0    1607    1618    1640    1629
     815   1   0    1629    1630    1641    1640    1651    1652    1663    1662
     816   1   0    1630    1631    1642    1641    1652    1653    1664    1663
     817   1   0    1631    1632    1643    1642    1653    1654    1665    1664
     818   1   0    1632    1633    1644    1643    1654    1655    1666    1665
     819   1   0    1633    1634    1645    1644    1655    1656    1667    1666
     820   1   0    1634    1635    1646    1645    1656    1657    1668    1667
     821   1   0    1635    1636    1647    1646    1657    1658    1669    1668
     822   1   0    1636    1637    1648    1647    1658    1659    1670    1669
     823   1   0    1637    1638    1649    1648    1659    1660    1671    1670
     824   1   0    1638    1639    1650    1649    1660    1661    1672    1671
     825   2   0    1629    1640    1662    1651
     826   1   0    1651    1652    1663    1662    1673    1674    1685    1684
     827   1   0    1652    1653    1664    1663    1674    1675    1686    1685
     828   1   0    1653    1654    1665    1664    1675    1676    1687    1686
     829   1   0    1654    1655    1666    1665    1676    1677    1688    1687
     830   1   0    1655    1656    1667    1666    1677    1678    1689    1688
     831   1   0    1656    1657    1668    1667    1678    1679    1690    1689
     832   1   0    1657    1658    1669    1668    1679    1680    1691    1690
     833   1   0    1658    1659    1670    1669    1680    1681    1692    1691
     834   1   0    1659    1660    1671    1670    1681    1682    1693    1692
     835   1   0    1660    1661    1672    1671    1682    1683    1694    1693
     836   2   0    1651    1662    1684    1673
     837   1   0    1673    1674    1685    1684    1695    1696    1707    1706
     838   1   0    1674    1675    1686    1685    1696    1697    1708    1707
     839   1   0    1675    1676    1687    1686    1697    1698    1709    1708
     840   1   0    1676    1677    1688    1687    1698    1699    1710    1709
     841   1   0    1677    1678    1689    1688    1699    1700    1711    1710
     842   1   0    1678    1679    1690    1689    1700    1701    1712    1711
     843   1   0    1679    1680    1691    1690    1701    1702    1713    1712
     844   1   0    1680    1681    1692    1691    1702    1703    1714    1713
     845   1   0    1681    1682    1693    1692    1703    1704    1715    1714
     846   1   0    1682    1683    1694    1693    1704    1705    1716    1715
     847   2   0    1673    1684    1706    1695
     848   1   0    1695    1696    1707    1706    1717    1718    1729    1728
     849   1   0    1696    1697    1708    1707    1718    1719    1730    1729
     850   1   0    1697    1698    1709    1708    1719    1720    1731    1730
     851   1   0    1698    1699    1710    1709    1720    1721    1732    1731
     852   1   0    1699    1700    1711    1710    1721    1722    1733    1732
     853   1   0    1700    1701    1712    1711    1722    1723    1734    1733
     854   1   0    1701    1702    1713    1712    1723    1724    1735    1734
     855   1   0    1702    1703    1714    1713    1724    1725    1736    1735
     856   1   0    1703    1704    1715    1714    1725    1726    1737    1736
     857   1   0    1704    1705    1716    1715    1726    1727    1738    1737
     858   2   0    1695    1706    1728    1717
     859   1   0    1717    1718    1729    1728    1739    1740    1751    1750
     860   1   0    1718    1719    1730    1729    1740    1741    1752    1751
     861   1   0    1719    1720    1731    1730    1741    1742    1753    1752
     862   1   0    1720    1721    1732    1731    1742    1743    1754    1753
     863   1   0    1721    1722    1733    1732    1743    1744    1755    1754
     864   1   0    1722    1723    1734    1733    1744    1745    1756    1755
     865   1   0    1723    1724    1735    1734    1745    1746    1757    1756
     866   1   0    1724    1725    1736    1735    1746    1747    1758    1757
     867   1   0    1725    1726    1737    1736    1747    1748    1759    1758
     868   1   0    1726    1727    1738    1737    1748    1749    1760    1759
     869   2   0    1717    1728    1750    1739
     870   1   0    1739    1740    1751    1750    1761    1762    1773    1772
     871   1   0    1740    1741    1752    1751    1762    1763    1774    1773
     872   1   0    1741    1742    1753    1752    1763    1764    1775    1774
     873   1   0    1742    1743    1754    1753    1764    1765    1776    1775
     874   1   0    1743    1744    1755    1754    1765    1766    1777    1776
     875   1   0    1744    1745    1756    1755    1766    1767    1778    1777
     876   1   0    1745    1746    1757    1756    1767    1768    1779    1778
     877   1   0    1746    1747    1758    1757    1768    1769    1780    1779
     878   1   0    1747    1748    1759    1758    1769    1770    1781    1780
     879   1   0    1748    1749    1760    1759    1770    1771    1782    1781
     880   2   0    1739    1750    1772    1761
     881   1   0    1761    1762    1773    1772    1783    1784    1795    1794
     882   1   0    1762    1763    1774    1773    1784    1785    1796    1795
     883   1   0    1763    1764    1775    1774    1785    1786    1797    1796
     884   1   0    1764    1765    1776    1775    1786    1787    1798    1797
     885   1   0    1765    1766    1777    1776    1787    1788    1799    1798
     886   1   0    1766    1767    1778    1777    1788    1789    1800    1799
     887   1   0    1767    1768    1779    1778    1789    1790    1801    1800
     888   1   0    1768    1769    1780    1779    1790    1791    1802    1801
     889   1   0    1769    1770    1781    1780    1791    1792    1803    1802
     890   1   0    1770    1771    1782    1781    1792    1793    1804    1803
     891   2   0    1761    1772    1794    1783
     892   1   0    1783    1784    1795    1794    1805    1806    1817    1816
     893   1   0    1784    1785    1796    1795    1806    1807    1818    1817
     894   1   0    1785    1786    1797    1796    1807    1808    1819    1818
     895   1   0    1786    1787    1798    1797    1808    1809    1820    1819
     896   1   0    1787    1788    1799    1798    1809    1810    1821    1820
     897   1   0    1788    1789    1800    1799    1810    1811    1822    1821
     898   1   0    1789    1790    1801    1800    1811    1812    1823    1822
     899   1   0    1790    1791    1802    1801    1812    1813    1824    1823
     900   1   0    1791    1792    1803    1802    1813    1814    1825    1824
     901   1   0    1792    1793    1804    1803    1814    1815    1826    1825
     902   2   0    1783    1794    1816    1805
     903   1   0    1805    1806    1817    1816    1827    1828    1839    1838
     904   1   0    1806    1807    1818    1817    1828    1829    1840    1839
     905   1   0    1807    1808    1819    1818    1829    1830    1841    1840
     906   1   0    1808    1809    1820    1819    1830    1831    1842    1841
     907   1   0    1809    1810    1821    1820    1831    1832    1843    1842
     908   1   0    1810    1811    1822    1821    1832    1833    1844    1843
     909   1   0    1811    1812    1823    1822    1833    1834    1845    1844
     910   1   0    1812    1813    1824    1823    1834    1835    1846    1845
     911   1   0    1813    1814    1825    1824    1835    1836    1847    1846
     912   1   0    1814    1815    1826    1825    1836    1837    1848    1847
     913   2   0    1805    1816    1838    1827
     914   1   0    1827    1828    1839    1838    1849    1850    1861    1860
     915   1   0    1828    1829    1840    1839    1850    1851    1862    1861
     916   1   0    1829    1830    1841    1840    1851    1852    1863    1862
     917   1   0    1830    1831    1842    1841    1852    1853    1864    1863
     918   1   0    1831    1832    1843    1842    1853    1854    1865    1864
     919   1   0    1832    1833    1844    1843    1854    1855    1866    1865
     920   1   0    1833    1834    1845    1844    1855    1856    1867    1866
     921   1   0    1834    1835    1846    1845    1856    1857    1868    1867
     922   1   0    1835    1836    1847    1846    1857    1858    1869    1868
     923   1   0    1836    1837    1848    1847    1858    1859    1870    1869
     924   2   0    1827    1838    1860    1849
     925   1   0    1849    1850    1861    1860    1871    1872    1883    1882
     926   1   0    1850    1851    1862    1861    1872    1873    1884    1883
     927   1   0    1851    1852    1863    1862    1873    1874    1885    1884
     928   1   0    1852    1853    1864    1863    1874    1875    1886    1885
     929   1   0    1853    1854    1865    1864    1875    1876    1887    1886
     930   1   0    1854    1855    1866    1865    1876    1877    1888    1887
     931   1   0    1855    1856    1867    1866    1877    1878    1889    1888
     932   1   0    1856    1857    1868    1867    1878    1879    1890    1889
     933   1   0    1857    1858    1869    1868    1879    1880    1891    1890
     934   1   0    1858    1859    1870    1869    1880    1881    1892    1891
     935   2   0    1849    1860    1882    1871
     936   1   0    1871    1872    1883    1882    1893    1894    1905    1904
     937   1   0    1872    1873    1884    1883    1894    1895    1906    1905
     938   1   0    1873    1874    1885    1884    1895    1896    1907    1906
     939   1   0    1874    1875    1886    1885    1896    1897    1908    1907
     940   1   0    1875    1876    1887    1886    1897    1898    1909    1908
     941   1   0    1876    1877    1888    1887    1898    1899    1910    1909
     942   1   0    1877    1878    1889    1888    1899    1900    1911    1910
     943   1   0    1878    1879    1890    1889    1900    1901    1912    1911
     944   1   0    1879    1880    1891    1890    1901    1902    1913    1912
     945   1   0    1880    1881    1892    1891    1902    1903    1914    1913
     946   2   0    1871    1882    1904    1893
     947   1   0    1893    1894    1905    1904    1915    1916    1927    1926
     948   1   0    1894    1895    1906    1905    1916    1917    1928    1927
     949   1   0    1895    1896    1907    1906    1917    1918    1929    1928
     950   1   0    1896    1897    1908    1907    1918    1919    1930    1929
     951   1   0    1897    1898    1909    1908    1919    1920    1931    1930
     952   1   0    1898    1899    1910    1909    1920    1921    1932    1931
     953   1   0    1899    1900    1911    1910    1921    1922    1933    1932
     954   1   0    1900    1901    1912    1911    1922    1923    1934    1933
     955   1   0    1901    1902    1913    1912    1923    1924    1935    1934
     956   1   0    1902    1903    1914    1913    1924    1925    1936    1935
     957   2   0    1893    1904    1926    1915
     958   1   0    1915    1916    1927    1926    1937    1938    1949    1948
     959   1   0    1916    1917    1928    1927    1938    1939    1950    1949
     960   1   0    1917    1918    1929    1928    1939    1940    1951    1950
     961   1   0    1918    1919    1930    1929    1940    1941    1952    1951
     962   1   0    1919    1920    1931    1930    1941    1942    1953    1952
     963   1   0    1920    1921    1932    1931    1942    1943    1954    1953
     964   1   0    1921    1922    1933    1932    1943    1944    1955    1954
     965   1   0    1922    1923    1934    1933    1944    1945    1956    1955
     966   1   0    1923    1924    1935    1934    1945    1946    1957    1956
     967   1   0    1924    1925    1936    1935    1946    1947    1958    1957
     968   2   0    1915    1926    1948    1937
     969   1   0    1937    1938    1949    1948    1959    1960    1971    1970
     970   1   0    1938    1939    1950    1949    1960    1961    1972    1971
     971   1   0    1939    1940    1951    1950    1961    1962    1973    1972
     972   1   0    1940    1941    1952    1951    1962    1963    1974    1973
     973   1   0    1941    1942    1953    1952    1963    1964    1975    1974
     974   1   0    1942    1943    1954    1953    1964    1965    1976    1975
     975   1   0    1943    1944    1955    1954    1965    1966    1977    1976
     976   1   0    1944    1945    1956    1955    1966    1967    1978    1977
     977   1   0    1945    1946    1957    1956    1967    1968    1979    1978
     978   1   0    1946    1947    1958    1957    1968    1969    1980    1979
     979   2   0    1937    1948    1970    1959
     980   1   0    1959    1960    1971    1970    1981    1982    1993    1992
     981   1   0    1960    1961    1972    1971    1982    1983    1994    1993
     982   1   0    1961    1962    1973    1972    1983    1984    1995    1994
     983   1   0    1962    1963    1974    1973    1984    1985    1996    1995
     984   1   0    1963    1964    1975    1974    1985    1986    1997    1996
     985   1   0    1964    1965    1976    1975    1986    1987    1998    1997
     986   1   0    1965    1966    1977    1976    1987    1988    1999    1998
     987   1   0    1966    1967    1978    1977    1988    1989    2000    1999
     988   1   0    1967    1968    1979    1978    1989    1990    2001    2000
     989   1   0    1968    1969    1980    1979    1990    1991    2002    2001
     990   2   0    1959    1970    1992    1981
     991   1   0    1981    1982    1993    1992    2003    2004    2015    2014
     992   1   0    1982    1983    1994    1993    2004    2005    2016    2015
     993   1   0    1983    1984    1995    1994    2005    2006    2017    2016
     994   1   0    1984    1985    1996    1995    2006    2007    2018    2017
     995   1   0    1985    1986    1997    1996    2007    2008    2019    2018
     996   1   0    1986    1987    1998    1997    2008    2009    2020    2019
     997   1   0    1987    1988    1999    1998    2009    2010    2021    2020
     998   1   0    1988    1989    2000    1999    2010    2011    2022    2021
     999   1   0    1989    1990    2001    2000    2011    2012    2023    2022
    1000   1   0    1990    1991    2002    2001    2012    2013    2024    2023
    1001   2   0    1981    1992    2014    2003
    1002   1   0    2003    2004    2015    2014    2025    2026    2037    2036
    1003   1   0    2004    2005    2016    2015    2026    2027    2038    2037
    1004   1   0    2005    2006    2017    2016    2027    2028    2039    2038
    1005   1   0    2006    2007    2018    2017    2028    2029    2040    2039
    1006   1   0    2007    2008    2019    2018    2029    2030    2041    2040
    1007   1   0    2008    2009    2020    2019    2030    2031    2042    2041
    1008   1   0    2009    2010    2021    2020    2031    2032    2043    2042
    1009   1   0    2010    2011    2022    2021    2032    2033    2044    2043
    1010   1   0    2011    2012    2023    2022    2033    2034    2045    2044
    1011   1   0    2012    2013    2024    2023    2034    2035    2046    2045
    1012   2   0    2003    2014    2036    2025
    1013   1   0    2025    2026    2037    2036    2047    2048    2059    2058
    1014   1   0    2026    2027    2038    2037    2048    2049    2060    2059
    1015   1   0    2027    2028    2039    2038    2049    2050    2061    2060
    1016   1   0    2028    2029    2040    2039    2050    2051    2062    2061
    1017   1   0    2029    2030    2041    2040    2051    2052    2063    2062
    1018   1   0    2030    2031    2042    2041    2052    2053    2064    2063
    1019   1   0    2031    2032    2043    2042    2053    2054    2065    2064
    1020   1   0    2032    2033    2044    2043    2054    2055    2066    2065
    1021   1   0    2033    2034    2045    2044    2055    2056    2067    2066
    1022   1   0    2034    2035    2046    2045    2056    2057    2068    2067
    1023   2   0    2025    2036    2058    2047
    1024   1   0    2047    2048    2059    2058    2069    2070    2081    2080
    1025   1   0    2048    2049    2060    2059    2070    2071    2082    2081
    1026   1   0    2049    2050    2061    2060    2071    2072    2083    2082
    1027   1   0    2050    2051    2062    2061    2072    2073    2084    2083
    1028   1   0    2051    2052    2063    2062    2073    2074    2085    2084
    1029   1   0    2052    2053    2064    2063    2074    2075    2086    2085
    1030   1   0    2053    2054    2065    2064    2075    2076    2087    2086
    1031   1   0    2054    2055    2066    2065    2076    2077    2088    2087
    1032   1   0    2055    2056    2067    2066    2077    2078    2089    2088
    1033   1   0    2056    2057    2068    2067    2078    2079    2090    2089
    1034   2   0    2047    2058    2080    2069
    1035   1   0    2069    2070    2081    2080    2091    2092    2103    2102
    1036   1   0    2070    2071    2082    2081    2092    2093    2104    2103
    1037   1   0    2071    2072    2083    2082    2093    2094    2105    2104
    1038   1   0    2072    2073    2084    2083    2094    2095    2106    2105
    1039   1   0    2073    2074    2085    2084    2095    2096    2107    2106
    1040   1   0    2074    2075    2086    2085    2096    2097    2108    2107
    1041   1   0    2075    2076    2087    2086    2097    2098    2109    2108
    1042   1   0    2076    2077    2088    2087    2098    2099    2110    2109
    1043   1   0    2077    2078    2089    2088    2099    2100    2111    2110
    1044   1   0    2078    2079    2090    2089    2100    2101    2112    2111
    1045   2   0    2069    2080    2102    2091
    1046   1   0    2091    2092    2103    2102    2113    2114    2125    2124
    1047   1   0    2092    2093    2104    2103    2114    2115    2126    2125
    1048   1   0    2093    2094    2105    2104    2115    2116    2127    2126
    1049   1   0    2094    2095    2106    2105    2116    2117    2128    2127
    1050   1   0    2095    2096    2107    2106    2117    2118    2129    2128
    1051   1   0    2096    2097    2108    2107    2118    2119    2130    2129
    1052   1   0    2097    2098    2109    2108    2119    2120    2131    2130
    1053   1   0    2098    2099    2110    2109    2120    2121    2132    2131
    1054   1   0    2099    2100    2111    2110    2121    2122    2133    2132
    1055   1   0    2100    2101    2112    2111    2122    2123    2134    2133
    1056   2   0    2091    2102    2124    2113

     E l e m e n t   S i z e   V a l u e s
          h-minimum =  6.5438E-04
          h-maximum =  1.3496E-03

     Tie all nodes with common coordinates


      Gap Tolerance =  2.1647E-05



       T i e  - - -  N o d a l   C o o r d i n a t e s

          The following nodes have been deleted:

            3      4      5      6      7      8      9     10     11     14
           15     16     17     18     19     20     21     22   2113   2114
         2124   2125

         22 nodes merged by the tie command


 FEAP *** inflated fiber reinforced soft ring - circum. b.c. top surf. linked i

  E d g e    N o d a l    B.C.

    node  1-B.C.  2-B.C.  3-B.C.
      12       0       0       1
      13       0       0       1
      34       0       0       1
      35       0       0       1
      36       0       0       1
      37       0       0       1
      38       0       0       1
      39       0       0       1
      40       0       0       1
      41       0       0       1
      42       0       0       1
      43       0       0       1
      44       0       0       1
      56       0       0       1
      57       0       0       1
      58       0       0       1
      59       0       0       1
      60       0       0       1
      61       0       0       1
      62       0       0       1
      63       0       0       1
      64       0       0       1
      65       0       0       1
      66       0       0       1
      78       0       0       1
      79       0       0       1
      80       0       0       1
      81       0       0       1
      82       0       0       1
      83       0       0       1
      84       0       0       1
      85       0       0       1
      86       0       0       1
      87       0       0       1
      88       0       0       1
     100       0       0       1
     101       0       0       1
     102       0       0       1
     103       0       0       1
     104       0       0       1
     105       0       0       1
     106       0       0       1
     107       0       0       1
     108       0       0       1
     109       0       0       1
     110       0       0       1
     122       0       0       1
     123       0       0       1
     124       0       0       1
     125       0       0       1
     126       0       0       1
     127       0       0       1
     128       0       0       1
     129       0       0       1
     130       0       0       1
     131       0       0       1
     132       0       0       1
     144       0       0       1
     145       0       0       1
     146       0       0       1
     147       0       0       1
     148       0       0       1
     149       0       0       1
     150       0       0       1
     151       0       0       1
     152       0       0       1
     153       0       0       1
     154       0       0       1
     166       0       0       1
     167       0       0       1
     168       0       0       1
     169       0       0       1
     170       0       0       1
     171       0       0       1
     172       0       0       1
     173       0       0       1
     174       0       0       1
     175       0       0       1
     176       0       0       1
     188       0       0       1
     189       0       0       1
     190       0       0       1
     191       0       0       1
     192       0       0       1
     193       0       0       1
     194       0       0       1
     195       0       0       1
     196       0       0       1
     197       0       0       1
     198       0       0       1
     210       0       0       1
     211       0       0       1
     212       0       0       1
     213       0       0       1
     214       0       0       1
     215       0       0       1
     216       0       0       1
     217       0       0       1
     218       0       0       1
     219       0       0       1
     220       0       0       1
     232       0       0       1
     233       0       0       1
     234       0       0       1
     235       0       0       1
     236       0       0       1
     237       0       0       1
     238       0       0       1
     239       0       0       1
     240       0       0       1
     241       0       0       1
     242       0       0       1
     254       0       0       1
     255       0       0       1
     256       0       0       1
     257       0       0       1
     258       0       0       1
     259       0       0       1
     260       0       0       1
     261       0       0       1
     262       0       0       1
     263       0       0       1
     264       0       0       1
     276       0       0       1
     277       0       0       1
     278       0       0       1
     279       0       0       1
     280       0       0       1
     281       0       0       1
     282       0       0       1
     283       0       0       1
     284       0       0       1
     285       0       0       1
     286       0       0       1
     298       0       0       1
     299       0       0       1
     300       0       0       1
     301       0       0       1
     302       0       0       1
     303       0       0       1
     304       0       0       1
     305       0       0       1
     306       0       0       1
     307       0       0       1
     308       0       0       1
     320       0       0       1
     321       0       0       1
     322       0       0       1
     323       0       0       1
     324       0       0       1
     325       0       0       1
     326       0       0       1
     327       0       0       1
     328       0       0       1
     329       0       0       1
     330       0       0       1
     342       0       0       1
     343       0       0       1
     344       0       0       1
     345       0       0       1
     346       0       0       1
     347       0       0       1
     348       0       0       1
     349       0       0       1
     350       0       0       1
     351       0       0       1
     352       0       0       1
     364       0       0       1
     365       0       0       1
     366       0       0       1
     367       0       0       1
     368       0       0       1
     369       0       0       1
     370       0       0       1
     371       0       0       1
     372       0       0       1
     373       0       0       1
     374       0       0       1
     386       0       0       1
     387       0       0       1
     388       0       0       1
     389       0       0       1
     390       0       0       1
     391       0       0       1
     392       0       0       1
     393       0       0       1
     394       0       0       1
     395       0       0       1
     396       0       0       1
     408       0       0       1
     409       0       0       1
     410       0       0       1
     411       0       0       1
     412       0       0       1
     413       0       0       1
     414       0       0       1
     415       0       0       1
     416       0       0       1
     417       0       0       1
     418       0       0       1
     430       0       0       1
     431       0       0       1
     432       0       0       1
     433       0       0       1
     434       0       0       1
     435       0       0       1
     436       0       0       1
     437       0       0       1
     438       0       0       1
     439       0       0       1
     440       0       0       1
     452       0       0       1
     453       0       0       1
     454       0       0       1
     455       0       0       1
     456       0       0       1
     457       0       0       1
     458       0       0       1
     459       0       0       1
     460       0       0       1
     461       0       0       1
     462       0       0       1
     474       0       0       1
     475       0       0       1
     476       0       0       1
     477       0       0       1
     478       0       0       1
     479       0       0       1
     480       0       0       1
     481       0       0       1
     482       0       0       1
     483       0       0       1
     484       0       0       1
     496       0       0       1
     497       0       0       1
     498       0       0       1
     499       0       0       1
     500       0       0       1
     501       0       0       1
     502       0       0       1
     503       0       0       1
     504       0       0       1
     505       0       0       1
     506       0       0       1
     518       0       0       1
     519       0       0       1
     520       0       0       1
     521       0       0       1
     522       0       0       1
     523       0       0       1
     524       0       0       1
     525       0       0       1
     526       0       0       1
     527       0       0       1
     528       0       0       1
     540       0       0       1
     541       0       0       1
     542       0       0       1
     543       0       0       1
     544       0       0       1
     545       0       0       1
     546       0       0       1
     547       0       0       1
     548       0       0       1
     549       0       0       1
     550       0       0       1
     562       0       0       1
     563       0       0       1
     564       0       0       1
     565       0       0       1
     566       0       0       1
     567       0       0       1
     568       0       0       1
     569       0       0       1
     570       0       0       1
     571       0       0       1
     572       0       0       1
     584       0       0       1
     585       0       0       1
     586       0       0       1
     587       0       0       1
     588       0       0       1
     589       0       0       1
     590       0       0       1
     591       0       0       1
     592       0       0       1
     593       0       0       1
     594       0       0       1
     606       0       0       1
     607       0       0       1
     608       0       0       1
     609       0       0       1
     610       0       0       1
     611       0       0       1
     612       0       0       1
     613       0       0       1
     614       0       0       1
     615       0       0       1
     616       0       0       1
     628       0       0       1
     629       0       0       1
     630       0       0       1
     631       0       0       1
     632       0       0       1
     633       0       0       1
     634       0       0       1
     635       0       0       1
     636       0       0       1
     637       0       0       1
     638       0       0       1
     650       0       0       1
     651       0       0       1
     652       0       0       1
     653       0       0       1
     654       0       0       1
     655       0       0       1
     656       0       0       1
     657       0       0       1
     658       0       0       1
     659       0       0       1
     660       0       0       1
     672       0       0       1
     673       0       0       1
     674       0       0       1
     675       0       0       1
     676       0       0       1
     677       0       0       1
     678       0       0       1
     679       0       0       1
     680       0       0       1
     681       0       0       1
     682       0       0       1
     694       0       0       1
     695       0       0       1
     696       0       0       1
     697       0       0       1
     698       0       0       1
     699       0       0       1
     700       0       0       1
     701       0       0       1
     702       0       0       1
     703       0       0       1
     704       0       0       1
     716       0       0       1
     717       0       0       1
     718       0       0       1
     719       0       0       1
     720       0       0       1
     721       0       0       1
     722       0       0       1
     723       0       0       1
     724       0       0       1
     725       0       0       1
     726       0       0       1
     738       0       0       1
     739       0       0       1
     740       0       0       1
     741       0       0       1
     742       0       0       1
     743       0       0       1
     744       0       0       1
     745       0       0       1
     746       0       0       1
     747       0       0       1
     748       0       0       1
     760       0       0       1
     761       0       0       1
     762       0       0       1
     763       0       0       1
     764       0       0       1
     765       0       0       1
     766       0       0       1
     767       0       0       1
     768       0       0       1
     769       0       0       1
     770       0       0       1
     782       0       0       1
     783       0       0       1
     784       0       0       1
     785       0       0       1
     786       0       0       1
     787       0       0       1
     788       0       0       1
     789       0       0       1
     790       0       0       1
     791       0       0       1
     792       0       0       1
     804       0       0       1
     805       0       0       1
     806       0       0       1
     807       0       0       1
     808       0       0       1
     809       0       0       1
     810       0       0       1
     811       0       0       1
     812       0       0       1
     813       0       0       1
     814       0       0       1
     826       0       0       1
     827       0       0       1
     828       0       0       1
     829       0       0       1
     830       0       0       1
     831       0       0       1
     832       0       0       1
     833       0       0       1
     834       0       0       1
     835       0       0       1
     836       0       0       1
     848       0       0       1
     849       0       0       1
     850       0       0       1
     851       0       0       1
     852       0       0       1
     853       0       0       1
     854       0       0       1
     855       0       0       1
     856       0       0       1
     857       0       0       1
     858       0       0       1
     870       0       0       1
     871       0       0       1
     872       0       0       1
     873       0       0       1
     874       0       0       1
     875       0       0       1
     876       0       0       1
     877       0       0       1
     878       0       0       1
     879       0       0       1
     880       0       0       1
     892       0       0       1
     893       0       0       1
     894       0       0       1
     895       0       0       1
     896       0       0       1
     897       0       0       1
     898       0       0       1
     899       0       0       1
     900       0       0       1
     901       0       0       1
     902       0       0       1
     914       0       0       1
     915       0       0       1
     916       0       0       1
     917       0       0       1
     918       0       0       1
     919       0       0       1
     920       0       0       1
     921       0       0       1
     922       0       0       1
     923       0       0       1
     924       0       0       1
     936       0       0       1
     937       0       0       1
     938       0       0       1
     939       0       0       1
     940       0       0       1
     941       0       0       1
     942       0       0       1
     943       0       0       1
     944       0       0       1
     945       0       0       1
     946       0       0       1
     958       0       0       1
     959       0       0       1
     960       0       0       1
     961       0       0       1
     962       0       0       1
     963       0       0       1
     964       0       0       1
     965       0       0       1
     966       0       0       1
     967       0       0       1
     968       0       0       1
     980       0       0       1
     981       0       0       1
     982       0       0       1
     983       0       0       1
     984       0       0       1
     985       0       0       1
     986       0       0       1
     987       0       0       1
     988       0       0       1
     989       0       0       1
     990       0       0       1
    1002       0       0       1
    1003       0       0       1
    1004       0       0       1
    1005       0       0       1
    1006       0       0       1
    1007       0       0       1
    1008       0       0       1
    1009       0       0       1
    1010       0       0       1
    1011       0       0       1
    1012       0       0       1
    1024       0       0       1
    1025       0       0       1
    1026       0       0       1
    1027       0       0       1
    1028       0       0       1
    1029       0       0       1
    1030       0       0       1
    1031       0       0       1
    1032       0       0       1
    1033       0       0       1
    1034       0       0       1
    1046       0       0       1
    1047       0       0       1
    1048       0       0       1
    1049       0       0       1
    1050       0       0       1
    1051       0       0       1
    1052       0       0       1
    1053       0       0       1
    1054       0       0       1
    1055       0       0       1
    1056       0       0       1
    1068       0       0       1
    1069       0       0       1
    1070       0       0       1
    1071       0       0       1
    1072       0       0       1
    1073       0       0       1
    1074       0       0       1
    1075       0       0       1
    1076       0       0       1
    1077       0       0       1
    1078       0       0       1
    1090       0       0       1
    1091       0       0       1
    1092       0       0       1
    1093       0       0       1
    1094       0       0       1
    1095       0       0       1
    1096       0       0       1
    1097       0       0       1
    1098       0       0       1
    1099       0       0       1
    1100       0       0       1
    1112       0       0       1
    1113       0       0       1
    1114       0       0       1
    1115       0       0       1
    1116       0       0       1
    1117       0       0       1
    1118       0       0       1
    1119       0       0       1
    1120       0       0       1
    1121       0       0       1
    1122       0       0       1
    1134       0       0       1
    1135       0       0       1
    1136       0       0       1
    1137       0       0       1
    1138       0       0       1
    1139       0       0       1
    1140       0       0       1
    1141       0       0       1
    1142       0       0       1
    1143       0       0       1
    1144       0       0       1
    1156       0       0       1
    1157       0       0       1
    1158       0       0       1
    1159       0       0       1
    1160       0       0       1
    1161       0       0       1
    1162       0       0       1
    1163       0       0       1
    1164       0       0       1
    1165       0       0       1
    1166       0       0       1
    1178       0       0       1
    1179       0       0       1
    1180       0       0       1
    1181       0       0       1
    1182       0       0       1
    1183       0       0       1
    1184       0       0       1
    1185       0       0       1
    1186       0       0       1
    1187       0       0       1
    1188       0       0       1
    1200       0       0       1
    1201       0       0       1
    1202       0       0       1
    1203       0       0       1
    1204       0       0       1
    1205       0       0       1
    1206       0       0       1
    1207       0       0       1
    1208       0       0       1
    1209       0       0       1
    1210       0       0       1
    1222       0       0       1
    1223       0       0       1
    1224       0       0       1
    1225       0       0       1
    1226       0       0       1
    1227       0       0       1
    1228       0       0       1
    1229       0       0       1
    1230       0       0       1
    1231       0       0       1
    1232       0       0       1
    1244       0       0       1
    1245       0       0       1
    1246       0       0       1
    1247       0       0       1
    1248       0       0       1
    1249       0       0       1
    1250       0       0       1
    1251       0       0       1
    1252       0       0       1
    1253       0       0       1
    1254       0       0       1
    1266       0       0       1
    1267       0       0       1
    1268       0       0       1
    1269       0       0       1
    1270       0       0       1
    1271       0       0       1
    1272       0       0       1
    1273       0       0       1
    1274       0       0       1
    1275       0       0       1
    1276       0       0       1
    1288       0       0       1
    1289       0       0       1
    1290       0       0       1
    1291       0       0       1
    1292       0       0       1
    1293       0       0       1
    1294       0       0       1
    1295       0       0       1
    1296       0       0       1
    1297       0       0       1
    1298       0       0       1
    1310       0       0       1
    1311       0       0       1
    1312       0       0       1
    1313       0       0       1
    1314       0       0       1
    1315       0       0       1
    1316       0       0       1
    1317       0       0       1
    1318       0       0       1
    1319       0       0       1
    1320       0       0       1
    1332       0       0       1
    1333       0       0       1
    1334       0       0       1
    1335       0       0       1
    1336       0       0       1
    1337       0       0       1
    1338       0       0       1
    1339       0       0       1
    1340       0       0       1
    1341       0       0       1
    1342       0       0       1
    1354       0       0       1
    1355       0       0       1
    1356       0       0       1
    1357       0       0       1
    1358       0       0       1
    1359       0       0       1
    1360       0       0       1
    1361       0       0       1
    1362       0       0       1
    1363       0       0       1
    1364       0       0       1
    1376       0       0       1
    1377       0       0       1
    1378       0       0       1
    1379       0       0       1
    1380       0       0       1
    1381       0       0       1
    1382       0       0       1
    1383       0       0       1
    1384       0       0       1
    1385       0       0       1
    1386       0       0       1
    1398       0       0       1
    1399       0       0       1
    1400       0       0       1
    1401       0       0       1
    1402       0       0       1
    1403       0       0       1
    1404       0       0       1
    1405       0       0       1
    1406       0       0       1
    1407       0       0       1
    1408       0       0       1
    1420       0       0       1
    1421       0       0       1
    1422       0       0       1
    1423       0       0       1
    1424       0       0       1
    1425       0       0       1
    1426       0       0       1
    1427       0       0       1
    1428       0       0       1
    1429       0       0       1
    1430       0       0       1
    1442       0       0       1
    1443       0       0       1
    1444       0       0       1
    1445       0       0       1
    1446       0       0       1
    1447       0       0       1
    1448       0       0       1
    1449       0       0       1
    1450       0       0       1
    1451       0       0       1
    1452       0       0       1
    1464       0       0       1
    1465       0       0       1
    1466       0       0       1
    1467       0       0       1
    1468       0       0       1
    1469       0       0       1
    1470       0       0       1
    1471       0       0       1
    1472       0       0       1
    1473       0       0       1
    1474       0       0       1
    1486       0       0       1
    1487       0       0       1
    1488       0       0       1
    1489       0       0       1
    1490       0       0       1
    1491       0       0       1
    1492       0       0       1
    1493       0       0       1
    1494       0       0       1
    1495       0       0       1
    1496       0       0       1
    1508       0       0       1
    1509       0       0       1
    1510       0       0       1
    1511       0       0       1
    1512       0       0       1
    1513       0       0       1
    1514       0       0       1
    1515       0       0       1
    1516       0       0       1
    1517       0       0       1
    1518       0       0       1
    1530       0       0       1
    1531       0       0       1
    1532       0       0       1
    1533       0       0       1
    1534       0       0       1
    1535       0       0       1
    1536       0       0       1
    1537       0       0       1
    1538       0       0       1
    1539       0       0       1
    1540       0       0       1
    1552       0       0       1
    1553       0       0       1
    1554       0       0       1
    1555       0       0       1
    1556       0       0       1
    1557       0       0       1
    1558       0       0       1
    1559       0       0       1
    1560       0       0       1
    1561       0       0       1
    1562       0       0       1
    1574       0       0       1
    1575       0       0       1
    1576       0       0       1
    1577       0       0       1
    1578       0       0       1
    1579       0       0       1
    1580       0       0       1
    1581       0       0       1
    1582       0       0       1
    1583       0       0       1
    1584       0       0       1
    1596       0       0       1
    1597       0       0       1
    1598       0       0       1
    1599       0       0       1
    1600       0       0       1
    1601       0       0       1
    1602       0       0       1
    1603       0       0       1
    1604       0       0       1
    1605       0       0       1
    1606       0       0       1
    1618       0       0       1
    1619       0       0       1
    1620       0       0       1
    1621       0       0       1
    1622       0       0       1
    1623       0       0       1
    1624       0       0       1
    1625       0       0       1
    1626       0       0       1
    1627       0       0       1
    1628       0       0       1
    1640       0       0       1
    1641       0       0       1
    1642       0       0       1
    1643       0       0       1
    1644       0       0       1
    1645       0       0       1
    1646       0       0       1
    1647       0       0       1
    1648       0       0       1
    1649       0       0       1
    1650       0       0       1
    1662       0       0       1
    1663       0       0       1
    1664       0       0       1
    1665       0       0       1
    1666       0       0       1
    1667       0       0       1
    1668       0       0       1
    1669       0       0       1
    1670       0       0       1
    1671       0       0       1
    1672       0       0       1
    1684       0       0       1
    1685       0       0       1
    1686       0       0       1
    1687       0       0       1
    1688       0       0       1
    1689       0       0       1
    1690       0       0       1
    1691       0       0       1
    1692       0       0       1
    1693       0       0       1
    1694       0       0       1
    1706       0       0       1
    1707       0       0       1
    1708       0       0       1
    1709       0       0       1
    1710       0       0       1
    1711       0       0       1
    1712       0       0       1
    1713       0       0       1
    1714       0       0       1
    1715       0       0       1
    1716       0       0       1
    1728       0       0       1
    1729       0       0       1
    1730       0       0       1
    1731       0       0       1
    1732       0       0       1
    1733       0       0       1
    1734       0       0       1
    1735       0       0       1
    1736       0       0       1
    1737       0       0       1
    1738       0       0       1
    1750       0       0       1
    1751       0       0       1
    1752       0       0       1
    1753       0       0       1
    1754       0       0       1
    1755       0       0       1
    1756       0       0       1
    1757       0       0       1
    1758       0       0       1
    1759       0       0       1
    1760       0       0       1
    1772       0       0       1
    1773       0       0       1
    1774       0       0       1
    1775       0       0       1
    1776       0       0       1
    1777       0       0       1
    1778       0       0       1
    1779       0       0       1
    1780       0       0       1
    1781       0       0       1
    1782       0       0       1
    1794       0       0       1
    1795       0       0       1
    1796       0       0       1
    1797       0       0       1
    1798       0       0       1
    1799       0       0       1
    1800       0       0       1
    1801       0       0       1
    1802       0       0       1
    1803       0       0       1
    1804       0       0       1
    1816       0       0       1
    1817       0       0       1
    1818       0       0       1
    1819       0       0       1
    1820       0       0       1
    1821       0       0       1
    1822       0       0       1
    1823       0       0       1
    1824       0       0       1
    1825       0       0       1
    1826       0       0       1
    1838       0       0       1
    1839       0       0       1
    1840       0       0       1
    1841       0       0       1
    1842       0       0       1
    1843       0       0       1
    1844       0       0       1
    1845       0       0       1
    1846       0       0       1
    1847       0       0       1
    1848       0       0       1
    1860       0       0       1
    1861       0       0       1
    1862       0       0       1
    1863       0       0       1
    1864       0       0       1
    1865       0       0       1
    1866       0       0       1
    1867       0       0       1
    1868       0       0       1
    1869       0       0       1
    1870       0       0       1
    1882       0       0       1
    1883       0       0       1
    1884       0       0       1
    1885       0       0       1
    1886       0       0       1
    1887       0       0       1
    1888       0       0       1
    1889       0       0       1
    1890       0       0       1
    1891       0       0       1
    1892       0       0       1
    1904       0       0       1
    1905       0       0       1
    1906       0       0       1
    1907       0       0       1
    1908       0       0       1
    1909       0       0       1
    1910       0       0       1
    1911       0       0       1
    1912       0       0       1
    1913       0       0       1
    1914       0       0       1
    1926       0       0       1
    1927       0       0       1
    1928       0       0       1
    1929       0       0       1
    1930       0       0       1
    1931       0       0       1
    1932       0       0       1
    1933       0       0       1
    1934       0       0       1
    1935       0       0       1
    1936       0       0       1
    1948       0       0       1
    1949       0       0       1
    1950       0       0       1
    1951       0       0       1
    1952       0       0       1
    1953       0       0       1
    1954       0       0       1
    1955       0       0       1
    1956       0       0       1
    1957       0       0       1
    1958       0       0       1
    1970       0       0       1
    1971       0       0       1
    1972       0       0       1
    1973       0       0       1
    1974       0       0       1
    1975       0       0       1
    1976       0       0       1
    1977       0       0       1
    1978       0       0       1
    1979       0       0       1
    1980       0       0       1
    1992       0       0       1
    1993       0       0       1
    1994       0       0       1
    1995       0       0       1
    1996       0       0       1
    1997       0       0       1
    1998       0       0       1
    1999       0       0       1
    2000       0       0       1
    2001       0       0       1
    2002       0       0       1
    2014       0       0       1
    2015       0       0       1
    2016       0       0       1
    2017       0       0       1
    2018       0       0       1
    2019       0       0       1
    2020       0       0       1
    2021       0       0       1
    2022       0       0       1
    2023       0       0       1
    2024       0       0       1
    2036       0       0       1
    2037       0       0       1
    2038       0       0       1
    2039       0       0       1
    2040       0       0       1
    2041       0       0       1
    2042       0       0       1
    2043       0       0       1
    2044       0       0       1
    2045       0       0       1
    2046       0       0       1
    2058       0       0       1
    2059       0       0       1
    2060       0       0       1
    2061       0       0       1
    2062       0       0       1
    2063       0       0       1
    2064       0       0       1
    2065       0       0       1
    2066       0       0       1
    2067       0       0       1
    2068       0       0       1
    2080       0       0       1
    2081       0       0       1
    2082       0       0       1
    2083       0       0       1
    2084       0       0       1
    2085       0       0       1
    2086       0       0       1
    2087       0       0       1
    2088       0       0       1
    2089       0       0       1
    2090       0       0       1
    2102       0       0       1
    2103       0       0       1
    2104       0       0       1
    2105       0       0       1
    2106       0       0       1
    2107       0       0       1
    2108       0       0       1
    2109       0       0       1
    2110       0       0       1
    2111       0       0       1
    2112       0       0       1
    2126       0       0       1
    2127       0       0       1
    2128       0       0       1
    2129       0       0       1
    2130       0       0       1
    2131       0       0       1
    2132       0       0       1
    2133       0       0       1
    2134       0       0       1

       P o l a r    S u r f a c e

     x_Coord.     y_Coord.     z_Coord.
   0.0000E+00   0.0000E+00   0.0000E+00

 FEAP *** inflated fiber reinforced soft ring - circum. b.c. top surf. linked i

   C o o r d i n a t e    S u r f a c e   A n g l e s

      Node    1 Coord    2 Coord    3 Coord      Angle
         1  1.000E-02 -1.800E+02  0.000E+00 -1.800E+02
         2  1.000E-02 -1.800E+02  5.000E-03 -1.800E+02
         3  1.000E-02 -9.000E+01  5.000E-03 -9.000E+01
         4  1.000E-02 -9.000E+01  0.000E+00 -9.000E+01
         5  1.000E-02 -1.800E+02  2.500E-03 -1.800E+02
         6  1.000E-02 -1.350E+02  5.000E-03 -1.350E+02
         7  1.000E-02 -9.000E+01  2.500E-03 -9.000E+01
         8  1.000E-02 -1.350E+02  0.000E+00 -1.350E+02
         9  1.000E-02 -1.350E+02  2.500E-03 -1.350E+02

       N o d a l    A n g l e s

          Global Node    Angle

                1057 -1.800E+02
                1068 -1.800E+02
                1079 -1.762E+02
                1090 -1.762E+02
                1101 -1.725E+02
                1112 -1.725E+02
                1123 -1.687E+02
                1134 -1.688E+02
                1145 -1.650E+02
                1156 -1.650E+02
                1167 -1.613E+02
                1178 -1.613E+02
                1189 -1.575E+02
                1200 -1.575E+02
                1211 -1.538E+02
                1222 -1.538E+02
                1233 -1.500E+02
                1244 -1.500E+02
                1255 -1.462E+02
                1266 -1.462E+02
                1277 -1.425E+02
                1288 -1.425E+02
                1299 -1.388E+02
                1310 -1.388E+02
                1321 -1.350E+02
                1332 -1.350E+02
                1343 -1.313E+02
                1354 -1.313E+02
                1365 -1.275E+02
                1376 -1.275E+02
                1387 -1.238E+02
                1398 -1.238E+02
                1409 -1.200E+02
                1420 -1.200E+02
                1431 -1.163E+02
                1442 -1.163E+02
                1453 -1.125E+02
                1464 -1.125E+02
                1475 -1.088E+02
                1486 -1.088E+02
                1497 -1.050E+02
                1508 -1.050E+02
                1519 -1.013E+02
                1530 -1.013E+02
                1541 -9.750E+01
                1552 -9.750E+01
                1563 -9.375E+01
                1574 -9.375E+01
                1585 -9.000E+01
                1596 -9.000E+01

 FEAP *** inflated fiber reinforced soft ring - circum. b.c. top surf. linked i

   C o o r d i n a t e    S u r f a c e   A n g l e s

      Node    1 Coord    2 Coord    3 Coord      Angle
         1  1.000E-02 -9.000E+01  0.000E+00 -9.000E+01
         2  1.000E-02 -9.000E+01  5.000E-03 -9.000E+01
         3  1.000E-02  0.000E+00  5.000E-03  0.000E+00
         4  1.000E-02  0.000E+00  0.000E+00  0.000E+00
         5  1.000E-02 -9.000E+01  2.500E-03 -9.000E+01
         6  1.000E-02 -4.500E+01  5.000E-03 -4.500E+01
         7  1.000E-02  0.000E+00  2.500E-03  0.000E+00
         8  1.000E-02 -4.500E+01  0.000E+00 -4.500E+01
         9  1.000E-02 -4.500E+01  2.500E-03 -4.500E+01

       N o d a l    A n g l e s

          Global Node    Angle

                   1 -4.996E-15
                  12 -4.996E-15
                1585 -9.000E+01
                1596 -9.000E+01
                1607 -8.625E+01
                1618 -8.625E+01
                1629 -8.250E+01
                1640 -8.250E+01
                1651 -7.875E+01
                1662 -7.875E+01
                1673 -7.500E+01
                1684 -7.500E+01
                1695 -7.125E+01
                1706 -7.125E+01
                1717 -6.750E+01
                1728 -6.750E+01
                1739 -6.375E+01
                1750 -6.375E+01
                1761 -6.000E+01
                1772 -6.000E+01
                1783 -5.625E+01
                1794 -5.625E+01
                1805 -5.250E+01
                1816 -5.250E+01
                1827 -4.875E+01
                1838 -4.875E+01
                1849 -4.500E+01
                1860 -4.500E+01
                1871 -4.125E+01
                1882 -4.125E+01
                1893 -3.750E+01
                1904 -3.750E+01
                1915 -3.375E+01
                1926 -3.375E+01
                1937 -3.000E+01
                1948 -3.000E+01
                1959 -2.625E+01
                1970 -2.625E+01
                1981 -2.250E+01
                1992 -2.250E+01
                2003 -1.875E+01
                2014 -1.875E+01
                2025 -1.500E+01
                2036 -1.500E+01
                2047 -1.125E+01
                2058 -1.125E+01
                2069 -7.500E+00
                2080 -7.500E+00
                2091 -3.750E+00
                2102 -3.750E+00
                2113 -1.998E-14
                2124 -1.998E-14

 FEAP *** inflated fiber reinforced soft ring - circum. b.c. top surf. linked i

   C o o r d i n a t e    S u r f a c e   A n g l e s

      Node    1 Coord    2 Coord    3 Coord      Angle
         1  1.000E-02  0.000E+00  0.000E+00  0.000E+00
         2  1.000E-02  0.000E+00  5.000E-03  0.000E+00
         3  1.000E-02  9.000E+01  5.000E-03  9.000E+01
         4  1.000E-02  9.000E+01  0.000E+00  9.000E+01
         5  1.000E-02  0.000E+00  2.500E-03  0.000E+00
         6  1.000E-02  4.500E+01  5.000E-03  4.500E+01
         7  1.000E-02  9.000E+01  2.500E-03  9.000E+01
         8  1.000E-02  4.500E+01  0.000E+00  4.500E+01
         9  1.000E-02  4.500E+01  2.500E-03  4.500E+01

       N o d a l    A n g l e s

          Global Node    Angle

                   1  4.996E-15
                  12  4.996E-15
                  23  3.750E+00
                  34  3.750E+00
                  45  7.500E+00
                  56  7.500E+00
                  67  1.125E+01
                  78  1.125E+01
                  89  1.500E+01
                 100  1.500E+01
                 111  1.875E+01
                 122  1.875E+01
                 133  2.250E+01
                 144  2.250E+01
                 155  2.625E+01
                 166  2.625E+01
                 177  3.000E+01
                 188  3.000E+01
                 199  3.375E+01
                 210  3.375E+01
                 221  3.750E+01
                 232  3.750E+01
                 243  4.125E+01
                 254  4.125E+01
                 265  4.500E+01
                 276  4.500E+01
                 287  4.875E+01
                 298  4.875E+01
                 309  5.250E+01
                 320  5.250E+01
                 331  5.625E+01
                 342  5.625E+01
                 353  6.000E+01
                 364  6.000E+01
                 375  6.375E+01
                 386  6.375E+01
                 397  6.750E+01
                 408  6.750E+01
                 419  7.125E+01
                 430  7.125E+01
                 441  7.500E+01
                 452  7.500E+01
                 463  7.875E+01
                 474  7.875E+01
                 485  8.250E+01
                 496  8.250E+01
                 507  8.625E+01
                 518  8.625E+01
                 529  9.000E+01
                 540  9.000E+01
                2113 -9.992E-15
                2124 -9.992E-15

 FEAP *** inflated fiber reinforced soft ring - circum. b.c. top surf. linked i

   C o o r d i n a t e    S u r f a c e   A n g l e s

      Node    1 Coord    2 Coord    3 Coord      Angle
         1  1.000E-02  9.000E+01  0.000E+00  9.000E+01
         2  1.000E-02  9.000E+01  5.000E-03  9.000E+01
         3  1.000E-02  1.800E+02  5.000E-03  1.800E+02
         4  1.000E-02  1.800E+02  0.000E+00  1.800E+02
         5  1.000E-02  9.000E+01  2.500E-03  9.000E+01
         6  1.000E-02  1.350E+02  5.000E-03  1.350E+02
         7  1.000E-02  1.800E+02  2.500E-03  1.800E+02
         8  1.000E-02  1.350E+02  0.000E+00  1.350E+02
         9  1.000E-02  1.350E+02  2.500E-03  1.350E+02

       N o d a l    A n g l e s

          Global Node    Angle

                 529  9.000E+01
                 540  9.000E+01
                 551  9.375E+01
                 562  9.375E+01
                 573  9.750E+01
                 584  9.750E+01
                 595  1.012E+02
                 606  1.012E+02
                 617  1.050E+02
                 628  1.050E+02
                 639  1.087E+02
                 650  1.087E+02
                 661  1.125E+02
                 672  1.125E+02
                 683  1.162E+02
                 694  1.162E+02
                 705  1.200E+02
                 716  1.200E+02
                 727  1.238E+02
                 738  1.238E+02
                 749  1.275E+02
                 760  1.275E+02
                 771  1.312E+02
                 782  1.312E+02
                 793  1.350E+02
                 804  1.350E+02
                 815  1.388E+02
                 826  1.388E+02
                 837  1.425E+02
                 848  1.425E+02
                 859  1.462E+02
                 870  1.463E+02
                 881  1.500E+02
                 892  1.500E+02
                 903  1.538E+02
                 914  1.538E+02
                 925  1.575E+02
                 936  1.575E+02
                 947  1.612E+02
                 958  1.612E+02
                 969  1.650E+02
                 980  1.650E+02
                 991  1.687E+02
                1002  1.688E+02
                1013  1.725E+02
                1024  1.725E+02
                1035  1.762E+02
                1046  1.762E+02
                1057  1.800E+02
                1068  1.800E+02

       P o l a r    S u r f a c e

     x_Coord.     y_Coord.     z_Coord.
   0.0000E+00   0.0000E+00   0.0000E+00

 FEAP *** inflated fiber reinforced soft ring - circum. b.c. top surf. linked i

   C o o r d i n a t e   S u r f a c e   B o u n d a r y   C o n d i t i o n s

      Node    1 Coord    2 Coord    3 Coord 1-BC 2-BC 3-BC
                                               0    1    0
         1  9.900E-03 -1.800E+02  0.000E+00
         2  9.900E-03 -9.000E+01  0.000E+00
         3  1.010E-02 -9.000E+01  0.000E+00
         4  1.010E-02 -1.800E+02  0.000E+00
         5  9.900E-03 -1.350E+02  0.000E+00
         6  1.000E-02 -9.000E+01  0.000E+00
         7  1.010E-02 -1.350E+02  0.000E+00
         8  1.000E-02 -1.800E+02  0.000E+00
         9  1.000E-02 -1.350E+02  0.000E+00

      Node  1-BC  2-BC  3-BC
      1068     0     1     1
      1090     0     1     1
      1112     0     1     1
      1134     0     1     1
      1156     0     1     1
      1178     0     1     1
      1200     0     1     1
      1222     0     1     1
      1244     0     1     1
      1266     0     1     1
      1288     0     1     1
      1310     0     1     1
      1332     0     1     1
      1354     0     1     1
      1376     0     1     1
      1398     0     1     1
      1420     0     1     1
      1442     0     1     1
      1464     0     1     1
      1486     0     1     1
      1508     0     1     1
      1530     0     1     1
      1552     0     1     1
      1574     0     1     1
      1596     0     1     1

 FEAP *** inflated fiber reinforced soft ring - circum. b.c. top surf. linked i

   C o o r d i n a t e   S u r f a c e   B o u n d a r y   C o n d i t i o n s

      Node    1 Coord    2 Coord    3 Coord 1-BC 2-BC 3-BC
                                               0    1    0
         1  9.900E-03 -9.000E+01  0.000E+00
         2  9.900E-03  0.000E+00  0.000E+00
         3  1.010E-02  0.000E+00  0.000E+00
         4  1.010E-02 -9.000E+01  0.000E+00
         5  9.900E-03 -4.500E+01  0.000E+00
         6  1.000E-02  0.000E+00  0.000E+00
         7  1.010E-02 -4.500E+01  0.000E+00
         8  1.000E-02 -9.000E+01  0.000E+00
         9  1.000E-02 -4.500E+01  0.000E+00

      Node  1-BC  2-BC  3-BC
        12     0     1     1
      1596     0     2     1
      1618     0     1     1
      1640     0     1     1
      1662     0     1     1
      1684     0     1     1
      1706     0     1     1
      1728     0     1     1
      1750     0     1     1
      1772     0     1     1
      1794     0     1     1
      1816     0     1     1
      1838     0     1     1
      1860     0     1     1
      1882     0     1     1
      1904     0     1     1
      1926     0     1     1
      1948     0     1     1
      1970     0     1     1
      1992     0     1     1
      2014     0     1     1
      2036     0     1     1
      2058     0     1     1
      2080     0     1     1
      2102     0     1     1
      2124     1     2     1

 FEAP *** inflated fiber reinforced soft ring - circum. b.c. top surf. linked i

   C o o r d i n a t e   S u r f a c e   B o u n d a r y   C o n d i t i o n s

      Node    1 Coord    2 Coord    3 Coord 1-BC 2-BC 3-BC
                                               0    1    0
         1  9.900E-03  0.000E+00  0.000E+00
         2  9.900E-03  9.000E+01  0.000E+00
         3  1.010E-02  9.000E+01  0.000E+00
         4  1.010E-02  0.000E+00  0.000E+00
         5  9.900E-03  4.500E+01  0.000E+00
         6  1.000E-02  9.000E+01  0.000E+00
         7  1.010E-02  4.500E+01  0.000E+00
         8  1.000E-02  0.000E+00  0.000E+00
         9  1.000E-02  4.500E+01  0.000E+00

      Node  1-BC  2-BC  3-BC
        12     0     2     1
        34     0     1     1
        56     0     1     1
        78     0     1     1
       100     0     1     1
       122     0     1     1
       144     0     1     1
       166     0     1     1
       188     0     1     1
       210     0     1     1
       232     0     1     1
       254     0     1     1
       276     0     1     1
       298     0     1     1
       320     0     1     1
       342     0     1     1
       364     0     1     1
       386     0     1     1
       408     0     1     1
       430     0     1     1
       452     0     1     1
       474     0     1     1
       496     0     1     1
       518     0     1     1
       540     0     1     1
      2124     1     3     1

 FEAP *** inflated fiber reinforced soft ring - circum. b.c. top surf. linked i

   C o o r d i n a t e   S u r f a c e   B o u n d a r y   C o n d i t i o n s

      Node    1 Coord    2 Coord    3 Coord 1-BC 2-BC 3-BC
                                               0    1    0
         1  9.900E-03  9.000E+01  0.000E+00
         2  9.900E-03  1.800E+02  0.000E+00
         3  1.010E-02  1.800E+02  0.000E+00
         4  1.010E-02  9.000E+01  0.000E+00
         5  9.900E-03  1.350E+02  0.000E+00
         6  1.000E-02  1.800E+02  0.000E+00
         7  1.010E-02  1.350E+02  0.000E+00
         8  1.000E-02  9.000E+01  0.000E+00
         9  1.000E-02  1.350E+02  0.000E+00

      Node  1-BC  2-BC  3-BC
       540     0     2     1
       562     0     1     1
       584     0     1     1
       606     0     1     1
       628     0     1     1
       650     0     1     1
       672     0     1     1
       694     0     1     1
       716     0     1     1
       738     0     1     1
       760     0     1     1
       782     0     1     1
       804     0     1     1
       826     0     1     1
       848     0     1     1
       870     0     1     1
       892     0     1     1
       914     0     1     1
       936     0     1     1
       958     0     1     1
       980     0     1     1
      1002     0     1     1
      1024     0     1     1
      1046     0     1     1
      1068     0     2     1

    Material  Element Set  Element Type  NH1/2 History  NH3 History  NH4 History
         1            1     Solid                 2            0            0
         2            2     Pressure              0            0            0

     P a r t i t i o n   1

     E q u a t i o n / P r o b l e m   S u m m a r y:

       Mesh dimension  (ndm) =         3 :  Number nodes     =            2134
       Number dof/node (ndf) =         3 :  Number elements  =            1056
       Element eqs.   (nadd) =         0 :  Number materials =               2
       Number rigid bodies   =         0 :  Number equations =            5184
                                         :  Number global eq =               0
       Number joints         =         0 :  Number tang terms=          647730
       Transient integrator  = Static    :  Average col. ht. =             125


  ---------------------------- END OF MESH INPUTS ----------------------------


 FEAP *** inflated fiber reinforced soft ring - circum. b.c. top surf. linked i

     Solution Commands       Variable 1  Variable 2  Variable 3
       PROP                  1.0000E+00  0.0000E+00  0.0000E+00
 *Command   1 * prop                v:   1.00       0.00       0.00    
                                                         t=     0.151     0.017
  Proportional Load Table Number  1
  Type 2: Piecewise Linear Function Variation
  Linear Interpolation Table
   No.    Time        Value
    1   0.00000E+00   0.00000E+00
    2   1.00000E+00   1.00000E+00
 *End of Solution Execution*                             t=     0.152     0.017

 FEAP *** inflated fiber reinforced soft ring - circum. b.c. top surf. linked i

     Solution Commands       Variable 1  Variable 2  Variable 3
       TPLOT                 1.0000E+00  0.0000E+00  0.0000E+00
 *Command   1 * tplo                v:   1.00       0.00       0.00    
                                                         t=     0.152     0.017

   Output interval for time history data =   1
 Plot  1 Displ. : Node  =      12 DOF =  1 X =  1.000E-02  0.000E+00  0.000E+00
 Plot  2 Displ. : Node  =      13 DOF =  1 X =  1.050E-02  0.000E+00  0.000E+00
 Plot  3 Displ. : Node  =      14 DOF =  1 X =  1.100E-02  0.000E+00  0.000E+00
 Plot  4 Displ. : Node  =      15 DOF =  1 X =  1.150E-02  0.000E+00  0.000E+00
 Plot  5 Displ. : Node  =      16 DOF =  1 X =  1.200E-02  0.000E+00  0.000E+00
 Plot  6 Displ. : Node  =      17 DOF =  1 X =  1.250E-02  0.000E+00  0.000E+00
 Plot  7 Displ. : Node  =      18 DOF =  1 X =  1.300E-02  0.000E+00  0.000E+00
 Plot  8 Displ. : Node  =      19 DOF =  1 X =  1.350E-02  0.000E+00  0.000E+00
 Plot  9 Displ. : Node  =      20 DOF =  1 X =  1.400E-02  0.000E+00  0.000E+00
 Plot 10 Displ. : Node  =      21 DOF =  1 X =  1.450E-02  0.000E+00  0.000E+00
 Plot 11 Displ. : Node  =      22 DOF =  1 X =  1.500E-02  0.000E+00  0.000E+00
 Plot  1 Stress : Elmt  =       1 No. =  1
 Plot  2 Stress : Elmt  =       2 No. =  1
 Plot  3 Stress : Elmt  =       3 No. =  1
 Plot  4 Stress : Elmt  =       4 No. =  1
 Plot  5 Stress : Elmt  =       5 No. =  1
 Plot  6 Stress : Elmt  =       6 No. =  1
 Plot  7 Stress : Elmt  =       7 No. =  1
 Plot  8 Stress : Elmt  =       8 No. =  1
 Plot  9 Stress : Elmt  =       9 No. =  1
 Plot 10 Stress : Elmt  =      10 No. =  1
 *End of Solution Execution*                             t=     0.153     0.017

 FEAP *** inflated fiber reinforced soft ring - circum. b.c. top surf. linked i

     Solution Commands       Variable 1  Variable 2  Variable 3
       PLOT      PERS        1.0000E+00  0.0000E+00  0.0000E+00
 *Command   1 * plot PERS           v:   1.00       0.00       0.00    
                                                         t=     0.154     0.017
 Body occupies the space with:
                 X             Y             Z
   Minimum   -1.50000E-02  -1.50000E-02   0.00000E+00
   Maximum    1.50000E-02   1.50000E-02   8.00000E-04
   View pt    0.00000E+00   0.00000E+00   6.00000E-01

   Components of vertical vector   (X,Y,Z).
          X= 1.00E+00, Y= 0.00E+00, Z= 0.00E+00

 *End of Solution Execution*                             t=     0.163     0.020

 FEAP *** inflated fiber reinforced soft ring - circum. b.c. top surf. linked i

     Solution Commands       Variable 1  Variable 2  Variable 3
       PLOT      HIDE        0.0000E+00  0.0000E+00  0.0000E+00
       PLOT      MESH        0.0000E+00  0.0000E+00  0.0000E+00
       PLOT      AXIS        0.0000E+00  0.0000E+00  0.0000E+00
       PLOT      CYLI        0.0000E+00  0.0000E+00  0.0000E+00
       PLOT      DEFO        0.0000E+00  0.0000E+00  0.0000E+00
 *Command   1 * plot HIDE           v:   0.00       0.00       0.00    
                                                         t=     0.164     0.020
 *Command   2 * plot MESH           v:   0.00       0.00       0.00    
                                                         t=     0.165     0.020
 *Command   3 * plot AXIS           v:   0.00       0.00       0.00    
                                                         t=     0.165     0.021
 *Command   4 * plot CYLI           v:   0.00       0.00       0.00    
                                                         t=     0.165     0.021
 *Command   5 * plot DEFO           v:   0.00       0.00       0.00    
                                                         t=     0.165     0.021
  -> Plots on deformed mesh with scale: 1.00000E+00
                     Eigenvector scale: 0.00000E+00
 *End of Solution Execution*                             t=     0.165     0.021

 FEAP *** inflated fiber reinforced soft ring - circum. b.c. top surf. linked i

     Solution Commands       Variable 1  Variable 2  Variable 3
       cyli      0           0.0000E+00  0.0000E+00  0.0000E+00
       LOOP      time        1.0000E+01  0.0000E+00  0.0000E+00
       DT                    1.0000E-01  0.0000E+00  0.0000E+00
       TIME                  0.0000E+00  0.0000E+00  0.0000E+00
       LOOP      augment     3.0000E+00  0.0000E+00  0.0000E+00
       AUGMent               0.0000E+00  0.0000E+00  0.0000E+00
       LOOP      newton      5.0000E+01  0.0000E+00  0.0000E+00
       UTANG                 1.0000E+00  0.0000E+00  0.0000E+00
       NEXT      newton      0.0000E+00  0.0000E+00  0.0000E+00
       NEXT      augment     0.0000E+00  0.0000E+00  0.0000E+00
       PLOT      WIPE        0.0000E+00  0.0000E+00  0.0000E+00
       PLOT      UNDE        0.0000E+00  0.0000E+00  0.0000E+00
       PLOT      MESH        0.0000E+00  0.0000E+00  0.0000E+00
       PLOT      DEFO        1.0000E+00  1.0000E+00  0.0000E+00
       STRE      ne          1.0000E+00  0.0000E+00  0.0000E+00
       NEXT      time        0.0000E+00  0.0000E+00  0.0000E+00
       STREss    NODE        8.0000E+00  1.4000E+01  1.0000E+00
 *Command   1 * cyli 0              v:   0.00       0.00       0.00    
                                                         t=     0.167     0.021
   Coordinates in Cartesian coordinates;
 Displacements in cylindrical coordinates.
   Transformation origin located at:
    x(1) =  0.00000E+00    x(2) =  0.00000E+00    x(3) =  0.00000E+00
 *Command   2 * loop time           v:   10.0       17.0       0.00    
                                                         t=     0.167     0.021
 *Command   3 * dt                  v:  0.100       0.00       0.00    
                                                         t=     0.167     0.021
   DT: equal linear increments = 1.000000E-01
 *Command   4 * time                v:   0.00       0.00       0.00    
                                                         t=     0.167     0.021

   Computing solution at time   1.0000E-01 using dt =  1.0000E-01
   Total proportional load is   1.0000E-01
 *Command   5 * loop augment        v:   3.00       11.0       0.00    
                                                         t=     0.186     0.025
 *Command   6 * augm                v:   0.00       0.00       0.00    
                                                         t=     0.186     0.025
   Current Augmented Lagrangian Factor =  1.00000E+00
 *Command   7 * loop newton         v:   50.0       10.0       0.00    
                                                         t=     0.190     0.025
 *Command   8 * utan                v:   1.00       0.00       0.00    
                                                         t=     0.190     0.025
   Residual 1 norm =  3.6250094E-02 Rel =  1.0000000E+00 t=     0.230     0.027
      Convergence: Equations  norm   = F
      Convergence: Individual groups = F
 Condition check: D-max 0.9807E+03; D-min 0.1192E+03; Ratio 0.8226E+01
 Maximum no. diagonal digits lost:  1 in reducing equation    5183
   End Triangular Decomposition                          t=     0.307     0.028
   Number of operations =  931068 plus       83 Mega-ops
  Time: CPU =         0.31 , System =         0.03
--> SOLVE AT  2184.00 Mflops. Time=        0.08
   Energy convergence check
    Initial   =    1.560442163445558E-04 Current   =    1.560442163445558E-04
    Relative  =    1.000000000000000E+00 Tolerance =    1.000000000000000E-16
      Convergence: Energy |R*u| norm = F
      Convergence: Individual groups = F
 *Command   9 * next newton         v:   1.00       8.00       1.00    
                                                         t=     0.311     0.029
 *Command   8 * utan                v:   1.00       0.00       0.00    
                                                         t=     0.312     0.029
   Residual 1 norm =  9.4522636E-03 Rel =  2.6075143E-01 t=     0.350     0.030
      Convergence: Equations  norm   = F
      Convergence: Individual groups = F
 Condition check: D-max 0.9921E+03; D-min 0.1195E+03; Ratio 0.8301E+01
 Maximum no. diagonal digits lost:  1 in reducing equation    5183
   End Triangular Decomposition                          t=     0.422     0.034
   Number of operations =  931068 plus       83 Mega-ops
  Time: CPU =         0.43 , System =         0.03
--> SOLVE AT  2336.77 Mflops. Time=        0.07
   Energy convergence check
    Initial   =    1.560442163445558E-04 Current   =    1.150683476107168E-07
    Relative  =    7.374086031912801E-04 Tolerance =    1.000000000000000E-16
      Convergence: Energy |R*u| norm = F
      Convergence: Individual groups = F
 *Command   9 * next newton         v:   2.00       8.00       2.00    
                                                         t=     0.428     0.034
 *Command   8 * utan                v:   1.00       0.00       0.00    
                                                         t=     0.428     0.034
   Residual 1 norm =  4.7307678E-06 Rel =  1.3050360E-04 t=     0.469     0.037
      Convergence: Equations  norm   = F
      Convergence: Individual groups = F
 Condition check: D-max 0.9924E+03; D-min 0.1195E+03; Ratio 0.8301E+01
 Maximum no. diagonal digits lost:  1 in reducing equation    5183
   End Triangular Decomposition                          t=     0.540     0.038
   Number of operations =  931068 plus       83 Mega-ops
  Time: CPU =         0.54 , System =         0.04
--> SOLVE AT  2371.34 Mflops. Time=        0.07
   Energy convergence check
    Initial   =    1.560442163445558E-04 Current   =    4.307894047042580E-14
    Relative  =    2.760688058781026E-10 Tolerance =    1.000000000000000E-16
      Convergence: Energy |R*u| norm = F
      Convergence: Individual groups = F
 *Command   9 * next newton         v:   3.00       8.00       3.00    
                                                         t=     0.544     0.038
 *Command   8 * utan                v:   1.00       0.00       0.00    
                                                         t=     0.544     0.039
   Residual 1 norm =  2.5411712E-12 Rel =  7.0101094E-11 t=     0.580     0.039
      Convergence: Equations  norm   = T
      Convergence: Individual groups = F
 Condition check: D-max 0.9924E+03; D-min 0.1195E+03; Ratio 0.8301E+01
 Maximum no. diagonal digits lost:  1 in reducing equation    5183
   End Triangular Decomposition                          t=     0.647     0.040
   Number of operations =  931068 plus       83 Mega-ops
  Time: CPU =         0.65 , System =         0.04
--> SOLVE AT  2523.98 Mflops. Time=        0.07
   Energy convergence check
    Initial   =    1.560442163445558E-04 Current   =    7.131695112314540E-27
    Relative  =    4.570304032651422E-23 Tolerance =    1.000000000000000E-16
      Convergence: Energy |R*u| norm = T
      Convergence: Individual groups = T
 *Command   9 * next newton         v:   50.0       8.00       4.00    
                                                         t=     0.651     0.040
 *Command  10 * next augment        v:   1.00       6.00       1.00    
                                                         t=     0.651     0.040
 *Command   6 * augm                v:   0.00       0.00       0.00    
                                                         t=     0.651     0.040
 *Command   7 * loop newton         v:   50.0       10.0       0.00    
                                                         t=     0.655     0.040
 *Command   8 * utan                v:   1.00       0.00       0.00    
                                                         t=     0.655     0.040
   Residual 1 norm =  1.2001207E-15 Rel =  3.3106693E-14 t=     0.695     0.040
      Convergence: Equations  norm   = T
      Convergence: Individual groups = T
 Condition check: D-max 0.9924E+03; D-min 0.1195E+03; Ratio 0.8301E+01
 Maximum no. diagonal digits lost:  1 in reducing equation    5183
   End Triangular Decomposition                          t=     0.760     0.042
   Number of operations =  931068 plus       83 Mega-ops
  Time: CPU =         0.76 , System =         0.04
--> SOLVE AT  2560.01 Mflops. Time=        0.07
   Energy convergence check
    Initial   =    1.560442163445558E-04 Current   =    5.925947966575304E-34
    Relative  =    3.797608207080502E-30 Tolerance =    1.000000000000000E-16
      Convergence: Energy |R*u| norm = T
      Convergence: Individual groups = T
 *Command   9 * next newton         v:   50.0       8.00       1.00    
                                                         t=     0.765     0.042
 *Command  10 * next augment        v:   2.00       6.00       2.00    
                                                         t=     0.765     0.042

   Augmented iteration converged in loop =   2: Maximum gap =  0.0000E+00

 *Command  11 * plot WIPE           v:   0.00       0.00       0.00    
                                                         t=     0.765     0.042
 *Command  12 * plot UNDE           v:   0.00       0.00       0.00    
                                                         t=     0.765     0.042
 *Command  13 * plot MESH           v:   0.00       0.00       0.00    
                                                         t=     0.765     0.042
 *Command  14 * plot DEFO           v:   1.00       1.00       0.00    
                                                         t=     0.766     0.042
  -> Plots on deformed mesh with scale: 1.00000E+00
                     Eigenvector scale: 0.00000E+00
 *Command  15 * stre ne             v:   1.00       0.00       0.00    
                                                         t=     0.767     0.042
 FEAP *** inflated fiber reinforced soft ring - circum. b.c. top surf. linked in 

     Mixed Element Stresses

    Elmt Mat    1-Coord    2-Coord    3-Coord
     Cauchy   11-Stress  22-Stress  33-Stress  12-Stress  23-Stress  13-Stress
     Almansi  11-Strain  22-Strain  33-Strain  12-Strain  23-Strain  31-Strain
               1-Stress   2-Stress   3-Stress  log(lam1)  log(lam2)  log(lam3)
                  log-J     eff-ep  Yld/1-Fib    2-Fiber    3-Fiber

       1   1  1.041E-02  1.440E-04  6.267E-04
     Cauchy  -9.303E+03  2.665E+04 -8.962E+01 -8.460E+02 -1.430E+00 -2.515E+01
     Almansi -2.070E-02  2.949E-02 -6.840E-03 -2.362E-03 -4.058E-06 -7.564E-05
              2.667E+04 -8.955E+01 -9.323E+03  3.018E-02 -7.033E-03 -2.055E-02
              2.602E-03  0.000E+00  0.000E+00  0.000E+00  0.000E+00

       1   1  1.070E-02  1.479E-04  6.266E-04
     Cauchy  -8.978E+03  2.598E+04  1.941E+02 -8.225E+02 -1.526E+00 -3.208E+01
     Almansi -2.070E-02  2.819E-02 -6.914E-03 -2.300E-03 -4.367E-06 -9.641E-05
              2.600E+04  1.943E+02 -8.998E+03  2.929E-02 -6.624E-03 -2.006E-02
              2.602E-03  0.000E+00  0.000E+00  0.000E+00  0.000E+00

       1   1  1.070E-02  1.479E-04  1.679E-04
     Cauchy  -8.963E+03  2.597E+04  1.873E+02 -8.220E+02 -1.822E-01  7.793E+00
     Almansi -2.066E-02  2.819E-02 -6.914E-03 -2.299E-03 -4.444E-07  2.341E-05
              2.599E+04  1.873E+02 -8.982E+03  2.928E-02 -6.634E-03 -2.004E-02
              2.602E-03  0.000E+00  0.000E+00  0.000E+00  0.000E+00

       1   1  1.041E-02  1.440E-04  1.679E-04
     Cauchy  -9.288E+03  2.664E+04 -9.623E+01 -8.454E+02 -8.698E-02  1.469E+01
     Almansi -2.066E-02  2.948E-02 -6.840E-03 -2.360E-03 -1.363E-07  4.417E-05
              2.666E+04 -9.621E+01 -9.308E+03  3.017E-02 -7.043E-03 -2.052E-02
              2.602E-03  0.000E+00  0.000E+00  0.000E+00  0.000E+00

       1   1  1.040E-02  5.374E-04  6.267E-04
     Cauchy  -9.260E+03  2.661E+04 -8.962E+01 -1.508E+03 -2.176E-01 -2.519E+01
     Almansi -2.064E-02  2.943E-02 -6.840E-03 -4.209E-03 -8.974E-07 -7.574E-05
              2.667E+04 -8.955E+01 -9.323E+03  3.018E-02 -7.033E-03 -2.055E-02
              2.602E-03  0.000E+00  0.000E+00  0.000E+00  0.000E+00

       1   1  1.068E-02  5.520E-04  6.266E-04
     Cauchy  -8.936E+03  2.594E+04  1.941E+02 -1.466E+03 -5.758E-01 -3.211E+01
     Almansi -2.064E-02  2.813E-02 -6.914E-03 -4.101E-03 -1.948E-06 -9.649E-05
              2.600E+04  1.943E+02 -8.998E+03  2.929E-02 -6.624E-03 -2.006E-02
              2.602E-03  0.000E+00  0.000E+00  0.000E+00  0.000E+00

       1   1  1.068E-02  5.520E-04  1.679E-04
     Cauchy  -8.921E+03  2.593E+04  1.873E+02 -1.465E+03  6.915E-01  7.764E+00
     Almansi -2.060E-02  2.813E-02 -6.914E-03 -4.098E-03  1.975E-06  2.333E-05
              2.599E+04  1.873E+02 -8.982E+03  2.928E-02 -6.634E-03 -2.004E-02
              2.602E-03  0.000E+00  0.000E+00  0.000E+00  0.000E+00

       1   1  1.040E-02  5.374E-04  1.679E-04
     Cauchy  -9.244E+03  2.660E+04 -9.623E+01 -1.506E+03  1.047E+00  1.465E+01
     Almansi -2.060E-02  2.942E-02 -6.840E-03 -4.205E-03  3.025E-06  4.406E-05
              2.666E+04 -9.621E+01 -9.308E+03  3.017E-02 -7.043E-03 -2.052E-02
              2.602E-03  0.000E+00  0.000E+00  0.000E+00  0.000E+00
 *Command  16 * next time           v:   1.00       3.00       1.00    
                                                         t=     0.767     0.042
 *Command   3 * dt                  v:  0.100       0.00       0.00    
                                                         t=     0.767     0.042
   DT: equal linear increments = 1.000000E-01
 *Command   4 * time                v:   0.00       0.00       0.00    
                                                         t=     0.767     0.042

   Computing solution at time   2.0000E-01 using dt =  1.0000E-01
   Total proportional load is   2.0000E-01
 *Command   5 * loop augment        v:   3.00       11.0       0.00    
                                                         t=     0.788     0.042
 *Command   6 * augm                v:   0.00       0.00       0.00    
                                                         t=     0.788     0.042
   Current Augmented Lagrangian Factor =  1.00000E+00
 *Command   7 * loop newton         v:   50.0       10.0       0.00    
                                                         t=     0.791     0.043
 *Command   8 * utan                v:   1.00       0.00       0.00    
                                                         t=     0.791     0.043
   Residual 1 norm =  3.7136937E-02 Rel =  1.0000000E+00 t=     0.835     0.044
      Convergence: Equations  norm   = F
      Convergence: Individual groups = F
 Condition check: D-max 0.9924E+03; D-min 0.1193E+03; Ratio 0.8315E+01
 Maximum no. diagonal digits lost:  1 in reducing equation    5183
   End Triangular Decomposition                          t=     0.924     0.046
   Number of operations =  931068 plus       83 Mega-ops
  Time: CPU =         0.93 , System =         0.05
--> SOLVE AT  1897.00 Mflops. Time=        0.09
   Energy convergence check
    Initial   =    1.744045908734385E-04 Current   =    1.744045908734385E-04
    Relative  =    1.000000000000000E+00 Tolerance =    1.000000000000000E-16
      Convergence: Energy |R*u| norm = F
      Convergence: Individual groups = F
 *Command   9 * next newton         v:   1.00       8.00       1.00    
                                                         t=     0.929     0.046
 *Command   8 * utan                v:   1.00       0.00       0.00    
                                                         t=     0.929     0.047
   Residual 1 norm =  1.0883008E-02 Rel =  2.9305078E-01 t=     0.963     0.049
      Convergence: Equations  norm   = F
      Convergence: Individual groups = F
 Condition check: D-max 0.1005E+04; D-min 0.1196E+03; Ratio 0.8399E+01
 Maximum no. diagonal digits lost:  1 in reducing equation    5183
   End Triangular Decomposition                          t=     1.028     0.050
   Number of operations =  931068 plus       83 Mega-ops
  Time: CPU =         1.03 , System =         0.05
--> SOLVE AT  2562.50 Mflops. Time=        0.07
   Energy convergence check
    Initial   =    1.744045908734385E-04 Current   =    1.473579656170513E-07
    Relative  =    8.449202218764166E-04 Tolerance =    1.000000000000000E-16
      Convergence: Energy |R*u| norm = F
      Convergence: Individual groups = F
 *Command   9 * next newton         v:   2.00       8.00       2.00    
                                                         t=     1.033     0.050
 *Command   8 * utan                v:   1.00       0.00       0.00    
                                                         t=     1.033     0.050
   Residual 1 norm =  6.0572821E-06 Rel =  1.6310667E-04 t=     1.074     0.052
      Convergence: Equations  norm   = F
      Convergence: Individual groups = F
 Condition check: D-max 0.1005E+04; D-min 0.1197E+03; Ratio 0.8399E+01
 Maximum no. diagonal digits lost:  1 in reducing equation    5183
   End Triangular Decomposition                          t=     1.171     0.052
   Number of operations =  931068 plus       83 Mega-ops
  Time: CPU =         1.18 , System =         0.05
--> SOLVE AT  1744.11 Mflops. Time=        0.10
   Energy convergence check
    Initial   =    1.744045908734385E-04 Current   =    6.832264852107829E-14
    Relative  =    3.917479934381917E-10 Tolerance =    1.000000000000000E-16
      Convergence: Energy |R*u| norm = F
      Convergence: Individual groups = F
 *Command   9 * next newton         v:   3.00       8.00       3.00    
                                                         t=     1.177     0.052
 *Command   8 * utan                v:   1.00       0.00       0.00    
                                                         t=     1.177     0.052
   Residual 1 norm =  4.0962775E-12 Rel =  1.1030197E-10 t=     1.229     0.055
      Convergence: Equations  norm   = T
      Convergence: Individual groups = T
 Condition check: D-max 0.1005E+04; D-min 0.1197E+03; Ratio 0.8399E+01
 Maximum no. diagonal digits lost:  1 in reducing equation    5183
   End Triangular Decomposition                          t=     1.328     0.062
   Number of operations =  931068 plus       83 Mega-ops
  Time: CPU =         1.33 , System =         0.06
--> SOLVE AT  1702.59 Mflops. Time=        0.10
   Energy convergence check
    Initial   =    1.744045908734385E-04 Current   =    1.916264436473070E-26
    Relative  =    1.098746556427325E-22 Tolerance =    1.000000000000000E-16
      Convergence: Energy |R*u| norm = T
      Convergence: Individual groups = T
 *Command   9 * next newton         v:   50.0       8.00       4.00    
                                                         t=     1.333     0.062
 *Command  10 * next augment        v:   1.00       6.00       1.00    
                                                         t=     1.333     0.062
 *Command   6 * augm                v:   0.00       0.00       0.00    
                                                         t=     1.333     0.062
 *Command   7 * loop newton         v:   50.0       10.0       0.00    
                                                         t=     1.337     0.062
 *Command   8 * utan                v:   1.00       0.00       0.00    
                                                         t=     1.337     0.062
   Residual 1 norm =  2.8204886E-15 Rel =  7.5948336E-14 t=     1.388     0.063
      Convergence: Equations  norm   = T
      Convergence: Individual groups = T
 Condition check: D-max 0.1005E+04; D-min 0.1197E+03; Ratio 0.8399E+01
 Maximum no. diagonal digits lost:  1 in reducing equation    5183
   End Triangular Decomposition                          t=     1.480     0.077
   Number of operations =  931068 plus       83 Mega-ops
  Time: CPU =         1.48 , System =         0.08
--> SOLVE AT  1833.68 Mflops. Time=        0.09
   Energy convergence check
    Initial   =    1.744045908734385E-04 Current   =    3.038375405415186E-33
    Relative  =    1.742141872641453E-29 Tolerance =    1.000000000000000E-16
      Convergence: Energy |R*u| norm = T
      Convergence: Individual groups = T
 *Command   9 * next newton         v:   50.0       8.00       1.00    
                                                         t=     1.485     0.078
 *Command  10 * next augment        v:   2.00       6.00       2.00    
                                                         t=     1.485     0.078

   Augmented iteration converged in loop =   2: Maximum gap =  0.0000E+00

 *Command  11 * plot WIPE           v:   0.00       0.00       0.00    
                                                         t=     1.485     0.078
 *Command  12 * plot UNDE           v:   0.00       0.00       0.00    
                                                         t=     1.485     0.078
 *Command  13 * plot MESH           v:   0.00       0.00       0.00    
                                                         t=     1.485     0.078
 *Command  14 * plot DEFO           v:   1.00       1.00       0.00    
                                                         t=     1.486     0.078
  -> Plots on deformed mesh with scale: 1.00000E+00
                     Eigenvector scale: 0.00000E+00
 *Command  15 * stre ne             v:   1.00       0.00       0.00    
                                                         t=     1.487     0.078
 FEAP *** inflated fiber reinforced soft ring - circum. b.c. top surf. linked in 

     Mixed Element Stresses

    Elmt Mat    1-Coord    2-Coord    3-Coord
     Cauchy   11-Stress  22-Stress  33-Stress  12-Stress  23-Stress  13-Stress
     Almansi  11-Strain  22-Strain  33-Strain  12-Strain  23-Strain  31-Strain
               1-Stress   2-Stress   3-Stress  log(lam1)  log(lam2)  log(lam3)
                  log-J     eff-ep  Yld/1-Fib    2-Fiber    3-Fiber

       1   1  1.075E-02  1.487E-04  6.222E-04
     Cauchy  -1.862E+04  5.594E+04 -1.758E+02 -1.774E+03 -3.333E+00 -5.361E+01
     Almansi -4.358E-02  5.866E-02 -1.410E-02 -4.864E-03 -9.410E-06 -1.713E-04
              5.598E+04 -1.757E+02 -1.867E+04  6.198E-02 -1.439E-02 -4.232E-02
              5.266E-03  0.000E+00  0.000E+00  0.000E+00  0.000E+00

       1   1  1.103E-02  1.525E-04  6.221E-04
     Cauchy  -1.800E+04  5.453E+04  3.720E+02 -1.724E+03 -3.517E+00 -6.713E+01
     Almansi -4.358E-02  5.622E-02 -1.428E-02 -4.745E-03 -1.009E-05 -2.141E-04
              5.457E+04  3.722E+02 -1.804E+04  6.020E-02 -1.359E-02 -4.135E-02
              5.266E-03  0.000E+00  0.000E+00  0.000E+00  0.000E+00

       1   1  1.103E-02  1.525E-04  1.667E-04
     Cauchy  -1.797E+04  5.451E+04  3.588E+02 -1.723E+03 -3.698E-01  2.343E+01
     Almansi -4.351E-02  5.622E-02 -1.428E-02 -4.741E-03 -6.371E-07  7.470E-05
              5.455E+04  3.589E+02 -1.801E+04  6.017E-02 -1.360E-02 -4.130E-02
              5.266E-03  0.000E+00  0.000E+00  0.000E+00  0.000E+00

       1   1  1.075E-02  1.487E-04  1.667E-04
     Cauchy  -1.859E+04  5.592E+04 -1.885E+02 -1.772E+03 -1.860E-01  3.676E+01
     Almansi -4.351E-02  5.865E-02 -1.410E-02 -4.860E-03  4.262E-08  1.174E-04
              5.596E+04 -1.885E+02 -1.864E+04  6.195E-02 -1.441E-02 -4.227E-02
              5.266E-03  0.000E+00  0.000E+00  0.000E+00  0.000E+00

       1   1  1.074E-02  5.549E-04  6.222E-04
     Cauchy  -1.854E+04  5.585E+04 -1.758E+02 -3.108E+03 -1.810E-01 -5.372E+01
     Almansi -4.346E-02  5.854E-02 -1.410E-02 -8.523E-03 -1.815E-06 -1.716E-04
              5.598E+04 -1.757E+02 -1.867E+04  6.198E-02 -1.439E-02 -4.232E-02
              5.266E-03  0.000E+00  0.000E+00  0.000E+00  0.000E+00

       1   1  1.102E-02  5.691E-04  6.221E-04
     Cauchy  -1.791E+04  5.445E+04  3.720E+02 -3.024E+03 -8.805E-01 -6.721E+01
     Almansi -4.346E-02  5.611E-02 -1.428E-02 -8.322E-03 -3.934E-06 -2.143E-04
              5.457E+04  3.722E+02 -1.804E+04  6.020E-02 -1.359E-02 -4.135E-02
              5.266E-03  0.000E+00  0.000E+00  0.000E+00  0.000E+00

       1   1  1.102E-02  5.691E-04  1.667E-04
     Cauchy  -1.788E+04  5.443E+04  3.588E+02 -3.022E+03  1.901E+00  2.335E+01
     Almansi -4.339E-02  5.610E-02 -1.428E-02 -8.316E-03  5.521E-06  7.450E-05
              5.455E+04  3.589E+02 -1.801E+04  6.017E-02 -1.360E-02 -4.130E-02
              5.266E-03  0.000E+00  0.000E+00  0.000E+00  0.000E+00

       1   1  1.074E-02  5.549E-04  1.667E-04
     Cauchy  -1.851E+04  5.583E+04 -1.885E+02 -3.106E+03  2.590E+00  3.667E+01
     Almansi -4.339E-02  5.853E-02 -1.410E-02 -8.516E-03  7.637E-06  1.172E-04
              5.596E+04 -1.885E+02 -1.864E+04  6.195E-02 -1.441E-02 -4.227E-02
              5.266E-03  0.000E+00  0.000E+00  0.000E+00  0.000E+00
 *Command  16 * next time           v:   2.00       3.00       2.00    
                                                         t=     1.487     0.078
 *Command   3 * dt                  v:  0.100       0.00       0.00    
                                                         t=     1.487     0.078
   DT: equal linear increments = 1.000000E-01
 *Command   4 * time                v:   0.00       0.00       0.00    
                                                         t=     1.488     0.078

   Computing solution at time   3.0000E-01 using dt =  1.0000E-01
   Total proportional load is   3.0000E-01
 *Command   5 * loop augment        v:   3.00       11.0       0.00    
                                                         t=     1.516     0.079
 *Command   6 * augm                v:   0.00       0.00       0.00    
                                                         t=     1.516     0.079
   Current Augmented Lagrangian Factor =  1.00000E+00
 *Command   7 * loop newton         v:   50.0       10.0       0.00    
                                                         t=     1.521     0.079
 *Command   8 * utan                v:   1.00       0.00       0.00    
                                                         t=     1.521     0.079
   Residual 1 norm =  3.8095325E-02 Rel =  1.0000000E+00 t=     1.570     0.080
      Convergence: Equations  norm   = F
      Convergence: Individual groups = F
 Condition check: D-max 0.1005E+04; D-min 0.1194E+03; Ratio 0.8415E+01
 Maximum no. diagonal digits lost:  1 in reducing equation    5183
   End Triangular Decomposition                          t=     1.656     0.082
   Number of operations =  931068 plus       83 Mega-ops
  Time: CPU =         1.66 , System =         0.08
--> SOLVE AT  1947.85 Mflops. Time=        0.09
   Energy convergence check
    Initial   =    1.962296984512756E-04 Current   =    1.962296984512756E-04
    Relative  =    1.000000000000000E+00 Tolerance =    1.000000000000000E-16
      Convergence: Energy |R*u| norm = F
      Convergence: Individual groups = F
 *Command   9 * next newton         v:   1.00       8.00       1.00    
                                                         t=     1.661     0.082
 *Command   8 * utan                v:   1.00       0.00       0.00    
                                                         t=     1.661     0.082
   Residual 1 norm =  1.2631275E-02 Rel =  3.3157020E-01 t=     1.701     0.084
      Convergence: Equations  norm   = F
      Convergence: Individual groups = F
 Condition check: D-max 0.1019E+04; D-min 0.1197E+03; Ratio 0.8510E+01
 Maximum no. diagonal digits lost:  1 in reducing equation    5183
   End Triangular Decomposition                          t=     1.786     0.085
   Number of operations =  931068 plus       83 Mega-ops
  Time: CPU =         1.79 , System =         0.09
--> SOLVE AT  1982.13 Mflops. Time=        0.08
   Energy convergence check
    Initial   =    1.962296984512756E-04 Current   =    1.914036185200955E-07
    Relative  =    9.754059657163544E-04 Tolerance =    1.000000000000000E-16
      Convergence: Energy |R*u| norm = F
      Convergence: Individual groups = F
 *Command   9 * next newton         v:   2.00       8.00       2.00    
                                                         t=     1.793     0.085
 *Command   8 * utan                v:   1.00       0.00       0.00    
                                                         t=     1.793     0.085
   Residual 1 norm =  7.8688614E-06 Rel =  2.0655714E-04 t=     1.830     0.085
      Convergence: Equations  norm   = F
      Convergence: Individual groups = F
 Condition check: D-max 0.1019E+04; D-min 0.1198E+03; Ratio 0.8510E+01
 Maximum no. diagonal digits lost:  1 in reducing equation    5183
   End Triangular Decomposition                          t=     1.895     0.087
   Number of operations =  931068 plus       83 Mega-ops
  Time: CPU =         1.90 , System =         0.09
--> SOLVE AT  2601.42 Mflops. Time=        0.06
   Energy convergence check
    Initial   =    1.962296984512756E-04 Current   =    1.110822101311567E-13
    Relative  =    5.660825604272065E-10 Tolerance =    1.000000000000000E-16
      Convergence: Energy |R*u| norm = F
      Convergence: Individual groups = F
 *Command   9 * next newton         v:   3.00       8.00       3.00    
                                                         t=     1.899     0.087
 *Command   8 * utan                v:   1.00       0.00       0.00    
                                                         t=     1.899     0.087
   Residual 1 norm =  6.7679512E-12 Rel =  1.7765831E-10 t=     1.939     0.088
      Convergence: Equations  norm   = T
      Convergence: Individual groups = F
 Condition check: D-max 0.1019E+04; D-min 0.1198E+03; Ratio 0.8510E+01
 Maximum no. diagonal digits lost:  1 in reducing equation    5183
   End Triangular Decomposition                          t=     2.011     0.088
   Number of operations =  931068 plus       83 Mega-ops
  Time: CPU =         2.01 , System =         0.09
--> SOLVE AT  2346.08 Mflops. Time=        0.07
   Energy convergence check
    Initial   =    1.962296984512756E-04 Current   =    5.485149904638609E-26
    Relative  =    2.795270006492207E-22 Tolerance =    1.000000000000000E-16
      Convergence: Energy |R*u| norm = T
      Convergence: Individual groups = T
 *Command   9 * next newton         v:   50.0       8.00       4.00    
                                                         t=     2.015     0.088
 *Command  10 * next augment        v:   1.00       6.00       1.00    
                                                         t=     2.015     0.088
 *Command   6 * augm                v:   0.00       0.00       0.00    
                                                         t=     2.015     0.088
 *Command   7 * loop newton         v:   50.0       10.0       0.00    
                                                         t=     2.021     0.088
 *Command   8 * utan                v:   1.00       0.00       0.00    
                                                         t=     2.021     0.088
   Residual 1 norm =  3.9030729E-15 Rel =  1.0245543E-13 t=     2.059     0.088
      Convergence: Equations  norm   = T
      Convergence: Individual groups = T
 Condition check: D-max 0.1019E+04; D-min 0.1198E+03; Ratio 0.8510E+01
 Maximum no. diagonal digits lost:  1 in reducing equation    5183
   End Triangular Decomposition                          t=     2.141     0.088
   Number of operations =  931068 plus       83 Mega-ops
  Time: CPU =         2.15 , System =         0.09
--> SOLVE AT  2058.24 Mflops. Time=        0.08
   Energy convergence check
    Initial   =    1.962296984512756E-04 Current   =    5.935251546467599E-33
    Relative  =    3.024644889795486E-29 Tolerance =    1.000000000000000E-16
      Convergence: Energy |R*u| norm = T
      Convergence: Individual groups = T
 *Command   9 * next newton         v:   50.0       8.00       1.00    
                                                         t=     2.146     0.088
 *Command  10 * next augment        v:   2.00       6.00       2.00    
                                                         t=     2.146     0.088

   Augmented iteration converged in loop =   2: Maximum gap =  0.0000E+00

 *Command  11 * plot WIPE           v:   0.00       0.00       0.00    
                                                         t=     2.146     0.088
 *Command  12 * plot UNDE           v:   0.00       0.00       0.00    
                                                         t=     2.146     0.088
 *Command  13 * plot MESH           v:   0.00       0.00       0.00    
                                                         t=     2.146     0.088
 *Command  14 * plot DEFO           v:   1.00       1.00       0.00    
                                                         t=     2.148     0.088
  -> Plots on deformed mesh with scale: 1.00000E+00
                     Eigenvector scale: 0.00000E+00
 *Command  15 * stre ne             v:   1.00       0.00       0.00    
                                                         t=     2.148     0.088
 FEAP *** inflated fiber reinforced soft ring - circum. b.c. top surf. linked in 

     Mixed Element Stresses

    Elmt Mat    1-Coord    2-Coord    3-Coord
     Cauchy   11-Stress  22-Stress  33-Stress  12-Stress  23-Stress  13-Stress
     Almansi  11-Strain  22-Strain  33-Strain  12-Strain  23-Strain  31-Strain
               1-Stress   2-Stress   3-Stress  log(lam1)  log(lam2)  log(lam3)
                  log-J     eff-ep  Yld/1-Fib    2-Fiber    3-Fiber

       1   1  1.112E-02  1.538E-04  6.176E-04
     Cauchy  -2.796E+04  8.836E+04 -2.588E+02 -2.798E+03 -5.772E+00 -8.427E+01
     Almansi -6.903E-02  8.751E-02 -2.183E-02 -7.531E-03 -1.615E-05 -2.871E-04
              8.843E+04 -2.585E+02 -2.803E+04  9.558E-02 -2.210E-02 -6.548E-02
              7.999E-03  0.000E+00  0.000E+00  0.000E+00  0.000E+00

       1   1  1.139E-02  1.575E-04  6.174E-04
     Cauchy  -2.705E+04  8.612E+04  5.322E+02 -2.720E+03 -6.039E+00 -1.040E+02
     Almansi -6.903E-02  8.409E-02 -2.214E-02 -7.360E-03 -1.728E-05 -3.534E-04
              8.618E+04  5.326E+02 -2.712E+04  9.292E-02 -2.092E-02 -6.400E-02
              7.999E-03  0.000E+00  0.000E+00  0.000E+00  0.000E+00

       1   1  1.139E-02  1.575E-04  1.654E-04
     Cauchy  -2.701E+04  8.608E+04  5.132E+02 -2.718E+03 -5.655E-01  4.826E+01
     Almansi -6.892E-02  8.408E-02 -2.214E-02 -7.354E-03 -3.448E-07  1.639E-04
              8.615E+04  5.133E+02 -2.708E+04  9.288E-02 -2.095E-02 -6.393E-02
              7.999E-03  0.000E+00  0.000E+00  0.000E+00  0.000E+00

       1   1  1.112E-02  1.538E-04  1.655E-04
     Cauchy  -2.792E+04  8.832E+04 -2.771E+02 -2.796E+03 -3.007E-01  6.751E+01
     Almansi -6.892E-02  8.750E-02 -2.183E-02 -7.525E-03  7.778E-07  2.299E-04
              8.839E+04 -2.770E+02 -2.799E+04  9.554E-02 -2.213E-02 -6.541E-02
              7.999E-03  0.000E+00  0.000E+00  0.000E+00  0.000E+00

       1   1  1.111E-02  5.740E-04  6.176E-04
     Cauchy  -2.783E+04  8.823E+04 -2.588E+02 -4.817E+03  2.475E-01 -8.447E+01
     Almansi -6.885E-02  8.734E-02 -2.183E-02 -1.297E-02 -2.666E-06 -2.876E-04
              8.843E+04 -2.585E+02 -2.803E+04  9.558E-02 -2.210E-02 -6.548E-02
              7.999E-03  0.000E+00  0.000E+00  0.000E+00  0.000E+00

       1   1  1.138E-02  5.879E-04  6.174E-04
     Cauchy  -2.693E+04  8.599E+04  5.322E+02 -4.689E+03 -7.748E-01 -1.042E+02
     Almansi -6.886E-02  8.391E-02 -2.214E-02 -1.269E-02 -5.870E-06 -3.538E-04
              8.618E+04  5.326E+02 -2.712E+04  9.292E-02 -2.092E-02 -6.400E-02
              7.999E-03  0.000E+00  0.000E+00  0.000E+00  0.000E+00

       1   1  1.138E-02  5.879E-04  1.654E-04
     Cauchy  -2.688E+04  8.595E+04  5.132E+02 -4.686E+03  3.720E+00  4.811E+01
     Almansi -6.875E-02  8.390E-02 -2.214E-02 -1.268E-02  1.106E-05  1.635E-04
              8.615E+04  5.133E+02 -2.708E+04  9.288E-02 -2.095E-02 -6.393E-02
              7.999E-03  0.000E+00  0.000E+00  0.000E+00  0.000E+00

       1   1  1.111E-02  5.740E-04  1.655E-04
     Cauchy  -2.779E+04  8.819E+04 -2.771E+02 -4.814E+03  4.715E+00  6.735E+01
     Almansi -6.874E-02  8.732E-02 -2.183E-02 -1.296E-02  1.426E-05  2.294E-04
              8.839E+04 -2.770E+02 -2.799E+04  9.554E-02 -2.213E-02 -6.541E-02
              7.999E-03  0.000E+00  0.000E+00  0.000E+00  0.000E+00
 *Command  16 * next time           v:   3.00       3.00       3.00    
                                                         t=     2.149     0.088
 *Command   3 * dt                  v:  0.100       0.00       0.00    
                                                         t=     2.149     0.088
   DT: equal linear increments = 1.000000E-01
 *Command   4 * time                v:   0.00       0.00       0.00    
                                                         t=     2.149     0.088

   Computing solution at time   4.0000E-01 using dt =  1.0000E-01
   Total proportional load is   4.0000E-01
 *Command   5 * loop augment        v:   3.00       11.0       0.00    
                                                         t=     2.171     0.088
 *Command   6 * augm                v:   0.00       0.00       0.00    
                                                         t=     2.172     0.088
   Current Augmented Lagrangian Factor =  1.00000E+00
 *Command   7 * loop newton         v:   50.0       10.0       0.00    
                                                         t=     2.176     0.088
 *Command   8 * utan                v:   1.00       0.00       0.00    
                                                         t=     2.177     0.088
   Residual 1 norm =  3.9136022E-02 Rel =  1.0000000E+00 t=     2.231     0.089
      Convergence: Equations  norm   = F
      Convergence: Individual groups = F
 Condition check: D-max 0.1019E+04; D-min 0.1195E+03; Ratio 0.8529E+01
 Maximum no. diagonal digits lost:  1 in reducing equation    5183
   End Triangular Decomposition                          t=     2.318     0.090
   Number of operations =  931068 plus       83 Mega-ops
  Time: CPU =         2.32 , System =         0.09
--> SOLVE AT  1934.63 Mflops. Time=        0.09
   Energy convergence check
    Initial   =    2.224453016818065E-04 Current   =    2.224453016818065E-04
    Relative  =    1.000000000000000E+00 Tolerance =    1.000000000000000E-16
      Convergence: Energy |R*u| norm = F
      Convergence: Individual groups = F
 *Command   9 * next newton         v:   1.00       8.00       1.00    
                                                         t=     2.323     0.090
 *Command   8 * utan                v:   1.00       0.00       0.00    
                                                         t=     2.323     0.090
   Residual 1 norm =  1.4793344E-02 Rel =  3.7799816E-01 t=     2.362     0.091
      Convergence: Equations  norm   = F
      Convergence: Individual groups = F
 Condition check: D-max 0.1035E+04; D-min 0.1198E+03; Ratio 0.8636E+01
 Maximum no. diagonal digits lost:  1 in reducing equation    5183
   End Triangular Decomposition                          t=     2.429     0.092
   Number of operations =  931068 plus       83 Mega-ops
  Time: CPU =         2.43 , System =         0.09
--> SOLVE AT  2522.64 Mflops. Time=        0.07
   Energy convergence check
    Initial   =    2.224453016818065E-04 Current   =    2.526002808005071E-07
    Relative  =    1.135561321775343E-03 Tolerance =    1.000000000000000E-16
      Convergence: Energy |R*u| norm = F
      Convergence: Individual groups = F
 *Command   9 * next newton         v:   2.00       8.00       2.00    
                                                         t=     2.433     0.092
 *Command   8 * utan                v:   1.00       0.00       0.00    
                                                         t=     2.433     0.092
   Residual 1 norm =  1.0390676E-05 Rel =  2.6550158E-04 t=     2.466     0.093
      Convergence: Equations  norm   = F
      Convergence: Individual groups = F
 Condition check: D-max 0.1035E+04; D-min 0.1198E+03; Ratio 0.8637E+01
 Maximum no. diagonal digits lost:  1 in reducing equation    5183
   End Triangular Decomposition                          t=     2.529     0.093
   Number of operations =  931068 plus       83 Mega-ops
  Time: CPU =         2.53 , System =         0.09
--> SOLVE AT  2674.54 Mflops. Time=        0.06
   Energy convergence check
    Initial   =    2.224453016818065E-04 Current   =    1.856587682004883E-13
    Relative  =    8.346266106625220E-10 Tolerance =    1.000000000000000E-16
      Convergence: Energy |R*u| norm = F
      Convergence: Individual groups = F
 *Command   9 * next newton         v:   3.00       8.00       3.00    
                                                         t=     2.533     0.093
 *Command   8 * utan                v:   1.00       0.00       0.00    
                                                         t=     2.533     0.094
   Residual 1 norm =  1.1492327E-11 Rel =  2.9365087E-10 t=     2.566     0.095
      Convergence: Equations  norm   = T
      Convergence: Individual groups = F
 Condition check: D-max 0.1035E+04; D-min 0.1198E+03; Ratio 0.8637E+01
 Maximum no. diagonal digits lost:  1 in reducing equation    5183
   End Triangular Decomposition                          t=     2.636     0.095
   Number of operations =  931068 plus       83 Mega-ops
  Time: CPU =         2.64 , System =         0.09
--> SOLVE AT  2409.64 Mflops. Time=        0.07
   Energy convergence check
    Initial   =    2.224453016818065E-04 Current   =    1.685350807564160E-25
    Relative  =    7.576472934343855E-22 Tolerance =    1.000000000000000E-16
      Convergence: Energy |R*u| norm = T
      Convergence: Individual groups = T
 *Command   9 * next newton         v:   50.0       8.00       4.00    
                                                         t=     2.642     0.095
 *Command  10 * next augment        v:   1.00       6.00       1.00    
                                                         t=     2.642     0.095
 *Command   6 * augm                v:   0.00       0.00       0.00    
                                                         t=     2.642     0.095
 *Command   7 * loop newton         v:   50.0       10.0       0.00    
                                                         t=     2.646     0.095
 *Command   8 * utan                v:   1.00       0.00       0.00    
                                                         t=     2.646     0.095
   Residual 1 norm =  6.4338879E-15 Rel =  1.6439810E-13 t=     2.690     0.095
      Convergence: Equations  norm   = T
      Convergence: Individual groups = T
 Condition check: D-max 0.1035E+04; D-min 0.1198E+03; Ratio 0.8637E+01
 Maximum no. diagonal digits lost:  1 in reducing equation    5183
   End Triangular Decomposition                          t=     2.775     0.095
   Number of operations =  931068 plus       83 Mega-ops
  Time: CPU =         2.78 , System =         0.09
--> SOLVE AT  1994.06 Mflops. Time=        0.08
   Energy convergence check
    Initial   =    2.224453016818065E-04 Current   =    1.383484696358249E-32
    Relative  =    6.219437704003448E-29 Tolerance =    1.000000000000000E-16
      Convergence: Energy |R*u| norm = T
      Convergence: Individual groups = T
 *Command   9 * next newton         v:   50.0       8.00       1.00    
                                                         t=     2.782     0.095
 *Command  10 * next augment        v:   2.00       6.00       2.00    
                                                         t=     2.782     0.095

   Augmented iteration converged in loop =   2: Maximum gap =  0.0000E+00

 *Command  11 * plot WIPE           v:   0.00       0.00       0.00    
                                                         t=     2.782     0.095
 *Command  12 * plot UNDE           v:   0.00       0.00       0.00    
                                                         t=     2.782     0.095
 *Command  13 * plot MESH           v:   0.00       0.00       0.00    
                                                         t=     2.782     0.096
 *Command  14 * plot DEFO           v:   1.00       1.00       0.00    
                                                         t=     2.783     0.096
  -> Plots on deformed mesh with scale: 1.00000E+00
                     Eigenvector scale: 0.00000E+00
 *Command  15 * stre ne             v:   1.00       0.00       0.00    
                                                         t=     2.783     0.096
 FEAP *** inflated fiber reinforced soft ring - circum. b.c. top surf. linked in 

     Mixed Element Stresses

    Elmt Mat    1-Coord    2-Coord    3-Coord
     Cauchy   11-Stress  22-Stress  33-Stress  12-Stress  23-Stress  13-Stress
     Almansi  11-Strain  22-Strain  33-Strain  12-Strain  23-Strain  31-Strain
               1-Stress   2-Stress   3-Stress  log(lam1)  log(lam2)  log(lam3)
                  log-J     eff-ep  Yld/1-Fib    2-Fiber    3-Fiber

       1   1  1.153E-02  1.594E-04  6.128E-04
     Cauchy  -3.731E+04  1.245E+05 -3.389E+02 -3.939E+03 -8.827E+00 -1.157E+02
     Almansi -9.753E-02  1.160E-01 -3.009E-02 -1.040E-02 -2.434E-05 -4.220E-04
              1.246E+05 -3.385E+02 -3.741E+04  1.312E-01 -3.021E-02 -9.020E-02
              1.081E-02  0.000E+00  0.000E+00  0.000E+00  0.000E+00

       1   1  1.179E-02  1.631E-04  6.125E-04
     Cauchy  -3.615E+04  1.213E+05  6.732E+02 -3.829E+03 -9.168E+00 -1.412E+02
     Almansi -9.754E-02  1.118E-01 -3.057E-02 -1.018E-02 -2.601E-05 -5.132E-04
              1.214E+05  6.737E+02 -3.625E+04  1.277E-01 -2.867E-02 -8.820E-02
              1.081E-02  0.000E+00  0.000E+00  0.000E+00  0.000E+00

       1   1  1.179E-02  1.631E-04  1.641E-04
     Cauchy  -3.610E+04  1.213E+05  6.490E+02 -3.826E+03 -7.730E-01  8.392E+01
     Almansi -9.738E-02  1.118E-01 -3.057E-02 -1.017E-02  7.698E-07  3.048E-04
              1.214E+05  6.492E+02 -3.619E+04  1.276E-01 -2.871E-02 -8.811E-02
              1.081E-02  0.000E+00  0.000E+00  0.000E+00  0.000E+00

       1   1  1.153E-02  1.594E-04  1.642E-04
     Cauchy  -3.726E+04  1.245E+05 -3.623E+02 -3.936E+03 -4.363E-01  1.085E+02
     Almansi -9.738E-02  1.160E-01 -3.009E-02 -1.039E-02  2.415E-06  3.953E-04
              1.246E+05 -3.620E+02 -3.736E+04  1.312E-01 -3.025E-02 -9.011E-02
              1.081E-02  0.000E+00  0.000E+00  0.000E+00  0.000E+00

       1   1  1.151E-02  5.949E-04  6.128E-04
     Cauchy  -3.714E+04  1.243E+05 -3.389E+02 -6.657E+03  1.241E+00 -1.160E+02
     Almansi -9.730E-02  1.158E-01 -3.009E-02 -1.757E-02 -3.309E-06 -4.226E-04
              1.246E+05 -3.385E+02 -3.741E+04  1.312E-01 -3.021E-02 -9.020E-02
              1.081E-02  0.000E+00  0.000E+00  0.000E+00  0.000E+00

       1   1  1.178E-02  6.086E-04  6.125E-04
     Cauchy  -3.598E+04  1.212E+05  6.732E+02 -6.482E+03 -8.393E-02 -1.415E+02
     Almansi -9.730E-02  1.116E-01 -3.057E-02 -1.723E-02 -7.609E-06 -5.138E-04
              1.214E+05  6.737E+02 -3.625E+04  1.277E-01 -2.867E-02 -8.820E-02
              1.081E-02  0.000E+00  0.000E+00  0.000E+00  0.000E+00

       1   1  1.178E-02  6.085E-04  1.641E-04
     Cauchy  -3.593E+04  1.211E+05  6.490E+02 -6.478E+03  6.260E+00  8.369E+01
     Almansi -9.715E-02  1.115E-01 -3.057E-02 -1.722E-02  1.917E-05  3.042E-04
              1.214E+05  6.492E+02 -3.619E+04  1.276E-01 -2.871E-02 -8.811E-02
              1.081E-02  0.000E+00  0.000E+00  0.000E+00  0.000E+00

       1   1  1.151E-02  5.949E-04  1.642E-04
     Cauchy  -3.708E+04  1.243E+05 -3.623E+02 -6.653E+03  7.531E+00  1.082E+02
     Almansi -9.715E-02  1.158E-01 -3.009E-02 -1.756E-02  2.344E-05  3.946E-04
              1.246E+05 -3.620E+02 -3.736E+04  1.312E-01 -3.025E-02 -9.011E-02
              1.081E-02  0.000E+00  0.000E+00  0.000E+00  0.000E+00
 *Command  16 * next time           v:   4.00       3.00       4.00    
                                                         t=     2.784     0.096
 *Command   3 * dt                  v:  0.100       0.00       0.00    
                                                         t=     2.784     0.096
   DT: equal linear increments = 1.000000E-01
 *Command   4 * time                v:   0.00       0.00       0.00    
                                                         t=     2.784     0.096

   Computing solution at time   5.0000E-01 using dt =  1.0000E-01
   Total proportional load is   5.0000E-01
 *Command   5 * loop augment        v:   3.00       11.0       0.00    
                                                         t=     2.811     0.097
 *Command   6 * augm                v:   0.00       0.00       0.00    
                                                         t=     2.811     0.097
   Current Augmented Lagrangian Factor =  1.00000E+00
 *Command   7 * loop newton         v:   50.0       10.0       0.00    
                                                         t=     2.816     0.097
 *Command   8 * utan                v:   1.00       0.00       0.00    
                                                         t=     2.817     0.097
   Residual 1 norm =  4.0272250E-02 Rel =  1.0000000E+00 t=     2.869     0.099
      Convergence: Equations  norm   = F
      Convergence: Individual groups = F
 Condition check: D-max 0.1035E+04; D-min 0.1195E+03; Ratio 0.8659E+01
 Maximum no. diagonal digits lost:  1 in reducing equation    5183
   End Triangular Decomposition                          t=     2.970     0.100
   Number of operations =  931068 plus       83 Mega-ops
  Time: CPU =         2.98 , System =         0.10
--> SOLVE AT  1663.20 Mflops. Time=        0.10
   Energy convergence check
    Initial   =    2.543066911527455E-04 Current   =    2.543066911527455E-04
    Relative  =    1.000000000000000E+00 Tolerance =    1.000000000000000E-16
      Convergence: Energy |R*u| norm = F
      Convergence: Individual groups = F
 *Command   9 * next newton         v:   1.00       8.00       1.00    
                                                         t=     2.976     0.100
 *Command   8 * utan                v:   1.00       0.00       0.00    
                                                         t=     2.976     0.100
   Residual 1 norm =  1.7503592E-02 Rel =  4.3463159E-01 t=     3.035     0.100
      Convergence: Equations  norm   = F
      Convergence: Individual groups = F
 Condition check: D-max 0.1052E+04; D-min 0.1198E+03; Ratio 0.8781E+01
 Maximum no. diagonal digits lost:  1 in reducing equation    5183
   End Triangular Decomposition                          t=     3.132     0.101
   Number of operations =  931068 plus       83 Mega-ops
  Time: CPU =         3.14 , System =         0.10
--> SOLVE AT  1731.20 Mflops. Time=        0.10
   Energy convergence check
    Initial   =    2.543066911527455E-04 Current   =    3.394048312295854E-07
    Relative  =    1.334628002476454E-03 Tolerance =    1.000000000000000E-16
      Convergence: Energy |R*u| norm = F
      Convergence: Individual groups = F
 *Command   9 * next newton         v:   2.00       8.00       2.00    
                                                         t=     3.139     0.101
 *Command   8 * utan                v:   1.00       0.00       0.00    
                                                         t=     3.139     0.101
   Residual 1 norm =  1.3978023E-05 Rel =  3.4708820E-04 t=     3.194     0.104
      Convergence: Equations  norm   = F
      Convergence: Individual groups = F
 Condition check: D-max 0.1053E+04; D-min 0.1199E+03; Ratio 0.8782E+01
 Maximum no. diagonal digits lost:  1 in reducing equation    5183
   End Triangular Decomposition                          t=     3.280     0.117
   Number of operations =  931068 plus       83 Mega-ops
  Time: CPU =         3.29 , System =         0.12
--> SOLVE AT  1967.26 Mflops. Time=        0.09
   Energy convergence check
    Initial   =    2.543066911527455E-04 Current   =    3.200301022340869E-13
    Relative  =    1.258441532872863E-09 Tolerance =    1.000000000000000E-16
      Convergence: Energy |R*u| norm = F
      Convergence: Individual groups = F
 *Command   9 * next newton         v:   3.00       8.00       3.00    
                                                         t=     3.286     0.117
 *Command   8 * utan                v:   1.00       0.00       0.00    
                                                         t=     3.286     0.117
   Residual 1 norm =  2.0109332E-11 Rel =  4.9933471E-10 t=     3.336     0.118
      Convergence: Equations  norm   = T
      Convergence: Individual groups = F
 Condition check: D-max 0.1053E+04; D-min 0.1199E+03; Ratio 0.8782E+01
 Maximum no. diagonal digits lost:  1 in reducing equation    5183
   End Triangular Decomposition                          t=     3.431     0.121
   Number of operations =  931068 plus       83 Mega-ops
  Time: CPU =         3.44 , System =         0.12
--> SOLVE AT  1763.42 Mflops. Time=        0.10
   Energy convergence check
    Initial   =    2.543066911527455E-04 Current   =    5.604007415215102E-25
    Relative  =    2.203641355173442E-21 Tolerance =    1.000000000000000E-16
      Convergence: Energy |R*u| norm = T
      Convergence: Individual groups = T
 *Command   9 * next newton         v:   50.0       8.00       4.00    
                                                         t=     3.437     0.121
 *Command  10 * next augment        v:   1.00       6.00       1.00    
                                                         t=     3.437     0.121
 *Command   6 * augm                v:   0.00       0.00       0.00    
                                                         t=     3.437     0.121
 *Command   7 * loop newton         v:   50.0       10.0       0.00    
                                                         t=     3.441     0.121
 *Command   8 * utan                v:   1.00       0.00       0.00    
                                                         t=     3.441     0.121
   Residual 1 norm =  7.5992487E-15 Rel =  1.8869690E-13 t=     3.499     0.121
      Convergence: Equations  norm   = T
      Convergence: Individual groups = T
 Condition check: D-max 0.1053E+04; D-min 0.1199E+03; Ratio 0.8782E+01
 Maximum no. diagonal digits lost:  1 in reducing equation    5183
   End Triangular Decomposition                          t=     3.601     0.126
   Number of operations =  931068 plus       83 Mega-ops
  Time: CPU =         3.60 , System =         0.13
--> SOLVE AT  1662.07 Mflops. Time=        0.10
   Energy convergence check
    Initial   =    2.543066911527455E-04 Current   =    2.084809548124939E-32
    Relative  =    8.198012953079277E-29 Tolerance =    1.000000000000000E-16
      Convergence: Energy |R*u| norm = T
      Convergence: Individual groups = T
 *Command   9 * next newton         v:   50.0       8.00       1.00    
                                                         t=     3.605     0.126
 *Command  10 * next augment        v:   2.00       6.00       2.00    
                                                         t=     3.605     0.126

   Augmented iteration converged in loop =   2: Maximum gap =  0.0000E+00

 *Command  11 * plot WIPE           v:   0.00       0.00       0.00    
                                                         t=     3.605     0.126
 *Command  12 * plot UNDE           v:   0.00       0.00       0.00    
                                                         t=     3.606     0.126
 *Command  13 * plot MESH           v:   0.00       0.00       0.00    
                                                         t=     3.606     0.126
 *Command  14 * plot DEFO           v:   1.00       1.00       0.00    
                                                         t=     3.607     0.126
  -> Plots on deformed mesh with scale: 1.00000E+00
                     Eigenvector scale: 0.00000E+00
 *Command  15 * stre ne             v:   1.00       0.00       0.00    
                                                         t=     3.607     0.126
 FEAP *** inflated fiber reinforced soft ring - circum. b.c. top surf. linked in 

     Mixed Element Stresses

    Elmt Mat    1-Coord    2-Coord    3-Coord
     Cauchy   11-Stress  22-Stress  33-Stress  12-Stress  23-Stress  13-Stress
     Almansi  11-Strain  22-Strain  33-Strain  12-Strain  23-Strain  31-Strain
               1-Stress   2-Stress   3-Stress  log(lam1)  log(lam2)  log(lam3)
                  log-J     eff-ep  Yld/1-Fib    2-Fiber    3-Fiber

       1   1  1.198E-02  1.656E-04  6.077E-04
     Cauchy  -4.668E+04  1.652E+05 -4.166E+02 -5.221E+03 -1.260E+01 -1.461E+02
     Almansi -1.297E-01  1.443E-01 -3.896E-02 -1.350E-02 -3.402E-05 -5.728E-04
              1.653E+05 -4.161E+02 -4.681E+04  1.692E-01 -3.877E-02 -1.167E-01
              1.370E-02  0.000E+00  0.000E+00  0.000E+00  0.000E+00

       1   1  1.223E-02  1.692E-04  6.073E-04
     Cauchy  -4.529E+04  1.610E+05  7.930E+02 -5.075E+03 -1.300E+01 -1.768E+02
     Almansi -1.297E-01  1.393E-01 -3.965E-02 -1.324E-02 -3.633E-05 -6.907E-04
              1.611E+05  7.937E+02 -4.542E+04  1.648E-01 -3.689E-02 -1.142E-01
              1.370E-02  0.000E+00  0.000E+00  0.000E+00  0.000E+00

       1   1  1.223E-02  1.692E-04  1.627E-04
     Cauchy  -4.523E+04  1.609E+05  7.642E+02 -5.071E+03 -9.980E-01  1.324E+02
     Almansi -1.295E-01  1.393E-01 -3.965E-02 -1.323E-02  3.198E-06  5.168E-04
              1.610E+05  7.646E+02 -4.535E+04  1.647E-01 -3.694E-02 -1.141E-01
              1.370E-02  0.000E+00  0.000E+00  0.000E+00  0.000E+00

       1   1  1.198E-02  1.656E-04  1.628E-04
     Cauchy  -4.662E+04  1.651E+05 -4.444E+02 -5.217E+03 -5.999E-01  1.616E+02
     Almansi -1.295E-01  1.442E-01 -3.896E-02 -1.349E-02  5.455E-06  6.331E-04
              1.653E+05 -4.439E+02 -4.675E+04  1.691E-01 -3.881E-02 -1.166E-01
              1.370E-02  0.000E+00  0.000E+00  0.000E+00  0.000E+00

       1   1  1.196E-02  6.181E-04  6.077E-04
     Cauchy  -4.646E+04  1.650E+05 -4.166E+02 -8.653E+03  3.020E+00 -1.466E+02
     Almansi -1.294E-01  1.440E-01 -3.896E-02 -2.238E-02 -3.513E-06 -5.738E-04
              1.653E+05 -4.161E+02 -4.681E+04  1.692E-01 -3.877E-02 -1.167E-01
              1.370E-02  0.000E+00  0.000E+00  0.000E+00  0.000E+00

       1   1  1.222E-02  6.314E-04  6.073E-04
     Cauchy  -4.507E+04  1.607E+05  7.930E+02 -8.429E+03  1.414E+00 -1.773E+02
     Almansi -1.294E-01  1.390E-01 -3.965E-02 -2.199E-02 -8.917E-06 -6.916E-04
              1.611E+05  7.937E+02 -4.542E+04  1.648E-01 -3.689E-02 -1.142E-01
              1.370E-02  0.000E+00  0.000E+00  0.000E+00  0.000E+00

       1   1  1.222E-02  6.314E-04  1.627E-04
     Cauchy  -4.501E+04  1.607E+05  7.642E+02 -8.424E+03  9.657E+00  1.321E+02
     Almansi -1.292E-01  1.390E-01 -3.965E-02 -2.197E-02  3.061E-05  5.159E-04
              1.610E+05  7.646E+02 -4.535E+04  1.647E-01 -3.694E-02 -1.141E-01
              1.370E-02  0.000E+00  0.000E+00  0.000E+00  0.000E+00

       1   1  1.196E-02  6.181E-04  1.628E-04
     Cauchy  -4.639E+04  1.649E+05 -4.444E+02 -8.648E+03  1.117E+01  1.612E+02
     Almansi -1.292E-01  1.439E-01 -3.896E-02 -2.236E-02  3.596E-05  6.321E-04
              1.653E+05 -4.439E+02 -4.675E+04  1.691E-01 -3.881E-02 -1.166E-01
              1.370E-02  0.000E+00  0.000E+00  0.000E+00  0.000E+00
 *Command  16 * next time           v:   5.00       3.00       5.00    
                                                         t=     3.607     0.126
 *Command   3 * dt                  v:  0.100       0.00       0.00    
                                                         t=     3.608     0.126
   DT: equal linear increments = 1.000000E-01
 *Command   4 * time                v:   0.00       0.00       0.00    
                                                         t=     3.608     0.126

   Computing solution at time   6.0000E-01 using dt =  1.0000E-01
   Total proportional load is   6.0000E-01
 *Command   5 * loop augment        v:   3.00       11.0       0.00    
                                                         t=     3.635     0.127
 *Command   6 * augm                v:   0.00       0.00       0.00    
                                                         t=     3.635     0.128
   Current Augmented Lagrangian Factor =  1.00000E+00
 *Command   7 * loop newton         v:   50.0       10.0       0.00    
                                                         t=     3.640     0.128
 *Command   8 * utan                v:   1.00       0.00       0.00    
                                                         t=     3.640     0.128
   Residual 1 norm =  4.1520465E-02 Rel =  1.0000000E+00 t=     3.694     0.130
      Convergence: Equations  norm   = F
      Convergence: Individual groups = F
 Condition check: D-max 0.1053E+04; D-min 0.1195E+03; Ratio 0.8809E+01
 Maximum no. diagonal digits lost:  1 in reducing equation    5183
   End Triangular Decomposition                          t=     3.796     0.130
   Number of operations =  931068 plus       83 Mega-ops
  Time: CPU =         3.80 , System =         0.13
--> SOLVE AT  1653.70 Mflops. Time=        0.10
   Energy convergence check
    Initial   =    2.935493812679043E-04 Current   =    2.935493812679043E-04
    Relative  =    1.000000000000000E+00 Tolerance =    1.000000000000000E-16
      Convergence: Energy |R*u| norm = F
      Convergence: Individual groups = F
 *Command   9 * next newton         v:   1.00       8.00       1.00    
                                                         t=     3.803     0.130
 *Command   8 * utan                v:   1.00       0.00       0.00    
                                                         t=     3.803     0.130
   Residual 1 norm =  2.0953583E-02 Rel =  5.0465676E-01 t=     3.848     0.130
      Convergence: Equations  norm   = F
      Convergence: Individual groups = F
 Condition check: D-max 0.1072E+04; D-min 0.1198E+03; Ratio 0.8949E+01
 Maximum no. diagonal digits lost:  1 in reducing equation    5183
   End Triangular Decomposition                          t=     3.941     0.131
   Number of operations =  931068 plus       83 Mega-ops
  Time: CPU =         3.95 , System =         0.13
--> SOLVE AT  1815.81 Mflops. Time=        0.09
   Energy convergence check
    Initial   =    2.935493812679043E-04 Current   =    4.654584013540026E-07
    Relative  =    1.585622151011136E-03 Tolerance =    1.000000000000000E-16
      Convergence: Energy |R*u| norm = F
      Convergence: Individual groups = F
 *Command   9 * next newton         v:   2.00       8.00       2.00    
                                                         t=     3.946     0.131
 *Command   8 * utan                v:   1.00       0.00       0.00    
                                                         t=     3.947     0.131
   Residual 1 norm =  1.9208694E-05 Rel =  4.6263195E-04 t=     3.990     0.132
      Convergence: Equations  norm   = F
      Convergence: Individual groups = F
 Condition check: D-max 0.1072E+04; D-min 0.1198E+03; Ratio 0.8951E+01
 Maximum no. diagonal digits lost:  1 in reducing equation    5183
   End Triangular Decomposition                          t=     4.088     0.133
   Number of operations =  931068 plus       83 Mega-ops
  Time: CPU =         4.09 , System =         0.13
--> SOLVE AT  1699.20 Mflops. Time=        0.10
   Energy convergence check
    Initial   =    2.935493812679043E-04 Current   =    5.711219197167075E-13
    Relative  =    1.945573576922241E-09 Tolerance =    1.000000000000000E-16
      Convergence: Energy |R*u| norm = F
      Convergence: Individual groups = F
 *Command   9 * next newton         v:   3.00       8.00       3.00    
                                                         t=     4.093     0.133
 *Command   8 * utan                v:   1.00       0.00       0.00    
                                                         t=     4.093     0.133
   Residual 1 norm =  3.6370907E-11 Rel =  8.7597542E-10 t=     4.131     0.133
      Convergence: Equations  norm   = T
      Convergence: Individual groups = F
 Condition check: D-max 0.1072E+04; D-min 0.1198E+03; Ratio 0.8951E+01
 Maximum no. diagonal digits lost:  1 in reducing equation    5183
   End Triangular Decomposition                          t=     4.218     0.133
   Number of operations =  931068 plus       83 Mega-ops
  Time: CPU =         4.22 , System =         0.13
--> SOLVE AT  1932.87 Mflops. Time=        0.09
   Energy convergence check
    Initial   =    2.935493812679043E-04 Current   =    2.036746673913117E-24
    Relative  =    6.938344291907415E-21 Tolerance =    1.000000000000000E-16
      Convergence: Energy |R*u| norm = T
      Convergence: Individual groups = T
 *Command   9 * next newton         v:   50.0       8.00       4.00    
                                                         t=     4.222     0.133
 *Command  10 * next augment        v:   1.00       6.00       1.00    
                                                         t=     4.222     0.133
 *Command   6 * augm                v:   0.00       0.00       0.00    
                                                         t=     4.222     0.133
 *Command   7 * loop newton         v:   50.0       10.0       0.00    
                                                         t=     4.226     0.134
 *Command   8 * utan                v:   1.00       0.00       0.00    
                                                         t=     4.226     0.134
   Residual 1 norm =  1.0508926E-14 Rel =  2.5310233E-13 t=     4.266     0.136
      Convergence: Equations  norm   = T
      Convergence: Individual groups = T
 Condition check: D-max 0.1072E+04; D-min 0.1198E+03; Ratio 0.8951E+01
 Maximum no. diagonal digits lost:  1 in reducing equation    5183
   End Triangular Decomposition                          t=     4.343     0.138
   Number of operations =  931068 plus       83 Mega-ops
  Time: CPU =         4.35 , System =         0.14
--> SOLVE AT  2168.70 Mflops. Time=        0.08
   Energy convergence check
    Initial   =    2.935493812679043E-04 Current   =    4.008087416131088E-32
    Relative  =    1.365387792275111E-28 Tolerance =    1.000000000000000E-16
      Convergence: Energy |R*u| norm = T
      Convergence: Individual groups = T
 *Command   9 * next newton         v:   50.0       8.00       1.00    
                                                         t=     4.348     0.138
 *Command  10 * next augment        v:   2.00       6.00       2.00    
                                                         t=     4.348     0.138

   Augmented iteration converged in loop =   2: Maximum gap =  0.0000E+00

 *Command  11 * plot WIPE           v:   0.00       0.00       0.00    
                                                         t=     4.349     0.138
 *Command  12 * plot UNDE           v:   0.00       0.00       0.00    
                                                         t=     4.349     0.138
 *Command  13 * plot MESH           v:   0.00       0.00       0.00    
                                                         t=     4.349     0.138
 *Command  14 * plot DEFO           v:   1.00       1.00       0.00    
                                                         t=     4.350     0.138
  -> Plots on deformed mesh with scale: 1.00000E+00
                     Eigenvector scale: 0.00000E+00
 *Command  15 * stre ne             v:   1.00       0.00       0.00    
                                                         t=     4.350     0.138
 FEAP *** inflated fiber reinforced soft ring - circum. b.c. top surf. linked in 

     Mixed Element Stresses

    Elmt Mat    1-Coord    2-Coord    3-Coord
     Cauchy   11-Stress  22-Stress  33-Stress  12-Stress  23-Stress  13-Stress
     Almansi  11-Strain  22-Strain  33-Strain  12-Strain  23-Strain  31-Strain
               1-Stress   2-Stress   3-Stress  log(lam1)  log(lam2)  log(lam3)
                  log-J     eff-ep  Yld/1-Fib    2-Fiber    3-Fiber

       1   1  1.248E-02  1.725E-04  6.024E-04
     Cauchy  -5.607E+04  2.115E+05 -4.926E+02 -6.677E+03 -1.721E+01 -1.729E+02
     Almansi -1.664E-01  1.721E-01 -4.851E-02 -1.690E-02 -4.515E-05 -7.333E-04
              2.116E+05 -4.921E+02 -5.623E+04  2.098E-01 -4.783E-02 -1.453E-01
              1.668E-02  0.000E+00  0.000E+00  0.000E+00  0.000E+00

       1   1  1.273E-02  1.760E-04  6.019E-04
     Cauchy  -5.448E+04  2.060E+05  8.893E+02 -6.490E+03 -1.767E+01 -2.084E+02
     Almansi -1.664E-01  1.666E-01 -4.948E-02 -1.660E-02 -4.822E-05 -8.796E-04
              2.061E+05  8.901E+02 -5.464E+04  2.045E-01 -4.563E-02 -1.422E-01
              1.668E-02  0.000E+00  0.000E+00  0.000E+00  0.000E+00

       1   1  1.273E-02  1.760E-04  1.613E-04
     Cauchy  -5.440E+04  2.059E+05  8.565E+02 -6.485E+03 -1.248E+00  1.963E+02
     Almansi -1.661E-01  1.666E-01 -4.948E-02 -1.658E-02  7.664E-06  8.273E-04
              2.060E+05  8.572E+02 -5.457E+04  2.045E-01 -4.569E-02 -1.421E-01
              1.668E-02  0.000E+00  0.000E+00  0.000E+00  0.000E+00

       1   1  1.248E-02  1.725E-04  1.614E-04
     Cauchy  -5.599E+04  2.114E+05 -5.243E+02 -6.673E+03 -8.012E-01  2.292E+02
     Almansi -1.661E-01  1.721E-01 -4.851E-02 -1.688E-02  1.063E-05  9.705E-04
              2.116E+05 -5.233E+02 -5.616E+04  2.097E-01 -4.788E-02 -1.452E-01
              1.668E-02  0.000E+00  0.000E+00  0.000E+00  0.000E+00

       1   1  1.246E-02  6.439E-04  6.024E-04
     Cauchy  -5.579E+04  2.112E+05 -4.926E+02 -1.084E+04  5.866E+00 -1.737E+02
     Almansi -1.660E-01  1.718E-01 -4.851E-02 -2.743E-02 -2.906E-06 -7.347E-04
              2.116E+05 -4.921E+02 -5.623E+04  2.098E-01 -4.783E-02 -1.453E-01
              1.668E-02  0.000E+00  0.000E+00  0.000E+00  0.000E+00

       1   1  1.271E-02  6.568E-04  6.019E-04
     Cauchy  -5.421E+04  2.057E+05  8.893E+02 -1.056E+04  4.004E+00 -2.091E+02
     Almansi -1.660E-01  1.663E-01 -4.948E-02 -2.701E-02 -9.416E-06 -8.809E-04
              2.061E+05  8.901E+02 -5.464E+04  2.045E-01 -4.563E-02 -1.422E-01
              1.668E-02  0.000E+00  0.000E+00  0.000E+00  0.000E+00

       1   1  1.271E-02  6.568E-04  1.613E-04
     Cauchy  -5.414E+04  2.056E+05  8.565E+02 -1.056E+04  1.408E+01  1.958E+02
     Almansi -1.658E-01  1.663E-01 -4.948E-02 -2.699E-02  4.646E-05  8.260E-04
              2.060E+05  8.572E+02 -5.457E+04  2.045E-01 -4.569E-02 -1.421E-01
              1.668E-02  0.000E+00  0.000E+00  0.000E+00  0.000E+00

       1   1  1.246E-02  6.439E-04  1.614E-04
     Cauchy  -5.572E+04  2.111E+05 -5.243E+02 -1.083E+04  1.579E+01  2.287E+02
     Almansi -1.658E-01  1.718E-01 -4.851E-02 -2.741E-02  5.287E-05  9.692E-04
              2.116E+05 -5.233E+02 -5.616E+04  2.097E-01 -4.788E-02 -1.452E-01
              1.668E-02  0.000E+00  0.000E+00  0.000E+00  0.000E+00
 *Command  16 * next time           v:   6.00       3.00       6.00    
                                                         t=     4.350     0.138
 *Command   3 * dt                  v:  0.100       0.00       0.00    
                                                         t=     4.350     0.138
   DT: equal linear increments = 1.000000E-01
 *Command   4 * time                v:   0.00       0.00       0.00    
                                                         t=     4.350     0.138

   Computing solution at time   7.0000E-01 using dt =  1.0000E-01
   Total proportional load is   7.0000E-01
 *Command   5 * loop augment        v:   3.00       11.0       0.00    
                                                         t=     4.373     0.138
 *Command   6 * augm                v:   0.00       0.00       0.00    
                                                         t=     4.373     0.138
   Current Augmented Lagrangian Factor =  1.00000E+00
 *Command   7 * loop newton         v:   50.0       10.0       0.00    
                                                         t=     4.377     0.138
 *Command   8 * utan                v:   1.00       0.00       0.00    
                                                         t=     4.378     0.138
   Residual 1 norm =  4.2901459E-02 Rel =  1.0000000E+00 t=     4.428     0.139
      Convergence: Equations  norm   = F
      Convergence: Individual groups = F
 Condition check: D-max 0.1072E+04; D-min 0.1194E+03; Ratio 0.8983E+01
 Maximum no. diagonal digits lost:  1 in reducing equation    5183
   End Triangular Decomposition                          t=     4.533     0.140
   Number of operations =  931068 plus       83 Mega-ops
  Time: CPU =         4.54 , System =         0.14
--> SOLVE AT  1601.20 Mflops. Time=        0.10
   Energy convergence check
    Initial   =    3.426263457370528E-04 Current   =    3.426263457370528E-04
    Relative  =    1.000000000000000E+00 Tolerance =    1.000000000000000E-16
      Convergence: Energy |R*u| norm = F
      Convergence: Individual groups = F
 *Command   9 * next newton         v:   1.00       8.00       1.00    
                                                         t=     4.538     0.140
 *Command   8 * utan                v:   1.00       0.00       0.00    
                                                         t=     4.538     0.140
   Residual 1 norm =  2.5423083E-02 Rel =  5.9259251E-01 t=     4.590     0.143
      Convergence: Equations  norm   = F
      Convergence: Individual groups = F
 Condition check: D-max 0.1094E+04; D-min 0.1197E+03; Ratio 0.9145E+01
 Maximum no. diagonal digits lost:  1 in reducing equation    5183
   End Triangular Decomposition                          t=     4.694     0.143
   Number of operations =  931068 plus       83 Mega-ops
  Time: CPU =         4.70 , System =         0.14
--> SOLVE AT  1613.35 Mflops. Time=        0.10
   Energy convergence check
    Initial   =    3.426263457370528E-04 Current   =    6.534913113968441E-07
    Relative  =    1.907300239831421E-03 Tolerance =    1.000000000000000E-16
      Convergence: Energy |R*u| norm = F
      Convergence: Individual groups = F
 *Command   9 * next newton         v:   2.00       8.00       2.00    
                                                         t=     4.701     0.143
 *Command   8 * utan                v:   1.00       0.00       0.00    
                                                         t=     4.701     0.143
   Residual 1 norm =  2.7055170E-05 Rel =  6.3063519E-04 t=     4.750     0.143
      Convergence: Equations  norm   = F
      Convergence: Individual groups = F
 Condition check: D-max 0.1095E+04; D-min 0.1197E+03; Ratio 0.9148E+01
 Maximum no. diagonal digits lost:  1 in reducing equation    5183
   End Triangular Decomposition                          t=     4.849     0.146
   Number of operations =  931068 plus       83 Mega-ops
  Time: CPU =         4.85 , System =         0.15
--> SOLVE AT  1695.73 Mflops. Time=        0.10
   Energy convergence check
    Initial   =    3.426263457370528E-04 Current   =    1.059948497544675E-12
    Relative  =    3.093598932868192E-09 Tolerance =    1.000000000000000E-16
      Convergence: Energy |R*u| norm = F
      Convergence: Individual groups = F
 *Command   9 * next newton         v:   3.00       8.00       3.00    
                                                         t=     4.853     0.147
 *Command   8 * utan                v:   1.00       0.00       0.00    
                                                         t=     4.853     0.147
   Residual 1 norm =  6.8216941E-11 Rel =  1.5900844E-09 t=     4.903     0.148
      Convergence: Equations  norm   = T
      Convergence: Individual groups = F
 Condition check: D-max 0.1095E+04; D-min 0.1197E+03; Ratio 0.9148E+01
 Maximum no. diagonal digits lost:  1 in reducing equation    5183
   End Triangular Decomposition                          t=     5.005     0.150
   Number of operations =  931068 plus       83 Mega-ops
  Time: CPU =         5.01 , System =         0.15
--> SOLVE AT  1649.91 Mflops. Time=        0.10
   Energy convergence check
    Initial   =    3.426263457370528E-04 Current   =    8.186607149666945E-24
    Relative  =    2.389368842041623E-20 Tolerance =    1.000000000000000E-16
      Convergence: Energy |R*u| norm = T
      Convergence: Individual groups = T
 *Command   9 * next newton         v:   50.0       8.00       4.00    
                                                         t=     5.012     0.150
 *Command  10 * next augment        v:   1.00       6.00       1.00    
                                                         t=     5.012     0.150
 *Command   6 * augm                v:   0.00       0.00       0.00    
                                                         t=     5.013     0.150
 *Command   7 * loop newton         v:   50.0       10.0       0.00    
                                                         t=     5.017     0.150
 *Command   8 * utan                v:   1.00       0.00       0.00    
                                                         t=     5.017     0.150
   Residual 1 norm =  1.3377631E-14 Rel =  3.1182229E-13 t=     5.083     0.150
      Convergence: Equations  norm   = T
      Convergence: Individual groups = T
 Condition check: D-max 0.1095E+04; D-min 0.1197E+03; Ratio 0.9148E+01
 Maximum no. diagonal digits lost:  1 in reducing equation    5183
   End Triangular Decomposition                          t=     5.179     0.153
   Number of operations =  931068 plus       83 Mega-ops
  Time: CPU =         5.18 , System =         0.15
--> SOLVE AT  1734.02 Mflops. Time=        0.10
   Energy convergence check
    Initial   =    3.426263457370528E-04 Current   =    5.852823534697609E-32
    Relative  =    1.708223435680961E-28 Tolerance =    1.000000000000000E-16
      Convergence: Energy |R*u| norm = T
      Convergence: Individual groups = T
 *Command   9 * next newton         v:   50.0       8.00       1.00    
                                                         t=     5.185     0.153
 *Command  10 * next augment        v:   2.00       6.00       2.00    
                                                         t=     5.185     0.153

   Augmented iteration converged in loop =   2: Maximum gap =  0.0000E+00

 *Command  11 * plot WIPE           v:   0.00       0.00       0.00    
                                                         t=     5.185     0.153
 *Command  12 * plot UNDE           v:   0.00       0.00       0.00    
                                                         t=     5.185     0.153
 *Command  13 * plot MESH           v:   0.00       0.00       0.00    
                                                         t=     5.186     0.153
 *Command  14 * plot DEFO           v:   1.00       1.00       0.00    
                                                         t=     5.186     0.154
  -> Plots on deformed mesh with scale: 1.00000E+00
                     Eigenvector scale: 0.00000E+00
 *Command  15 * stre ne             v:   1.00       0.00       0.00    
                                                         t=     5.186     0.154
 FEAP *** inflated fiber reinforced soft ring - circum. b.c. top surf. linked in 

     Mixed Element Stresses

    Elmt Mat    1-Coord    2-Coord    3-Coord
     Cauchy   11-Stress  22-Stress  33-Stress  12-Stress  23-Stress  13-Stress
     Almansi  11-Strain  22-Strain  33-Strain  12-Strain  23-Strain  31-Strain
               1-Stress   2-Stress   3-Stress  log(lam1)  log(lam2)  log(lam3)
                  log-J     eff-ep  Yld/1-Fib    2-Fiber    3-Fiber

       1   1  1.304E-02  1.803E-04  5.968E-04
     Cauchy  -6.547E+04  2.647E+05 -5.679E+02 -8.352E+03 -2.284E+01 -1.932E+02
     Almansi -2.086E-01  1.997E-01 -5.886E-02 -2.066E-02 -5.754E-05 -8.914E-04
              2.649E+05 -5.674E+02 -6.568E+04  2.535E-01 -5.745E-02 -1.763E-01
              1.977E-02  0.000E+00  0.000E+00  0.000E+00  0.000E+00

       1   1  1.328E-02  1.836E-04  5.961E-04
     Cauchy  -6.370E+04  2.577E+05  9.592E+02 -8.117E+03 -2.333E+01 -2.328E+02
     Almansi -2.086E-01  1.938E-01 -6.016E-02 -2.032E-02 -6.150E-05 -1.068E-03
              2.579E+05  9.600E+02 -6.391E+04  2.474E-01 -5.498E-02 -1.727E-01
              1.977E-02  0.000E+00  0.000E+00  0.000E+00  0.000E+00

       1   1  1.328E-02  1.836E-04  1.597E-04
     Cauchy  -6.362E+04  2.576E+05  9.231E+02 -8.112E+03 -1.536E+00  2.786E+02
     Almansi -2.083E-01  1.938E-01 -6.016E-02 -2.030E-02  1.525E-05  1.276E-03
              2.578E+05  9.243E+02 -6.383E+04  2.473E-01 -5.504E-02 -1.725E-01
              1.977E-02  0.000E+00  0.000E+00  0.000E+00  0.000E+00

       1   1  1.304E-02  1.803E-04  1.599E-04
     Cauchy  -6.539E+04  2.646E+05 -6.027E+02 -8.346E+03 -1.054E+00  3.144E+02
     Almansi -2.082E-01  1.997E-01 -5.886E-02 -2.064E-02  1.903E-05  1.447E-03
              2.648E+05 -6.012E+02 -6.560E+04  2.534E-01 -5.751E-02 -1.761E-01
              1.977E-02  0.000E+00  0.000E+00  0.000E+00  0.000E+00

       1   1  1.302E-02  6.729E-04  5.968E-04
     Cauchy  -6.514E+04  2.644E+05 -5.679E+02 -1.327E+04  1.015E+01 -1.943E+02
     Almansi -2.082E-01  1.993E-01 -5.886E-02 -3.281E-02 -8.859E-07 -8.932E-04
              2.649E+05 -5.674E+02 -6.568E+04  2.535E-01 -5.745E-02 -1.763E-01
              1.977E-02  0.000E+00  0.000E+00  0.000E+00  0.000E+00

       1   1  1.326E-02  6.854E-04  5.961E-04
     Cauchy  -6.338E+04  2.574E+05  9.592E+02 -1.293E+04  8.057E+00 -2.338E+02
     Almansi -2.082E-01  1.934E-01 -6.016E-02 -3.237E-02 -8.498E-06 -1.070E-03
              2.579E+05  9.600E+02 -6.391E+04  2.474E-01 -5.498E-02 -1.727E-01
              1.977E-02  0.000E+00  0.000E+00  0.000E+00  0.000E+00

       1   1  1.326E-02  6.854E-04  1.597E-04
     Cauchy  -6.331E+04  2.573E+05  9.231E+02 -1.292E+04  1.975E+01  2.779E+02
     Almansi -2.079E-01  1.934E-01 -6.016E-02 -3.234E-02  6.824E-05  1.274E-03
              2.578E+05  9.243E+02 -6.383E+04  2.473E-01 -5.504E-02 -1.725E-01
              1.977E-02  0.000E+00  0.000E+00  0.000E+00  0.000E+00

       1   1  1.302E-02  6.728E-04  1.599E-04
     Cauchy  -6.506E+04  2.642E+05 -6.027E+02 -1.326E+04  2.162E+01  3.137E+02
     Almansi -2.079E-01  1.993E-01 -5.886E-02 -3.278E-02  7.567E-05  1.445E-03
              2.648E+05 -6.012E+02 -6.560E+04  2.534E-01 -5.751E-02 -1.761E-01
              1.977E-02  0.000E+00  0.000E+00  0.000E+00  0.000E+00
 *Command  16 * next time           v:   7.00       3.00       7.00    
                                                         t=     5.187     0.154
 *Command   3 * dt                  v:  0.100       0.00       0.00    
                                                         t=     5.187     0.154
   DT: equal linear increments = 1.000000E-01
 *Command   4 * time                v:   0.00       0.00       0.00    
                                                         t=     5.187     0.154

   Computing solution at time   8.0000E-01 using dt =  1.0000E-01
   Total proportional load is   8.0000E-01
 *Command   5 * loop augment        v:   3.00       11.0       0.00    
                                                         t=     5.208     0.155
 *Command   6 * augm                v:   0.00       0.00       0.00    
                                                         t=     5.208     0.155
   Current Augmented Lagrangian Factor =  1.00000E+00
 *Command   7 * loop newton         v:   50.0       10.0       0.00    
                                                         t=     5.212     0.156
 *Command   8 * utan                v:   1.00       0.00       0.00    
                                                         t=     5.213     0.156
   Residual 1 norm =  4.4441949E-02 Rel =  1.0000000E+00 t=     5.268     0.159
      Convergence: Equations  norm   = F
      Convergence: Individual groups = F
 Condition check: D-max 0.1095E+04; D-min 0.1192E+03; Ratio 0.9186E+01
 Maximum no. diagonal digits lost:  1 in reducing equation    5183
   End Triangular Decomposition                          t=     5.378     0.160
   Number of operations =  931068 plus       83 Mega-ops
  Time: CPU =         5.38 , System =         0.16
--> SOLVE AT  1533.07 Mflops. Time=        0.11
   Energy convergence check
    Initial   =    4.050932912763179E-04 Current   =    4.050932912763179E-04
    Relative  =    1.000000000000000E+00 Tolerance =    1.000000000000000E-16
      Convergence: Energy |R*u| norm = F
      Convergence: Individual groups = F
 *Command   9 * next newton         v:   1.00       8.00       1.00    
                                                         t=     5.385     0.160
 *Command   8 * utan                v:   1.00       0.00       0.00    
                                                         t=     5.386     0.160
   Residual 1 norm =  3.1332098E-02 Rel =  7.0501180E-01 t=     5.429     0.161
      Convergence: Equations  norm   = F
      Convergence: Individual groups = F
 Condition check: D-max 0.1120E+04; D-min 0.1195E+03; Ratio 0.9377E+01
 Maximum no. diagonal digits lost:  1 in reducing equation    5183
   End Triangular Decomposition                          t=     5.523     0.162
   Number of operations =  931068 plus       83 Mega-ops
  Time: CPU =         5.53 , System =         0.16
--> SOLVE AT  1792.74 Mflops. Time=        0.09
   Energy convergence check
    Initial   =    4.050932912763179E-04 Current   =    9.428173653051558E-07
    Relative  =    2.327407996154771E-03 Tolerance =    1.000000000000000E-16
      Convergence: Energy |R*u| norm = F
      Convergence: Individual groups = F
 *Command   9 * next newton         v:   2.00       8.00       2.00    
                                                         t=     5.527     0.163
 *Command   8 * utan                v:   1.00       0.00       0.00    
                                                         t=     5.528     0.163
   Residual 1 norm =  3.9220240E-05 Rel =  8.8250495E-04 t=     5.580     0.165
      Convergence: Equations  norm   = F
      Convergence: Individual groups = F
 Condition check: D-max 0.1121E+04; D-min 0.1195E+03; Ratio 0.9381E+01
 Maximum no. diagonal digits lost:  1 in reducing equation    5183
   End Triangular Decomposition                          t=     5.684     0.167
   Number of operations =  931068 plus       83 Mega-ops
  Time: CPU =         5.69 , System =         0.17
--> SOLVE AT  1610.08 Mflops. Time=        0.10
   Energy convergence check
    Initial   =    4.050932912763179E-04 Current   =    2.056715182829455E-12
    Relative  =    5.077139580241902E-09 Tolerance =    1.000000000000000E-16
      Convergence: Energy |R*u| norm = F
      Convergence: Individual groups = F
 *Command   9 * next newton         v:   3.00       8.00       3.00    
                                                         t=     5.693     0.167
 *Command   8 * utan                v:   1.00       0.00       0.00    
                                                         t=     5.693     0.167
   Residual 1 norm =  1.3308979E-10 Rel =  2.9946884E-09 t=     5.751     0.168
      Convergence: Equations  norm   = T
      Convergence: Individual groups = F
 Condition check: D-max 0.1121E+04; D-min 0.1195E+03; Ratio 0.9381E+01
 Maximum no. diagonal digits lost:  1 in reducing equation    5183
   End Triangular Decomposition                          t=     5.856     0.168
   Number of operations =  931068 plus       83 Mega-ops
  Time: CPU =         5.86 , System =         0.17
--> SOLVE AT  1592.65 Mflops. Time=        0.11
   Energy convergence check
    Initial   =    4.050932912763179E-04 Current   =    3.689438285686330E-23
    Relative  =    9.107626231138272E-20 Tolerance =    1.000000000000000E-16
      Convergence: Energy |R*u| norm = T
      Convergence: Individual groups = T
 *Command   9 * next newton         v:   50.0       8.00       4.00    
                                                         t=     5.863     0.169
 *Command  10 * next augment        v:   1.00       6.00       1.00    
                                                         t=     5.863     0.169
 *Command   6 * augm                v:   0.00       0.00       0.00    
                                                         t=     5.863     0.169
 *Command   7 * loop newton         v:   50.0       10.0       0.00    
                                                         t=     5.870     0.169
 *Command   8 * utan                v:   1.00       0.00       0.00    
                                                         t=     5.870     0.169
   Residual 1 norm =  1.5534510E-14 Rel =  3.4954610E-13 t=     5.951     0.171
      Convergence: Equations  norm   = T
      Convergence: Individual groups = T
 Condition check: D-max 0.1121E+04; D-min 0.1195E+03; Ratio 0.9381E+01
 Maximum no. diagonal digits lost:  1 in reducing equation    5183
   End Triangular Decomposition                          t=     6.063     0.172
   Number of operations =  931068 plus       83 Mega-ops
  Time: CPU =         6.07 , System =         0.17
--> SOLVE AT  1502.47 Mflops. Time=        0.11
   Energy convergence check
    Initial   =    4.050932912763179E-04 Current   =    8.215517055405778E-32
    Relative  =    2.028055569501372E-28 Tolerance =    1.000000000000000E-16
      Convergence: Energy |R*u| norm = T
      Convergence: Individual groups = T
 *Command   9 * next newton         v:   50.0       8.00       1.00    
                                                         t=     6.071     0.172
 *Command  10 * next augment        v:   2.00       6.00       2.00    
                                                         t=     6.071     0.172

   Augmented iteration converged in loop =   2: Maximum gap =  0.0000E+00

 *Command  11 * plot WIPE           v:   0.00       0.00       0.00    
                                                         t=     6.071     0.172
 *Command  12 * plot UNDE           v:   0.00       0.00       0.00    
                                                         t=     6.072     0.172
 *Command  13 * plot MESH           v:   0.00       0.00       0.00    
                                                         t=     6.072     0.172
 *Command  14 * plot DEFO           v:   1.00       1.00       0.00    
                                                         t=     6.073     0.172
  -> Plots on deformed mesh with scale: 1.00000E+00
                     Eigenvector scale: 0.00000E+00
 *Command  15 * stre ne             v:   1.00       0.00       0.00    
                                                         t=     6.073     0.172
 FEAP *** inflated fiber reinforced soft ring - circum. b.c. top surf. linked in 

     Mixed Element Stresses

    Elmt Mat    1-Coord    2-Coord    3-Coord
     Cauchy   11-Stress  22-Stress  33-Stress  12-Stress  23-Stress  13-Stress
     Almansi  11-Strain  22-Strain  33-Strain  12-Strain  23-Strain  31-Strain
               1-Stress   2-Stress   3-Stress  log(lam1)  log(lam2)  log(lam3)
                  log-J     eff-ep  Yld/1-Fib    2-Fiber    3-Fiber

       1   1  1.368E-02  1.891E-04  5.909E-04
     Cauchy  -7.488E+04  3.267E+05 -6.441E+02 -1.031E+04 -2.968E+01 -2.028E+02
     Almansi -2.577E-01  2.269E-01 -7.013E-02 -2.487E-02 -7.072E-05 -1.025E-03
              3.270E+05 -6.436E+02 -7.514E+04  3.009E-01 -6.773E-02 -2.102E-01
              2.297E-02  0.000E+00  0.000E+00  0.000E+00  0.000E+00

       1   1  1.391E-02  1.923E-04  5.900E-04
     Cauchy  -7.297E+04  3.180E+05  9.989E+02 -1.001E+04 -3.020E+01 -2.457E+02
     Almansi -2.577E-01  2.207E-01 -7.184E-02 -2.451E-02 -7.574E-05 -1.235E-03
              3.183E+05  9.997E+02 -7.322E+04  2.939E-01 -6.501E-02 -2.060E-01
              2.297E-02  0.000E+00  0.000E+00  0.000E+00  0.000E+00

       1   1  1.391E-02  1.923E-04  1.581E-04
     Cauchy  -7.288E+04  3.179E+05  9.603E+02 -1.001E+04 -1.878E+00  3.834E+02
     Almansi -2.574E-01  2.207E-01 -7.185E-02 -2.449E-02  2.760E-05  1.922E-03
              3.181E+05  9.623E+02 -7.314E+04  2.938E-01 -6.507E-02 -2.058E-01
              2.297E-02  0.000E+00  0.000E+00  0.000E+00  0.000E+00

       1   1  1.367E-02  1.891E-04  1.583E-04
     Cauchy  -7.479E+04  3.265E+05 -6.814E+02 -1.030E+04 -1.378E+00  4.210E+02
     Almansi -2.574E-01  2.269E-01 -7.014E-02 -2.485E-02  3.231E-05  2.122E-03
              3.268E+05 -6.790E+02 -7.506E+04  3.008E-01 -6.779E-02 -2.100E-01
              2.297E-02  0.000E+00  0.000E+00  0.000E+00  0.000E+00

       1   1  1.366E-02  7.057E-04  5.909E-04
     Cauchy  -7.450E+04  3.263E+05 -6.441E+02 -1.599E+04  1.635E+01 -2.043E+02
     Almansi -2.573E-01  2.265E-01 -7.013E-02 -3.860E-02  3.532E-06 -1.027E-03
              3.270E+05 -6.436E+02 -7.514E+04  3.009E-01 -6.773E-02 -2.102E-01
              2.297E-02  0.000E+00  0.000E+00  0.000E+00  0.000E+00

       1   1  1.389E-02  7.178E-04  5.900E-04
     Cauchy  -7.260E+04  3.177E+05  9.989E+02 -1.559E+04  1.406E+01 -2.471E+02
     Almansi -2.573E-01  2.203E-01 -7.184E-02 -3.815E-02 -5.170E-06 -1.237E-03
              3.183E+05  9.997E+02 -7.322E+04  2.939E-01 -6.501E-02 -2.060E-01
              2.297E-02  0.000E+00  0.000E+00  0.000E+00  0.000E+00

       1   1  1.389E-02  7.178E-04  1.581E-04
     Cauchy  -7.252E+04  3.175E+05  9.603E+02 -1.558E+04  2.695E+01  3.824E+02
     Almansi -2.569E-01  2.203E-01 -7.185E-02 -3.812E-02  9.816E-05  1.920E-03
              3.181E+05  9.623E+02 -7.314E+04  2.938E-01 -6.507E-02 -2.058E-01
              2.297E-02  0.000E+00  0.000E+00  0.000E+00  0.000E+00

       1   1  1.366E-02  7.057E-04  1.583E-04
     Cauchy  -7.442E+04  3.262E+05 -6.814E+02 -1.598E+04  2.891E+01  4.200E+02
     Almansi -2.569E-01  2.264E-01 -7.014E-02 -3.857E-02  1.065E-04  2.120E-03
              3.268E+05 -6.790E+02 -7.506E+04  3.008E-01 -6.779E-02 -2.100E-01
              2.297E-02  0.000E+00  0.000E+00  0.000E+00  0.000E+00
 *Command  16 * next time           v:   8.00       3.00       8.00    
                                                         t=     6.074     0.172
 *Command   3 * dt                  v:  0.100       0.00       0.00    
                                                         t=     6.074     0.172
   DT: equal linear increments = 1.000000E-01
 *Command   4 * time                v:   0.00       0.00       0.00    
                                                         t=     6.074     0.173

   Computing solution at time   9.0000E-01 using dt =  1.0000E-01
   Total proportional load is   9.0000E-01
 *Command   5 * loop augment        v:   3.00       11.0       0.00    
                                                         t=     6.104     0.176
 *Command   6 * augm                v:   0.00       0.00       0.00    
                                                         t=     6.104     0.176
   Current Augmented Lagrangian Factor =  1.00000E+00
 *Command   7 * loop newton         v:   50.0       10.0       0.00    
                                                         t=     6.111     0.176
 *Command   8 * utan                v:   1.00       0.00       0.00    
                                                         t=     6.111     0.176
   Residual 1 norm =  4.6176940E-02 Rel =  1.0000000E+00 t=     6.206     0.181
      Convergence: Equations  norm   = F
      Convergence: Individual groups = F
 Condition check: D-max 0.1121E+04; D-min 0.1189E+03; Ratio 0.9428E+01
 Maximum no. diagonal digits lost:  1 in reducing equation    5183
   End Triangular Decomposition                          t=     6.368     0.194
   Number of operations =  931068 plus       83 Mega-ops
  Time: CPU =         6.37 , System =         0.19
--> SOLVE AT  1036.51 Mflops. Time=        0.16
   Energy convergence check
    Initial   =    4.862570705298167E-04 Current   =    4.862570705298167E-04
    Relative  =    1.000000000000000E+00 Tolerance =    1.000000000000000E-16
      Convergence: Energy |R*u| norm = F
      Convergence: Individual groups = F
 *Command   9 * next newton         v:   1.00       8.00       1.00    
                                                         t=     6.375     0.195
 *Command   8 * utan                v:   1.00       0.00       0.00    
                                                         t=     6.375     0.195
   Residual 1 norm =  3.9331620E-02 Rel =  8.5175891E-01 t=     6.453     0.195
      Convergence: Equations  norm   = F
      Convergence: Individual groups = F
 Condition check: D-max 0.1150E+04; D-min 0.1192E+03; Ratio 0.9655E+01
 Maximum no. diagonal digits lost:  1 in reducing equation    5183
   End Triangular Decomposition                          t=     6.613     0.202
   Number of operations =  931068 plus       83 Mega-ops
  Time: CPU =         6.62 , System =         0.20
--> SOLVE AT  1047.12 Mflops. Time=        0.16
   Energy convergence check
    Initial   =    4.862570705298167E-04 Current   =    1.404432334780715E-06
    Relative  =    2.888250721476341E-03 Tolerance =    1.000000000000000E-16
      Convergence: Energy |R*u| norm = F
      Convergence: Individual groups = F
 *Command   9 * next newton         v:   2.00       8.00       2.00    
                                                         t=     6.618     0.203
 *Command   8 * utan                v:   1.00       0.00       0.00    
                                                         t=     6.618     0.203
   Residual 1 norm =  5.8825571E-05 Rel =  1.2739166E-03 t=     6.682     0.204
      Convergence: Equations  norm   = F
      Convergence: Individual groups = F
 Condition check: D-max 0.1151E+04; D-min 0.1192E+03; Ratio 0.9661E+01
 Maximum no. diagonal digits lost:  1 in reducing equation    5183
   End Triangular Decomposition                          t=     6.820     0.210
   Number of operations =  931068 plus       83 Mega-ops
  Time: CPU =         6.83 , System =         0.21
--> SOLVE AT  1218.24 Mflops. Time=        0.14
   Energy convergence check
    Initial   =    4.862570705298167E-04 Current   =    4.199032102948527E-12
    Relative  =    8.635416032867839E-09 Tolerance =    1.000000000000000E-16
      Convergence: Energy |R*u| norm = F
      Convergence: Individual groups = F
 *Command   9 * next newton         v:   3.00       8.00       3.00    
                                                         t=     6.828     0.210
 *Command   8 * utan                v:   1.00       0.00       0.00    
                                                         t=     6.828     0.210
   Residual 1 norm =  2.7072464E-10 Rel =  5.8627670E-09 t=     6.887     0.210
      Convergence: Equations  norm   = T
      Convergence: Individual groups = F
 Condition check: D-max 0.1151E+04; D-min 0.1192E+03; Ratio 0.9661E+01
 Maximum no. diagonal digits lost:  1 in reducing equation    5183
   End Triangular Decomposition                          t=     6.965     0.210
   Number of operations =  931068 plus       83 Mega-ops
  Time: CPU =         6.97 , System =         0.21
--> SOLVE AT  2173.40 Mflops. Time=        0.08
   Energy convergence check
    Initial   =    4.862570705298167E-04 Current   =    1.894704099066387E-22
    Relative  =    3.896507041022462E-19 Tolerance =    1.000000000000000E-16
      Convergence: Energy |R*u| norm = T
      Convergence: Individual groups = T
 *Command   9 * next newton         v:   50.0       8.00       4.00    
                                                         t=     6.969     0.210
 *Command  10 * next augment        v:   1.00       6.00       1.00    
                                                         t=     6.969     0.210
 *Command   6 * augm                v:   0.00       0.00       0.00    
                                                         t=     6.969     0.210
 *Command   7 * loop newton         v:   50.0       10.0       0.00    
                                                         t=     6.972     0.210
 *Command   8 * utan                v:   1.00       0.00       0.00    
                                                         t=     6.972     0.210
   Residual 1 norm =  2.0805758E-14 Rel =  4.5056598E-13 t=     7.013     0.211
      Convergence: Equations  norm   = T
      Convergence: Individual groups = T
 Condition check: D-max 0.1151E+04; D-min 0.1192E+03; Ratio 0.9661E+01
 Maximum no. diagonal digits lost:  1 in reducing equation    5183
   End Triangular Decomposition                          t=     7.102     0.211
   Number of operations =  931068 plus       83 Mega-ops
  Time: CPU =         7.12 , System =         0.21
--> SOLVE AT  1880.60 Mflops. Time=        0.09
   Energy convergence check
    Initial   =    4.862570705298167E-04 Current   =    1.321290959854199E-31
    Relative  =    2.717268374965828E-28 Tolerance =    1.000000000000000E-16
      Convergence: Energy |R*u| norm = T
      Convergence: Individual groups = T
 *Command   9 * next newton         v:   50.0       8.00       1.00    
                                                         t=     7.116     0.212
 *Command  10 * next augment        v:   2.00       6.00       2.00    
                                                         t=     7.116     0.212

   Augmented iteration converged in loop =   2: Maximum gap =  0.0000E+00

 *Command  11 * plot WIPE           v:   0.00       0.00       0.00    
                                                         t=     7.116     0.212
 *Command  12 * plot UNDE           v:   0.00       0.00       0.00    
                                                         t=     7.116     0.212
 *Command  13 * plot MESH           v:   0.00       0.00       0.00    
                                                         t=     7.116     0.212
 *Command  14 * plot DEFO           v:   1.00       1.00       0.00    
                                                         t=     7.118     0.213
  -> Plots on deformed mesh with scale: 1.00000E+00
                     Eigenvector scale: 0.00000E+00
 *Command  15 * stre ne             v:   1.00       0.00       0.00    
                                                         t=     7.119     0.213
 FEAP *** inflated fiber reinforced soft ring - circum. b.c. top surf. linked in 

     Mixed Element Stresses

    Elmt Mat    1-Coord    2-Coord    3-Coord
     Cauchy   11-Stress  22-Stress  33-Stress  12-Stress  23-Stress  13-Stress
     Almansi  11-Strain  22-Strain  33-Strain  12-Strain  23-Strain  31-Strain
               1-Stress   2-Stress   3-Stress  log(lam1)  log(lam2)  log(lam3)
                  log-J     eff-ep  Yld/1-Fib    2-Fiber    3-Fiber

       1   1  1.440E-02  1.992E-04  5.846E-04
     Cauchy  -8.430E+04  4.002E+05 -7.236E+02 -1.262E+04 -3.802E+01 -1.958E+02
     Almansi -3.159E-01  2.538E-01 -8.250E-02 -2.968E-02 -8.374E-05 -1.094E-03
              4.005E+05 -7.232E+02 -8.463E+04  3.525E-01 -7.877E-02 -2.475E-01
              2.630E-02  0.000E+00  0.000E+00  0.000E+00  0.000E+00

       1   1  1.463E-02  2.023E-04  5.834E-04
     Cauchy  -8.228E+04  3.895E+05  1.003E+03 -1.226E+04 -3.855E+01 -2.413E+02
     Almansi -3.159E-01  2.475E-01 -8.471E-02 -2.929E-02 -9.003E-05 -1.340E-03
              3.898E+05  1.004E+03 -8.260E+04  3.448E-01 -7.583E-02 -2.426E-01
              2.630E-02  0.000E+00  0.000E+00  0.000E+00  0.000E+00

       1   1  1.463E-02  2.023E-04  1.563E-04
     Cauchy  -8.219E+04  3.893E+05  9.631E+02 -1.226E+04 -2.300E+00  5.159E+02
     Almansi -3.154E-01  2.475E-01 -8.472E-02 -2.927E-02  4.729E-05  2.855E-03
              3.896E+05  9.663E+02 -8.251E+04  3.446E-01 -7.590E-02 -2.424E-01
              2.630E-02  0.000E+00  0.000E+00  0.000E+00  0.000E+00

       1   1  1.440E-02  1.992E-04  1.566E-04
     Cauchy  -8.421E+04  4.000E+05 -7.625E+02 -1.261E+04 -1.799E+00  5.540E+02
     Almansi -3.154E-01  2.537E-01 -8.251E-02 -2.965E-02  5.306E-05  3.084E-03
              4.003E+05 -7.588E+02 -8.454E+04  3.524E-01 -7.883E-02 -2.473E-01
              2.630E-02  0.000E+00  0.000E+00  0.000E+00  0.000E+00

       1   1  1.439E-02  7.434E-04  5.846E-04
     Cauchy  -8.387E+04  3.997E+05 -7.236E+02 -1.910E+04  2.513E+01 -1.979E+02
     Almansi -3.154E-01  2.533E-01 -8.250E-02 -4.493E-02  1.199E-05 -1.098E-03
              4.005E+05 -7.232E+02 -8.463E+04  3.525E-01 -7.877E-02 -2.475E-01
              2.630E-02  0.000E+00  0.000E+00  0.000E+00  0.000E+00

       1   1  1.461E-02  7.550E-04  5.834E-04
     Cauchy  -8.186E+04  3.890E+05  1.003E+03 -1.863E+04  2.268E+01 -2.433E+02
     Almansi -3.154E-01  2.470E-01 -8.471E-02 -4.449E-02  2.216E-06 -1.343E-03
              3.898E+05  1.004E+03 -8.260E+04  3.448E-01 -7.583E-02 -2.426E-01
              2.630E-02  0.000E+00  0.000E+00  0.000E+00  0.000E+00

       1   1  1.461E-02  7.549E-04  1.563E-04
     Cauchy  -8.177E+04  3.888E+05  9.631E+02 -1.862E+04  3.603E+01  5.146E+02
     Almansi -3.149E-01  2.470E-01 -8.472E-02 -4.446E-02  1.395E-04  2.852E-03
              3.896E+05  9.663E+02 -8.251E+04  3.446E-01 -7.590E-02 -2.424E-01
              2.630E-02  0.000E+00  0.000E+00  0.000E+00  0.000E+00

       1   1  1.439E-02  7.433E-04  1.566E-04
     Cauchy  -8.379E+04  3.995E+05 -7.625E+02 -1.909E+04  3.803E+01  5.527E+02
     Almansi -3.149E-01  2.532E-01 -8.251E-02 -4.489E-02  1.488E-04  3.081E-03
              4.003E+05 -7.588E+02 -8.454E+04  3.524E-01 -7.883E-02 -2.473E-01
              2.630E-02  0.000E+00  0.000E+00  0.000E+00  0.000E+00
 *Command  16 * next time           v:   9.00       3.00       9.00    
                                                         t=     7.120     0.213
 *Command   3 * dt                  v:  0.100       0.00       0.00    
                                                         t=     7.120     0.213
   DT: equal linear increments = 1.000000E-01
 *Command   4 * time                v:   0.00       0.00       0.00    
                                                         t=     7.120     0.213

   Computing solution at time   1.0000E+00 using dt =  1.0000E-01
   Total proportional load is   1.0000E+00
 *Command   5 * loop augment        v:   3.00       11.0       0.00    
                                                         t=     7.169     0.216
 *Command   6 * augm                v:   0.00       0.00       0.00    
                                                         t=     7.169     0.216
   Current Augmented Lagrangian Factor =  1.00000E+00
 *Command   7 * loop newton         v:   50.0       10.0       0.00    
                                                         t=     7.175     0.216
 *Command   8 * utan                v:   1.00       0.00       0.00    
                                                         t=     7.175     0.216
   Residual 1 norm =  4.8153355E-02 Rel =  1.0000000E+00 t=     7.267     0.222
      Convergence: Equations  norm   = F
      Convergence: Individual groups = F
 Condition check: D-max 0.1151E+04; D-min 0.1185E+03; Ratio 0.9720E+01
 Maximum no. diagonal digits lost:  1 in reducing equation    5183
   End Triangular Decomposition                          t=     7.478     0.238
   Number of operations =  931068 plus       83 Mega-ops
  Time: CPU =         7.49 , System =         0.24
--> SOLVE AT   795.93 Mflops. Time=        0.21
   Energy convergence check
    Initial   =    5.943129886676114E-04 Current   =    5.943129886676114E-04
    Relative  =    1.000000000000000E+00 Tolerance =    1.000000000000000E-16
      Convergence: Energy |R*u| norm = F
      Convergence: Individual groups = F
 *Command   9 * next newton         v:   1.00       8.00       1.00    
                                                         t=     7.489     0.239
 *Command   8 * utan                v:   1.00       0.00       0.00    
                                                         t=     7.489     0.239
   Residual 1 norm =  5.0469003E-02 Rel =  1.0480890E+00 t=     7.576     0.241
      Convergence: Equations  norm   = F
      Convergence: Individual groups = F
 Condition check: D-max 0.1186E+04; D-min 0.1187E+03; Ratio 0.9995E+01
 Maximum no. diagonal digits lost:  1 in reducing equation    5183
   End Triangular Decomposition                          t=     7.709     0.245
   Number of operations =  931068 plus       83 Mega-ops
  Time: CPU =         7.71 , System =         0.25
--> SOLVE AT  1268.09 Mflops. Time=        0.13
   Energy convergence check
    Initial   =    5.943129886676114E-04 Current   =    2.173200903103572E-06
    Relative  =    3.656660622504087E-03 Tolerance =    1.000000000000000E-16
      Convergence: Energy |R*u| norm = F
      Convergence: Individual groups = F
 *Command   9 * next newton         v:   2.00       8.00       2.00    
                                                         t=     7.715     0.245
 *Command   8 * utan                v:   1.00       0.00       0.00    
                                                         t=     7.715     0.245
   Residual 1 norm =  9.1911389E-05 Rel =  1.9087224E-03 t=     7.770     0.247
      Convergence: Equations  norm   = F
      Convergence: Individual groups = F
 Condition check: D-max 0.1188E+04; D-min 0.1187E+03; Ratio 0.1000E+02
 Maximum no. diagonal digits lost:  1 in reducing equation    5183
   End Triangular Decomposition                          t=     7.846     0.248
   Number of operations =  931068 plus       83 Mega-ops
  Time: CPU =         7.85 , System =         0.25
--> SOLVE AT  2213.89 Mflops. Time=        0.08
   Energy convergence check
    Initial   =    5.943129886676114E-04 Current   =    9.088626525404477E-12
    Relative  =    1.529266009443987E-08 Tolerance =    1.000000000000000E-16
      Convergence: Energy |R*u| norm = F
      Convergence: Individual groups = F
 *Command   9 * next newton         v:   3.00       8.00       3.00    
                                                         t=     7.853     0.248
 *Command   8 * utan                v:   1.00       0.00       0.00    
                                                         t=     7.853     0.248
   Residual 1 norm =  5.7408120E-10 Rel =  1.1921936E-08 t=     7.895     0.251
      Convergence: Equations  norm   = F
      Convergence: Individual groups = F
 Condition check: D-max 0.1188E+04; D-min 0.1187E+03; Ratio 0.1000E+02
 Maximum no. diagonal digits lost:  1 in reducing equation    5183
   End Triangular Decomposition                          t=     7.972     0.252
   Number of operations =  931068 plus       83 Mega-ops
  Time: CPU =         7.98 , System =         0.25
--> SOLVE AT  2171.27 Mflops. Time=        0.08
   Energy convergence check
    Initial   =    5.943129886676114E-04 Current   =    1.129548577850962E-21
    Relative  =    1.900595476439601E-18 Tolerance =    1.000000000000000E-16
      Convergence: Energy |R*u| norm = T
      Convergence: Individual groups = T
 *Command   9 * next newton         v:   50.0       8.00       4.00    
                                                         t=     7.976     0.253
 *Command  10 * next augment        v:   1.00       6.00       1.00    
                                                         t=     7.976     0.253
 *Command   6 * augm                v:   0.00       0.00       0.00    
                                                         t=     7.976     0.253
 *Command   7 * loop newton         v:   50.0       10.0       0.00    
                                                         t=     7.979     0.254
 *Command   8 * utan                v:   1.00       0.00       0.00    
                                                         t=     7.979     0.254
   Residual 1 norm =  2.9914907E-14 Rel =  6.2124243E-13 t=     8.017     0.256
      Convergence: Equations  norm   = T
      Convergence: Individual groups = T
 Condition check: D-max 0.1188E+04; D-min 0.1187E+03; Ratio 0.1000E+02
 Maximum no. diagonal digits lost:  1 in reducing equation    5183
   End Triangular Decomposition                          t=     8.098     0.258
   Number of operations =  931068 plus       83 Mega-ops
  Time: CPU =         8.10 , System =         0.26
--> SOLVE AT  2068.30 Mflops. Time=        0.08
   Energy convergence check
    Initial   =    5.943129886676114E-04 Current   =    2.379540193053498E-31
    Relative  =    4.003850224421617E-28 Tolerance =    1.000000000000000E-16
      Convergence: Energy |R*u| norm = T
      Convergence: Individual groups = T
 *Command   9 * next newton         v:   50.0       8.00       1.00    
                                                         t=     8.103     0.258
 *Command  10 * next augment        v:   2.00       6.00       2.00    
                                                         t=     8.103     0.258

   Augmented iteration converged in loop =   2: Maximum gap =  0.0000E+00

 *Command  11 * plot WIPE           v:   0.00       0.00       0.00    
                                                         t=     8.103     0.258
 *Command  12 * plot UNDE           v:   0.00       0.00       0.00    
                                                         t=     8.104     0.258
 *Command  13 * plot MESH           v:   0.00       0.00       0.00    
                                                         t=     8.104     0.258
 *Command  14 * plot DEFO           v:   1.00       1.00       0.00    
                                                         t=     8.105     0.258
  -> Plots on deformed mesh with scale: 1.00000E+00
                     Eigenvector scale: 0.00000E+00
 *Command  15 * stre ne             v:   1.00       0.00       0.00    
                                                         t=     8.105     0.258
 FEAP *** inflated fiber reinforced soft ring - circum. b.c. top surf. linked in 

     Mixed Element Stresses

    Elmt Mat    1-Coord    2-Coord    3-Coord
     Cauchy   11-Stress  22-Stress  33-Stress  12-Stress  23-Stress  13-Stress
     Almansi  11-Strain  22-Strain  33-Strain  12-Strain  23-Strain  31-Strain
               1-Stress   2-Stress   3-Stress  log(lam1)  log(lam2)  log(lam3)
                  log-J     eff-ep  Yld/1-Fib    2-Fiber    3-Fiber

       1   1  1.525E-02  2.109E-04  5.778E-04
     Cauchy  -9.373E+04  4.888E+05 -8.101E+02 -1.542E+04 -4.826E+01 -1.645E+02
     Almansi -3.858E-01  2.803E-01 -9.617E-02 -3.527E-02 -9.474E-05 -1.028E-03
              4.892E+05 -8.098E+02 -9.413E+04  4.094E-01 -9.069E-02 -2.890E-01
              2.978E-02  0.000E+00  0.000E+00  0.000E+00  0.000E+00

       1   1  1.547E-02  2.139E-04  5.764E-04
     Cauchy  -9.163E+04  4.757E+05  9.661E+02 -1.498E+04 -4.877E+01 -2.116E+02
     Almansi -3.858E-01  2.740E-01 -9.900E-02 -3.486E-02 -1.025E-04 -1.313E-03
              4.761E+05  9.666E+02 -9.202E+04  4.009E-01 -8.759E-02 -2.835E-01
              2.978E-02  0.000E+00  0.000E+00  0.000E+00  0.000E+00

       1   1  1.547E-02  2.139E-04  1.545E-04
     Cauchy  -9.154E+04  4.754E+05  9.250E+02 -1.497E+04 -2.836E+00  6.831E+02
     Almansi -3.853E-01  2.740E-01 -9.902E-02 -3.483E-02  7.847E-05  4.216E-03
              4.758E+05  9.300E+02 -9.194E+04  4.007E-01 -8.765E-02 -2.833E-01
              2.978E-02  0.000E+00  0.000E+00  0.000E+00  0.000E+00

       1   1  1.525E-02  2.109E-04  1.548E-04
     Cauchy  -9.364E+04  4.886E+05 -8.498E+02 -1.541E+04 -2.358E+00  7.204E+02
     Almansi -3.853E-01  2.802E-01 -9.619E-02 -3.524E-02  8.541E-05  4.475E-03
              4.890E+05 -8.442E+02 -9.405E+04  4.093E-01 -9.075E-02 -2.887E-01
              2.978E-02  0.000E+00  0.000E+00  0.000E+00  0.000E+00

       1   1  1.523E-02  7.871E-04  5.778E-04
     Cauchy  -9.325E+04  4.884E+05 -8.101E+02 -2.273E+04  3.740E+01 -1.673E+02
     Almansi -3.853E-01  2.797E-01 -9.617E-02 -5.198E-02  2.729E-05 -1.032E-03
              4.892E+05 -8.098E+02 -9.413E+04  4.094E-01 -9.069E-02 -2.890E-01
              2.978E-02  0.000E+00  0.000E+00  0.000E+00  0.000E+00

       1   1  1.545E-02  7.983E-04  5.764E-04
     Cauchy  -9.116E+04  4.752E+05  9.661E+02 -2.217E+04  3.483E+01 -2.143E+02
     Almansi -3.853E-01  2.735E-01 -9.900E-02 -5.157E-02  1.647E-05 -1.317E-03
              4.761E+05  9.666E+02 -9.202E+04  4.009E-01 -8.759E-02 -2.835E-01
              2.978E-02  0.000E+00  0.000E+00  0.000E+00  0.000E+00

       1   1  1.545E-02  7.982E-04  1.545E-04
     Cauchy  -9.107E+04  4.750E+05  9.250E+02 -2.216E+04  4.750E+01  6.814E+02
     Almansi -3.848E-01  2.734E-01 -9.902E-02 -5.153E-02  1.975E-04  4.213E-03
              4.758E+05  9.300E+02 -9.194E+04  4.007E-01 -8.765E-02 -2.833E-01
              2.978E-02  0.000E+00  0.000E+00  0.000E+00  0.000E+00

       1   1  1.523E-02  7.870E-04  1.548E-04
     Cauchy  -9.316E+04  4.881E+05 -8.498E+02 -2.272E+04  4.947E+01  7.187E+02
     Almansi -3.848E-01  2.797E-01 -9.619E-02 -5.194E-02  2.074E-04  4.471E-03
              4.890E+05 -8.442E+02 -9.405E+04  4.093E-01 -9.075E-02 -2.887E-01
              2.978E-02  0.000E+00  0.000E+00  0.000E+00  0.000E+00
 *Command  16 * next time           v:   10.0       3.00       10.0    
                                                         t=     8.105     0.258
 *Command  17 * stre NODE           v:   8.00       14.0       1.00    
                                                         t=     8.106     0.258

 FEAP *** inflated fiber reinforced soft ring - circum. b.c. top surf. linked i

   N o d a l   P r o j e c t i o n s

    Node    Material    1-Coord.    2-Coord.    3-Coord.
          1-Pr.Value  2-Pr.Value  3-Pr.Value   Max Shear
           I_1 Value Mises Value   J_3 Value
             1 Value     2 Value     3 Value     4 Value     5 Value     6 Value
             7 Value     8 Value     9 Value    10 Value    11 Value    12 Value
    ----------------------------------------------------------------------------
      12       1      1.0000E-02  0.0000E+00  0.0000E+00
          4.9350E+05 -1.5017E+03 -9.4561E+04  2.9403E+05
          1.3248E+05  5.4749E+05  7.6144E+15
         -9.4549E+04  4.9350E+05 -1.5138E+03  2.5466E-10 -1.2706E-10  1.0571E+03
         -3.8535E-01  2.8270E-01 -9.5159E-02  6.5226E-16 -2.3365E-16  6.5813E-03
      13       1      1.0500E-02  0.0000E+00  0.0000E+00
          4.6470E+05  6.8808E+00 -8.6071E+04  2.7538E+05
          1.2621E+05  5.1317E+05  6.2877E+15
         -8.6059E+04  4.6470E+05 -4.4887E+00 -3.0377E-10 -1.2414E-10  9.8921E+02
         -3.6110E-01  2.7190E-01 -1.0006E-01 -7.4246E-16 -1.8429E-16  5.9826E-03
 *End of Solution Execution*                             t=     8.133     0.258
 *End of Solution Execution*                             t=     8.143     0.285

 *End of <FEAP> solution,  File: Osweep3                                                                                                                         

